athlete_id,first_name,last_name,sport,athletic_year,season,division,gender,conference,school,position_raw,position_group,class_year_raw,class_standing,hometown_raw,hometown_city,hometown_state,origin,high_school,high_school_is_academy,source_url
fen_e2d6745ad35c,Ian,Alvarez,fencing,2025-26,2025-26,D3,Men,Independent,Haverford,Epee,Épée,Fy.,Fr,"Menlo Park, Calif.",Menlo Park,CA,domestic,Menlo-Atherton,0,https://haverfordathletics.com/sports/mens-fencing/roster/2025-26
fen_01b004dd64ce,Henry,Bishop,fencing,2025-26,2025-26,D3,Men,Independent,Haverford,Foil,Foil,Jr.,Jr,"Falmouth, Maine",Falmouth,ME,domestic,Falmouth,0,https://haverfordathletics.com/sports/mens-fencing/roster/2025-26
fen_70094afab70d,Eric,Chen,fencing,2025-26,2025-26,D3,Men,Independent,Haverford,Epee,Épée,Jr.,Jr,"Ellicott City, Md.",Ellicott City,MD,domestic,Centennial,0,https://haverfordathletics.com/sports/mens-fencing/roster/2025-26
fen_8f4cf3f0f9ab,Henry,Fedonchik,fencing,2025-26,2025-26,D3,Men,Independent,Haverford,Foil,Foil,Sr.,Sr,"New York, N.Y.",New York,NY,domestic,Dalton School,0,https://haverfordathletics.com/sports/mens-fencing/roster/2025-26
fen_3c4468c9eef0,Kenji,Gullo,fencing,2025-26,2025-26,D3,Men,Independent,Haverford,Epee,Épée,Jr.,Jr,"Portland, Ore.",Portland,OR,domestic,Lincoln,0,https://haverfordathletics.com/sports/mens-fencing/roster/2025-26
fen_e9c57676f4b8,Osaretin,Idahor,fencing,2025-26,2025-26,D3,Men,Independent,Haverford,Sabre,Sabre,So.,So,"Brooklyn, N.Y.",Brooklyn,NY,domestic,Achievement First University Prep,1,https://haverfordathletics.com/sports/mens-fencing/roster/2025-26
fen_fa8540782f76,Robert,Li,fencing,2025-26,2025-26,D3,Men,Independent,Haverford,Sabre,Sabre,Fy.,Fr,"Moorestown, N.J.",Moorestown,NJ,domestic,Moorestown Friends School,0,https://haverfordathletics.com/sports/mens-fencing/roster/2025-26
fen_4621e518dd51,Andy,Loo,fencing,2025-26,2025-26,D3,Men,Independent,Haverford,Sabre,Sabre,So.,So,"Newton, Mass.",Newton,MA,domestic,Newton South High School,0,https://haverfordathletics.com/sports/mens-fencing/roster/2025-26
fen_5077a640da9f,Rocky,Monto,fencing,2025-26,2025-26,D3,Men,Independent,Haverford,Epee,Épée,So.,So,"Nantucket, Mass.",Nantucket,MA,domestic,Nantucket,0,https://haverfordathletics.com/sports/mens-fencing/roster/2025-26
fen_d45bd4e959f9,Dean,Myers,fencing,2025-26,2025-26,D3,Men,Independent,Haverford,Foil,Foil,So.,So,"San Francisco, Calif.",San Francisco,CA,domestic,San Francisco University High School,0,https://haverfordathletics.com/sports/mens-fencing/roster/2025-26
fen_25011744df64,Oliver,Po,fencing,2025-26,2025-26,D3,Men,Independent,Haverford,Foil,Foil,Fy.,Fr,"Bernardsville, N.J.",Bernardsville,NJ,domestic,Bernards,0,https://haverfordathletics.com/sports/mens-fencing/roster/2025-26
fen_ef8dbe944fd1,Michael,Pyo,fencing,2025-26,2025-26,D3,Men,Independent,Haverford,Foil,Foil,Sr.,Sr,"Morristown, N.J.",Morristown,NJ,domestic,Newark Academy,1,https://haverfordathletics.com/sports/mens-fencing/roster/2025-26
fen_65606fc38852,Jack,Richards,fencing,2025-26,2025-26,D3,Men,Independent,Haverford,Epee,Épée,Fy.,Fr,"Albuquerque, N.M.",Albuquerque,NM,domestic,Albuquerque Academy,1,https://haverfordathletics.com/sports/mens-fencing/roster/2025-26
fen_7453b3848dcb,Greg,Roumiantsev,fencing,2025-26,2025-26,D3,Men,Independent,Haverford,Sabre,Sabre,Jr.,Jr,"Southborough, Mass.",Southborough,MA,domestic,Algonquin Regional,0,https://haverfordathletics.com/sports/mens-fencing/roster/2025-26
fen_13235918aaad,Ryotaro,Sakazaki,fencing,2025-26,2025-26,D3,Men,Independent,Haverford,Sabre,Sabre,Jr.,Jr,"Tokyo, Japan",Tokyo,,international,Komaba Toho,0,https://haverfordathletics.com/sports/mens-fencing/roster/2025-26
fen_d54d7379b6ba,Conrad,Seib-Levinson,fencing,2025-26,2025-26,D3,Men,Independent,Haverford,Foil,Foil,Fy.,Fr,"New York, N.Y.",New York,NY,domestic,Brooklyn Technical,0,https://haverfordathletics.com/sports/mens-fencing/roster/2025-26
fen_8b07650896fb,Andrew,Strayer,fencing,2025-26,2025-26,D3,Men,Independent,Haverford,Foil,Foil,Sr.,Sr,"Wayne, Pa.",Wayne,PA,domestic,Upper Merion,0,https://haverfordathletics.com/sports/mens-fencing/roster/2025-26
fen_4009ac9add2e,Ezra,Weintroub,fencing,2025-26,2025-26,D3,Men,Independent,Haverford,Epee/Foil,Multi,So.,So,"Brookline, Mass.",Brookline,MA,domestic,Brookline,0,https://haverfordathletics.com/sports/mens-fencing/roster/2025-26
fen_8694848f5b92,Stephen,Yarosh,fencing,2025-26,2025-26,D3,Men,Independent,Haverford,Sabre,Sabre,Fy.,Fr,"Broomfield, Colo.",Broomfield,CO,domestic,The Academy,1,https://haverfordathletics.com/sports/mens-fencing/roster/2025-26
fen_b3fbe48b98b0,Brendan,Barber,fencing,2025-26,2025-26,D1,Men,Southland Conference,UIW,EPEE,Épée,Fr.,Fr,"Orlando, FL",Orlando,FL,domestic,Florida Virtual High School,0,https://uiwcardinals.com/sports/mens-fencing/roster/2025-26
fen_d29bd0235ac1,Jayden,Breton,fencing,2025-26,2025-26,D1,Men,Southland Conference,UIW,EPEE,Épée,Jr.,Jr,"Orlando, FL",Orlando,FL,domestic,Florida Virtual High School,0,https://uiwcardinals.com/sports/mens-fencing/roster/2025-26
fen_c54f6fd7730c,Nolan,Chez,fencing,2025-26,2025-26,D1,Men,Southland Conference,UIW,FOIL,Foil,Sr.,Sr,"Minnetonka, MN",Minnetonka,MN,domestic,Minnetonka High,0,https://uiwcardinals.com/sports/mens-fencing/roster/2025-26
fen_9b9919aa48d4,Davis,Dore,fencing,2025-26,2025-26,D1,Men,Southland Conference,UIW,FOIL,Foil,So.,So,"York, England",York,,international,West Chicago High School,0,https://uiwcardinals.com/sports/mens-fencing/roster/2025-26
fen_961d73bfcc7d,Christian,Dudnick,fencing,2025-26,2025-26,D1,Men,Southland Conference,UIW,SABRE,Sabre,So.,So,"Parker, CO",Parker,CO,domestic,Ponderosa High School,0,https://uiwcardinals.com/sports/mens-fencing/roster/2025-26
fen_3ab47139713d,Chance,Johnson,fencing,2025-26,2025-26,D1,Men,Southland Conference,UIW,FOIL,Foil,Fr.,Fr,"El Paso, TX",El Paso,TX,domestic,NHHSA,0,https://uiwcardinals.com/sports/mens-fencing/roster/2025-26
fen_780e4194c170,Yassin,Khodir,fencing,2025-26,2025-26,D1,Men,Southland Conference,UIW,SABRE SABRE,Sabre,Jr.,Jr,"Cairo, Egypt",Cairo,,international,Dr. Nermien Ismail Schools,0,https://uiwcardinals.com/sports/mens-fencing/roster/2025-26
fen_95c60520351c,Luke,McKinley,fencing,2025-26,2025-26,D1,Men,Southland Conference,UIW,FOIL,Foil,So.,So,"Bloomington, MN",Bloomington,MN,domestic,John F Kennedy High School,0,https://uiwcardinals.com/sports/mens-fencing/roster/2025-26
fen_8bde347dcb9c,Manny,Sanchez,fencing,2025-26,2025-26,D1,Men,Southland Conference,UIW,EPEE/FOIL,Multi,So.,So,"San Antonio, TX",San Antonio,TX,domestic,MacArthur High School,0,https://uiwcardinals.com/sports/mens-fencing/roster/2025-26
fen_bac1ba86ceb5,Adham,Shalaby,fencing,2025-26,2025-26,D1,Men,Southland Conference,UIW,,UNK,Fr.,Fr,Fr.,Fr.,,international,,0,https://uiwcardinals.com/sports/mens-fencing/roster/2025-26
fen_5f461454bdc2,Bryce,Thayer,fencing,2025-26,2025-26,D1,Men,Southland Conference,UIW,EPEE,Épée,Jr.,Jr,"Port Charlotte, FL",Port Charlotte,FL,domestic,Port Charlotte High School,0,https://uiwcardinals.com/sports/mens-fencing/roster/2025-26
fen_fdf19b89e21c,Sylvain,(Zeph) Yang,fencing,2025-26,2025-26,D1,Men,Southland Conference,UIW,EPEE,Épée,Jr.,Jr,"Oklahoma City, OK",Oklahoma City,OK,domestic,en School,0,https://uiwcardinals.com/sports/mens-fencing/roster/2025-26
fen_52714ac87c2d,Jason,Ahlman,fencing,2025-26,2025-26,D3,Men,Landmark Conference,Drew,Sabre Sabre,Sabre,So.,So,"Swedesboro, N.J.",Swedesboro,NJ,domestic,Kingsway Regional,0,https://drewrangers.com/sports/mens-fencing/roster/2025-26
fen_1d1f54c6a0d3,Nico,Angelos,fencing,2025-26,2025-26,D3,Men,Landmark Conference,Drew,Foil Foil,Foil,Fr.,Fr,"Berkeley Heights, N.J.",Berkeley Heights,NJ,domestic,Governor Livingston,0,https://drewrangers.com/sports/mens-fencing/roster/2025-26
fen_f549769c1fa1,Bryan,Cipriano-Goines,fencing,2025-26,2025-26,D3,Men,Landmark Conference,Drew,Sabre Sabre,Sabre,So.,So,"Bayonne, N.J.",Bayonne,NJ,domestic,Bayonne,0,https://drewrangers.com/sports/mens-fencing/roster/2025-26
fen_a6a25185283f,Henri,Degremont,fencing,2025-26,2025-26,D3,Men,Landmark Conference,Drew,Foil Foil,Foil,Sr.,Sr,"Wakefield, R.I.",Wakefield,RI,domestic,South Kingstown,0,https://drewrangers.com/sports/mens-fencing/roster/2025-26
fen_dfbbc40ffdbf,JP,Emmert,fencing,2025-26,2025-26,D3,Men,Landmark Conference,Drew,Epee Epee,Épée,So.,So,"Austin, Texas",Austin,TX,domestic,Lake Travis,0,https://drewrangers.com/sports/mens-fencing/roster/2025-26
fen_a77b5390c5a8,Nathaniel,Ferrone,fencing,2025-26,2025-26,D3,Men,Landmark Conference,Drew,Foil Foil,Foil,Fr.,Fr,"Palm Beach, Fla.",Palm Beach,FL,domestic,St. Lucie,0,https://drewrangers.com/sports/mens-fencing/roster/2025-26
fen_9a148803a608,Noah,Gardos,fencing,2025-26,2025-26,D3,Men,Landmark Conference,Drew,Foil Foil,Foil,Sr.,Sr,"Barrington, R.I.",Barrington,RI,domestic,Barrington,0,https://drewrangers.com/sports/mens-fencing/roster/2025-26
fen_373a1d517bac,Paul,Greenleaf,fencing,2025-26,2025-26,D3,Men,Landmark Conference,Drew,Foil Foil,Foil,So.,So,"Guilford, Conn.",Guilford,CT,domestic,Guilford High School,0,https://drewrangers.com/sports/mens-fencing/roster/2025-26
fen_66d42a39af5f,Jack,Henderson,fencing,2025-26,2025-26,D3,Men,Landmark Conference,Drew,Sabre Sabre,Sabre,So.,So,"Chicago, Ill.",Chicago,IL,domestic,Lycee Francais De Chicago,0,https://drewrangers.com/sports/mens-fencing/roster/2025-26
fen_37415df64c59,Jackson,Howard,fencing,2025-26,2025-26,D3,Men,Landmark Conference,Drew,Epee Epee,Épée,So.,So,"Guilford, Conn.",Guilford,CT,domestic,Guilford High School,0,https://drewrangers.com/sports/mens-fencing/roster/2025-26
fen_97b1dda95829,Logan,Kleva,fencing,2025-26,2025-26,D3,Men,Landmark Conference,Drew,Sabre Sabre,Sabre,Jr.,Jr,"Lindenhurst, N.Y.",Lindenhurst,NY,domestic,Lidenhurst,0,https://drewrangers.com/sports/mens-fencing/roster/2025-26
fen_80a4753fa2df,Andrew,Klyczek,fencing,2025-26,2025-26,D3,Men,Landmark Conference,Drew,Foil Foil,Foil,So.,So,"Chesapeake, Va.",Chesapeake,VA,domestic,Western Branch,0,https://drewrangers.com/sports/mens-fencing/roster/2025-26
fen_fc03d283ee22,Ben,Koyfman,fencing,2025-26,2025-26,D3,Men,Landmark Conference,Drew,Epee Epee,Épée,Fr.,Fr,"Brooklyn, N.Y.",Brooklyn,NY,domestic,James Madison,0,https://drewrangers.com/sports/mens-fencing/roster/2025-26
fen_ac3ea21275ac,Gabriel,Leone,fencing,2025-26,2025-26,D3,Men,Landmark Conference,Drew,Epee Epee,Épée,Sr.,Sr,"Amsterdam, N.Y.",Amsterdam,NY,domestic,Broadalbin-Perth,0,https://drewrangers.com/sports/mens-fencing/roster/2025-26
fen_52e80bd4578e,Nicolas,Machado,fencing,2025-26,2025-26,D3,Men,Landmark Conference,Drew,Epee Epee,Épée,So.,So,"Hillside, N.J.",Hillside,NJ,domestic,Saint Benedict's Prep,1,https://drewrangers.com/sports/mens-fencing/roster/2025-26
fen_6f086d23ca00,Eddie,Matto,fencing,2025-26,2025-26,D3,Men,Landmark Conference,Drew,Epee Epee,Épée,Sr.,Sr,"Whitehouse Station, N.J.",Whitehouse Station,NJ,domestic,Hunterdon Central,0,https://drewrangers.com/sports/mens-fencing/roster/2025-26
fen_97e315ba0b14,Will,Morton,fencing,2025-26,2025-26,D3,Men,Landmark Conference,Drew,Epee Epee,Épée,Sr.,Sr,"Owego, N.Y.",Owego,NY,domestic,Owego Free Academy,1,https://drewrangers.com/sports/mens-fencing/roster/2025-26
fen_90afcff5078e,Lupo,Sala,fencing,2025-26,2025-26,D3,Men,Landmark Conference,Drew,Epee Epee,Épée,So.,So,"Sesto San Giovanni, Italy",Sesto San Giovanni,,international,Liceo Statale Carlo Tenca,0,https://drewrangers.com/sports/mens-fencing/roster/2025-26
fen_6f0453210c39,Jason,Sobon,fencing,2025-26,2025-26,D3,Men,Landmark Conference,Drew,Foil Foil,Foil,So.,So,"Holmdel, N.J.",Holmdel,NJ,domestic,Holmdel,0,https://drewrangers.com/sports/mens-fencing/roster/2025-26
fen_3242f806101c,Nalby,Varoqua,fencing,2025-26,2025-26,D3,Men,Landmark Conference,Drew,,UNK,Fr.,Fr,"Wayne, N.J.",Wayne,NJ,domestic,Wayne Hills,0,https://drewrangers.com/sports/mens-fencing/roster/2025-26
fen_5e6ee42ff574,Pablo,Greene,fencing,2025-26,2025-26,D3,Men,Independent,Hunter,Foil,Foil,Gr.,Gr,"New York, N.Y.",New York,NY,domestic,Art and Design (Binghamton),0,https://www.huntercollegeathletics.com/sports/mens-fencing/roster/2025-26
fen_cbf82deed205,Matteo,Lopez,fencing,2025-26,2025-26,D3,Men,Independent,Hunter,Epee,Épée,Fr.,Fr,"Jamaica, N.Y.",Jamaica,NY,domestic,Queens Gateway to Health Science,0,https://www.huntercollegeathletics.com/sports/mens-fencing/roster/2025-26
fen_10dd82cd6c60,Christian,Mendez,fencing,2025-26,2025-26,D3,Men,Independent,Hunter,Epee,Épée,Fr.,Fr,"Queens, N.Y.",Queens,NY,domestic,Brooklyn Latin,0,https://www.huntercollegeathletics.com/sports/mens-fencing/roster/2025-26
fen_5faef4b70415,Nahuel,Muhamad,fencing,2025-26,2025-26,D3,Men,Independent,Hunter,Sabre,Sabre,Gr.,Gr,"Buenos Aires, Argentina",Buenos Aires,,international,Julio A. Roca,0,https://www.huntercollegeathletics.com/sports/mens-fencing/roster/2025-26
fen_f4f6d181b5b7,Isaac,Ramirez,fencing,2025-26,2025-26,D3,Men,Independent,Hunter,Foil,Foil,So.,So,"Staten Island, N.Y.",Staten Island,NY,domestic,Tottenville,0,https://www.huntercollegeathletics.com/sports/mens-fencing/roster/2025-26
fen_3bc1434baa1d,Julio,Salazar,fencing,2025-26,2025-26,D3,Men,Independent,Hunter,Sabre,Sabre,So.,So,"San Pedro Cholula, Puebla, Mexico",San Pedro Cholula,,international,de Octubre de 1968 BUAP Preparatory School,1,https://www.huntercollegeathletics.com/sports/mens-fencing/roster/2025-26
fen_ac690c26731c,Mike,Scaneiro,fencing,2025-26,2025-26,D3,Men,Independent,Hunter,Sabre,Sabre,Fr.,Fr,"Mt. Vernon, N.Y.",Mt. Vernon,NY,domestic,Sacred Heart,0,https://www.huntercollegeathletics.com/sports/mens-fencing/roster/2025-26
fen_120651f5669b,Melvin,Velasquez,fencing,2025-26,2025-26,D3,Men,Independent,Hunter,Epee,Épée,Fr.,Fr,"Queens, N.Y.",Queens,NY,domestic,Aviation,0,https://www.huntercollegeathletics.com/sports/mens-fencing/roster/2025-26
fen_d0d9e568b053,Kyaw,Win,fencing,2025-26,2025-26,D3,Men,Independent,Hunter,Sabre,Sabre,Sr.,Sr,"Queens, N.Y.",Queens,NY,domestic,Hillcrest,0,https://www.huntercollegeathletics.com/sports/mens-fencing/roster/2025-26
fen_26d967d411d2,David,Xing,fencing,2025-26,2025-26,D3,Men,Independent,Hunter,Foil,Foil,Jr.,Jr,"New York, N.Y.",New York,NY,domestic,Francis Lewis,0,https://www.huntercollegeathletics.com/sports/mens-fencing/roster/2025-26
fen_f911b2bca081,Steven,Zhang,fencing,2025-26,2025-26,D3,Men,Independent,Hunter,Epee,Épée,Jr.,Jr,"Brooklyn, N.Y.",Brooklyn,NY,domestic,Brooklyn Tech,0,https://www.huntercollegeathletics.com/sports/mens-fencing/roster/2025-26
fen_e5a85239a2ea,Steve,Zhu,fencing,2025-26,2025-26,D3,Men,Independent,Hunter,Epee,Épée,Jr.,Jr,Bellerose N.Y.,Bellerose N.Y.,,international,Francis Lewis,0,https://www.huntercollegeathletics.com/sports/mens-fencing/roster/2025-26
fen_79b73418eeac,Darick,Galcia,fencing,2025-26,2025-26,D1,Men,Horizon League,Detroit Mercy,Foil,Foil,Fr.,Fr,"Mexico City, Mexico",Mexico City,,international,Universidad del Valle del Méxic,0,https://detroittitans.com/sports/mens-fencing/roster/2025-26
fen_d6e9676b1cc2,Mac,Gray,fencing,2025-26,2025-26,D1,Men,Horizon League,Detroit Mercy,Epee,Épée,Fr.,Fr,"Macomb, Mich.",Macomb,MI,domestic,Eisenhower,0,https://detroittitans.com/sports/mens-fencing/roster/2025-26
fen_45601b53b95c,Diego,Grijalva-Barrera,fencing,2025-26,2025-26,D1,Men,Horizon League,Detroit Mercy,Epee,Épée,Jr.,Jr,"South Lyon, Mich.",South Lyon,MI,domestic,South Lyon East,0,https://detroittitans.com/sports/mens-fencing/roster/2025-26
fen_b2de44a633e4,Phillip,Hunter,fencing,2025-26,2025-26,D1,Men,Horizon League,Detroit Mercy,Foil,Foil,So.,So,"Brooklyn, New York",Brooklyn,NY,domestic,Boerum Hill School,0,https://detroittitans.com/sports/mens-fencing/roster/2025-26
fen_5724578ee27d,Elijah,Kerkmaz,fencing,2025-26,2025-26,D1,Men,Horizon League,Detroit Mercy,Sabre,Sabre,So.,So,"Madison Heights, Mich.",Madison Heights,MI,domestic,Bishop Foley,0,https://detroittitans.com/sports/mens-fencing/roster/2025-26
fen_5fb4c671c4b8,Nathan,Mysiorek,fencing,2025-26,2025-26,D1,Men,Horizon League,Detroit Mercy,Sabre,Sabre,Jr.,Jr,"Hettange-Grande, France",Hettange-Grande,,international,Lycée Charlemagne,0,https://detroittitans.com/sports/mens-fencing/roster/2025-26
fen_9d19c0e6967a,Jonathan,Noel,fencing,2025-26,2025-26,D1,Men,Horizon League,Detroit Mercy,Sabre,Sabre,Fr.,Fr,"Bay City, Mich.",Bay City,MI,domestic,John Glenn,0,https://detroittitans.com/sports/mens-fencing/roster/2025-26
fen_2c6a90bb202f,Arturo,Rangel,fencing,2025-26,2025-26,D1,Men,Horizon League,Detroit Mercy,Epee,Épée,Jr.,Jr,"Tijuana Baja California, Mexico",Tijuana Baja California,,international,Preparatoria de la Frontera,0,https://detroittitans.com/sports/mens-fencing/roster/2025-26
fen_898a5e0794b9,Jacob,Anderson,fencing,2025-26,2025-26,D3,Men,University Athletic Association,Brandeis,he/him/his,Other,Jr.,Jr,"San Francisco, Calif.",San Francisco,CA,domestic,San Francisco Waldorf,0,https://brandeisjudges.com/sports/mens-fencing/roster/2025-26
fen_c1e7929e640f,Lev,BenAvram,fencing,2025-26,2025-26,D3,Men,University Athletic Association,Brandeis,he/him/his,Other,Sr.,Sr,"Bethesda, Md.",Bethesda,MD,domestic,Charles E. Smith Jewish Day School,0,https://brandeisjudges.com/sports/mens-fencing/roster/2025-26
fen_aba3a6a77549,Jacob,Benson,fencing,2025-26,2025-26,D3,Men,University Athletic Association,Brandeis,,UNK,Fy.,Fr,"Arlington, Va.",Arlington,VA,domestic,Yorktown,0,https://brandeisjudges.com/sports/mens-fencing/roster/2025-26
fen_691beb69daea,Matthew,Chaves,fencing,2025-26,2025-26,D3,Men,University Athletic Association,Brandeis,he/him/his,Other,Jr.,Jr,"Durham, N.C.",Durham,NC,domestic,Durham Academy,1,https://brandeisjudges.com/sports/mens-fencing/roster/2025-26
fen_7dd9284bc0fe,Jonah,Daniels,fencing,2025-26,2025-26,D3,Men,University Athletic Association,Brandeis,,UNK,Fy.,Fr,"Bozeman, Mont.",Bozeman,MT,domestic,Bozeman,0,https://brandeisjudges.com/sports/mens-fencing/roster/2025-26
fen_68a5e2694173,Seth,Edelman,fencing,2025-26,2025-26,D3,Men,University Athletic Association,Brandeis,he/him/his,Other,Sr.,Sr,"New York, N.Y.",New York,NY,domestic,Brooklyn Tech,0,https://brandeisjudges.com/sports/mens-fencing/roster/2025-26
fen_800da96ac181,Alex,Fortune,fencing,2025-26,2025-26,D3,Men,University Athletic Association,Brandeis,,UNK,So.,So,"Alto, Mich.",Alto,MI,domestic,Forest Hills Northern,0,https://brandeisjudges.com/sports/mens-fencing/roster/2025-26
fen_88ce5509a82c,David,Knizhnik,fencing,2025-26,2025-26,D3,Men,University Athletic Association,Brandeis,,UNK,Fy.,Fr,"Bethesda, Md.",Bethesda,MD,domestic,Aeon,0,https://brandeisjudges.com/sports/mens-fencing/roster/2025-26
fen_ac30ade0e076,Luc,Kong,fencing,2025-26,2025-26,D3,Men,University Athletic Association,Brandeis,,UNK,Fy.,Fr,"Medford, Mass.",Medford,MA,domestic,Boston College High School,0,https://brandeisjudges.com/sports/mens-fencing/roster/2025-26
fen_301703ba830b,Jeffrey,Longstreet,fencing,2025-26,2025-26,D3,Men,University Athletic Association,Brandeis,,UNK,So.,So,"Commack, N.Y.",Commack,NY,domestic,Commack,0,https://brandeisjudges.com/sports/mens-fencing/roster/2025-26
fen_b9d044a6c89d,Alex,Piwowar,fencing,2025-26,2025-26,D3,Men,University Athletic Association,Brandeis,,UNK,Jr.,Jr,"Westford, Mass.",Westford,MA,domestic,Westford Academy,1,https://brandeisjudges.com/sports/mens-fencing/roster/2025-26
fen_98bfd501175a,Bryce,Rittershaus,fencing,2025-26,2025-26,D3,Men,University Athletic Association,Brandeis,,UNK,So.,So,"Andover, Mass.",Andover,MA,domestic,Andover,0,https://brandeisjudges.com/sports/mens-fencing/roster/2025-26
fen_cc3e0da99a14,Dylan,Schroeder,fencing,2025-26,2025-26,D3,Men,University Athletic Association,Brandeis,,UNK,Fy.,Fr,"Culver City, Calif.",Culver City,CA,domestic,Culver City,0,https://brandeisjudges.com/sports/mens-fencing/roster/2025-26
fen_fd016f843b79,Lucas,Strauss,fencing,2025-26,2025-26,D3,Men,University Athletic Association,Brandeis,,UNK,So.,So,"Boulder, Colo.",Boulder,CO,domestic,Boulder,0,https://brandeisjudges.com/sports/mens-fencing/roster/2025-26
fen_5601f95146f7,Jackson,Sullivan,fencing,2025-26,2025-26,D3,Men,University Athletic Association,Brandeis,he/him/his,Other,Jr.,Jr,"Somerville, Mass.",Somerville,MA,domestic,Greater Commonwealth Virtual School,0,https://brandeisjudges.com/sports/mens-fencing/roster/2025-26
fen_a9a9ede4b12d,Ross,Vine,fencing,2025-26,2025-26,D3,Men,University Athletic Association,Brandeis,he/him/his,Other,Jr.,Jr,"Fairfield, Conn.",Fairfield,CT,domestic,Hopkins School,0,https://brandeisjudges.com/sports/mens-fencing/roster/2025-26
fen_4e69b105299e,James,Wallace,fencing,2025-26,2025-26,D3,Men,University Athletic Association,Brandeis,,UNK,So.,So,"Asheville, N.C.",Asheville,NC,domestic,Asheville,0,https://brandeisjudges.com/sports/mens-fencing/roster/2025-26
fen_674c43f3f16d,Zichun,Wang,fencing,2025-26,2025-26,D3,Men,University Athletic Association,Brandeis,,UNK,So.,So,"Beijing, China",Beijing,,international,Beijing National Day School,0,https://brandeisjudges.com/sports/mens-fencing/roster/2025-26
fen_d6313face5e6,Jude,Wilson,fencing,2025-26,2025-26,D3,Men,University Athletic Association,Brandeis,,UNK,Fy.,Fr,"Jersey City, N.J.",Jersey City,NJ,domestic,Hudson Catholic,0,https://brandeisjudges.com/sports/mens-fencing/roster/2025-26
fen_e58074883001,Michael,Yerokhin,fencing,2025-26,2025-26,D3,Men,University Athletic Association,Brandeis,,UNK,Sr.,Sr,"Paramus, N.J.",Paramus,NJ,domestic,Paramus,0,https://brandeisjudges.com/sports/mens-fencing/roster/2025-26
fen_ca16a1d0feb5,Hunter,Yu,fencing,2025-26,2025-26,D3,Men,University Athletic Association,Brandeis,,UNK,So.,So,"Toronto, ON",Toronto,,international,Lawrence Park Collegiate,0,https://brandeisjudges.com/sports/mens-fencing/roster/2025-26
fen_e452ee90e3d9,Brandon,Zhao,fencing,2025-26,2025-26,D3,Men,University Athletic Association,Brandeis,he/him/his,Other,So.,So,"Melrose, Mass.",Melrose,MA,domestic,Mystic Valley Regional,0,https://brandeisjudges.com/sports/mens-fencing/roster/2025-26
fen_71a7fe5d4a3d,Andrew,Chen,fencing,2025-26,2025-26,D1,Men,Ivy League,Harvard,Foil,Foil,So.,So,"Lexington, Ky.",Lexington,KY,domestic,Paul Laurence Dunbar High School,0,https://gocrimson.com/sports/mens-fencing/roster/2025-26
fen_7eddf3efb50d,Tommy,Choi,fencing,2025-26,2025-26,D1,Men,Ivy League,Harvard,Sabre,Sabre,So.,So,"Belmont, Mass.",Belmont,MA,domestic,Belmont High School,0,https://gocrimson.com/sports/mens-fencing/roster/2025-26
fen_084217b48e83,Taylor,Chon,fencing,2025-26,2025-26,D1,Men,Ivy League,Harvard,Sabre,Sabre,Fy,Fr,"Dallas, Texas",Dallas,TX,domestic,,0,https://gocrimson.com/sports/mens-fencing/roster/2025-26
fen_d2b6696fa02c,Andrew,Deng,fencing,2025-26,2025-26,D1,Men,Ivy League,Harvard,Sabre,Sabre,So.,So,"Livingston, N.J.",Livingston,NJ,domestic,Newark Academy,1,https://gocrimson.com/sports/mens-fencing/roster/2025-26
fen_9b6b368e61b4,Roy,Graham,fencing,2025-26,2025-26,D1,Men,Ivy League,Harvard,Foil,Foil,Fy,Fr,"Springfield, Va.",Springfield,VA,domestic,,0,https://gocrimson.com/sports/mens-fencing/roster/2025-26
fen_ec993fdb7fde,Colin,Heathcock,fencing,2025-26,2025-26,D1,Men,Ivy League,Harvard,Saber,Sabre,So.,So,"Beijing, China",Beijing,,international,Laurel Springs (Calif.),0,https://gocrimson.com/sports/mens-fencing/roster/2025-26
fen_50c78821cb05,Cody,Ji,fencing,2025-26,2025-26,D1,Men,Ivy League,Harvard,Sabre,Sabre,Fy,Fr,"Atlanta, Ga.",Atlanta,GA,domestic,,0,https://gocrimson.com/sports/mens-fencing/roster/2025-26
fen_0fc5d9c5402c,Owen,Jin,fencing,2025-26,2025-26,D1,Men,Ivy League,Harvard,Epee,Épée,Jr.,Jr,"Worcester, Mass.",Worcester,MA,domestic,Boston Latin School,0,https://gocrimson.com/sports/mens-fencing/roster/2025-26
fen_2ee6f58deaf9,Henry,Lawson,fencing,2025-26,2025-26,D1,Men,Ivy League,Harvard,Epee,Épée,Jr.,Jr,"Manhattan, N.Y.",Manhattan,NY,domestic,Trinity,0,https://gocrimson.com/sports/mens-fencing/roster/2025-26
fen_ef22ee88f2e8,Connor,Liang,fencing,2025-26,2025-26,D1,Men,Ivy League,Harvard,Saber,Sabre,So.,So,"San Diego, Calif.",San Diego,CA,domestic,ical Academy,1,https://gocrimson.com/sports/mens-fencing/roster/2025-26
fen_441787bd2484,Jeremy,Lim,fencing,2025-26,2025-26,D1,Men,Ivy League,Harvard,Foil,Foil,So.,So,"Cincinnati, Ohio",Cincinnati,OH,domestic,Sycamore High School,0,https://gocrimson.com/sports/mens-fencing/roster/2025-26
fen_17ac3c26f261,Steven,Miall,fencing,2025-26,2025-26,D1,Men,Ivy League,Harvard,Foil,Foil,Fy,Fr,"Boston, Mass.",Boston,MA,domestic,,0,https://gocrimson.com/sports/mens-fencing/roster/2025-26
fen_86ae27f9d324,Alexander,Tafur,fencing,2025-26,2025-26,D1,Men,Ivy League,Harvard,Epee,Épée,So.,So,"Johannesburg, South Africa",Johannesburg,,international,St. John's College,0,https://gocrimson.com/sports/mens-fencing/roster/2025-26
fen_d241b6cace61,Daniel,Zhang,fencing,2025-26,2025-26,D1,Men,Ivy League,Harvard,Foil,Foil,Jr.,Jr,"Belmont, Mass.",Belmont,MA,domestic,Belmont,0,https://gocrimson.com/sports/mens-fencing/roster/2025-26
fen_6eecb5c01da7,Nicholas,Zhang,fencing,2025-26,2025-26,D1,Men,Ivy League,Harvard,Epee,Épée,So.,So,"Vancouver, B.C.",Vancouver,,international,Sentinel Secondary School,0,https://gocrimson.com/sports/mens-fencing/roster/2025-26
fen_ad7553a6124a,Markelo,Deona,fencing,2025-26,2025-26,D1,Men,America East Conference,NJIT,Sabre Sabre,Sabre,So.,So,"Pompton Lakes, NJ",Pompton Lakes,NJ,domestic,Pompton Lakes,0,https://njithighlanders.com/sports/mens-fencing/roster/2025-26
fen_4c32033990d5,Julian,Detering,fencing,2025-26,2025-26,D1,Men,America East Conference,NJIT,Foil Foil,Foil,Fr.,Fr,"Palo Alto, CA",Palo Alto,CA,domestic,Henry M. Gunn,0,https://njithighlanders.com/sports/mens-fencing/roster/2025-26
fen_7aa40f18fc3d,Aidan,Doctor,fencing,2025-26,2025-26,D1,Men,America East Conference,NJIT,Foil Foil,Foil,So.,So,"Huntington, NY",Huntington,NY,domestic,Harborfields,0,https://njithighlanders.com/sports/mens-fencing/roster/2025-26
fen_7fa89b5c93de,Gonzalo,Fernandez,fencing,2025-26,2025-26,D1,Men,America East Conference,NJIT,Sabre Sabre,Sabre,Jr.,Jr,"Madrid, Spain",Madrid,,international,Fomento Fundacion,0,https://njithighlanders.com/sports/mens-fencing/roster/2025-26
fen_71e496f28482,Adrian,Figueredo,fencing,2025-26,2025-26,D1,Men,America East Conference,NJIT,Sabre Sabre,Sabre,Sr.,Sr,"Guayama, Puerto Rico",Guayama,PR,domestic,Eugenio Guerra Cruz Salinas,0,https://njithighlanders.com/sports/mens-fencing/roster/2025-26
fen_1ef5adebb1ab,Carlos,Grodman,fencing,2025-26,2025-26,D1,Men,America East Conference,NJIT,Foil Foil,Foil,Jr.,Jr,"Maplewood, NJ",Maplewood,NJ,domestic,Columbia High School,0,https://njithighlanders.com/sports/mens-fencing/roster/2025-26
fen_0616b7f68b2f,Brandon,Howe,fencing,2025-26,2025-26,D1,Men,America East Conference,NJIT,Sabre Sabre,Sabre,So.,So,"Morris Plains, NJ",Morris Plains,NJ,domestic,The Academy,1,https://njithighlanders.com/sports/mens-fencing/roster/2025-26
fen_efa9875bfdf7,Daniel,Jeun,fencing,2025-26,2025-26,D1,Men,America East Conference,NJIT,Epee Epee,Épée,Sr.,Sr,"Alcobendas, Madrid, Spain",Alcobendas,,international,Greenwich School,0,https://njithighlanders.com/sports/mens-fencing/roster/2025-26
fen_b2f7ae9f4b87,Sabit,Kilinc,fencing,2025-26,2025-26,D1,Men,America East Conference,NJIT,Foil Foil,Foil,Fr.,Fr,"Istanbul, Turkey",Istanbul,,international,Saint Michel French,0,https://njithighlanders.com/sports/mens-fencing/roster/2025-26
fen_cf4bd558d071,Fabio,Mastromarino,fencing,2025-26,2025-26,D1,Men,America East Conference,NJIT,Epee Epee,Épée,Fr.,Fr,"Pistoia, Italy",Pistoia,,international,Liceo Scientifico Amedeo di Savoia Duca D’Aosta,0,https://njithighlanders.com/sports/mens-fencing/roster/2025-26
fen_80d678baa399,Robert,Rountree,fencing,2025-26,2025-26,D1,Men,America East Conference,NJIT,Foil Foil,Foil,Sr.,Sr,"Richmond, VA",Richmond,VA,domestic,Douglas S. Freeman,0,https://njithighlanders.com/sports/mens-fencing/roster/2025-26
fen_24cbf69fd2a0,Ryan,Scharf,fencing,2025-26,2025-26,D1,Men,America East Conference,NJIT,Epee Epee,Épée,So.,So,"Decatur, GA",Decatur,GA,domestic,Decatur,0,https://njithighlanders.com/sports/mens-fencing/roster/2025-26
fen_afcbe005422e,Paul,Veltrup,fencing,2025-26,2025-26,D1,Men,America East Conference,NJIT,Epee E,Épée,Gr.,Gr,"Grefrath, Germany",Grefrath,,international,Anne Frank Gesamtschule,0,https://njithighlanders.com/sports/mens-fencing/roster/2025-26
fen_242ddf139c09,Vinicius,Alonso de Paula,fencing,2025-26,2025-26,D3,Men,Independent,Lawrence,Foil,Foil,So.,So,"Sao Paulo, Brazil",Sao Paulo,,international,,0,https://vikings.lawrence.edu/sports/mens-fencing/roster/2025-26
fen_48cb64ebb4d8,Jordan,Diacos,fencing,2025-26,2025-26,D3,Men,Independent,Lawrence,Sabre,Sabre,Sr.,Sr,"Winnipeg, Manitoba",Winnipeg,,international,,0,https://vikings.lawrence.edu/sports/mens-fencing/roster/2025-26
fen_bb85cfe4527a,Damien,Feliciano,fencing,2025-26,2025-26,D3,Men,Independent,Lawrence,Epee,Épée,Jr.,Jr,"Evanston, Ill.",Evanston,IL,domestic,,0,https://vikings.lawrence.edu/sports/mens-fencing/roster/2025-26
fen_4aee5339a80f,Francisco,Fiamingo,fencing,2025-26,2025-26,D3,Men,Independent,Lawrence,Epee,Épée,Fy.,Fr,"Buenos Aries, Argentina",Buenos Aries,,international,,0,https://vikings.lawrence.edu/sports/mens-fencing/roster/2025-26
fen_7cca324c3351,Eli,Freyre de Andrade,fencing,2025-26,2025-26,D3,Men,Independent,Lawrence,Sabre,Sabre,Jr.,Jr,"Denver, Colo.",Denver,CO,domestic,,0,https://vikings.lawrence.edu/sports/mens-fencing/roster/2025-26
fen_79afa5e7aa77,Carlos,Garcia de la Puente,fencing,2025-26,2025-26,D3,Men,Independent,Lawrence,Sabre,Sabre,So.,So,"Playa Hermosa, Costa Rica",Playa Hermosa,,international,,0,https://vikings.lawrence.edu/sports/mens-fencing/roster/2025-26
fen_a878cfc42261,Branford,Higgins,fencing,2025-26,2025-26,D3,Men,Independent,Lawrence,Epee,Épée,Fy.,Fr,"Valley Center, CA",Valley Center,CA,domestic,,0,https://vikings.lawrence.edu/sports/mens-fencing/roster/2025-26
fen_2e32a0bf383d,Jack,Kropp,fencing,2025-26,2025-26,D3,Men,Independent,Lawrence,Epee,Épée,So.,So,"Falls Church, Va.",Falls Church,VA,domestic,,0,https://vikings.lawrence.edu/sports/mens-fencing/roster/2025-26
fen_49bbb61c23f0,Eli,Levitas-Goren,fencing,2025-26,2025-26,D3,Men,Independent,Lawrence,Foil,Foil,Sr.,Sr,"Milwaukee, Wis.",Milwaukee,WI,domestic,,0,https://vikings.lawrence.edu/sports/mens-fencing/roster/2025-26
fen_1a02b78b2f17,Will,Martin,fencing,2025-26,2025-26,D3,Men,Independent,Lawrence,Foil,Foil,Jr.,Jr,"Chanhassen, Minn.",Chanhassen,MN,domestic,,0,https://vikings.lawrence.edu/sports/mens-fencing/roster/2025-26
fen_81664823aa7d,Clarence,Murzyn,fencing,2025-26,2025-26,D3,Men,Independent,Lawrence,Sabre,Sabre,Sr.,Sr,"Morton Grove, Ill.",Morton Grove,IL,domestic,,0,https://vikings.lawrence.edu/sports/mens-fencing/roster/2025-26
fen_8a103beca360,Zaky,Obeid,fencing,2025-26,2025-26,D3,Men,Independent,Lawrence,Sabre,Sabre,Jr.,Jr,"Rowlett, TX",Rowlett,TX,domestic,,0,https://vikings.lawrence.edu/sports/mens-fencing/roster/2025-26
fen_b60c8d8a315c,Cristobal,Perez Fourcade,fencing,2025-26,2025-26,D3,Men,Independent,Lawrence,Sabre,Sabre,So.,So,"Cordoba, Argentina",Cordoba,,international,,0,https://vikings.lawrence.edu/sports/mens-fencing/roster/2025-26
fen_128ecc1cf27d,Ephraim,Petersen,fencing,2025-26,2025-26,D3,Men,Independent,Lawrence,Epee,Épée,Fy.,Fr,"Tacoma, WA",Tacoma,WA,domestic,,0,https://vikings.lawrence.edu/sports/mens-fencing/roster/2025-26
fen_2ef83ba73716,Oliver,Reece,fencing,2025-26,2025-26,D3,Men,Independent,Lawrence,Foil,Foil,Sr.,Sr,"Scarsdale, N.Y.",Scarsdale,NY,domestic,,0,https://vikings.lawrence.edu/sports/mens-fencing/roster/2025-26
fen_7e0d52240b17,Brennan,Rieck,fencing,2025-26,2025-26,D3,Men,Independent,Lawrence,Epee,Épée,Fy.,Fr,"Elkhorn, NE",Elkhorn,NE,domestic,,0,https://vikings.lawrence.edu/sports/mens-fencing/roster/2025-26
fen_80c643d92bfc,Alan,Rodriguez,fencing,2025-26,2025-26,D3,Men,Independent,Lawrence,Sabre,Sabre,So.,So,"Guadalajara, Mexico",Guadalajara,,international,,0,https://vikings.lawrence.edu/sports/mens-fencing/roster/2025-26
fen_7d4bb6793214,Dominick,Vaccaro,fencing,2025-26,2025-26,D3,Men,Independent,Lawrence,Epee,Épée,So.,So,"Atlanta, Ga.",Atlanta,GA,domestic,,0,https://vikings.lawrence.edu/sports/mens-fencing/roster/2025-26
fen_48c45fff6447,Mateo,Wilkins,fencing,2025-26,2025-26,D3,Men,Independent,Lawrence,Foil,Foil,So.,So,"Rochester, Minn.",Rochester,MN,domestic,,0,https://vikings.lawrence.edu/sports/mens-fencing/roster/2025-26
fen_d3654633af27,Ryan,Chin,fencing,2025-26,2025-26,D3,Men,New England Women's and Men's Athletic Conference,MIT,Foil,Foil,So.,So,"Austin, Texas",Austin,TX,domestic,Vandegrift,0,https://mitathletics.com/sports/mens-fencing/roster/2025-26
fen_c6fede7be9c1,Rohan,Dalal,fencing,2025-26,2025-26,D3,Men,New England Women's and Men's Athletic Conference,MIT,Sabre,Sabre,Fy.,Fr,"King of Prussia, Pa.",King of Prussia,PA,domestic,The Episcopal Academy,1,https://mitathletics.com/sports/mens-fencing/roster/2025-26
fen_a7ef73be8fb9,Yehong,Jiang,fencing,2025-26,2025-26,D3,Men,New England Women's and Men's Athletic Conference,MIT,Foil,Foil,So.,So,"Los Altos, Calif.",Los Altos,CA,domestic,The Nueva School,0,https://mitathletics.com/sports/mens-fencing/roster/2025-26
fen_433295e6944e,Alexander,Li,fencing,2025-26,2025-26,D3,Men,New England Women's and Men's Athletic Conference,MIT,Sabre,Sabre,So.,So,"Acton, Mass.",Acton,MA,domestic,Acton-Boxborough Regional,0,https://mitathletics.com/sports/mens-fencing/roster/2025-26
fen_170f86991ede,Niles,Liu,fencing,2025-26,2025-26,D3,Men,New England Women's and Men's Athletic Conference,MIT,Foil,Foil,Sr.,Sr,"Bedford, Mass.",Bedford,MA,domestic,Bedford,0,https://mitathletics.com/sports/mens-fencing/roster/2025-26
fen_79b0d3bec9a7,Brendon,Murphy,fencing,2025-26,2025-26,D3,Men,New England Women's and Men's Athletic Conference,MIT,Sabre,Sabre,Sr.,Sr,"Mount Dora, Fla.",Mount Dora,FL,domestic,West Orange,0,https://mitathletics.com/sports/mens-fencing/roster/2025-26
fen_0c6d2013887a,Surya,Sakhamuri,fencing,2025-26,2025-26,D3,Men,New England Women's and Men's Athletic Conference,MIT,Sabre,Sabre,Sr.,Sr,"Sharon, Mass.",Sharon,MA,domestic,Boston University Academy,1,https://mitathletics.com/sports/mens-fencing/roster/2025-26
fen_7efa27e72cc6,Michael,Samuel,fencing,2025-26,2025-26,D3,Men,New England Women's and Men's Athletic Conference,MIT,Foil,Foil,Jr.,Jr,"Philadelphia, Pa.",Philadelphia,PA,domestic,J.R. Masterman,0,https://mitathletics.com/sports/mens-fencing/roster/2025-26
fen_4240dd9efeb1,Rishi,Shiv,fencing,2025-26,2025-26,D3,Men,New England Women's and Men's Athletic Conference,MIT,Epee,Épée,So.,So,"Houston, Texas",Houston,TX,domestic,Awty International School,0,https://mitathletics.com/sports/mens-fencing/roster/2025-26
fen_5c898f391d38,Henry,Smith,fencing,2025-26,2025-26,D3,Men,New England Women's and Men's Athletic Conference,MIT,Sabre,Sabre,Gr.,Gr,"Columbia Falls, Mont.",Columbia Falls,MT,domestic,Glacier,0,https://mitathletics.com/sports/mens-fencing/roster/2025-26
fen_d578a0f257a9,Zachary,Tong,fencing,2025-26,2025-26,D3,Men,New England Women's and Men's Athletic Conference,MIT,Sabre,Sabre,So.,So,"Marietta, Ga.",Marietta,GA,domestic,Wheeler,0,https://mitathletics.com/sports/mens-fencing/roster/2025-26
fen_7dd81fba2f3d,Eric,Wang,fencing,2025-26,2025-26,D3,Men,New England Women's and Men's Athletic Conference,MIT,Sabre,Sabre,So.,So,"Foothill Ranch, Calif.",Foothill Ranch,CA,domestic,Trabuco Hills,0,https://mitathletics.com/sports/mens-fencing/roster/2025-26
fen_b4e3ded9287c,Tony,Xiao,fencing,2025-26,2025-26,D3,Men,New England Women's and Men's Athletic Conference,MIT,Foil,Foil,Sr.,Sr,"San Ramon, Calif.",San Ramon,CA,domestic,St. Paul's School,0,https://mitathletics.com/sports/mens-fencing/roster/2025-26
fen_9f4e573ae94f,Alec,Zhang,fencing,2025-26,2025-26,D3,Men,New England Women's and Men's Athletic Conference,MIT,Epee,Épée,So.,So,"Saratoga, Calif.",Saratoga,CA,domestic,The Harker School,0,https://mitathletics.com/sports/mens-fencing/roster/2025-26
fen_e93e3642ee40,Andy,Zhang,fencing,2025-26,2025-26,D3,Men,New England Women's and Men's Athletic Conference,MIT,Foil,Foil,Jr.,Jr,"Suwanee, Ga.",Suwanee,GA,domestic,Lambert,0,https://mitathletics.com/sports/mens-fencing/roster/2025-26
fen_25f8fc96561c,Henry,Zhang,fencing,2025-26,2025-26,D3,Men,New England Women's and Men's Athletic Conference,MIT,Foil,Foil,Sr.,Sr,"Scarsdale, N.Y.",Scarsdale,NY,domestic,Scarsdale,0,https://mitathletics.com/sports/mens-fencing/roster/2025-26
fen_5b1372d6e77a,Corey,Zhao,fencing,2025-26,2025-26,D3,Men,New England Women's and Men's Athletic Conference,MIT,Epee,Épée,Fy.,Fr,"Lexington, Mass.",Lexington,MA,domestic,Lexington,0,https://mitathletics.com/sports/mens-fencing/roster/2025-26
fen_9112f8fd1a89,Kevin,Zheng,fencing,2025-26,2025-26,D3,Men,New England Women's and Men's Athletic Conference,MIT,Foil,Foil,Fy.,Fr,"Irvine, Calif.",Irvine,CA,domestic,University (HS),0,https://mitathletics.com/sports/mens-fencing/roster/2025-26
fen_0b1e77ddcb85,Anup,Banerjee,fencing,2025-26,2025-26,D3,Men,University Athletic Association,NYU,Foil Foil,Foil,So.,So,"San Jose, California",San Jose,CA,domestic,Pioneer,0,https://gonyuathletics.com/sports/mens-fencing/roster/2025-26
fen_97cb036257be,Tyler,Cho,fencing,2025-26,2025-26,D3,Men,University Athletic Association,NYU,Epee Epee,Épée,Sr.,Sr,"Alpharetta, GA",Alpharetta,GA,domestic,Chattahoochee,0,https://gonyuathletics.com/sports/mens-fencing/roster/2025-26
fen_bc6014550249,Oscar,Cui,fencing,2025-26,2025-26,D3,Men,University Athletic Association,NYU,Epee Epee,Épée,So.,So,"West Vancouver, B.C.",West Vancouver,,international,Sentinel,0,https://gonyuathletics.com/sports/mens-fencing/roster/2025-26
fen_2a1f2c933979,Julius,DeStefano,fencing,2025-26,2025-26,D3,Men,University Athletic Association,NYU,Epee Epee,Épée,Fr.,Fr,"Miami, FL",Miami,FL,domestic,Ransom Everglades,0,https://gonyuathletics.com/sports/mens-fencing/roster/2025-26
fen_dcfd6f1bf5d0,Farr,Dickson,fencing,2025-26,2025-26,D3,Men,University Athletic Association,NYU,Foil Foil,Foil,Sr.,Sr,"Bellaire, TX",Bellaire,TX,domestic,Energy Institution,0,https://gonyuathletics.com/sports/mens-fencing/roster/2025-26
fen_661bbdf58ee2,Vincent,Hong,fencing,2025-26,2025-26,D3,Men,University Athletic Association,NYU,Saber Saber,Sabre,Jr.,Jr,"Chatham, NJ",Chatham,NJ,domestic,Chatman,0,https://gonyuathletics.com/sports/mens-fencing/roster/2025-26
fen_76101ba6b2b7,Aidan,Kumar,fencing,2025-26,2025-26,D3,Men,University Athletic Association,NYU,Epee Epee,Épée,So.,So,"Short Hills, NJ",Short Hills,NJ,domestic,Millburn,0,https://gonyuathletics.com/sports/mens-fencing/roster/2025-26
fen_9432ac90bce2,William,Lehr,fencing,2025-26,2025-26,D3,Men,University Athletic Association,NYU,Epee Epee,Épée,Sr.,Sr,"Stony Brook, NY",Stony Brook,NY,domestic,Ward Melville,0,https://gonyuathletics.com/sports/mens-fencing/roster/2025-26
fen_59022aff8a27,Zhenhao,Liu,fencing,2025-26,2025-26,D3,Men,University Athletic Association,NYU,Saber Saber,Sabre,Fr.,Fr,"Shanghai, China",Shanghai,,international,Nido De Aguilas,0,https://gonyuathletics.com/sports/mens-fencing/roster/2025-26
fen_957f66206064,Jordan,Macarty,fencing,2025-26,2025-26,D3,Men,University Athletic Association,NYU,Epee Epee,Épée,Fr.,Fr,"Belmont, MA",Belmont,MA,domestic,Belmont,0,https://gonyuathletics.com/sports/mens-fencing/roster/2025-26
fen_3cad33fb7ecd,Surya,Mattoo,fencing,2025-26,2025-26,D3,Men,University Athletic Association,NYU,Saber Saber,Sabre,Fr.,Fr,"New York, NY",New York,NY,domestic,Horace Mann,0,https://gonyuathletics.com/sports/mens-fencing/roster/2025-26
fen_2986eca8d437,Thomas,Murphy,fencing,2025-26,2025-26,D3,Men,University Athletic Association,NYU,Epee Epee,Épée,So.,So,"Vienna, VA",Vienna,VA,domestic,Langley,0,https://gonyuathletics.com/sports/mens-fencing/roster/2025-26
fen_4d75993c9f91,Peter,Nikolov,fencing,2025-26,2025-26,D3,Men,University Athletic Association,NYU,Epee Epee,Épée,So.,So,"Chicago, IL",Chicago,IL,domestic,Jones College Prep,1,https://gonyuathletics.com/sports/mens-fencing/roster/2025-26
fen_6e2d01134f13,Jerry,Pan,fencing,2025-26,2025-26,D3,Men,University Athletic Association,NYU,Saber Saber,Sabre,Sr.,Sr,"Vancouver, BC, Canada",Vancouver,,international,Sentinel,0,https://gonyuathletics.com/sports/mens-fencing/roster/2025-26
fen_d30533a3d8f5,Ajit,Sivakumar,fencing,2025-26,2025-26,D3,Men,University Athletic Association,NYU,Epee Epee,Épée,So.,So,"Vienna, VA",Vienna,VA,domestic,Thomas Jefferson,0,https://gonyuathletics.com/sports/mens-fencing/roster/2025-26
fen_88abccfbe150,Szymon,Wojciechowski,fencing,2025-26,2025-26,D3,Men,University Athletic Association,NYU,Epee Epee,Épée,Fr.,Fr,"Radomsko, Poland",Radomsko,,international,I LO Imienia Feliksa Fabianiego,0,https://gonyuathletics.com/sports/mens-fencing/roster/2025-26
fen_8bac88dfe626,Adam,Wong,fencing,2025-26,2025-26,D3,Men,University Athletic Association,NYU,Foil Foil,Foil,Jr.,Jr,"White Rock, BC, Canada",White Rock,,international,St. George's School,0,https://gonyuathletics.com/sports/mens-fencing/roster/2025-26
fen_23fdd243e06c,Anders,Yu,fencing,2025-26,2025-26,D3,Men,University Athletic Association,NYU,Foil Foil,Foil,So.,So,"Millbrae, CA",Millbrae,CA,domestic,Tilden Prepatory,0,https://gonyuathletics.com/sports/mens-fencing/roster/2025-26
fen_b1e083653cfb,Jeffrey,Zhai,fencing,2025-26,2025-26,D3,Men,University Athletic Association,NYU,Foil Foil,Foil,Fr.,Fr,"Jericho, NY",Jericho,NY,domestic,Jericho Senior,0,https://gonyuathletics.com/sports/mens-fencing/roster/2025-26
fen_c7ffddb6bc0a,Matthew,Zhou,fencing,2025-26,2025-26,D3,Men,University Athletic Association,NYU,Saber Saber,Sabre,Sr.,Sr,"Plano, TX",Plano,TX,domestic,Plano West Senior,0,https://gonyuathletics.com/sports/mens-fencing/roster/2025-26
fen_1f17a0f45331,Munir,Aldabagh,fencing,2025-26,2025-26,D1,Men,Northeast Conference,LIU,Sabre,Sabre,Sr.,Sr,"Jeddah, Saudi Arabia",Jeddah,,international,Coral International School,0,https://www.liuathletics.com/sports/mens-fencing/roster/2025-26
fen_0afb67a76a3a,Dethie,Diop,fencing,2025-26,2025-26,D1,Men,Northeast Conference,LIU,Sabre,Sabre,Jr.,Jr,"Brooklyn, N.Y.",Brooklyn,NY,domestic,,0,https://www.liuathletics.com/sports/mens-fencing/roster/2025-26
fen_3aba3ec9f2f8,Eduardo,Duarte,fencing,2025-26,2025-26,D1,Men,Northeast Conference,LIU,Sabre,Sabre,Sr.,Sr,"Lisbon, Portugal",Lisbon,,international,Instituto dos Pupilos do Exército,0,https://www.liuathletics.com/sports/mens-fencing/roster/2025-26
fen_425fdc8f46b3,Mo,Elsayed,fencing,2025-26,2025-26,D1,Men,Northeast Conference,LIU,Epee,Épée,Sr.,Sr,"Tanta, Gharbeya, Egypt",Tanta,,international,Elnasr Language School,0,https://www.liuathletics.com/sports/mens-fencing/roster/2025-26
fen_0ba06f35ab65,Tai,Flot,fencing,2025-26,2025-26,D1,Men,Northeast Conference,LIU,Sabre,Sabre,Jr.,Jr,"Jersey City, N.J.",Jersey City,NJ,domestic,s Prep,1,https://www.liuathletics.com/sports/mens-fencing/roster/2025-26
fen_66d5feb7979f,Andrew,Gefell,fencing,2025-26,2025-26,D1,Men,Northeast Conference,LIU,Sabre,Sabre,Sr.,Sr,"Farmington, N.Y.",Farmington,NY,domestic,Victor Senior,0,https://www.liuathletics.com/sports/mens-fencing/roster/2025-26
fen_f821f5beacee,Jabreel,Green,fencing,2025-26,2025-26,D1,Men,Northeast Conference,LIU,Epee,Épée,Jr.,Jr,"Berkeley, Calif.",Berkeley,CA,domestic,The Ark,0,https://www.liuathletics.com/sports/mens-fencing/roster/2025-26
fen_9f88fd88f3b7,Philip,Manitt,fencing,2025-26,2025-26,D1,Men,Northeast Conference,LIU,Epee,Épée,Jr.,Jr,"East Setauket, N.Y.",East Setauket,NY,domestic,Ward Melville,0,https://www.liuathletics.com/sports/mens-fencing/roster/2025-26
fen_b53eaaca0318,Masanobu,Miyasaki Castro,fencing,2025-26,2025-26,D1,Men,Northeast Conference,LIU,Sabre,Sabre,Fr.,Fr,"Torrance, Calif.",Torrance,CA,domestic,Torrance High School,0,https://www.liuathletics.com/sports/mens-fencing/roster/2025-26
fen_8399ac14ea92,Lovro,Prosoli,fencing,2025-26,2025-26,D1,Men,Northeast Conference,LIU,Foil,Foil,So.,So,"Zagreb, Croatia",Zagreb,,international,Benedikt Kotruljevic High School,0,https://www.liuathletics.com/sports/mens-fencing/roster/2025-26
fen_d2f09ad0ab70,Fernando,Ribas,fencing,2025-26,2025-26,D1,Men,Northeast Conference,LIU,Epee,Épée,So.,So,"Carolina, Puerto Rico",Carolina,PR,domestic,Academia Interamericana,0,https://www.liuathletics.com/sports/mens-fencing/roster/2025-26
fen_71c8ce873a50,Soma,Somody,fencing,2025-26,2025-26,D1,Men,Northeast Conference,LIU,Epee,Épée,Jr.,Jr,"Budapest, Hungary",Budapest,,international,Szerb Antal Secondary Grammar School,0,https://www.liuathletics.com/sports/mens-fencing/roster/2025-26
fen_b80f2c653dab,Brendan,Wadley,fencing,2025-26,2025-26,D1,Men,Northeast Conference,LIU,Foil,Foil,So.,So,"Jersey City, N.J.",Jersey City,NJ,domestic,St. Peter's Prep,1,https://www.liuathletics.com/sports/mens-fencing/roster/2025-26
fen_45f16621d791,Boris,Chen,fencing,2025-26,2025-26,D1,Men,Ivy League,Penn,Foil,Foil,Jr.,Jr,"Taipei, Taiwan",Taipei,,international,Taipei European School,0,https://pennathletics.com/sports/mens-fencing/roster/2025-26
fen_ef034072d6c9,Ryan,Cheong,fencing,2025-26,2025-26,D1,Men,Ivy League,Penn,Saber,Sabre,Jr.,Jr,"Round Rock, Texas",Round Rock,TX,domestic,Round Rock,0,https://pennathletics.com/sports/mens-fencing/roster/2025-26
fen_537382a35800,Gian,Dhingra,fencing,2025-26,2025-26,D1,Men,Ivy League,Penn,Saber,Sabre,Jr.,Jr,"Laguna Hills, Calif.",Laguna Hills,CA,domestic,Santa Margarita Catholic,0,https://pennathletics.com/sports/mens-fencing/roster/2025-26
fen_cc6827eaacbb,Antonio,Heathcock,fencing,2025-26,2025-26,D1,Men,Ivy League,Penn,Saber,Sabre,So.,So,"Beijing, China",Beijing,,international,,0,https://pennathletics.com/sports/mens-fencing/roster/2025-26
fen_90b86961909c,Nicholas,Jin,fencing,2025-26,2025-26,D1,Men,Ivy League,Penn,Epee,Épée,So.,So,"Arcadia, Calif.",Arcadia,CA,domestic,Flintridge Preparatory School,1,https://pennathletics.com/sports/mens-fencing/roster/2025-26
fen_fa408be88105,Ben,Kogan,fencing,2025-26,2025-26,D1,Men,Ivy League,Penn,Saber,Sabre,So.,So,"Newton, Mass.",Newton,MA,domestic,Newton South,0,https://pennathletics.com/sports/mens-fencing/roster/2025-26
fen_e027a2871d74,Simon,Kushkov,fencing,2025-26,2025-26,D1,Men,Ivy League,Penn,Saber,Sabre,Sr.,Sr,"West Newton, Mass.",West Newton,MA,domestic,Newton North,0,https://pennathletics.com/sports/mens-fencing/roster/2025-26
fen_6a8e94839425,Simon,Lioznyansky,fencing,2025-26,2025-26,D1,Men,Ivy League,Penn,Epee,Épée,Fr.,Fr,"The Woodlands, Texas",The Woodlands,TX,domestic,Texas Connections Academy,1,https://pennathletics.com/sports/mens-fencing/roster/2025-26
fen_73185c3485a9,Conrad,Lo,fencing,2025-26,2025-26,D1,Men,Ivy League,Penn,Foil,Foil,Fr.,Fr,"Oakland, Calif.",Oakland,CA,domestic,The College Preparatory School,1,https://pennathletics.com/sports/mens-fencing/roster/2025-26
fen_420834c8e00b,Alexander,Moses,fencing,2025-26,2025-26,D1,Men,Ivy League,Penn,Epee,Épée,Fr.,Fr,"Santa Monica, Calif.",Santa Monica,CA,domestic,Santa Monica,0,https://pennathletics.com/sports/mens-fencing/roster/2025-26
fen_fb78bb479aef,Noah,Nager,fencing,2025-26,2025-26,D1,Men,Ivy League,Penn,Foil,Foil,So.,So,"Katonah, N.Y.",Katonah,NY,domestic,Hackley School,0,https://pennathletics.com/sports/mens-fencing/roster/2025-26
fen_062eb0016f01,Ben,Serafin,fencing,2025-26,2025-26,D1,Men,Ivy League,Penn,Epee,Épée,Jr.,Jr,"Ambler, Pa.",Ambler,PA,domestic,Upper Dublin,0,https://pennathletics.com/sports/mens-fencing/roster/2025-26
fen_182de2b018af,Avery,Townsend,fencing,2025-26,2025-26,D1,Men,Ivy League,Penn,Epee,Épée,Sr.,Sr,"Ferndale, Wash.",Ferndale,WA,domestic,Sentinel Secondary,0,https://pennathletics.com/sports/mens-fencing/roster/2025-26
fen_7682fd5d4661,Alexander,Wu,fencing,2025-26,2025-26,D1,Men,Ivy League,Penn,Foil,Foil,Fr.,Fr,"Andover, Mass.",Andover,MA,domestic,Andover,0,https://pennathletics.com/sports/mens-fencing/roster/2025-26
fen_19b2a1e077aa,Joseph,Wu,fencing,2025-26,2025-26,D1,Men,Ivy League,Penn,Epee,Épée,Jr.,Jr,"Weston, Mass.",Weston,MA,domestic,Weston,0,https://pennathletics.com/sports/mens-fencing/roster/2025-26
fen_f9d32a58a0c4,Nicholas,Wu,fencing,2025-26,2025-26,D1,Men,Ivy League,Penn,Foil,Foil,Jr.,Jr,"Toronto, Ontario",Toronto,,international,Upper Canada College,0,https://pennathletics.com/sports/mens-fencing/roster/2025-26
fen_baabe7419f93,Jaesun,Yun,fencing,2025-26,2025-26,D1,Men,Ivy League,Penn,Saber,Sabre,So.,So,"Aliso Viejo, Calif.",Aliso Viejo,CA,domestic,Aliso Niguel,0,https://pennathletics.com/sports/mens-fencing/roster/2025-26
fen_48bcd5a6ad6d,Luke,Zhang,fencing,2025-26,2025-26,D1,Men,Ivy League,Penn,Foil,Foil,Sr.,Sr,"Los Altos, Calif.",Los Altos,CA,domestic,Archbishop Mitty,0,https://pennathletics.com/sports/mens-fencing/roster/2025-26
fen_43baf3e498fe,Jake,Amend,fencing,2025-26,2025-26,D1,Men,Metro Atlantic Athletic Conference,Sacred Heart,Foil,Foil,So.,So,"Huntington, N.Y.",Huntington,NY,domestic,Huntington,0,https://sacredheartpioneers.com/sports/mens-fencing/roster/2025-26
fen_3ad14a7c7b26,Tolga,Aslan,fencing,2025-26,2025-26,D1,Men,Metro Atlantic Athletic Conference,Sacred Heart,Sabre,Sabre,Fy.,Fr,Turkey,Turkey,,international,Bursa Egitim Kalesi Lisesi,0,https://sacredheartpioneers.com/sports/mens-fencing/roster/2025-26
fen_72563fe3f585,David,Belluomo,fencing,2025-26,2025-26,D1,Men,Metro Atlantic Athletic Conference,Sacred Heart,Foil,Foil,Sr.,Sr,,,,unknown,,0,https://sacredheartpioneers.com/sports/mens-fencing/roster/2025-26
fen_07b246f76661,Andrew,Boulais,fencing,2025-26,2025-26,D1,Men,Metro Atlantic Athletic Conference,Sacred Heart,Sabre,Sabre,Fy.,Fr,"Pittsford, N.Y.",Pittsford,NY,domestic,Pittsford Mendon,0,https://sacredheartpioneers.com/sports/mens-fencing/roster/2025-26
fen_0403c17602aa,Giovanni,Chessa,fencing,2025-26,2025-26,D1,Men,Metro Atlantic Athletic Conference,Sacred Heart,Foil,Foil,Jr.,Jr,"New Bedford, Mass.",New Bedford,MA,domestic,Bishop Stang,0,https://sacredheartpioneers.com/sports/mens-fencing/roster/2025-26
fen_223e32923344,Max,Cheung,fencing,2025-26,2025-26,D1,Men,Metro Atlantic Athletic Conference,Sacred Heart,Sabre,Sabre,Sr.,Sr,,,,unknown,,0,https://sacredheartpioneers.com/sports/mens-fencing/roster/2025-26
fen_bba3fd5189c0,Chaissen,Costello,fencing,2025-26,2025-26,D1,Men,Metro Atlantic Athletic Conference,Sacred Heart,Foil,Foil,Jr.,Jr,"Tiverton, R.I.",Tiverton,RI,domestic,LaSalle Academy,1,https://sacredheartpioneers.com/sports/mens-fencing/roster/2025-26
fen_3925b41c6e10,Michael,DiMatteo,fencing,2025-26,2025-26,D1,Men,Metro Atlantic Athletic Conference,Sacred Heart,Sabre,Sabre,So.,So,"Monroe, Conn.",Monroe,CT,domestic,Masuk,0,https://sacredheartpioneers.com/sports/mens-fencing/roster/2025-26
fen_414c08333c65,Benjamin,Fleckenstein,fencing,2025-26,2025-26,D1,Men,Metro Atlantic Athletic Conference,Sacred Heart,Epee,Épée,So.,So,"LaFayette, N.Y.",LaFayette,NY,domestic,,0,https://sacredheartpioneers.com/sports/mens-fencing/roster/2025-26
fen_06479814ea33,David,Jin,fencing,2025-26,2025-26,D1,Men,Metro Atlantic Athletic Conference,Sacred Heart,Sabre,Sabre,So.,So,"Lynnfield, Mass.",Lynnfield,MA,domestic,St. John's Prep,1,https://sacredheartpioneers.com/sports/mens-fencing/roster/2025-26
fen_ed104452f239,Elijah,Jones,fencing,2025-26,2025-26,D1,Men,Metro Atlantic Athletic Conference,Sacred Heart,Sabre,Sabre,Fy.,Fr,,,,unknown,,0,https://sacredheartpioneers.com/sports/mens-fencing/roster/2025-26
fen_ef6486b187d3,Thomas,Levchook,fencing,2025-26,2025-26,D1,Men,Metro Atlantic Athletic Conference,Sacred Heart,Epee,Épée,Jr.,Jr,"Freehold, N.J.",Freehold,NJ,domestic,Freehold,0,https://sacredheartpioneers.com/sports/mens-fencing/roster/2025-26
fen_027260fc8dc5,Alexander,Ligos,fencing,2025-26,2025-26,D1,Men,Metro Atlantic Athletic Conference,Sacred Heart,Foil,Foil,So.,So,"Basking Ridge, N.J.",Basking Ridge,NJ,domestic,Ridge,0,https://sacredheartpioneers.com/sports/mens-fencing/roster/2025-26
fen_e7069ba1a3a4,Oliver,Lindholm,fencing,2025-26,2025-26,D1,Men,Metro Atlantic Athletic Conference,Sacred Heart,Sabre,Sabre,So.,So,"Atlanta, Ga.",Atlanta,GA,domestic,Holy Spirit Prep,1,https://sacredheartpioneers.com/sports/mens-fencing/roster/2025-26
fen_0e174fd1b146,Jett,Londell,fencing,2025-26,2025-26,D1,Men,Metro Atlantic Athletic Conference,Sacred Heart,Sabre,Sabre,So.,So,"Holmdel, N.J.",Holmdel,NJ,domestic,Holmdel,0,https://sacredheartpioneers.com/sports/mens-fencing/roster/2025-26
fen_910241ed7cf3,Declan,McAdoo,fencing,2025-26,2025-26,D1,Men,Metro Atlantic Athletic Conference,Sacred Heart,Epee,Épée,So.,So,"Boulder, Colo.",Boulder,CO,domestic,Ralston Valley,0,https://sacredheartpioneers.com/sports/mens-fencing/roster/2025-26
fen_87efa1106af1,Jonathan,Morales,fencing,2025-26,2025-26,D1,Men,Metro Atlantic Athletic Conference,Sacred Heart,Sabre,Sabre,Fy.,Fr,"Wilmington, Mass.",Wilmington,MA,domestic,Wilmington,0,https://sacredheartpioneers.com/sports/mens-fencing/roster/2025-26
fen_0e1f9f96dabf,Damian,Nguyen,fencing,2025-26,2025-26,D1,Men,Metro Atlantic Athletic Conference,Sacred Heart,Epee,Épée,Jr.,Jr,,,,unknown,,0,https://sacredheartpioneers.com/sports/mens-fencing/roster/2025-26
fen_c695c729f3e8,Trey,Plastaras,fencing,2025-26,2025-26,D1,Men,Metro Atlantic Athletic Conference,Sacred Heart,Foil,Foil,Fy.,Fr,"Garden City, N.Y.",Garden City,NY,domestic,Garden City,0,https://sacredheartpioneers.com/sports/mens-fencing/roster/2025-26
fen_1a7898d14637,Brennan,Robins,fencing,2025-26,2025-26,D1,Men,Metro Atlantic Athletic Conference,Sacred Heart,Epee,Épée,Sr.,Sr,"Selden, N.Y.",Selden,NY,domestic,Newfield,0,https://sacredheartpioneers.com/sports/mens-fencing/roster/2025-26
fen_403ad6a92568,Stephen,Scapicchio,fencing,2025-26,2025-26,D1,Men,Metro Atlantic Athletic Conference,Sacred Heart,Epee,Épée,Jr.,Jr,"Franklin Lakes, N.J.",Franklin Lakes,NJ,domestic,Ramapo High School,0,https://sacredheartpioneers.com/sports/mens-fencing/roster/2025-26
fen_1f12690e251a,Zander,Wolmart,fencing,2025-26,2025-26,D1,Men,Metro Atlantic Athletic Conference,Sacred Heart,Sabre,Sabre,So.,So,"Coram, N.Y.",Coram,NY,domestic,Newfield,0,https://sacredheartpioneers.com/sports/mens-fencing/roster/2025-26
fen_1b2629578eff,Alec,Brooke,fencing,2025-26,2025-26,D1,Men,Ivy League,Princeton,E Is Captain (C),Other,Jr.,Jr,"London, U.K.",London,,international,Westminster School,0,https://goprincetontigers.com/sports/mens-fencing/roster/2025-26
fen_b497918241be,Allen,Chen,fencing,2025-26,2025-26,D1,Men,Ivy League,Princeton,F,Other,So.,So,"Lexington, Ky.",Lexington,KY,domestic,Dunbar,0,https://goprincetontigers.com/sports/mens-fencing/roster/2025-26
fen_0930144dcbc7,Silas,Choi,fencing,2025-26,2025-26,D1,Men,Ivy League,Princeton,S,Other,Fr.,Fr,"Dallas, Texas",Dallas,TX,domestic,Cistercian Prep,1,https://goprincetontigers.com/sports/mens-fencing/roster/2025-26
fen_01f20b230d3a,Lucas,Choy,fencing,2025-26,2025-26,D1,Men,Ivy League,Princeton,F,Other,Sr.,Sr,Hong Kong,Hong Kong,,international,Chinese International School,0,https://goprincetontigers.com/sports/mens-fencing/roster/2025-26
fen_14c6bdce5a1b,Kian,Dierks,fencing,2025-26,2025-26,D1,Men,Ivy League,Princeton,F,Other,Fr.,Fr,"San Francisco, Calif.",San Francisco,CA,domestic,Bay School,0,https://goprincetontigers.com/sports/mens-fencing/roster/2025-26
fen_fdb7df7edc69,Leo,Feng,fencing,2025-26,2025-26,D1,Men,Ivy League,Princeton,S,Other,So.,So,"Newport News, Va.",Newport News,VA,domestic,Hampton Roads Academy,1,https://goprincetontigers.com/sports/mens-fencing/roster/2025-26
fen_c5e2ec15d4a1,Aidan,Ji,fencing,2025-26,2025-26,D1,Men,Ivy League,Princeton,F,Other,So.,So,"Long Grove, Ill.",Long Grove,IL,domestic,Culver Military Academy,1,https://goprincetontigers.com/sports/mens-fencing/roster/2025-26
fen_7e3f4a485ba7,Alexander,Kim,fencing,2025-26,2025-26,D1,Men,Ivy League,Princeton,S,Other,Fr.,Fr,"Plano, Texas",Plano,TX,domestic,Trinity Christian,0,https://goprincetontigers.com/sports/mens-fencing/roster/2025-26
fen_519b7a3ed8ff,Sergei,Kudriavtcev,fencing,2025-26,2025-26,D1,Men,Ivy League,Princeton,E,Other,So.,So,"Houston, Texas",Houston,TX,domestic,Awty International,0,https://goprincetontigers.com/sports/mens-fencing/roster/2025-26
fen_e16cec506a6d,Adam,Lai,fencing,2025-26,2025-26,D1,Men,Ivy League,Princeton,S,Other,Sr.,Sr,"Plano, Texas",Plano,TX,domestic,St. Mark's,0,https://goprincetontigers.com/sports/mens-fencing/roster/2025-26
fen_9bd7f3e1559f,Brandon,Lee,fencing,2025-26,2025-26,D1,Men,Ivy League,Princeton,F,Other,Sr.,Sr,"Acton, Mass.",Acton,MA,domestic,Acton-Boxborough,0,https://goprincetontigers.com/sports/mens-fencing/roster/2025-26
fen_166e7e0bc3a2,Jacob,Lee,fencing,2025-26,2025-26,D1,Men,Ivy League,Princeton,F,Other,Fr.,Fr,"Allendale, N.J.",Allendale,NJ,domestic,Northern Highlands,0,https://goprincetontigers.com/sports/mens-fencing/roster/2025-26
fen_be2fa3faa060,Matthew,Limb,fencing,2025-26,2025-26,D1,Men,Ivy League,Princeton,S,Other,Sr.,Sr,"Los Angeles, Calif.",Los Angeles,CA,domestic,Rockland Academy,1,https://goprincetontigers.com/sports/mens-fencing/roster/2025-26
fen_c0ff881baf09,Alexander,Liu,fencing,2025-26,2025-26,D1,Men,Ivy League,Princeton,E,Other,Jr.,Jr,"Houston, Texas",Houston,TX,domestic,Memorial,0,https://goprincetontigers.com/sports/mens-fencing/roster/2025-26
fen_0b15dfe0bb58,Tristan,Lumineau,fencing,2025-26,2025-26,D1,Men,Ivy League,Princeton,E,Other,Fr.,Fr,"London, U.K.",London,,international,Lycée Français Charles de Gaulle,0,https://goprincetontigers.com/sports/mens-fencing/roster/2025-26
fen_e9dcbdbebe29,Lucas,Peterson,fencing,2025-26,2025-26,D1,Men,Ivy League,Princeton,F,Other,Fr.,Fr,"Orinda, Calif.",Orinda,CA,domestic,Miramonte,0,https://goprincetontigers.com/sports/mens-fencing/roster/2025-26
fen_3c5efcfcb272,Woser,Prossor,fencing,2025-26,2025-26,D1,Men,Ivy League,Princeton,F,Other,Jr.,Jr,"London, U.K.",London,,international,Sevenoaks School,0,https://goprincetontigers.com/sports/mens-fencing/roster/2025-26
fen_434e9daa8439,Ethan,Um,fencing,2025-26,2025-26,D1,Men,Ivy League,Princeton,F Is Captain (C),Other,Jr.,Jr,"Seoul, South Korea",Seoul,,international,Concord-Carlisle (Mass.),0,https://goprincetontigers.com/sports/mens-fencing/roster/2025-26
fen_cf6426186c60,Nile,White,fencing,2025-26,2025-26,D1,Men,Ivy League,Princeton,E,Other,Jr.,Jr,"London, U.K.",London,,international,Whitgift School,0,https://goprincetontigers.com/sports/mens-fencing/roster/2025-26
fen_c2ebfe2727d1,Capt.,,fencing,2025-26,2025-26,D1,Men,Ivy League,Princeton,,UNK,,UNK,,,,unknown,Westminster School,0,https://goprincetontigers.com/sports/mens-fencing/roster/2025-26
fen_75211ca08e3c,Esat,Adiloglu,fencing,2025-26,2025-26,D3,Men,Independent,Stevens Tech,Epee Epee,Épée,Sr.,Sr,"Hackettstown, N.J.",Hackettstown,NJ,domestic,Hackettstown,0,https://stevensducks.com/sports/mens-fencing/roster/2025-26
fen_edcfd9824add,Donovan,Aggeler,fencing,2025-26,2025-26,D3,Men,Independent,Stevens Tech,Epee Epee,Épée,Fy.,Fr,"Denver, Colo.",Denver,CO,domestic,Denver East,0,https://stevensducks.com/sports/mens-fencing/roster/2025-26
fen_e8a8ae8ba0da,Dev,Badlani,fencing,2025-26,2025-26,D3,Men,Independent,Stevens Tech,Foil Foil,Foil,So.,So,"Chatham, N.J.",Chatham,NJ,domestic,Chatham High School,0,https://stevensducks.com/sports/mens-fencing/roster/2025-26
fen_541d76651378,Spencer,Depew,fencing,2025-26,2025-26,D3,Men,Independent,Stevens Tech,Sabre Sabre,Sabre,So.,So,"Bernardsville, N.J.",Bernardsville,NJ,domestic,Bernards,0,https://stevensducks.com/sports/mens-fencing/roster/2025-26
fen_60d40556405e,Cyrus,Erachshaw,fencing,2025-26,2025-26,D3,Men,Independent,Stevens Tech,Sabre Sabre,Sabre,Jr.,Jr,"Colonia, N.J.",Colonia,NJ,domestic,St. Thomas Aquinas High School,0,https://stevensducks.com/sports/mens-fencing/roster/2025-26
fen_dd8d3729e5af,Yuval,Fussman,fencing,2025-26,2025-26,D3,Men,Independent,Stevens Tech,Epee Epee,Épée,So.,So,"Hillsborough, N.J.",Hillsborough,NJ,domestic,Hillsborough,0,https://stevensducks.com/sports/mens-fencing/roster/2025-26
fen_c87860249e9f,Sean,Haritonides,fencing,2025-26,2025-26,D3,Men,Independent,Stevens Tech,Sabre Sabre,Sabre,Fy.,Fr,"Huntington Station, N.Y.",Huntington Station,NY,domestic,Walt Whitman,0,https://stevensducks.com/sports/mens-fencing/roster/2025-26
fen_e921f9ca551f,Alan,Hu,fencing,2025-26,2025-26,D3,Men,Independent,Stevens Tech,Foil Foil,Foil,So.,So,"Roseland, N.J.",Roseland,NJ,domestic,West Essex High School,0,https://stevensducks.com/sports/mens-fencing/roster/2025-26
fen_abf4894f8609,Kieran,Jackson,fencing,2025-26,2025-26,D3,Men,Independent,Stevens Tech,Epee Epee,Épée,Fy.,Fr,"Long Valley, N.J.",Long Valley,NJ,domestic,West Morris Central,0,https://stevensducks.com/sports/mens-fencing/roster/2025-26
fen_e998dc34ac3d,Rishi,Kandagadla,fencing,2025-26,2025-26,D3,Men,Independent,Stevens Tech,Foil Foil,Foil,So.,So,"Orlando, Fl.",Orlando,FL,domestic,Lake Buena Vista Highschool,0,https://stevensducks.com/sports/mens-fencing/roster/2025-26
fen_bda791f2fa4d,Matthew,Kemenosh,fencing,2025-26,2025-26,D3,Men,Independent,Stevens Tech,Epee Epee,Épée,Sr.,Sr,"Egg Harbor Township, N.J.",Egg Harbor Township,NJ,domestic,St. Augustine Prep,1,https://stevensducks.com/sports/mens-fencing/roster/2025-26
fen_f0c5daa264b6,Tyler,Kometani,fencing,2025-26,2025-26,D3,Men,Independent,Stevens Tech,Sabre Sabre,Sabre,Jr.,Jr,"Long Valley, N.J.",Long Valley,NJ,domestic,West Morris Central,0,https://stevensducks.com/sports/mens-fencing/roster/2025-26
fen_46baf3d38d15,Skanda,Krishnan,fencing,2025-26,2025-26,D3,Men,Independent,Stevens Tech,Epee Epee,Épée,Fy.,Fr,"Chatham, N.J.",Chatham,NJ,domestic,Chatham,0,https://stevensducks.com/sports/mens-fencing/roster/2025-26
fen_cc5b790abe5b,Ruilin,Liu,fencing,2025-26,2025-26,D3,Men,Independent,Stevens Tech,Sabre Sabre,Sabre,Fy.,Fr,"Shanghai, China",Shanghai,,international,Shanghai Legloro School,0,https://stevensducks.com/sports/mens-fencing/roster/2025-26
fen_4aba0a2ba2fc,Owen,McEntee,fencing,2025-26,2025-26,D3,Men,Independent,Stevens Tech,Foil Foil,Foil,Fy.,Fr,"Medfield, Mass.",Medfield,MA,domestic,Medfield,0,https://stevensducks.com/sports/mens-fencing/roster/2025-26
fen_68c2f352b3d3,Dillon,Miller,fencing,2025-26,2025-26,D3,Men,Independent,Stevens Tech,Foil Foil,Foil,Fy.,Fr,"Brooklyn, N.Y.",Brooklyn,NY,domestic,Brooklyn Technical,0,https://stevensducks.com/sports/mens-fencing/roster/2025-26
fen_31335cb8aeda,Gabriel,Morales,fencing,2025-26,2025-26,D3,Men,Independent,Stevens Tech,Sabre Sabre,Sabre,Fy.,Fr,"West Orange, N.J.",West Orange,NJ,domestic,West Orange,0,https://stevensducks.com/sports/mens-fencing/roster/2025-26
fen_9da86b1bddec,Patrick,Nohilly,fencing,2025-26,2025-26,D3,Men,Independent,Stevens Tech,Epee Epee,Épée,Jr.,Jr,"Berkley Heights, N.J.",Berkley Heights,NJ,domestic,Governor Livingston,0,https://stevensducks.com/sports/mens-fencing/roster/2025-26
fen_0fa8f96ec0e0,Chinli,Ong,fencing,2025-26,2025-26,D3,Men,Independent,Stevens Tech,Sabre Sabre,Sabre,So.,So,Jersey City,Jersey City,NJ,domestic,McNair Academic,0,https://stevensducks.com/sports/mens-fencing/roster/2025-26
fen_d0cb45d824f8,Riley,Parker,fencing,2025-26,2025-26,D3,Men,Independent,Stevens Tech,Epee Epee,Épée,Jr.,Jr,"Austin, Texas",Austin,TX,domestic,Liberal Arts & Science Academy,1,https://stevensducks.com/sports/mens-fencing/roster/2025-26
fen_d16d16804866,Ricardo,Pires,fencing,2025-26,2025-26,D3,Men,Independent,Stevens Tech,Foil Foil,Foil,So.,So,"Lisbon, Portugal",Lisbon,,international,Colegio Pedro Arrupe,0,https://stevensducks.com/sports/mens-fencing/roster/2025-26
fen_ad749515ed83,Nick,Reznick,fencing,2025-26,2025-26,D3,Men,Independent,Stevens Tech,Foil Foil,Foil,Sr.,Sr,"Marlboro, N.J.",Marlboro,NJ,domestic,Biotechnology,0,https://stevensducks.com/sports/mens-fencing/roster/2025-26
fen_f915bd34c63b,Graham,Shambarger,fencing,2025-26,2025-26,D3,Men,Independent,Stevens Tech,Foil Foil,Foil,So.,So,"Manchester, N.H.",Manchester,NH,domestic,Manchester Memorial,0,https://stevensducks.com/sports/mens-fencing/roster/2025-26
fen_b1d42dcf64f3,Liam,Thomas,fencing,2025-26,2025-26,D3,Men,Independent,Stevens Tech,Foil Foil,Foil,Jr.,Jr,"Wanaque, N.J.",Wanaque,NJ,domestic,Lakeland Regional,0,https://stevensducks.com/sports/mens-fencing/roster/2025-26
fen_45c685244263,David,Trubetski,fencing,2025-26,2025-26,D3,Men,Independent,Stevens Tech,Foil Foil,Foil,So.,So,"Newtown, Pa.",Newtown,PA,domestic,Council Rock North High School,0,https://stevensducks.com/sports/mens-fencing/roster/2025-26
fen_ecaf93b97865,Noah,Tumibay,fencing,2025-26,2025-26,D3,Men,Independent,Stevens Tech,Epee Epee,Épée,Jr.,Jr,"Airmont, N.Y.",Airmont,NY,domestic,Don Bosco Prep,1,https://stevensducks.com/sports/mens-fencing/roster/2025-26
fen_647d3ddc75ee,Aden,Vishnevsky,fencing,2025-26,2025-26,D3,Men,Independent,Stevens Tech,Foil Foil,Foil,Sr.,Sr,"Livingston, N.J.",Livingston,NJ,domestic,Livingston,0,https://stevensducks.com/sports/mens-fencing/roster/2025-26
fen_76a59ce3ff95,Yash,Yagnik,fencing,2025-26,2025-26,D3,Men,Independent,Stevens Tech,Epee Epee,Épée,Sr.,Sr,Mount Laurel. N.J.,Mount Laurel. N.J.,,international,Lenape,0,https://stevensducks.com/sports/mens-fencing/roster/2025-26
fen_563ba7a7f083,Andrew,Yurovchak,fencing,2025-26,2025-26,D3,Men,Independent,Stevens Tech,Epee Epee,Épée,Sr.,Sr,"Nashua, N.H.",Nashua,NH,domestic,Academy for Science & Design,1,https://stevensducks.com/sports/mens-fencing/roster/2025-26
fen_196d5f820444,Ayan,Bhatnagar,fencing,2025-26,2025-26,D3,Men,Centennial Conference,Johns Hopkins,Epee Epee,Épée,Jr.,Jr,"Livingston, NJ",Livingston,NJ,domestic,Livingston High,0,https://hopkinssports.com/sports/mens-fencing/roster/2025-26
fen_d279aad465bd,Larry,Cai,fencing,2025-26,2025-26,D3,Men,Centennial Conference,Johns Hopkins,Sabre Sabre,Sabre,Sr.,Sr,"Marietta, GA",Marietta,GA,domestic,Georgia Walton Comprehensive,0,https://hopkinssports.com/sports/mens-fencing/roster/2025-26
fen_65c19f33bc73,Alex,Chterental,fencing,2025-26,2025-26,D3,Men,Centennial Conference,Johns Hopkins,Sabre Sabre,Sabre,Fr.,Fr,"Newton, MA",Newton,MA,domestic,Buckingham Browne & Nichols,0,https://hopkinssports.com/sports/mens-fencing/roster/2025-26
fen_24def297de29,Matthew,Dao,fencing,2025-26,2025-26,D3,Men,Centennial Conference,Johns Hopkins,Epee Epee,Épée,Sr.,Sr,"Las Vegas, NV",Las Vegas,NV,domestic,Bishop,0,https://hopkinssports.com/sports/mens-fencing/roster/2025-26
fen_8938323f5f35,Jorge,Gana,fencing,2025-26,2025-26,D3,Men,Centennial Conference,Johns Hopkins,Epee Epee,Épée,Sr.,Sr,"Colts Neck, NJ",Colts Neck,NJ,domestic,Christian Brothers Academy,1,https://hopkinssports.com/sports/mens-fencing/roster/2025-26
fen_498575838fdc,Vir,Gogoi,fencing,2025-26,2025-26,D3,Men,Centennial Conference,Johns Hopkins,Foil Foil,Foil,So.,So,"Northville, MI",Northville,MI,domestic,Northville,0,https://hopkinssports.com/sports/mens-fencing/roster/2025-26
fen_fe766af0c84b,Spencer,Grossman Smisek,fencing,2025-26,2025-26,D3,Men,Centennial Conference,Johns Hopkins,Foil Foil,Foil,Sr.,Sr,"New York, NY",New York,NY,domestic,Eleanor Roosevelt,0,https://hopkinssports.com/sports/mens-fencing/roster/2025-26
fen_c4878589597e,Leo,He,fencing,2025-26,2025-26,D3,Men,Centennial Conference,Johns Hopkins,Epee Epee,Épée,Fr.,Fr,"Pleasanton, CA",Pleasanton,CA,domestic,Amador Valley,0,https://hopkinssports.com/sports/mens-fencing/roster/2025-26
fen_4619b024996b,Ethan,Insler,fencing,2025-26,2025-26,D3,Men,Centennial Conference,Johns Hopkins,Epee Epee,Épée,Jr.,Jr,"Providence, RI",Providence,RI,domestic,Wheeler School,0,https://hopkinssports.com/sports/mens-fencing/roster/2025-26
fen_f9577cf6d83a,Alex,Jeffords,fencing,2025-26,2025-26,D3,Men,Centennial Conference,Johns Hopkins,Sabre Sabre,Sabre,Sr.,Sr,"Manhattan Beach, CA",Manhattan Beach,CA,domestic,Mira Costa,0,https://hopkinssports.com/sports/mens-fencing/roster/2025-26
fen_4a9fa51cb688,Darius,Kim,fencing,2025-26,2025-26,D3,Men,Centennial Conference,Johns Hopkins,Epee Epee,Épée,So.,So,"Los Angeles, CA",Los Angeles,CA,domestic,Pilgrim School,0,https://hopkinssports.com/sports/mens-fencing/roster/2025-26
fen_439277701d88,Jamie,Knox,fencing,2025-26,2025-26,D3,Men,Centennial Conference,Johns Hopkins,Epee Epee,Épée,Fr.,Fr,"New York, NY",New York,NY,domestic,Dwight School,0,https://hopkinssports.com/sports/mens-fencing/roster/2025-26
fen_09b2ff801523,Leonid,Kotov,fencing,2025-26,2025-26,D3,Men,Centennial Conference,Johns Hopkins,Sabre Sabre,Sabre,Jr.,Jr,"Cottonwood Heights, UT",Cottonwood Heights,UT,domestic,West High,0,https://hopkinssports.com/sports/mens-fencing/roster/2025-26
fen_372afe7b2418,Alex,Pan,fencing,2025-26,2025-26,D3,Men,Centennial Conference,Johns Hopkins,Sabre Sabre,Sabre,So.,So,"Dallas, TX",Dallas,TX,domestic,St. Mark's School,0,https://hopkinssports.com/sports/mens-fencing/roster/2025-26
fen_d40dbb904644,Neil,Pandey,fencing,2025-26,2025-26,D3,Men,Centennial Conference,Johns Hopkins,Sabre Sabre,Sabre,So.,So,"Basking Ridge, NJ",Basking Ridge,NJ,domestic,Newark Academy,1,https://hopkinssports.com/sports/mens-fencing/roster/2025-26
fen_5bc544013128,Omar,Reyes,fencing,2025-26,2025-26,D3,Men,Centennial Conference,Johns Hopkins,Foil Foil,Foil,So.,So,"Houston, TX",Houston,TX,domestic,The Awty International School,0,https://hopkinssports.com/sports/mens-fencing/roster/2025-26
fen_f52762928488,Yi,Peng Sha,fencing,2025-26,2025-26,D3,Men,Centennial Conference,Johns Hopkins,Foil Foil,Foil,Jr.,Jr,"Lexington, MA",Lexington,MA,domestic,Lexington,0,https://hopkinssports.com/sports/mens-fencing/roster/2025-26
fen_473e06546bc6,Josh,Sima,fencing,2025-26,2025-26,D3,Men,Centennial Conference,Johns Hopkins,Foil Foil,Foil,Fr.,Fr,"Weston, MA",Weston,MA,domestic,Weston,0,https://hopkinssports.com/sports/mens-fencing/roster/2025-26
fen_9cd0acbfeb89,Alastair,Thompson,fencing,2025-26,2025-26,D3,Men,Centennial Conference,Johns Hopkins,Foil Foil,Foil,So.,So,"London, England",London,,international,Eton College,0,https://hopkinssports.com/sports/mens-fencing/roster/2025-26
fen_9453aae92d42,Noah,Zeng,fencing,2025-26,2025-26,D3,Men,Centennial Conference,Johns Hopkins,Sabre Sabre,Sabre,Fr.,Fr,"Princeton, NJ",Princeton,NJ,domestic,Princeton High,0,https://hopkinssports.com/sports/mens-fencing/roster/2025-26
fen_c76972518632,Miles,Zhou,fencing,2025-26,2025-26,D3,Men,Centennial Conference,Johns Hopkins,Sabre Sabre,Sabre,Jr.,Jr,"Berwyn, PA",Berwyn,PA,domestic,Shipley School,0,https://hopkinssports.com/sports/mens-fencing/roster/2025-26
fen_c73842340f72,Josiah,Atkinson,fencing,2025-26,2025-26,D2,Men,Great Lakes Intercollegiate Athletic Conference,Wayne State Michigan,Foil Foil,Foil,Fr.,Fr,"Ann Arbor, Mich.",Ann Arbor,MI,domestic,Pioneer,0,https://wsuathletics.com/sports/mens-fencing/roster/2025-26
fen_2792d3ac755e,Hunter,Battisfore,fencing,2025-26,2025-26,D2,Men,Great Lakes Intercollegiate Athletic Conference,Wayne State Michigan,Sabre Sabre,Sabre,Sr.,Sr,"Hancock, Mich.",Hancock,MI,domestic,Houghton High School,0,https://wsuathletics.com/sports/mens-fencing/roster/2025-26
fen_c10ba73a72a8,Justin,Chenh,fencing,2025-26,2025-26,D2,Men,Great Lakes Intercollegiate Athletic Conference,Wayne State Michigan,Epee Epee,Épée,Fr.,Fr,"Falls Church, Va.",Falls Church,VA,domestic,Falls Church,0,https://wsuathletics.com/sports/mens-fencing/roster/2025-26
fen_87705df884f5,Connor,Desautels,fencing,2025-26,2025-26,D2,Men,Great Lakes Intercollegiate Athletic Conference,Wayne State Michigan,Sabre Sabre,Sabre,Fr.,Fr,"Redding, Conn.",Redding,CT,domestic,Joel Barlow,0,https://wsuathletics.com/sports/mens-fencing/roster/2025-26
fen_fee4a7ce91b4,Shuayb,Dinkins,fencing,2025-26,2025-26,D2,Men,Great Lakes Intercollegiate Athletic Conference,Wayne State Michigan,Epee Epee,Épée,Sr.,Sr,"Kissimmee, Fla.",Kissimmee,FL,domestic,Lincoln Park / Celebration,0,https://wsuathletics.com/sports/mens-fencing/roster/2025-26
fen_2b1e0b8d4add,Gabriel,Dumoulin,fencing,2025-26,2025-26,D2,Men,Great Lakes Intercollegiate Athletic Conference,Wayne State Michigan,Sabre Sabre,Sabre,Fr.,Fr,"Newtown, Conn.",Newtown,CT,domestic,Newtown,0,https://wsuathletics.com/sports/mens-fencing/roster/2025-26
fen_a07c601b61e4,Mahmoud,Elsayed,fencing,2025-26,2025-26,D2,Men,Great Lakes Intercollegiate Athletic Conference,Wayne State Michigan,Epee Epee,Épée,So.,So,"Tanta, Gharbia, Egypt",Tanta,,international,El Nasr Official Language School,0,https://wsuathletics.com/sports/mens-fencing/roster/2025-26
fen_b03450d9245b,Sam,Garrett,fencing,2025-26,2025-26,D2,Men,Great Lakes Intercollegiate Athletic Conference,Wayne State Michigan,Epee Epee,Épée,Sr.,Sr,"San Francisco, Calif.",San Francisco,CA,domestic,San Francisco School,0,https://wsuathletics.com/sports/mens-fencing/roster/2025-26
fen_38bab4e1f124,Mitchell,Gatrell,fencing,2025-26,2025-26,D2,Men,Great Lakes Intercollegiate Athletic Conference,Wayne State Michigan,Foil Foil,Foil,Sr.,Sr,"Livonia, Mich.",Livonia,MI,domestic,Churchill,0,https://wsuathletics.com/sports/mens-fencing/roster/2025-26
fen_a5e3f2eafcc4,Sam,Gneuhs,fencing,2025-26,2025-26,D2,Men,Great Lakes Intercollegiate Athletic Conference,Wayne State Michigan,Foil Foil,Foil,Jr.,Jr,"Mason, Ohio",Mason,OH,domestic,William Mason,0,https://wsuathletics.com/sports/mens-fencing/roster/2025-26
fen_e2176cd3054d,Brendan,Goeddeke,fencing,2025-26,2025-26,D2,Men,Great Lakes Intercollegiate Athletic Conference,Wayne State Michigan,Sabre Sabre,Sabre,So.,So,"Sterling Heights, Mich.",Sterling Heights,MI,domestic,Warren De La Salle,0,https://wsuathletics.com/sports/mens-fencing/roster/2025-26
fen_264ab3dac1c2,Bryce,Heim,fencing,2025-26,2025-26,D2,Men,Great Lakes Intercollegiate Athletic Conference,Wayne State Michigan,Epee Epee,Épée,Sr.,Sr,"Oconomowoc, Wis.",Oconomowoc,WI,domestic,Oconomowoc,0,https://wsuathletics.com/sports/mens-fencing/roster/2025-26
fen_4325bb8bc9b2,Cameron,King,fencing,2025-26,2025-26,D2,Men,Great Lakes Intercollegiate Athletic Conference,Wayne State Michigan,Epee Epee,Épée,Sr.,Sr,"Laurel, Md.",Laurel,MD,domestic,DeMatha Catholic,0,https://wsuathletics.com/sports/mens-fencing/roster/2025-26
fen_ab2029e98bab,Eyad,Marouf,fencing,2025-26,2025-26,D2,Men,Great Lakes Intercollegiate Athletic Conference,Wayne State Michigan,Sabre Sabre,Sabre,Gr.,Gr,"Alexandria, Egypt",Alexandria,,international,European International School,0,https://wsuathletics.com/sports/mens-fencing/roster/2025-26
fen_f7228ceef24d,Finn,McIsaac,fencing,2025-26,2025-26,D2,Men,Great Lakes Intercollegiate Athletic Conference,Wayne State Michigan,Foil Foil,Foil,Fr.,Fr,"West Bloomfield, Mich.",West Bloomfield,MI,domestic,West Bloomfield,0,https://wsuathletics.com/sports/mens-fencing/roster/2025-26
fen_7b558134041a,Lance,Miller,fencing,2025-26,2025-26,D2,Men,Great Lakes Intercollegiate Athletic Conference,Wayne State Michigan,Epee Epee,Épée,So.,So,"Freeport, Mich.",Freeport,MI,domestic,Lowell,0,https://wsuathletics.com/sports/mens-fencing/roster/2025-26
fen_1b13ceaa7600,Jakub,Oronowicz,fencing,2025-26,2025-26,D2,Men,Great Lakes Intercollegiate Athletic Conference,Wayne State Michigan,Foil Foil,Foil,So.,So,"Clarkston, Mich.",Clarkston,MI,domestic,Clarkston,0,https://wsuathletics.com/sports/mens-fencing/roster/2025-26
fen_da3f029672af,Gwyd,Perry,fencing,2025-26,2025-26,D2,Men,Great Lakes Intercollegiate Athletic Conference,Wayne State Michigan,Sabre Sabre,Sabre,Fr.,Fr,"Bloomfield, Mich.",Bloomfield,MI,domestic,Bloomfield Hills,0,https://wsuathletics.com/sports/mens-fencing/roster/2025-26
fen_1a757f1bfec2,Carlos,Santos,fencing,2025-26,2025-26,D2,Men,Great Lakes Intercollegiate Athletic Conference,Wayne State Michigan,Foil Foil,Foil,So.,So,"Grand Rapids, Mich.",Grand Rapids,MI,domestic,East Grand Rapids,0,https://wsuathletics.com/sports/mens-fencing/roster/2025-26
fen_2bea6e9861c5,Lukas,Tsao,fencing,2025-26,2025-26,D2,Men,Great Lakes Intercollegiate Athletic Conference,Wayne State Michigan,Foil Foil,Foil,Fr.,Fr,"Bloomfield Hills, Mich.",Bloomfield Hills,MI,domestic,Bloomfield Hills,0,https://wsuathletics.com/sports/mens-fencing/roster/2025-26
fen_31b6c1590d84,Ulysses,Bergel,fencing,2025-26,2025-26,D3,Men,Independent,Vassar,Foil Foil,Foil,Sr.,Sr,"Wyckoff, NJ",Wyckoff,NJ,domestic,Indian Hills,0,https://www.vassarathletics.com/sports/mens-fencing/roster/2025-26
fen_73f3749f874a,Oliver,Berger,fencing,2025-26,2025-26,D3,Men,Independent,Vassar,Sabre Sabre,Sabre,Sr.,Sr,"Santa Monica, CA",Santa Monica,CA,domestic,Geffen Academy,1,https://www.vassarathletics.com/sports/mens-fencing/roster/2025-26
fen_0be592d38d2a,Ethan,Capra,fencing,2025-26,2025-26,D3,Men,Independent,Vassar,Foil Foil,Foil,So.,So,"Austin, TX",Austin,TX,domestic,Griffin School,0,https://www.vassarathletics.com/sports/mens-fencing/roster/2025-26
fen_1b6828080b82,Charlie,Cohen,fencing,2025-26,2025-26,D3,Men,Independent,Vassar,Sabre Sabre,Sabre,Jr.,Jr,"Washington, DC",Washington,DC,domestic,Maret School,0,https://www.vassarathletics.com/sports/mens-fencing/roster/2025-26
fen_4a1a508fa341,Neal,Cusumano,fencing,2025-26,2025-26,D3,Men,Independent,Vassar,Sabre Sabre,Sabre,Fy.,Fr,"Saint James, NY",Saint James,NY,domestic,,0,https://www.vassarathletics.com/sports/mens-fencing/roster/2025-26
fen_cdd7ea5dd001,Adam,Elkashef,fencing,2025-26,2025-26,D3,Men,Independent,Vassar,Sabre Sabre,Sabre,So.,So,"Walden, NY",Walden,NY,domestic,Valley Central,0,https://www.vassarathletics.com/sports/mens-fencing/roster/2025-26
fen_4881fd47dbe5,Christopher,Garfield Sebert,fencing,2025-26,2025-26,D3,Men,Independent,Vassar,Epee Epee,Épée,Jr.,Jr,"Plano, TX",Plano,TX,domestic,Plano West Senior,0,https://www.vassarathletics.com/sports/mens-fencing/roster/2025-26
fen_747a1fbf5002,Declan,Gill,fencing,2025-26,2025-26,D3,Men,Independent,Vassar,Foil Foil,Foil,Fy.,Fr,"Brooklyn, NY",Brooklyn,NY,domestic,,0,https://www.vassarathletics.com/sports/mens-fencing/roster/2025-26
fen_e99539c1beaa,Alexander,Gobbo,fencing,2025-26,2025-26,D3,Men,Independent,Vassar,Foil Foil,Foil,So.,So,"Santa Ana, CA",Santa Ana,CA,domestic,Orange Lutheran,0,https://www.vassarathletics.com/sports/mens-fencing/roster/2025-26
fen_64b58f74a265,Judah,Govine,fencing,2025-26,2025-26,D3,Men,Independent,Vassar,Sabre Sabre,Sabre,Jr.,Jr,"Toluca Lake, CA",Toluca Lake,CA,domestic,Episcopal School,0,https://www.vassarathletics.com/sports/mens-fencing/roster/2025-26
fen_9b6252063af2,Harper,Jamison,fencing,2025-26,2025-26,D3,Men,Independent,Vassar,Epee Epee,Épée,So.,So,"Evanston, IL",Evanston,IL,domestic,Evanston Township,0,https://www.vassarathletics.com/sports/mens-fencing/roster/2025-26
fen_eb07bc50183d,Jason,Jensby,fencing,2025-26,2025-26,D3,Men,Independent,Vassar,Sabre Sabre,Sabre,Fy.,Fr,"Arlington, VA",Arlington,VA,domestic,Washington-Liberty,0,https://www.vassarathletics.com/sports/mens-fencing/roster/2025-26
fen_7b86a2ce3aba,Brian,Li,fencing,2025-26,2025-26,D3,Men,Independent,Vassar,Epee Epee,Épée,Sr.,Sr,"Tacoma, WA",Tacoma,WA,domestic,Tacoma Science and Math Institute,0,https://www.vassarathletics.com/sports/mens-fencing/roster/2025-26
fen_28f357341611,Nico,Lotto,fencing,2025-26,2025-26,D3,Men,Independent,Vassar,Foil/Epee Foil/Epee,Multi,So.,So,"Lagrangeville, NY",Lagrangeville,NY,domestic,Arlington,0,https://www.vassarathletics.com/sports/mens-fencing/roster/2025-26
fen_4ad79e4e6658,Cezar,Mahmoud,fencing,2025-26,2025-26,D3,Men,Independent,Vassar,Sabre Sabre,Sabre,Jr.,Jr,"Romania, Lebanon",Romania,,international,Saint Joseph Chateaubriant,0,https://www.vassarathletics.com/sports/mens-fencing/roster/2025-26
fen_934256d271a9,Devan,McCarthy,fencing,2025-26,2025-26,D3,Men,Independent,Vassar,Sabre Sabre,Sabre,So.,So,"Dix Hills, NY",Dix Hills,NY,domestic,Half Hollows Hills West,0,https://www.vassarathletics.com/sports/mens-fencing/roster/2025-26
fen_8999f815161a,Alexander,North,fencing,2025-26,2025-26,D3,Men,Independent,Vassar,Epee Epee,Épée,So.,So,"Alexandria, VA",Alexandria,VA,domestic,McDonogh School,0,https://www.vassarathletics.com/sports/mens-fencing/roster/2025-26
fen_6c771d62b061,Fernando,Panepinto Hattori,fencing,2025-26,2025-26,D3,Men,Independent,Vassar,Sabre Sabre,Sabre,Sr.,Sr,"Cambridge, MA",Cambridge,MA,domestic,Cambridge Rindge and Latin,0,https://www.vassarathletics.com/sports/mens-fencing/roster/2025-26
fen_8b0ac02f83b5,David,Sagardi Diaz,fencing,2025-26,2025-26,D3,Men,Independent,Vassar,Sabre Sabre,Sabre,So.,So,"Barcelona, Spain",Barcelona,,international,Kensington School,0,https://www.vassarathletics.com/sports/mens-fencing/roster/2025-26
fen_031544fbd8be,Kahlil,Salome,fencing,2025-26,2025-26,D3,Men,Independent,Vassar,Foil Foil,Foil,So.,So,"Austin, TX",Austin,TX,domestic,Griffin School,0,https://www.vassarathletics.com/sports/mens-fencing/roster/2025-26
fen_d72a800b08f5,Luca,Savoy,fencing,2025-26,2025-26,D3,Men,Independent,Vassar,Sabre Sabre,Sabre,Fy.,Fr,"Rexford, NY",Rexford,NY,domestic,Shenenedhowa,0,https://www.vassarathletics.com/sports/mens-fencing/roster/2025-26
fen_d4e0bc2845d8,Jing,Seto,fencing,2025-26,2025-26,D3,Men,Independent,Vassar,Epee Epee,Épée,Fy.,Fr,"New Haven, CT",New Haven,CT,domestic,,0,https://www.vassarathletics.com/sports/mens-fencing/roster/2025-26
fen_2ff9c73825c4,Karthik,Shankar,fencing,2025-26,2025-26,D3,Men,Independent,Vassar,Sabre Sabre,Sabre,So.,So,"Bethesda, MD",Bethesda,MD,domestic,Walter Johnson,0,https://www.vassarathletics.com/sports/mens-fencing/roster/2025-26
fen_46d82dfbe7a8,Sam,Sosnick,fencing,2025-26,2025-26,D3,Men,Independent,Vassar,Epee Epee,Épée,So.,So,"Greenlawn, NY",Greenlawn,NY,domestic,Harborfields,0,https://www.vassarathletics.com/sports/mens-fencing/roster/2025-26
fen_32f0688517a8,Aaron,Taplin,fencing,2025-26,2025-26,D3,Men,Independent,Vassar,Foil Foil,Foil,Fy.,Fr,"Brooklyn, NY",Brooklyn,NY,domestic,,0,https://www.vassarathletics.com/sports/mens-fencing/roster/2025-26
fen_755ca07a401a,Noah,Beitel,fencing,2025-26,2025-26,D1,Men,Northeast Conference,Wagner,Sabre,Sabre,Sr.,Sr,"Littleton, CO",Littleton,CO,domestic,Laurel Springs,0,https://wagnerathletics.com/sports/mens-fencing/roster/2025-26
fen_26723fa37e06,Broghan,Bukowski,fencing,2025-26,2025-26,D1,Men,Northeast Conference,Wagner,Sabre,Sabre,So.,So,"Washington, DC",Washington,DC,domestic,Jackson Reed,0,https://wagnerathletics.com/sports/mens-fencing/roster/2025-26
fen_86ce95fd9d3a,Liam,Conroy,fencing,2025-26,2025-26,D1,Men,Northeast Conference,Wagner,Foil,Foil,So.,So,"Staten Island, NY",Staten Island,NY,domestic,St. Joseph by the Sea,0,https://wagnerathletics.com/sports/mens-fencing/roster/2025-26
fen_ba7e479ba17c,Charlie,Dolan,fencing,2025-26,2025-26,D1,Men,Northeast Conference,Wagner,Sabre,Sabre,Jr.,Jr,"Medway, MA",Medway,MA,domestic,Medway,0,https://wagnerathletics.com/sports/mens-fencing/roster/2025-26
fen_b70568cb5a6e,Theodore,Huston,fencing,2025-26,2025-26,D1,Men,Northeast Conference,Wagner,Sabre,Sabre,Jr.,Jr,"Chicago, IL",Chicago,IL,domestic,Roycemore,0,https://wagnerathletics.com/sports/mens-fencing/roster/2025-26
fen_4fb141a2d626,Diego,Lara,fencing,2025-26,2025-26,D1,Men,Northeast Conference,Wagner,Foil,Foil,Sr.,Sr,"Baja California, Mexico",Baja California,,international,El Paso,0,https://wagnerathletics.com/sports/mens-fencing/roster/2025-26
fen_9664f89f8713,Isaac,Oden,fencing,2025-26,2025-26,D1,Men,Northeast Conference,Wagner,Epee,Épée,Jr.,Jr,"San Antonio, TX",San Antonio,TX,domestic,Alamo Heights,0,https://wagnerathletics.com/sports/mens-fencing/roster/2025-26
fen_866f76be1a91,Daniel,Ojeda,fencing,2025-26,2025-26,D1,Men,Northeast Conference,Wagner,Epee,Épée,So.,So,"San Jose, Costa Rica",San Jose,,international,Colegio Victoria Bilingue,0,https://wagnerathletics.com/sports/mens-fencing/roster/2025-26
fen_7c34b847df77,Emiliano,Renteria,fencing,2025-26,2025-26,D1,Men,Northeast Conference,Wagner,Foil,Foil,So.,So,"Tijuana, Mexico",Tijuana,,international,Colegio La Paz,0,https://wagnerathletics.com/sports/mens-fencing/roster/2025-26
fen_0a8f721a953b,AJ,Sako,fencing,2025-26,2025-26,D1,Men,Northeast Conference,Wagner,Epee,Épée,So.,So,"Winston-Salem, NC",Winston-Salem,NC,domestic,Bishop McGuiness Catholic,0,https://wagnerathletics.com/sports/mens-fencing/roster/2025-26
fen_085b8cca91c9,Gianni,Torres,fencing,2025-26,2025-26,D1,Men,Northeast Conference,Wagner,Epee,Épée,So.,So,"Waterford, CT",Waterford,CT,domestic,Saint Bernard School,0,https://wagnerathletics.com/sports/mens-fencing/roster/2025-26
fen_5b95cf2d194a,Flavio,Vinci,fencing,2025-26,2025-26,D1,Men,Northeast Conference,Wagner,Sabre,Sabre,Jr.,Jr,"Grottaferrata, Italy",Grottaferrata,,international,Liceo Scientifico Bruno Touschek,0,https://wagnerathletics.com/sports/mens-fencing/roster/2025-26
fen_401cd6f964e3,Jakub,Vrtilek,fencing,2025-26,2025-26,D1,Men,Northeast Conference,Wagner,Foil,Foil,Fr.,Fr,"Brno, Czech Republic",Brno,,international,Moravske Gymnasium,0,https://wagnerathletics.com/sports/mens-fencing/roster/2025-26
fen_c20ec0df87b6,Jackson,Wheeler,fencing,2025-26,2025-26,D1,Men,Northeast Conference,Wagner,Epee,Épée,Fr.,Fr,"South Orange, NJ",South Orange,NJ,domestic,Columbia HS,0,https://wagnerathletics.com/sports/mens-fencing/roster/2025-26
fen_05e05ba61e2a,Emmit,DeHart,fencing,2025-26,2025-26,D3,Men,Middle Atlantic Conferences,Yeshiva,Foil Foil,Foil,Jr.,Jr,"Seattle, WA",Seattle,WA,domestic,PHS,0,https://yumacs.com/sports/mens-fencing/roster/2025-26
fen_361f487f3fb8,David,Deutsch,fencing,2025-26,2025-26,D3,Men,Middle Atlantic Conferences,Yeshiva,Epee Epee,Épée,Sr.,Sr,"Woodmere, NY",Woodmere,NY,domestic,Rambam Mesivta,0,https://yumacs.com/sports/mens-fencing/roster/2025-26
fen_069e8edf9246,Ronemeir,Edry,fencing,2025-26,2025-26,D3,Men,Middle Atlantic Conferences,Yeshiva,Foil Foil,Foil,Fr.,Fr,Fr.,Fr.,,international,,0,https://yumacs.com/sports/mens-fencing/roster/2025-26
fen_a50964449d29,Judah,Greenbaum,fencing,2025-26,2025-26,D3,Men,Middle Atlantic Conferences,Yeshiva,Foil Foil,Foil,Jr.,Jr,"Boca Raton, FL",Boca Raton,FL,domestic,Katz Yeshivah,0,https://yumacs.com/sports/mens-fencing/roster/2025-26
fen_b42f8eb2d96a,Aden,Lyons,fencing,2025-26,2025-26,D3,Men,Middle Atlantic Conferences,Yeshiva,Foil Foil,Foil,Sr.,Sr,"Los Angeles, CA",Los Angeles,CA,domestic,YULA,0,https://yumacs.com/sports/mens-fencing/roster/2025-26
fen_0c0a45e97c5c,Avy,Nakache-Habib,fencing,2025-26,2025-26,D3,Men,Middle Atlantic Conferences,Yeshiva,Sabre Sabre,Sabre,So.,So,"Creteil Paris, France",Creteil Paris,,international,Lycée Yabne Jacob Kaplan,0,https://yumacs.com/sports/mens-fencing/roster/2025-26
fen_28ae56fd4572,Eitan,Nissel,fencing,2025-26,2025-26,D3,Men,Middle Atlantic Conferences,Yeshiva,Epee Epee,Épée,Jr.,Jr,"Monsey, NY",Monsey,NY,domestic,TABC,0,https://yumacs.com/sports/mens-fencing/roster/2025-26
fen_bf07888865a2,Daniel,Rosen,fencing,2025-26,2025-26,D3,Men,Middle Atlantic Conferences,Yeshiva,Epee Epee,Épée,So.,So,"Monsey, NY",Monsey,NY,domestic,TABC,0,https://yumacs.com/sports/mens-fencing/roster/2025-26
fen_7173bda4ccfc,Isaiah,Singer,fencing,2025-26,2025-26,D3,Men,Middle Atlantic Conferences,Yeshiva,Epee Epee,Épée,Fr.,Fr,Fr.,Fr.,,international,,0,https://yumacs.com/sports/mens-fencing/roster/2025-26
fen_683266dd89be,Samuel,Wallach,fencing,2025-26,2025-26,D3,Men,Middle Atlantic Conferences,Yeshiva,Foil Foil,Foil,Jr.,Jr,"Teaneck, NJ",Teaneck,NJ,domestic,Marsha Stern Talmudical,0,https://yumacs.com/sports/mens-fencing/roster/2025-26
fen_27a526434b36,Jonathan,Werta,fencing,2025-26,2025-26,D3,Men,Middle Atlantic Conferences,Yeshiva,Epee Epee,Épée,Sr.,Sr,"Opa-locka, FL",Opa-locka,FL,domestic,Scheck Hillel Community Day,0,https://yumacs.com/sports/mens-fencing/roster/2025-26
fen_ca8831d757d1,Henry,Wildes,fencing,2025-26,2025-26,D3,Men,Middle Atlantic Conferences,Yeshiva,Sabre Sabre,Sabre,So.,So,"Manhattan, NY",Manhattan,NY,domestic,Frisch,0,https://yumacs.com/sports/mens-fencing/roster/2025-26
fen_22df982944ce,Matt,Cheng,fencing,2025-26,2025-26,D1,Men,Ivy League,Yale,Foil,Foil,Jr.,Jr,"Fullerton, Calif.",Fullerton,CA,domestic,Valencia,0,https://yalebulldogs.com/sports/mens-fencing/roster/2025-26
fen_383cee5ab54e,Max,Deisboeck,fencing,2025-26,2025-26,D1,Men,Ivy League,Yale,Saber,Sabre,Jr.,Jr,"Boston, Mass.",Boston,MA,domestic,Milton Academy,1,https://yalebulldogs.com/sports/mens-fencing/roster/2025-26
fen_bcd3e5642075,Matthew,Fields,fencing,2025-26,2025-26,D1,Men,Ivy League,Yale,Saber,Sabre,Fy.,Fr,"New York, N.Y.",New York,NY,domestic,Hunter College High School,0,https://yalebulldogs.com/sports/mens-fencing/roster/2025-26
fen_3f080981eee7,David,Frumgarzts,fencing,2025-26,2025-26,D1,Men,Ivy League,Yale,Saber,Sabre,Fy.,Fr,Israel,Israel,,international,,0,https://yalebulldogs.com/sports/mens-fencing/roster/2025-26
fen_5af5ef0f0b3c,Castor,Kao,fencing,2025-26,2025-26,D1,Men,Ivy League,Yale,Foil,Foil,So.,So,"Needham, Mass.",Needham,MA,domestic,Beaver Country Day,0,https://yalebulldogs.com/sports/mens-fencing/roster/2025-26
fen_a113366acb8d,Nicholas,Kim,fencing,2025-26,2025-26,D1,Men,Ivy League,Yale,Foil,Foil,Jr.,Jr,"New York, N.Y.",New York,NY,domestic,Bronx H.S. of Science,0,https://yalebulldogs.com/sports/mens-fencing/roster/2025-26
fen_bdc93c0432ba,Yonjae,Kim,fencing,2025-26,2025-26,D1,Men,Ivy League,Yale,Foil,Foil,Fy.,Fr,"Fort Lee, N.J.",Fort Lee,NJ,domestic,Bergen Catholic,0,https://yalebulldogs.com/sports/mens-fencing/roster/2025-26
fen_72b88f1a8b2e,Aydan,Lee,fencing,2025-26,2025-26,D1,Men,Ivy League,Yale,Saber,Sabre,Fy.,Fr,"Potomac, Md.",Potomac,MD,domestic,Winston Churchill,0,https://yalebulldogs.com/sports/mens-fencing/roster/2025-26
fen_71c882bdae55,Daniel,Lee,fencing,2025-26,2025-26,D1,Men,Ivy League,Yale,Epee,Épée,So.,So,"Oakton, Va.",Oakton,VA,domestic,Oakton,0,https://yalebulldogs.com/sports/mens-fencing/roster/2025-26
fen_da328a75d2f6,Justin,Lee,fencing,2025-26,2025-26,D1,Men,Ivy League,Yale,Saber,Sabre,So.,So,"McLean, Va.",McLean,VA,domestic,Basis Independent,0,https://yalebulldogs.com/sports/mens-fencing/roster/2025-26
fen_11299f803b45,Ben,O'Donnell,fencing,2025-26,2025-26,D1,Men,Ivy League,Yale,Epee,Épée,Fy.,Fr,"Chicago, Ill.",Chicago,IL,domestic,University of Chicago Laboratory Schools,0,https://yalebulldogs.com/sports/mens-fencing/roster/2025-26
fen_8e79e63dea02,Jack,Pan,fencing,2025-26,2025-26,D1,Men,Ivy League,Yale,Saber,Sabre,Sr.,Sr,"Vancouver, British Columbia",Vancouver,,international,Sentinel Secondary School,0,https://yalebulldogs.com/sports/mens-fencing/roster/2025-26
fen_5b1ab390f31e,Ian,Park,fencing,2025-26,2025-26,D1,Men,Ivy League,Yale,Epee,Épée,Fy.,Fr,"Ashburn, Va.",Ashburn,VA,domestic,BASIS Independent McLean,0,https://yalebulldogs.com/sports/mens-fencing/roster/2025-26
fen_b0e9ab2a1702,Michael,Roberts,fencing,2025-26,2025-26,D1,Men,Ivy League,Yale,Epee,Épée,Jr.,Jr,"Westport, Conn.",Westport,CT,domestic,Hopkins School,0,https://yalebulldogs.com/sports/mens-fencing/roster/2025-26
fen_bd9ca33e1475,Jordan,Silberzweig,fencing,2025-26,2025-26,D1,Men,Ivy League,Yale,Saber,Sabre,Jr.,Jr,"New York, N.Y.",New York,NY,domestic,Baruch College Campus High School,0,https://yalebulldogs.com/sports/mens-fencing/roster/2025-26
fen_3925a179de0e,Konstantin,Vaysbukh,fencing,2025-26,2025-26,D1,Men,Ivy League,Yale,Epee,Épée,Jr.,Jr,"Wantagh, N.Y.",Wantagh,NY,domestic,Wantagh,0,https://yalebulldogs.com/sports/mens-fencing/roster/2025-26
fen_0e8a1b040c67,Tony,Whelan,fencing,2025-26,2025-26,D1,Men,Ivy League,Yale,Epee,Épée,Sr.,Sr,"Cambridge, Mass.",Cambridge,MA,domestic,Cambridge Rindge and Latin School,0,https://yalebulldogs.com/sports/mens-fencing/roster/2025-26
fen_0c440ffc9e8c,Vinni,Yu,fencing,2025-26,2025-26,D1,Men,Ivy League,Yale,Foil,Foil,Sr.,Sr,"Old Tappan, N.J.",Old Tappan,NJ,domestic,Northern Valley Regional,0,https://yalebulldogs.com/sports/mens-fencing/roster/2025-26
fen_e9da23c0f51c,Nandini,Bains,fencing,2025-26,2025-26,D3,Women,University Athletic Association,Brandeis,she/her/hers,Other,Fy.,Fr,"New York, N.Y.",New York,NY,domestic,The Bronx High School,0,https://brandeisjudges.com/sports/womens-fencing/roster/2025-26
fen_f801a78f2530,Eva,Bassik,fencing,2025-26,2025-26,D3,Women,University Athletic Association,Brandeis,she/her/hers,Other,So.,So,"New Albany, Ohio",New Albany,OH,domestic,New Albany,0,https://brandeisjudges.com/sports/womens-fencing/roster/2025-26
fen_f58459bf5f62,Olivia,Bennett,fencing,2025-26,2025-26,D3,Women,University Athletic Association,Brandeis,she/her/hers,Other,Sr.,Sr,"Shrewsbury, Mass.",Shrewsbury,MA,domestic,Worcester Academy,1,https://brandeisjudges.com/sports/womens-fencing/roster/2025-26
fen_00059351bc23,Chloe,Chang,fencing,2025-26,2025-26,D3,Women,University Athletic Association,Brandeis,,UNK,Fy.,Fr,"Hillsdale, N.J.",Hillsdale,NJ,domestic,Pascack Valley,0,https://brandeisjudges.com/sports/womens-fencing/roster/2025-26
fen_a540a442c457,Zoe,Chernis,fencing,2025-26,2025-26,D3,Women,University Athletic Association,Brandeis,she/her/hers,Other,So.,So,"Houston, Tex.",Houston,,international,Carnegie Vanguard,0,https://brandeisjudges.com/sports/womens-fencing/roster/2025-26
fen_f56524f4bae5,Hannah,Du,fencing,2025-26,2025-26,D3,Women,University Athletic Association,Brandeis,she/her/hers,Other,Sr.,Sr,"Winchester, Mass.",Winchester,MA,domestic,Winchester,0,https://brandeisjudges.com/sports/womens-fencing/roster/2025-26
fen_d15ce4f2dae6,Erica,Enrile,fencing,2025-26,2025-26,D3,Women,University Athletic Association,Brandeis,,UNK,Fy.,Fr,"Mountain View, Calif.",Mountain View,CA,domestic,Mountain View,0,https://brandeisjudges.com/sports/womens-fencing/roster/2025-26
fen_c9354a0f845c,Wendy,Hou,fencing,2025-26,2025-26,D3,Women,University Athletic Association,Brandeis,,UNK,Fy.,Fr,"Dover, Mass.",Dover,MA,domestic,DoverSherborn,0,https://brandeisjudges.com/sports/womens-fencing/roster/2025-26
fen_7ef38eadf5a7,Sophia,Jeffords,fencing,2025-26,2025-26,D3,Women,University Athletic Association,Brandeis,,UNK,Fy.,Fr,"Manhattan Beach, Calif.",Manhattan Beach,CA,domestic,Vistamar School,0,https://brandeisjudges.com/sports/womens-fencing/roster/2025-26
fen_746a8cb51d81,Samantha,Jew,fencing,2025-26,2025-26,D3,Women,University Athletic Association,Brandeis,she/her/hers,Other,Jr.,Jr,"Diamond Bar, Calif.",Diamond Bar,CA,domestic,Diamond Bar,0,https://brandeisjudges.com/sports/womens-fencing/roster/2025-26
fen_393d9642a27f,Rhea,Menon,fencing,2025-26,2025-26,D3,Women,University Athletic Association,Brandeis,,UNK,Sr.,Sr,"Princeton, N.J.",Princeton,NJ,domestic,West Windsor Plainsboro,0,https://brandeisjudges.com/sports/womens-fencing/roster/2025-26
fen_d2c529df5ab2,Livvy,Oliveira,fencing,2025-26,2025-26,D3,Women,University Athletic Association,Brandeis,she/her/hers,Other,Jr.,Jr,"Swampscott, Mass.",Swampscott,MA,domestic,Swampscott,0,https://brandeisjudges.com/sports/womens-fencing/roster/2025-26
fen_bd2537f40533,Ella,Richards,fencing,2025-26,2025-26,D3,Women,University Athletic Association,Brandeis,she/her/hers,Other,Jr.,Jr,"Harvard, Mass.",Harvard,MA,domestic,Francis W. Parker Charter Essential School,0,https://brandeisjudges.com/sports/womens-fencing/roster/2025-26
fen_84fd3a8534e6,Ryan,Weinsier,fencing,2025-26,2025-26,D3,Women,University Athletic Association,Brandeis,,UNK,Jr.,Jr,"Northampton, Mass.",Northampton,MA,domestic,Northampton,0,https://brandeisjudges.com/sports/womens-fencing/roster/2025-26
fen_900cd13267af,Vera,Witte,fencing,2025-26,2025-26,D3,Women,University Athletic Association,Brandeis,she/her/hers,Other,Jr.,Jr,"Ridgewood, N.J.",Ridgewood,NJ,domestic,Ridgewood,0,https://brandeisjudges.com/sports/womens-fencing/roster/2025-26
fen_d3c46a76c504,Kat,Xikes,fencing,2025-26,2025-26,D3,Women,University Athletic Association,Brandeis,she/her/hers,Other,Sr.,Sr,"Chatham, N.J.",Chatham,NJ,domestic,Chatham,0,https://brandeisjudges.com/sports/womens-fencing/roster/2025-26
fen_789d397355d9,Claire,Anderson,fencing,2025-26,2025-26,D3,Women,Independent,Denison,Epee,Épée,So.,So,"Englewood, Colo.",Englewood,CO,domestic,Kent Denver School,0,https://denisonbigred.com/sports/womens-fencing/roster/2025-26
fen_d2513c891cb8,Kayla,Babbitt,fencing,2025-26,2025-26,D3,Women,Independent,Denison,Sabre,Sabre,Fy.,Fr,"Plainsboro, N.J.",Plainsboro,NJ,domestic,West Windsor Plainsboro North,0,https://denisonbigred.com/sports/womens-fencing/roster/2025-26
fen_d1c5be2913bd,Delaney,Brown,fencing,2025-26,2025-26,D3,Women,Independent,Denison,Sabre,Sabre,Sr.,Sr,"West Milford, N.J.",West Milford,NJ,domestic,West Milford,0,https://denisonbigred.com/sports/womens-fencing/roster/2025-26
fen_991ca9c9133d,Lal,Ertun,fencing,2025-26,2025-26,D3,Women,Independent,Denison,Foil,Foil,Jr.,Jr,"Istanbul, Turkey",Istanbul,,international,Sisli Terakki,0,https://denisonbigred.com/sports/womens-fencing/roster/2025-26
fen_503cf8408e8b,Velma,Hall,fencing,2025-26,2025-26,D3,Women,Independent,Denison,Foil,Foil,Sr.,Sr,"Dublin, Ohio",Dublin,OH,domestic,Dublin Coffman,0,https://denisonbigred.com/sports/womens-fencing/roster/2025-26
fen_52a86beb9878,Natalie,Isberg,fencing,2025-26,2025-26,D3,Women,Independent,Denison,Sabre,Sabre,Sr.,Sr,"Libertyville, Ill.",Libertyville,IL,domestic,Libertyville,0,https://denisonbigred.com/sports/womens-fencing/roster/2025-26
fen_56d8d4ca6deb,Grace,Lukens,fencing,2025-26,2025-26,D3,Women,Independent,Denison,Epee,Épée,Sr.,Sr,"Wadsworth, Ohio",Wadsworth,OH,domestic,Highland,0,https://denisonbigred.com/sports/womens-fencing/roster/2025-26
fen_96c520d8074f,Bella,Musto,fencing,2025-26,2025-26,D3,Women,Independent,Denison,Foil,Foil,Sr.,Sr,"North Andover, Mass.",North Andover,MA,domestic,Middlesex School,0,https://denisonbigred.com/sports/womens-fencing/roster/2025-26
fen_a87296ebc0b8,Tessa,Randleman,fencing,2025-26,2025-26,D3,Women,Independent,Denison,Epee,Épée,Fy.,Fr,"Ridgewood, N.J.",Ridgewood,NJ,domestic,Ridgewood,0,https://denisonbigred.com/sports/womens-fencing/roster/2025-26
fen_91056e50c070,Su,Senyuva,fencing,2025-26,2025-26,D3,Women,Independent,Denison,Epee,Épée,Fy.,Fr,"Houston, Texas",Houston,TX,domestic,Kinkaid,0,https://denisonbigred.com/sports/womens-fencing/roster/2025-26
fen_e22f78cc8a32,Scarlett,Shelley,fencing,2025-26,2025-26,D3,Women,Independent,Denison,Sabre,Sabre,Fy.,Fr,"Oyster Bay, N.Y.",Oyster Bay,NY,domestic,Oyster Bay,0,https://denisonbigred.com/sports/womens-fencing/roster/2025-26
fen_09611a6dcf60,Calleigh,Tracz,fencing,2025-26,2025-26,D3,Women,Independent,Denison,Foil,Foil,Fy.,Fr,"Rochester, N.Y.",Rochester,NY,domestic,Greece Arcarcadia,0,https://denisonbigred.com/sports/womens-fencing/roster/2025-26
fen_eef95c0f4be5,Joyce,Yu,fencing,2025-26,2025-26,D3,Women,Independent,Denison,Sabre,Sabre,Jr.,Jr,"Shanghai, China",Shanghai,,international,Shanghai High School,0,https://denisonbigred.com/sports/womens-fencing/roster/2025-26
fen_35a136dde1ba,Sophia,Baez,fencing,2025-26,2025-26,D1,Women,Horizon League,Detroit Mercy,Sabre,Sabre,So.,So,"Ponce, Puerto Rico",Ponce,PR,domestic,School of Sports Eugenio Guerra Cruz,0,https://detroittitans.com/sports/womens-fencing/roster/2025-26
fen_79933765746f,Shana,Dupin,fencing,2025-26,2025-26,D1,Women,Horizon League,Detroit Mercy,Foil,Foil,Sr.,Sr,"Ploemeur, France",Ploemeur,,international,ICAM,0,https://detroittitans.com/sports/womens-fencing/roster/2025-26
fen_38d7635f15cb,Julissa,Labra-Avila,fencing,2025-26,2025-26,D1,Women,Horizon League,Detroit Mercy,Epee,Épée,Sr.,Sr,"Detroit, Mich.",Detroit,MI,domestic,Mercy High School,0,https://detroittitans.com/sports/womens-fencing/roster/2025-26
fen_d755b7754969,Sophia,Miller,fencing,2025-26,2025-26,D1,Women,Horizon League,Detroit Mercy,Sabre,Sabre,Jr.,Jr,"Troy, Mich.",Troy,MI,domestic,Troy,0,https://detroittitans.com/sports/womens-fencing/roster/2025-26
fen_dea7ae7be3ad,Adriana,Molina-Marroquín,fencing,2025-26,2025-26,D1,Women,Horizon League,Detroit Mercy,Sabre,Sabre,Gr.,Gr,"Clarkston, Mich.",Clarkston,MI,domestic,Clarkston,0,https://detroittitans.com/sports/womens-fencing/roster/2025-26
fen_18c81451d5bf,Riya,Panicker,fencing,2025-26,2025-26,D1,Women,Horizon League,Detroit Mercy,Foil,Foil,Jr.,Jr,"Macomb, Mich.",Macomb,MI,domestic,Eisenhower,0,https://detroittitans.com/sports/womens-fencing/roster/2025-26
fen_fed8225d5049,Lusciana,Ruiz,fencing,2025-26,2025-26,D1,Women,Horizon League,Detroit Mercy,Epee,Épée,So.,So,"National City, Ca.",National City,CA,domestic,Colegio Aleman Cuauhtémoc Hank,0,https://detroittitans.com/sports/womens-fencing/roster/2025-26
fen_6f9f8d292552,Elizabeth,Styf,fencing,2025-26,2025-26,D1,Women,Horizon League,Detroit Mercy,Epee,Épée,Fr.,Fr,"Shelby, Mich.",Shelby,MI,domestic,Bishop Foley,0,https://detroittitans.com/sports/womens-fencing/roster/2025-26
fen_cd8ef79de038,Sydney,Upton,fencing,2025-26,2025-26,D1,Women,Horizon League,Detroit Mercy,Foil,Foil,Jr.,Jr,"Troy, Mich.",Troy,MI,domestic,Regina,0,https://detroittitans.com/sports/womens-fencing/roster/2025-26
fen_b69b1a2a6164,Izzy,Anderson,fencing,2025-26,2025-26,D3,Women,Landmark Conference,Drew,Epee Epee,Épée,Sr.,Sr,"Denville, N.J.",Denville,NJ,domestic,Morris Knolls,0,https://drewrangers.com/sports/womens-fencing/roster/2025-26
fen_61cb9aed247f,Alisha,Bourhill-Tumser,fencing,2025-26,2025-26,D3,Women,Landmark Conference,Drew,Epee Epee,Épée,So.,So,"Wanaque, N.J.",Wanaque,NJ,domestic,Lakeland Regional,0,https://drewrangers.com/sports/womens-fencing/roster/2025-26
fen_e245764473d1,Jay,Cusson,fencing,2025-26,2025-26,D3,Women,Landmark Conference,Drew,Sabre Sabre,Sabre,So.,So,"Clinton, Conn.",Clinton,CT,domestic,Hopkins School,0,https://drewrangers.com/sports/womens-fencing/roster/2025-26
fen_20898aa82107,Faten,Elmashni,fencing,2025-26,2025-26,D3,Women,Landmark Conference,Drew,Sabre Sabre,Sabre,Jr.,Jr,"West New York, N.Y.",West New York,NY,domestic,Memorial,0,https://drewrangers.com/sports/womens-fencing/roster/2025-26
fen_8fd134f02726,Filiz,Erdogan,fencing,2025-26,2025-26,D3,Women,Landmark Conference,Drew,Foil Foil,Foil,So.,So,"Kadikoy, Turkey",Kadikoy,,international,Uskudar American Academy,1,https://drewrangers.com/sports/womens-fencing/roster/2025-26
fen_f1822b5e33eb,Eva,Esqueda,fencing,2025-26,2025-26,D3,Women,Landmark Conference,Drew,Sabre Sabre,Sabre,Sr.,Sr,"Simi Valley, Calif.",Simi Valley,CA,domestic,Simi Valley,0,https://drewrangers.com/sports/womens-fencing/roster/2025-26
fen_6a212f420fd8,Nix,Feeley,fencing,2025-26,2025-26,D3,Women,Landmark Conference,Drew,Epee Epee,Épée,Sr.,Sr,"Winthrop, Mass.",Winthrop,MA,domestic,Winthrop High School,0,https://drewrangers.com/sports/womens-fencing/roster/2025-26
fen_cd765f08b382,Bella,Hatzoglu,fencing,2025-26,2025-26,D3,Women,Landmark Conference,Drew,Foil Foil,Foil,Sr.,Sr,"Wayne, N.J.",Wayne,NJ,domestic,Wayne Hills,0,https://drewrangers.com/sports/womens-fencing/roster/2025-26
fen_12fa34abc378,Sabrina,Holmes,fencing,2025-26,2025-26,D3,Women,Landmark Conference,Drew,Sabre Sabre,Sabre,Fr.,Fr,"Issaquah, Wash.",Issaquah,WA,domestic,Home-schooled,0,https://drewrangers.com/sports/womens-fencing/roster/2025-26
fen_162601f6c56e,Ava,Insinga,fencing,2025-26,2025-26,D3,Women,Landmark Conference,Drew,Sabre Sabre,Sabre,Fr.,Fr,"Randolph, N.J.",Randolph,NJ,domestic,Morris Catholic,0,https://drewrangers.com/sports/womens-fencing/roster/2025-26
fen_1639d6e39d0f,Morgan,Mildner,fencing,2025-26,2025-26,D3,Women,Landmark Conference,Drew,Foil Foil,Foil,Jr.,Jr,"Pompton Lakes, N.J.",Pompton Lakes,NJ,domestic,Pompton Lakes,0,https://drewrangers.com/sports/womens-fencing/roster/2025-26
fen_44c9d7689b6e,Isabella,Mosquera,fencing,2025-26,2025-26,D3,Women,Landmark Conference,Drew,Foil Foil,Foil,So.,So,So.,So.,,international,,0,https://drewrangers.com/sports/womens-fencing/roster/2025-26
fen_a540fe530559,Angelina,Pierro-Collura,fencing,2025-26,2025-26,D3,Women,Landmark Conference,Drew,,UNK,Fr.,Fr,Fr.,Fr.,,international,,0,https://drewrangers.com/sports/womens-fencing/roster/2025-26
fen_6193654aa11c,Jessey,Rejano,fencing,2025-26,2025-26,D3,Women,Landmark Conference,Drew,Epee Epee,Épée,Fr.,Fr,"Mendham, N.J.",Mendham,NJ,domestic,West Morris Mendham,0,https://drewrangers.com/sports/womens-fencing/roster/2025-26
fen_60540901f174,Emily,Varhaul,fencing,2025-26,2025-26,D3,Women,Landmark Conference,Drew,Epee Epee,Épée,Fr.,Fr,"Succasunna, N.J.",Succasunna,NJ,domestic,Morris Catholic,0,https://drewrangers.com/sports/womens-fencing/roster/2025-26
fen_23b3de8c9656,Tala,Varoqua,fencing,2025-26,2025-26,D3,Women,Landmark Conference,Drew,Foil Foil,Foil,So.,So,"Wayne, N.J.",Wayne,NJ,domestic,Wayne Hills,0,https://drewrangers.com/sports/womens-fencing/roster/2025-26
fen_7fbd892d0072,Isabella,Chin,fencing,2025-26,2025-26,D1,Women,Ivy League,Harvard,Epee Epee,Épée,Jr.,Jr,"Manhasset, N.Y.",Manhasset,NY,domestic,Manhasset,0,https://gocrimson.com/sports/womens-fencing/roster/2025-26
fen_1798ba27e77c,Madison,Duckett,fencing,2025-26,2025-26,D1,Women,Ivy League,Harvard,Sabre Saber,Sabre,So.,So,"Greenwich, Conn.",Greenwich,CT,domestic,Greenwich Country Day School,0,https://gocrimson.com/sports/womens-fencing/roster/2025-26
fen_dfe3f773c20a,Sarah,Gu,fencing,2025-26,2025-26,D1,Women,Ivy League,Harvard,Epee Epee,Épée,So.,So,"Warren, N.J.",Warren,NJ,domestic,The Pingry School,0,https://gocrimson.com/sports/womens-fencing/roster/2025-26
fen_f9051e3c627a,Jessica,Zi Jia Guo,fencing,2025-26,2025-26,D1,Women,Ivy League,Harvard,Foil Foil,Foil,Jr.,Jr,"Toronto, Ontario",Toronto,,international,Havergal College,0,https://gocrimson.com/sports/womens-fencing/roster/2025-26
fen_a85f88184f63,Emily,Jing,fencing,2025-26,2025-26,D1,Women,Ivy League,Harvard,Foil Foil,Foil,Fy,Fr,"West Roxbury, Mass.",West Roxbury,MA,domestic,Boston Latin School,0,https://gocrimson.com/sports/womens-fencing/roster/2025-26
fen_2c671fafb8c3,Yasmine,Khamis,fencing,2025-26,2025-26,D1,Women,Ivy League,Harvard,Epee Epee,Épée,So.,So,"Dallas, Texas",Dallas,TX,domestic,ALA,0,https://gocrimson.com/sports/womens-fencing/roster/2025-26
fen_789de0451786,Zoe,Kim,fencing,2025-26,2025-26,D1,Women,Ivy League,Harvard,Sabre Sabre,Sabre,Sr.,Sr,"Basking Ridge, N.J.",Basking Ridge,NJ,domestic,Ridge,0,https://gocrimson.com/sports/womens-fencing/roster/2025-26
fen_f50896719a8f,Kaitlyn,Pak,fencing,2025-26,2025-26,D1,Women,Ivy League,Harvard,Sabre Sabre,Sabre,Jr.,Jr,"Ponte Vedra Beach, Fla.",Ponte Vedra Beach,FL,domestic,High Tech,0,https://gocrimson.com/sports/womens-fencing/roster/2025-26
fen_7d1e1b154c01,Faith,Park,fencing,2025-26,2025-26,D1,Women,Ivy League,Harvard,Epee,Épée,Sr.,Sr,"Lorton, Va.",Lorton,VA,domestic,South County,0,https://gocrimson.com/sports/womens-fencing/roster/2025-26
fen_c6133da3dfe0,Zara,Pehlivani,fencing,2025-26,2025-26,D1,Women,Ivy League,Harvard,Epee Epee,Épée,Fy,Fr,"Las Vegas, Nev.",Las Vegas,NV,domestic,The Meadows School,0,https://gocrimson.com/sports/womens-fencing/roster/2025-26
fen_032b24e52a76,Jenna,Shoman,fencing,2025-26,2025-26,D1,Women,Ivy League,Harvard,Sabre Saber,Sabre,So.,So,"Short Hills, N.J.",Short Hills,NJ,domestic,Newark Academy,1,https://gocrimson.com/sports/womens-fencing/roster/2025-26
fen_74803e1cd3df,Chloe,Williams,fencing,2025-26,2025-26,D1,Women,Ivy League,Harvard,Sabre Sabre,Sabre,Sr.,Sr,"Atlanta, Ga.",Atlanta,GA,domestic,Atlanta Classical Academy,1,https://gocrimson.com/sports/womens-fencing/roster/2025-26
fen_9f17f628f906,Eileen,Ye,fencing,2025-26,2025-26,D1,Women,Ivy League,Harvard,Foil Foil,Foil,Sr.,Sr,"New York, N.Y.",New York,NY,domestic,The Brearley School,0,https://gocrimson.com/sports/womens-fencing/roster/2025-26
fen_728dc6b52efe,Lucia,Zhang,fencing,2025-26,2025-26,D1,Women,Ivy League,Harvard,Foil Foil,Foil,Fy,Fr,"Shanghai, China",Shanghai,,international,Holy Trinity School,0,https://gocrimson.com/sports/womens-fencing/roster/2025-26
fen_3f9455774ebd,Eleni,Antoniades,fencing,2025-26,2025-26,D3,Women,Independent,Haverford,Sabre,Sabre,So.,So,"Baltimore, Md.",Baltimore,MD,domestic,The Bryn Mawr School,0,https://haverfordathletics.com/sports/womens-fencing/roster/2025-26
fen_48776879a613,Janna,Castro,fencing,2025-26,2025-26,D3,Women,Independent,Haverford,Sabre/Foil,Multi,Fy.,Fr,"Reading, Pa.",Reading,PA,domestic,Reading,0,https://haverfordathletics.com/sports/womens-fencing/roster/2025-26
fen_b7d859d62e22,Nina,Chafee,fencing,2025-26,2025-26,D3,Women,Independent,Haverford,Foil,Foil,Sr.,Sr,"Minneapolis, Minn.",Minneapolis,MN,domestic,St. Paul Academy,1,https://haverfordathletics.com/sports/womens-fencing/roster/2025-26
fen_73a99d7b297c,Sienna,Chung,fencing,2025-26,2025-26,D3,Women,Independent,Haverford,Sabre,Sabre,Jr.,Jr,"Seoul, South Korea",Seoul,,international,,0,https://haverfordathletics.com/sports/womens-fencing/roster/2025-26
fen_f7cb2ffecbbf,Paige,Copenhaver,fencing,2025-26,2025-26,D3,Women,Independent,Haverford,Foil,Foil,Sr.,Sr,"Pittsburgh, Pa.",Pittsburgh,PA,domestic,Upper St. Clair,0,https://haverfordathletics.com/sports/womens-fencing/roster/2025-26
fen_e8dabe4b8b7f,Nina,Hamilton,fencing,2025-26,2025-26,D3,Women,Independent,Haverford,Epee,Épée,Sr.,Sr,"St Louis, Mo.",St Louis,MO,domestic,MICDS,0,https://haverfordathletics.com/sports/womens-fencing/roster/2025-26
fen_7911b6f5c9c3,Aanya,Jeganathen,fencing,2025-26,2025-26,D3,Women,Independent,Haverford,Foil,Foil,Fy.,Fr,"Basking Ridge, N.J.",Basking Ridge,NJ,domestic,Rutgers Prep,1,https://haverfordathletics.com/sports/womens-fencing/roster/2025-26
fen_0d60fc8b5868,Eliza,Kollett,fencing,2025-26,2025-26,D3,Women,Independent,Haverford,Sabre,Sabre,So.,So,"Boston, Mass.",Boston,MA,domestic,Boston Latin School,0,https://haverfordathletics.com/sports/womens-fencing/roster/2025-26
fen_942a492aedae,Raynn,Krueger,fencing,2025-26,2025-26,D3,Women,Independent,Haverford,Epee,Épée,So.,So,"Seattle, Wash.",Seattle,WA,domestic,The Downtown School,0,https://haverfordathletics.com/sports/womens-fencing/roster/2025-26
fen_d8f303464411,Grace,Leverton,fencing,2025-26,2025-26,D3,Women,Independent,Haverford,Sabre,Sabre,So.,So,"Plano, Texas",Plano,TX,domestic,Trinity Christian,0,https://haverfordathletics.com/sports/womens-fencing/roster/2025-26
fen_9153df5a2145,Evelyn,Penhoet,fencing,2025-26,2025-26,D3,Women,Independent,Haverford,Epee,Épée,Fy.,Fr,"Washington, D.C.",Washington,DC,domestic,Cathedral School,0,https://haverfordathletics.com/sports/womens-fencing/roster/2025-26
fen_8aa16e6fcdd6,Emely,Polanco,fencing,2025-26,2025-26,D3,Women,Independent,Haverford,Foil,Foil,Sr.,Sr,"New York, N.Y.",New York,NY,domestic,Success Academy,1,https://haverfordathletics.com/sports/womens-fencing/roster/2025-26
fen_ab03e3d4bea3,Olivia,Rueger,fencing,2025-26,2025-26,D3,Women,Independent,Haverford,Epee,Épée,Jr.,Jr,"Huntingdon Valley, Pa.",Huntingdon Valley,PA,domestic,Villa Joseph Marie,0,https://haverfordathletics.com/sports/womens-fencing/roster/2025-26
fen_6929e1972a66,Sophie,Stamicar,fencing,2025-26,2025-26,D3,Women,Independent,Haverford,Foil,Foil,Jr.,Jr,"Brooklyn, N.Y.",Brooklyn,NY,domestic,Poly Prep,1,https://haverfordathletics.com/sports/womens-fencing/roster/2025-26
fen_84f4a54526cc,Payton,Wagner,fencing,2025-26,2025-26,D3,Women,Independent,Haverford,Epee,Épée,Jr.,Jr,"Greensboro, N.C.",Greensboro,NC,domestic,Greensboro Day School,0,https://haverfordathletics.com/sports/womens-fencing/roster/2025-26
fen_f7e53e354c3c,Carter,Wood,fencing,2025-26,2025-26,D3,Women,Independent,Haverford,Sabre,Sabre,Sr.,Sr,"Somerville, Mass.",Somerville,MA,domestic,Concord Academy,1,https://haverfordathletics.com/sports/womens-fencing/roster/2025-26
fen_427b9cde7da2,Kehinde,Ayinde,fencing,2025-26,2025-26,D3,Women,Independent,Hunter,Sabre Sabre,Sabre,Jr.,Jr,"Harlem, N.Y.",Harlem,NY,domestic,Manhattan Hunter Science,0,https://www.huntercollegeathletics.com/sports/womens-fencing/roster/2025-26
fen_e2d6c7ed137e,Mariama,Barry,fencing,2025-26,2025-26,D3,Women,Independent,Hunter,Sabre Sabre,Sabre,So.,So,"Bronx, N.Y.",Bronx,NY,domestic,Christopher Columbus,0,https://www.huntercollegeathletics.com/sports/womens-fencing/roster/2025-26
fen_8c68dc930571,Giselle,Carino,fencing,2025-26,2025-26,D3,Women,Independent,Hunter,Foil Foil,Foil,Sr.,Sr,"Queens, N.Y.",Queens,NY,domestic,Civic Leadership Academy,1,https://www.huntercollegeathletics.com/sports/womens-fencing/roster/2025-26
fen_6ab96661e579,Mayra,Cazales-Tapia,fencing,2025-26,2025-26,D3,Women,Independent,Hunter,Epee,Épée,Fr.,Fr,"Queens, N.Y.",Queens,NY,domestic,Forest Hills,0,https://www.huntercollegeathletics.com/sports/womens-fencing/roster/2025-26
fen_47f6f7abe2d2,Emelie,Dominique,fencing,2025-26,2025-26,D3,Women,Independent,Hunter,Sabre Sabre,Sabre,So.,So,"Brooklyn, N.Y.",Brooklyn,NY,domestic,Clara Barton,0,https://www.huntercollegeathletics.com/sports/womens-fencing/roster/2025-26
fen_e94a0272fb3d,Sanjida,Fairuse,fencing,2025-26,2025-26,D3,Women,Independent,Hunter,Foil,Foil,Sr.,Sr,"New York, N.Y.",New York,NY,domestic,Queens Gateway,0,https://www.huntercollegeathletics.com/sports/womens-fencing/roster/2025-26
fen_5354e0e1c7d9,Betzabe,Granados,fencing,2025-26,2025-26,D3,Women,Independent,Hunter,Epee Epee,Épée,Sr.,Sr,"Brooklyn, N.Y.",Brooklyn,NY,domestic,Brooklyn High School,0,https://www.huntercollegeathletics.com/sports/womens-fencing/roster/2025-26
fen_d558fea38262,Ervuana,Grand-Pierre,fencing,2025-26,2025-26,D3,Women,Independent,Hunter,Sabre,Sabre,Fr.,Fr,"Valley Stream, N.Y.",Valley Stream,NY,domestic,Valley Stream Central,0,https://www.huntercollegeathletics.com/sports/womens-fencing/roster/2025-26
fen_0ebd0fc4ff0c,Katherine,Hanin,fencing,2025-26,2025-26,D3,Women,Independent,Hunter,Epee Epee,Épée,Sr.,Sr,"Brooklyn, N.Y.",Brooklyn,NY,domestic,Staten Island Tech,0,https://www.huntercollegeathletics.com/sports/womens-fencing/roster/2025-26
fen_93f413b9fe94,Agyebea,Larbi,fencing,2025-26,2025-26,D3,Women,Independent,Hunter,Epee,Épée,Fr.,Fr,"Brooklyn, N.Y.",Brooklyn,NY,domestic,Hallen School,0,https://www.huntercollegeathletics.com/sports/womens-fencing/roster/2025-26
fen_c6fa42d471ac,Samantha,Lin,fencing,2025-26,2025-26,D3,Women,Independent,Hunter,Sabre Sabre,Sabre,Jr.,Jr,"Queens, N.Y.",Queens,NY,domestic,Forest Hills,0,https://www.huntercollegeathletics.com/sports/womens-fencing/roster/2025-26
fen_1dbf94dc541d,Ariana,Magana,fencing,2025-26,2025-26,D3,Women,Independent,Hunter,Foil Foil,Foil,Fr.,Fr,"Woodhaven, N.Y.",Woodhaven,NY,domestic,Forest Hills,0,https://www.huntercollegeathletics.com/sports/womens-fencing/roster/2025-26
fen_98c9054e03f3,Toa,Mohemed,fencing,2025-26,2025-26,D3,Women,Independent,Hunter,Foil Foil,Foil,Jr.,Jr,"Queens, N.Y.",Queens,NY,domestic,Columbia Secondary,0,https://www.huntercollegeathletics.com/sports/womens-fencing/roster/2025-26
fen_e5acb6010d53,Maya,Nair,fencing,2025-26,2025-26,D3,Women,Independent,Hunter,Foil Foil,Foil,Sr.,Sr,"Tappan, N.Y.",Tappan,NY,domestic,Tappan Zee,0,https://www.huntercollegeathletics.com/sports/womens-fencing/roster/2025-26
fen_505aac4f22a5,Lorelai,Pleikys,fencing,2025-26,2025-26,D3,Women,Independent,Hunter,Epee Epee,Épée,So.,So,"Brooklyn, N.Y.",Brooklyn,NY,domestic,James Madison High School,0,https://www.huntercollegeathletics.com/sports/womens-fencing/roster/2025-26
fen_c2b565b8c3c7,Emily,Rosas Escamilla,fencing,2025-26,2025-26,D3,Women,Independent,Hunter,Sabre Sabre,Sabre,So.,So,"Brooklyn, N.Y.",Brooklyn,NY,domestic,Brooklyn Institute,0,https://www.huntercollegeathletics.com/sports/womens-fencing/roster/2025-26
fen_e548605b50fe,Samantha,Sicha Morales,fencing,2025-26,2025-26,D3,Women,Independent,Hunter,Foil,Foil,Fr.,Fr,"Brooklyn, N.Y.",Brooklyn,NY,domestic,Urban Assembly for Collaborative Healthcare,0,https://www.huntercollegeathletics.com/sports/womens-fencing/roster/2025-26
fen_84330747ce05,Julia,Stenger,fencing,2025-26,2025-26,D3,Women,Independent,Hunter,Foil Foil,Foil,So.,So,"Middle Island, N.Y.",Middle Island,NY,domestic,Longwood High School,0,https://www.huntercollegeathletics.com/sports/womens-fencing/roster/2025-26
fen_064a5ef70d31,Brean,Tobin,fencing,2025-26,2025-26,D3,Women,Independent,Hunter,Foil Foil,Foil,Jr.,Jr,"Cornwall, N.Y.",Cornwall,NY,domestic,Timberline,0,https://www.huntercollegeathletics.com/sports/womens-fencing/roster/2025-26
fen_7dffe269f0b0,Amanda,Wu,fencing,2025-26,2025-26,D3,Women,Independent,Hunter,Sabre Sabre,Sabre,So.,So,"Queens, N.Y.",Queens,NY,domestic,Forest Hills,0,https://www.huntercollegeathletics.com/sports/womens-fencing/roster/2025-26
fen_22c7db1b9bdb,Alice,Yee,fencing,2025-26,2025-26,D3,Women,Independent,Hunter,Epee Epee,Épée,So.,So,"Queens, N.Y.",Queens,NY,domestic,Forest Hills,0,https://www.huntercollegeathletics.com/sports/womens-fencing/roster/2025-26
fen_7ba28af1e70f,Mariela,Abramson,fencing,2025-26,2025-26,D3,Women,Centennial Conference,Johns Hopkins,Epee,Épée,Jr.,Jr,"Cambridge, MA",Cambridge,MA,domestic,Cambridge Rindge & Latin,0,https://hopkinssports.com/sports/womens-fencing/roster/2025-26
fen_933f1dcee73b,Maya,Balakumaran,fencing,2025-26,2025-26,D3,Women,Centennial Conference,Johns Hopkins,Sabre,Sabre,So.,So,"Westfield, NJ",Westfield,NJ,domestic,Academy for Information Technology,1,https://hopkinssports.com/sports/womens-fencing/roster/2025-26
fen_4d22fbed7c31,Sophia,Baleeiro,fencing,2025-26,2025-26,D3,Women,Centennial Conference,Johns Hopkins,Foil,Foil,Jr.,Jr,"Sykesville, MD",Sykesville,MD,domestic,Baylor School,0,https://hopkinssports.com/sports/womens-fencing/roster/2025-26
fen_b92ab9b2d75b,Adelaide,Benoit,fencing,2025-26,2025-26,D3,Women,Centennial Conference,Johns Hopkins,Sabre,Sabre,Sr.,Sr,"Carmel, IN",Carmel,IN,domestic,Park Tudor School,0,https://hopkinssports.com/sports/womens-fencing/roster/2025-26
fen_257ec87aaa5d,Rosy,Cepero,fencing,2025-26,2025-26,D3,Women,Centennial Conference,Johns Hopkins,Foil,Foil,Sr.,Sr,"Miami, FL",Miami,FL,domestic,TERRA Environmental Research Institute,0,https://hopkinssports.com/sports/womens-fencing/roster/2025-26
fen_dbdd8e1fe842,Josephine,Chang,fencing,2025-26,2025-26,D3,Women,Centennial Conference,Johns Hopkins,Sabre,Sabre,Sr.,Sr,"Demarest, NJ",Demarest,NJ,domestic,Northern Valley Regional,0,https://hopkinssports.com/sports/womens-fencing/roster/2025-26
fen_c646db6a47b0,Adele,Dai,fencing,2025-26,2025-26,D3,Women,Centennial Conference,Johns Hopkins,Sabre,Sabre,Jr.,Jr,"Suzhou, China",Suzhou,,international,Suzhou Foreign Language School,0,https://hopkinssports.com/sports/womens-fencing/roster/2025-26
fen_dd37b9280c17,Thansi,Garikipati,fencing,2025-26,2025-26,D3,Women,Centennial Conference,Johns Hopkins,Epee,Épée,Fr.,Fr,"Edmond, OK",Edmond,OK,domestic,Edmond North,0,https://hopkinssports.com/sports/womens-fencing/roster/2025-26
fen_c9f04b3f436f,Maddie,Huang,fencing,2025-26,2025-26,D3,Women,Centennial Conference,Johns Hopkins,Sabre,Sabre,So.,So,"Irvine, CA",Irvine,CA,domestic,Northwood,0,https://hopkinssports.com/sports/womens-fencing/roster/2025-26
fen_6d67755ac51f,Anika,Kale,fencing,2025-26,2025-26,D3,Women,Centennial Conference,Johns Hopkins,Epee,Épée,Jr.,Jr,"Portland, OR",Portland,OR,domestic,Sunset High,0,https://hopkinssports.com/sports/womens-fencing/roster/2025-26
fen_2312c736d9d8,Bethany,Lee,fencing,2025-26,2025-26,D3,Women,Centennial Conference,Johns Hopkins,Foil,Foil,Sr.,Sr,"Bronxville, NY",Bronxville,NY,domestic,Bronxville,0,https://hopkinssports.com/sports/womens-fencing/roster/2025-26
fen_52c92bd4dbef,Alexis,Li,fencing,2025-26,2025-26,D3,Women,Centennial Conference,Johns Hopkins,Sabre,Sabre,Fr.,Fr,"New York, NY",New York,NY,domestic,The Chapin School,0,https://hopkinssports.com/sports/womens-fencing/roster/2025-26
fen_98d99c4f9622,Victoria,Li,fencing,2025-26,2025-26,D3,Women,Centennial Conference,Johns Hopkins,Sabre,Sabre,Jr.,Jr,"Plano, TX",Plano,TX,domestic,The Hockaday School,0,https://hopkinssports.com/sports/womens-fencing/roster/2025-26
fen_d8a55763a033,Adrianne,Lin,fencing,2025-26,2025-26,D3,Women,Centennial Conference,Johns Hopkins,Foil,Foil,So.,So,"Bethesda, MD",Bethesda,MD,domestic,Montgomery Academy,1,https://hopkinssports.com/sports/womens-fencing/roster/2025-26
fen_a78cac7dddf3,Nina,Markovsky,fencing,2025-26,2025-26,D3,Women,Centennial Conference,Johns Hopkins,Foil,Foil,Fr.,Fr,"Bellport, NY",Bellport,NY,domestic,Riverdale Country School,0,https://hopkinssports.com/sports/womens-fencing/roster/2025-26
fen_36cf52c3d506,Janie,McSweeney,fencing,2025-26,2025-26,D3,Women,Centennial Conference,Johns Hopkins,Epee,Épée,Jr.,Jr,"Clinton, NJ",Clinton,NJ,domestic,North Hunterdon High,0,https://hopkinssports.com/sports/womens-fencing/roster/2025-26
fen_dbca63811d40,Ky,McSweeney,fencing,2025-26,2025-26,D3,Women,Centennial Conference,Johns Hopkins,Sabre,Sabre,Jr.,Jr,"Clinton, NJ",Clinton,NJ,domestic,North Hunterdon High,0,https://hopkinssports.com/sports/womens-fencing/roster/2025-26
fen_d888679ddc02,Camille,Oteyza,fencing,2025-26,2025-26,D3,Women,Centennial Conference,Johns Hopkins,Foil,Foil,So.,So,"Yorba Linda, CA",Yorba Linda,CA,domestic,Esperanza,0,https://hopkinssports.com/sports/womens-fencing/roster/2025-26
fen_65cfbde3426c,Lauren,Prieur,fencing,2025-26,2025-26,D3,Women,Centennial Conference,Johns Hopkins,Sabre,Sabre,Jr.,Jr,"New York, NY",New York,NY,domestic,Hunter College High,0,https://hopkinssports.com/sports/womens-fencing/roster/2025-26
fen_09b33b28b4b9,Jessie,Tong,fencing,2025-26,2025-26,D3,Women,Centennial Conference,Johns Hopkins,Sabre,Sabre,So.,So,"Folsom, CA",Folsom,CA,domestic,Vista del Lago,0,https://hopkinssports.com/sports/womens-fencing/roster/2025-26
fen_e1060a650b98,Julianna,Wu,fencing,2025-26,2025-26,D3,Women,Centennial Conference,Johns Hopkins,Foil,Foil,Jr.,Jr,"Carlisle, MA",Carlisle,MA,domestic,Concord Carlisle,0,https://hopkinssports.com/sports/womens-fencing/roster/2025-26
fen_046da6cacd58,Nicole,Yu,fencing,2025-26,2025-26,D3,Women,Centennial Conference,Johns Hopkins,Epee,Épée,Fr.,Fr,"Acton, MA",Acton,MA,domestic,Acton-Boxborough Regional,0,https://hopkinssports.com/sports/womens-fencing/roster/2025-26
fen_80c15d743d8f,Mickey,Zhang,fencing,2025-26,2025-26,D3,Women,Centennial Conference,Johns Hopkins,Epee,Épée,Sr.,Sr,"Arcadia, CA",Arcadia,CA,domestic,Arcadia High School,0,https://hopkinssports.com/sports/womens-fencing/roster/2025-26
fen_7cd6e5f2ad5c,Jana,Elsayed Saleh,fencing,2025-26,2025-26,D1,Women,Northeast Conference,LIU,Epee Epee,Épée,Fr.,Fr,"Tanta, Egypt",Tanta,,international,El Salam Language School,0,https://www.liuathletics.com/sports/womens-fencing/roster/2025-26
fen_2abbf70099b4,Catherine,Felix,fencing,2025-26,2025-26,D1,Women,Northeast Conference,LIU,Epee Epee,Épée,Sr.,Sr,"Bloomingdale, N.J.",Bloomingdale,NJ,domestic,Passaic County Technical Institute,0,https://www.liuathletics.com/sports/womens-fencing/roster/2025-26
fen_e721e74c83a5,Costanza,Greggi,fencing,2025-26,2025-26,D1,Women,Northeast Conference,LIU,Epee Epee,Épée,Sr.,Sr,"Rome, Italy",Rome,,international,American Overseas School,0,https://www.liuathletics.com/sports/womens-fencing/roster/2025-26
fen_8757ed237f9f,Abigail,Hunt,fencing,2025-26,2025-26,D1,Women,Northeast Conference,LIU,Foil Foil,Foil,Jr.,Jr,"Miller Place, N.Y.",Miller Place,NY,domestic,Shoreham-Wading River,0,https://www.liuathletics.com/sports/womens-fencing/roster/2025-26
fen_a23793101c4a,Marisa,Mohan,fencing,2025-26,2025-26,D1,Women,Northeast Conference,LIU,Sabre Sabre,Sabre,Sr.,Sr,"Valley Stream, N.Y.",Valley Stream,NY,domestic,Valley Stream North,0,https://www.liuathletics.com/sports/womens-fencing/roster/2025-26
fen_93bd3a68d9e4,Francesca,Perez,fencing,2025-26,2025-26,D1,Women,Northeast Conference,LIU,Epee Epee,Épée,Jr.,Jr,"Hollis, Queens, N.Y.",Hollis,NY,domestic,Benjamin N. Cardozo,0,https://www.liuathletics.com/sports/womens-fencing/roster/2025-26
fen_c85da50234f5,Brooklyn,Ritter,fencing,2025-26,2025-26,D1,Women,Northeast Conference,LIU,Epee Epee,Épée,So.,So,"Baltimore, Md.",Baltimore,MD,domestic,Dulaney,0,https://www.liuathletics.com/sports/womens-fencing/roster/2025-26
fen_d6382fcddadd,Mindi,Sherpa,fencing,2025-26,2025-26,D1,Women,Northeast Conference,LIU,Epee Epee,Épée,So.,So,"Teaneck, NJ",Teaneck,NJ,domestic,Teaneck High School,0,https://www.liuathletics.com/sports/womens-fencing/roster/2025-26
fen_6a12b1f4bf37,Angela,Wandmacher,fencing,2025-26,2025-26,D1,Women,Northeast Conference,LIU,Epee Epee,Épée,Sr.,Sr,"Brentwood, N.Y.",Brentwood,NY,domestic,Bay Shore,0,https://www.liuathletics.com/sports/womens-fencing/roster/2025-26
fen_1e3c1d56e121,Madeline,Yeh,fencing,2025-26,2025-26,D1,Women,Northeast Conference,LIU,Sabre Sabre,Sabre,So.,So,"Valley Stream, NY",Valley Stream,NY,domestic,Valley Stream Central High School,0,https://www.liuathletics.com/sports/womens-fencing/roster/2025-26
fen_c96d05809c37,Nora,Anderson,fencing,2025-26,2025-26,D3,Women,Independent,Lawrence,Epee,Épée,Sr.,Sr,"Saint Paul, Minn.",Saint Paul,MN,domestic,,0,https://vikings.lawrence.edu/sports/womens-fencing/roster/2025-26
fen_541b3f62afec,Hannah,Bugeja,fencing,2025-26,2025-26,D3,Women,Independent,Lawrence,Foil,Foil,So.,So,"Gulfview Heights, Australia",Gulfview Heights,,international,,0,https://vikings.lawrence.edu/sports/womens-fencing/roster/2025-26
fen_7bddb1e180a9,Trinity,Cowles,fencing,2025-26,2025-26,D3,Women,Independent,Lawrence,Epee,Épée,Fy.,Fr,"Tinley Park, IL",Tinley Park,IL,domestic,,0,https://vikings.lawrence.edu/sports/womens-fencing/roster/2025-26
fen_f256eb52d74c,Jayna,Davis,fencing,2025-26,2025-26,D3,Women,Independent,Lawrence,Sabre,Sabre,Jr.,Jr,"Reno, Nev.",Reno,NV,domestic,,0,https://vikings.lawrence.edu/sports/womens-fencing/roster/2025-26
fen_41195ff54ab0,Reya,Farlam,fencing,2025-26,2025-26,D3,Women,Independent,Lawrence,Epee,Épée,Fy.,Fr,"Aylesbury, UK",Aylesbury,,international,,0,https://vikings.lawrence.edu/sports/womens-fencing/roster/2025-26
fen_6cc83b79a537,Yunji,( Jessy) Jeong,fencing,2025-26,2025-26,D3,Women,Independent,Lawrence,Epee,Épée,Fy.,Fr,"Paju-si, South Korea",Paju-si,,international,,0,https://vikings.lawrence.edu/sports/womens-fencing/roster/2025-26
fen_4a289ee89b5d,Sophia,Kelley,fencing,2025-26,2025-26,D3,Women,Independent,Lawrence,Foil,Foil,Sr.,Sr,"Circle Pines, Minn.",Circle Pines,MN,domestic,,0,https://vikings.lawrence.edu/sports/womens-fencing/roster/2025-26
fen_73b3def9e106,Sophia,Lewis,fencing,2025-26,2025-26,D3,Women,Independent,Lawrence,Epee,Épée,Sr.,Sr,"Fairborn, Ohio",Fairborn,OH,domestic,,0,https://vikings.lawrence.edu/sports/womens-fencing/roster/2025-26
fen_32ca3c7c176f,Sophia,Lucido,fencing,2025-26,2025-26,D3,Women,Independent,Lawrence,Sabre,Sabre,Fy.,Fr,"Long Grove, IL",Long Grove,IL,domestic,,0,https://vikings.lawrence.edu/sports/womens-fencing/roster/2025-26
fen_1d01f5737f2d,Hope,Mancell,fencing,2025-26,2025-26,D3,Women,Independent,Lawrence,Epee,Épée,So.,So,"Maple Grove, MN",Maple Grove,MN,domestic,,0,https://vikings.lawrence.edu/sports/womens-fencing/roster/2025-26
fen_d32ce0fdf8d2,Madeleine,McCawley,fencing,2025-26,2025-26,D3,Women,Independent,Lawrence,Sabre,Sabre,Fy.,Fr,"Evanston, IL",Evanston,IL,domestic,,0,https://vikings.lawrence.edu/sports/womens-fencing/roster/2025-26
fen_3f05c018bcde,Sooyeon,(Celine) Park,fencing,2025-26,2025-26,D3,Women,Independent,Lawrence,Foil,Foil,So.,So,"Seoul, South Korea",Seoul,,international,,0,https://vikings.lawrence.edu/sports/womens-fencing/roster/2025-26
fen_084a52874ec8,Mathilda,Reiff,fencing,2025-26,2025-26,D3,Women,Independent,Lawrence,Foil,Foil,Fy.,Fr,"Denver, CO",Denver,CO,domestic,,0,https://vikings.lawrence.edu/sports/womens-fencing/roster/2025-26
fen_53411daaa70d,Mahek,Rewani,fencing,2025-26,2025-26,D3,Women,Independent,Lawrence,Sabre,Sabre,Jr.,Jr,"Mumbai, India",Mumbai,,international,,0,https://vikings.lawrence.edu/sports/womens-fencing/roster/2025-26
fen_13cc9e620de4,Charly,Stommel-Diaz,fencing,2025-26,2025-26,D3,Women,Independent,Lawrence,Epee,Épée,Fy.,Fr,"Los Angele, CA",Los Angele,CA,domestic,,0,https://vikings.lawrence.edu/sports/womens-fencing/roster/2025-26
fen_53c496829c23,Lucy,Sweetland,fencing,2025-26,2025-26,D3,Women,Independent,Lawrence,Sabre,Sabre,So.,So,"Culver, Ind.",Culver,IN,domestic,,0,https://vikings.lawrence.edu/sports/womens-fencing/roster/2025-26
fen_e2b69d869554,Charlotte,Ahaus,fencing,2025-26,2025-26,D1,Women,Southland Conference,UIW,EPEE,Épée,Sr.,Sr,"Lemgo, Germany",Lemgo,,international,Engelbert-Kaempfer-Gymnasium,0,https://uiwcardinals.com/sports/womens-fencing/roster/2025-26
fen_6b1ee9bccd0e,Jenna,Baly,fencing,2025-26,2025-26,D1,Women,Southland Conference,UIW,FOIL,Foil,Fr.,Fr,Fr.,Fr.,,international,,0,https://uiwcardinals.com/sports/womens-fencing/roster/2025-26
fen_7e3dd1fa14ff,Amelia,Dungey,fencing,2025-26,2025-26,D1,Women,Southland Conference,UIW,SABER,Sabre,Gr.,Gr,"Keller, Texas",Keller,TX,domestic,Keller High School,0,https://uiwcardinals.com/sports/womens-fencing/roster/2025-26
fen_ec806572b72d,Gracyn,Githens,fencing,2025-26,2025-26,D1,Women,Southland Conference,UIW,EPEE,Épée,Jr.,Jr,"Edmond, OK",Edmond,OK,domestic,Deer Creek High School,0,https://uiwcardinals.com/sports/womens-fencing/roster/2025-26
fen_491f6dbd1195,Olivia,Gomez,fencing,2025-26,2025-26,D1,Women,Southland Conference,UIW,EPEE,Épée,Fr.,Fr,Fr.,Fr.,,international,,0,https://uiwcardinals.com/sports/womens-fencing/roster/2025-26
fen_16f542295f37,Shelby,Johnson,fencing,2025-26,2025-26,D1,Women,Southland Conference,UIW,,UNK,Fr.,Fr,Fr.,Fr.,,international,,0,https://uiwcardinals.com/sports/womens-fencing/roster/2025-26
fen_b12576a5ba68,Liana,Vasyakin,fencing,2025-26,2025-26,D1,Women,Southland Conference,UIW,SABRE,Sabre,Jr.,Jr,"Sacramento, CA",Sacramento,CA,domestic,Horizon Charter School,0,https://uiwcardinals.com/sports/womens-fencing/roster/2025-26
fen_d5dcaaa839e1,Dila,Erdogan,fencing,2025-26,2025-26,D1,Women,America East Conference,NJIT,Sabre Sabre,Sabre,Fr.,Fr,"Izmir, Turkey",Izmir,,international,Colegio Bandeirantes,0,https://njithighlanders.com/sports/womens-fencing/roster/2025-26
fen_7dc0bc0de1a3,Stella,Frias,fencing,2025-26,2025-26,D1,Women,America East Conference,NJIT,Foil Foil,Foil,Jr.,Jr,"Sao Paulo, Brazil",Sao Paulo,,international,Colegio Bandeirantes,0,https://njithighlanders.com/sports/womens-fencing/roster/2025-26
fen_a72b9f3eb4f8,Kaydine,Gonzalez,fencing,2025-26,2025-26,D1,Women,America East Conference,NJIT,Sabre Sabre,Sabre,So.,So,"Parsippany, NJ",Parsippany,NJ,domestic,The Academy,1,https://njithighlanders.com/sports/womens-fencing/roster/2025-26
fen_05d3df737794,Megan,Hillyer,fencing,2025-26,2025-26,D1,Women,America East Conference,NJIT,Epee Epee,Épée,Sr.,Sr,"Scotch Plains, NJ",Scotch Plains,NJ,domestic,Scotch Plains-Fanwood,0,https://njithighlanders.com/sports/womens-fencing/roster/2025-26
fen_22fbc1f90cf0,Teagan,Lowrie,fencing,2025-26,2025-26,D1,Women,America East Conference,NJIT,Foil Foil,Foil,So.,So,"Byram, NJ",Byram,NJ,domestic,Sussex Tech,0,https://njithighlanders.com/sports/womens-fencing/roster/2025-26
fen_c74d175ef183,Nicole,Mezack,fencing,2025-26,2025-26,D1,Women,America East Conference,NJIT,Epee Epee,Épée,Fr.,Fr,"Lafayette, NJ",Lafayette,NJ,domestic,Acellus Academy,1,https://njithighlanders.com/sports/womens-fencing/roster/2025-26
fen_ed5bab061d4b,Randa,Shalabi,fencing,2025-26,2025-26,D1,Women,America East Conference,NJIT,Sabre Sabre,Sabre,Jr.,Jr,"Paterson, NJ",Paterson,NJ,domestic,Passaic County Technical Institute,0,https://njithighlanders.com/sports/womens-fencing/roster/2025-26
fen_774ff78868c0,Asia,Vitali,fencing,2025-26,2025-26,D1,Women,America East Conference,NJIT,Epee Epee,Épée,Fr.,Fr,"Forlì, Italy",Forlì,,international,Liceo scientifico Fulcieri Paolucci di Calboli Forlì,0,https://njithighlanders.com/sports/womens-fencing/roster/2025-26
fen_ff0b7eb10732,Anastasiia,Volynska,fencing,2025-26,2025-26,D1,Women,America East Conference,NJIT,Sabre Sabre,Sabre,Jr.,Jr,"Bucha, Ukraine",Bucha,,international,Pennridge High School,0,https://njithighlanders.com/sports/womens-fencing/roster/2025-26
fen_487a10c5644b,Zoey,Wen,fencing,2025-26,2025-26,D1,Women,America East Conference,NJIT,Saber Saber,Sabre,So.,So,"Mahwah, NJ",Mahwah,NJ,domestic,Bergen County Academies,0,https://njithighlanders.com/sports/womens-fencing/roster/2025-26
fen_bb6871b37cac,Hannah,Beaver,fencing,2025-26,2025-26,D3,Women,New England Women's and Men's Athletic Conference,MIT,Epee,Épée,Fy.,Fr,"Kirkland, Wash.",Kirkland,WA,domestic,Inglemoor High School,0,https://mitathletics.com/sports/womens-fencing/roster/2025-26
fen_44cb788b696a,Eugenie,Cha,fencing,2025-26,2025-26,D3,Women,New England Women's and Men's Athletic Conference,MIT,Epee,Épée,So.,So,"Palo Alto, Calif.",Palo Alto,CA,domestic,Palo Alto,0,https://mitathletics.com/sports/womens-fencing/roster/2025-26
fen_3eac14b4d510,Eunice,Choi,fencing,2025-26,2025-26,D3,Women,New England Women's and Men's Athletic Conference,MIT,Epee,Épée,Sr.,Sr,"Las Vegas, Nev.",Las Vegas,NV,domestic,Edward W. Clark,0,https://mitathletics.com/sports/womens-fencing/roster/2025-26
fen_509c79fd72ae,Victoria,Fang,fencing,2025-26,2025-26,D3,Women,New England Women's and Men's Athletic Conference,MIT,Sabre,Sabre,Fy.,Fr,"Irvine, Calif.",Irvine,CA,domestic,University (HS),0,https://mitathletics.com/sports/womens-fencing/roster/2025-26
fen_fe8beca55388,Zandra,Feland,fencing,2025-26,2025-26,D3,Women,New England Women's and Men's Athletic Conference,MIT,Epee,Épée,Sr.,Sr,"Los Gatos, Calif.",Los Gatos,CA,domestic,The Nueva School,0,https://mitathletics.com/sports/womens-fencing/roster/2025-26
fen_5c67e6669b30,Kelsey,Fontenot,fencing,2025-26,2025-26,D3,Women,New England Women's and Men's Athletic Conference,MIT,Sabre,Sabre,Sr.,Sr,"Teaneck, N.J.",Teaneck,NJ,domestic,Bergen County Academies,0,https://mitathletics.com/sports/womens-fencing/roster/2025-26
fen_c907dfcb5785,Jordyn,Goldson,fencing,2025-26,2025-26,D3,Women,New England Women's and Men's Athletic Conference,MIT,Foil,Foil,Jr.,Jr,"Holmdel, N.J.",Holmdel,NJ,domestic,High Technology,0,https://mitathletics.com/sports/womens-fencing/roster/2025-26
fen_1eb74fd9e3bd,Sofia,Eun-Young Guerra,fencing,2025-26,2025-26,D3,Women,New England Women's and Men's Athletic Conference,MIT,Foil,Foil,So.,So,"University Place, Wash.",University Place,WA,domestic,Annie Wright Upper School,0,https://mitathletics.com/sports/womens-fencing/roster/2025-26
fen_90ffde6beb82,Cassandra,He,fencing,2025-26,2025-26,D3,Women,New England Women's and Men's Athletic Conference,MIT,Sabre,Sabre,Gr.,Gr,"Watkinsville, Ga.",Watkinsville,GA,domestic,North Oconee,0,https://mitathletics.com/sports/womens-fencing/roster/2025-26
fen_162a7d9e28c4,Anna,Hung,fencing,2025-26,2025-26,D3,Women,New England Women's and Men's Athletic Conference,MIT,Sabre,Sabre,So.,So,"Dallas, Texas",Dallas,TX,domestic,Texas Academy,1,https://mitathletics.com/sports/womens-fencing/roster/2025-26
fen_d1dff4d8ad34,Priscilla,Leang,fencing,2025-26,2025-26,D3,Women,New England Women's and Men's Athletic Conference,MIT,Epee,Épée,Jr.,Jr,"San Jose, Calif.",San Jose,CA,domestic,Lynbrook,0,https://mitathletics.com/sports/womens-fencing/roster/2025-26
fen_e8808b762231,Sandra,Luo,fencing,2025-26,2025-26,D3,Women,New England Women's and Men's Athletic Conference,MIT,Foil,Foil,Fy.,Fr,"Redwood City, Calif.",Redwood City,CA,domestic,The Nueva School,0,https://mitathletics.com/sports/womens-fencing/roster/2025-26
fen_f2106f81e17c,Amber,Peng,fencing,2025-26,2025-26,D3,Women,New England Women's and Men's Athletic Conference,MIT,Foil,Foil,Jr.,Jr,"Irvine, Calif.",Irvine,CA,domestic,Woodbridge,0,https://mitathletics.com/sports/womens-fencing/roster/2025-26
fen_37e199a10c74,Hannah,Tao,fencing,2025-26,2025-26,D3,Women,New England Women's and Men's Athletic Conference,MIT,Sabre,Sabre,Jr.,Jr,"Mountainside, N.J.",Mountainside,NJ,domestic,Academy for Information Technology,1,https://mitathletics.com/sports/womens-fencing/roster/2025-26
fen_6ae1a8c32a65,Angela,Yuan,fencing,2025-26,2025-26,D3,Women,New England Women's and Men's Athletic Conference,MIT,Foil,Foil,Sr.,Sr,"Mississauga, Ontario",Mississauga,,international,The Hockaday School,0,https://mitathletics.com/sports/womens-fencing/roster/2025-26
fen_fa5ae1c8f72b,Kayla,Alcebar,fencing,2025-26,2025-26,D3,Women,University Athletic Association,NYU,Saber,Sabre,So.,So,"Bayonne, NJ",Bayonne,NJ,domestic,High Tech,0,https://gonyuathletics.com/sports/womens-fencing/roster/2025-26
fen_92ccb7e808c1,Aurora,Aschettino,fencing,2025-26,2025-26,D3,Women,University Athletic Association,NYU,Foil Foil,Foil,Jr.,Jr,"East Norwich, NY",East Norwich,NY,domestic,Oyster Bay,0,https://gonyuathletics.com/sports/womens-fencing/roster/2025-26
fen_bff32623276e,Azniv,Basralian,fencing,2025-26,2025-26,D3,Women,University Athletic Association,NYU,Epee,Épée,So.,So,"Chatham, NJ",Chatham,NJ,domestic,Chatham,0,https://gonyuathletics.com/sports/womens-fencing/roster/2025-26
fen_90bac0955ef5,Rosemarie,Benciu,fencing,2025-26,2025-26,D3,Women,University Athletic Association,NYU,Saber Saber,Sabre,Fr.,Fr,"Bucharest, Romania",Bucharest,,international,Liceul Teoretic Waldorf,0,https://gonyuathletics.com/sports/womens-fencing/roster/2025-26
fen_5e7db8d6ec40,Katherine,Chen,fencing,2025-26,2025-26,D3,Women,University Athletic Association,NYU,Epee,Épée,So.,So,"Westbury, NY",Westbury,NY,domestic,Jericho,0,https://gonyuathletics.com/sports/womens-fencing/roster/2025-26
fen_49ae1ad92e6d,Sophia,Dondisch,fencing,2025-26,2025-26,D3,Women,University Athletic Association,NYU,Epee Epee,Épée,Sr.,Sr,"Mercer Island, WA",Mercer Island,WA,domestic,Mercer Island,0,https://gonyuathletics.com/sports/womens-fencing/roster/2025-26
fen_9bd3fd9b0892,Hiba,Hafeez,fencing,2025-26,2025-26,D3,Women,University Athletic Association,NYU,Epee Epee,Épée,Fr.,Fr,"Windham, NH",Windham,NH,domestic,Windham,0,https://gonyuathletics.com/sports/womens-fencing/roster/2025-26
fen_a2a02673e275,Liisa,Hambazaza,fencing,2025-26,2025-26,D3,Women,University Athletic Association,NYU,Saber Saber,Sabre,Fr.,Fr,"Scarsdale, NY",Scarsdale,NY,domestic,Scarsdale,0,https://gonyuathletics.com/sports/womens-fencing/roster/2025-26
fen_27060133e945,Sophia,Luker,fencing,2025-26,2025-26,D3,Women,University Athletic Association,NYU,Saber Saber,Sabre,Fr.,Fr,"Frisco, TX",Frisco,TX,domestic,Centennial,0,https://gonyuathletics.com/sports/womens-fencing/roster/2025-26
fen_7e64321d5b06,Emily,Luo,fencing,2025-26,2025-26,D3,Women,University Athletic Association,NYU,Epee,Épée,Sr.,Sr,"Shanghai, China",Shanghai,,international,Culver,0,https://gonyuathletics.com/sports/womens-fencing/roster/2025-26
fen_049750adc377,Claudia,Meyer,fencing,2025-26,2025-26,D3,Women,University Athletic Association,NYU,Foil Foil,Foil,Gr.,Gr,"Redding, CT",Redding,CT,domestic,Joel Barlow,0,https://gonyuathletics.com/sports/womens-fencing/roster/2025-26
fen_d3ef7c7c228e,Anika,Nayak,fencing,2025-26,2025-26,D3,Women,University Athletic Association,NYU,Saber,Sabre,So.,So,"Syosset, NY",Syosset,NY,domestic,Syosset,0,https://gonyuathletics.com/sports/womens-fencing/roster/2025-26
fen_6822c1f7a675,Lily,Papadakis,fencing,2025-26,2025-26,D3,Women,University Athletic Association,NYU,Epee Epee,Épée,Jr.,Jr,"Vienna, VA",Vienna,VA,domestic,James Madison High School,0,https://gonyuathletics.com/sports/womens-fencing/roster/2025-26
fen_0acf14f6bbfb,Nina,Prihodko,fencing,2025-26,2025-26,D3,Women,University Athletic Association,NYU,Epee Epee,Épée,Fr.,Fr,"Sudbury, MA",Sudbury,MA,domestic,Lincoln Sudbury Regional,0,https://gonyuathletics.com/sports/womens-fencing/roster/2025-26
fen_194de3dfb5d5,Audrey,Shitamoto,fencing,2025-26,2025-26,D3,Women,University Athletic Association,NYU,Foil Foil,Foil,Jr.,Jr,"Los Gatos, CA",Los Gatos,CA,domestic,Homestead,0,https://gonyuathletics.com/sports/womens-fencing/roster/2025-26
fen_0c67053db74b,Miriam,Shoman,fencing,2025-26,2025-26,D3,Women,University Athletic Association,NYU,Saber Saber,Sabre,Jr.,Jr,"Short Hills, NJ",Short Hills,NJ,domestic,Millburn,0,https://gonyuathletics.com/sports/womens-fencing/roster/2025-26
fen_0cac1713d809,Zara,Sinha,fencing,2025-26,2025-26,D3,Women,University Athletic Association,NYU,Epee Epee,Épée,Sr.,Sr,"Cupertino, CA",Cupertino,CA,domestic,BASIS Independent Silicon Valley,0,https://gonyuathletics.com/sports/womens-fencing/roster/2025-26
fen_f9dee7e7c4fb,Andrea,Waller de Valle,fencing,2025-26,2025-26,D3,Women,University Athletic Association,NYU,Epee Epee,Épée,Fr.,Fr,"San Juan, Puerto Rico",San Juan,PR,domestic,Home Schooled,0,https://gonyuathletics.com/sports/womens-fencing/roster/2025-26
fen_b0a8154253de,Greta,Yuan,fencing,2025-26,2025-26,D3,Women,University Athletic Association,NYU,Epee,Épée,So.,So,"Princeton, NJ",Princeton,NJ,domestic,Princeton Day School,0,https://gonyuathletics.com/sports/womens-fencing/roster/2025-26
fen_e4016b1eac43,Madelyn,Zamelis,fencing,2025-26,2025-26,D3,Women,University Athletic Association,NYU,Foil Foil,Foil,Jr.,Jr,"Provo, UT",Provo,UT,domestic,Timpview,0,https://gonyuathletics.com/sports/womens-fencing/roster/2025-26
fen_df6b6bbab0cd,Allison,Lee,fencing,2025-26,2025-26,D1,Women,Big Ten Conference,Northwestern,FOIL,Foil,Senior,Sr,"Kinnelon, N.J.",Kinnelon,NJ,domestic,Northern Highlands Regional,0,https://nusports.com/sports/womens-fencing/roster/season/2025-26
fen_b4fe7e03628a,Bridgette,Ouyang,fencing,2025-26,2025-26,D1,Women,Big Ten Conference,Northwestern,FOIL,Foil,First-Year,UNK,"Boston, Mass.",Boston,MA,domestic,Boston Latin School,0,https://nusports.com/sports/womens-fencing/roster/season/2025-26
fen_491049e5a066,Brianna,Ho,fencing,2025-26,2025-26,D1,Women,Big Ten Conference,Northwestern,FOIL,Foil,Sophomore,So,"Bernardsville, N.J.",Bernardsville,NJ,domestic,Bernards,0,https://nusports.com/sports/womens-fencing/roster/season/2025-26
fen_e3682e70fa4b,Adele,Bois,fencing,2025-26,2025-26,D1,Women,Big Ten Conference,Northwestern,SABRE,Sabre,Junior,Jr,"New York City, N.Y.",New York City,NY,domestic,Stuyvesant,0,https://nusports.com/sports/womens-fencing/roster/season/2025-26
fen_0144eec72bbf,Anna,Damratoski,fencing,2025-26,2025-26,D1,Women,Big Ten Conference,Northwestern,EPÉE,Other,Senior,Sr,"Peapack, N.J.",Peapack,NJ,domestic,Bernards HS,0,https://nusports.com/sports/womens-fencing/roster/season/2025-26
fen_65b76249f106,Annie,Wang,fencing,2025-26,2025-26,D1,Women,Big Ten Conference,Northwestern,EPÉE,Other,Senior,Sr,"Toronto, Ontario",Toronto,,international,The Bishop Strachan School,0,https://nusports.com/sports/womens-fencing/roster/season/2025-26
fen_0ab165e0df10,Emma,Ning,fencing,2025-26,2025-26,D1,Women,Big Ten Conference,Northwestern,EPEE,Épée,Junior,Jr,"Toronto, Ontario, Canada",Toronto,,international,Toronto French School,0,https://nusports.com/sports/womens-fencing/roster/season/2025-26
fen_8c10767bdcf8,Amy,Lu,fencing,2025-26,2025-26,D1,Women,Big Ten Conference,Northwestern,SABRE,Sabre,Junior,Jr,"Rockville, Md.",Rockville,MD,domestic,Holton-Arms School,0,https://nusports.com/sports/womens-fencing/roster/season/2025-26
fen_a2dccfa8434d,Nisha,Hild,fencing,2025-26,2025-26,D1,Women,Big Ten Conference,Northwestern,SABRE,Sabre,Sophomore,So,"Holliston, Mass.",Holliston,MA,domestic,Holliston,0,https://nusports.com/sports/womens-fencing/roster/season/2025-26
fen_ac7a23885e09,Elaine,Lu,fencing,2025-26,2025-26,D1,Women,Big Ten Conference,Northwestern,SABRE,Sabre,First-Year,UNK,"Wellesley, Mass.",Wellesley,MA,domestic,Dana Hall School,0,https://nusports.com/sports/womens-fencing/roster/season/2025-26
fen_fab44cdaea91,Ava,Wade-Currie,fencing,2025-26,2025-26,D1,Women,Big Ten Conference,Northwestern,EPEE,Épée,Junior,Jr,"Hyde Park, Mass.",Hyde Park,MA,domestic,Buckingham Browne & Nichols School,0,https://nusports.com/sports/womens-fencing/roster/season/2025-26
fen_023ed2bb8a53,Sophia,Schiminovich,fencing,2025-26,2025-26,D1,Women,Big Ten Conference,Northwestern,SABRE,Sabre,First-Year,UNK,"Portland, Ore.",Portland,OR,domestic,St. Mary's Academy,1,https://nusports.com/sports/womens-fencing/roster/season/2025-26
fen_2b8098925e0e,Hailin,Chen,fencing,2025-26,2025-26,D1,Women,Big Ten Conference,Northwestern,EPEE,Épée,Sophomore,So,"Hong Kong, SAR",Hong Kong,,international,ESF Sha Tin College,0,https://nusports.com/sports/womens-fencing/roster/season/2025-26
fen_1ef21fc8e51d,Christina,Liu,fencing,2025-26,2025-26,D1,Women,Big Ten Conference,Northwestern,EPEE,Épée,Junior,Jr,"Houston, Texas",Houston,TX,domestic,Memorial Senior,0,https://nusports.com/sports/womens-fencing/roster/season/2025-26
fen_856c7eaa8cd8,Natalie,Shearer,fencing,2025-26,2025-26,D1,Women,Big Ten Conference,Northwestern,SABRE,Sabre,Sophomore,So,"Lake Forest, Calif.",Lake Forest,CA,domestic,Santa Margarita Catholic,0,https://nusports.com/sports/womens-fencing/roster/season/2025-26
fen_c622e7b02b46,Juliana,Hung,fencing,2025-26,2025-26,D1,Women,Big Ten Conference,Northwestern,FOIL,Foil,Senior,Sr,"San Francisco, Calif.",San Francisco,CA,domestic,The Bay School,0,https://nusports.com/sports/womens-fencing/roster/season/2025-26
fen_50146004e9c8,Megumi,Oishi,fencing,2025-26,2025-26,D1,Women,Big Ten Conference,Northwestern,SABRE,Sabre,Senior,Sr,"Portland, Ore.",Portland,OR,domestic,Lincoln HS,0,https://nusports.com/sports/womens-fencing/roster/season/2025-26
fen_f60d3787f4fd,Karen,Wang,fencing,2025-26,2025-26,D1,Women,Big Ten Conference,Northwestern,EPÉE,Other,Senior,Sr,"Houston, Texas",Houston,TX,domestic,Taylor HS,0,https://nusports.com/sports/womens-fencing/roster/season/2025-26
fen_9ff58bee69c9,Angelica,Xiong,fencing,2025-26,2025-26,D1,Women,Big Ten Conference,Northwestern,EPEE,Épée,First-Year,UNK,"Woodbury, Minn.",Woodbury,MN,domestic,East Ridge,0,https://nusports.com/sports/womens-fencing/roster/season/2025-26
fen_4e23383a3ab6,Yukari,Takamizawa,fencing,2025-26,2025-26,D1,Women,Big Ten Conference,Northwestern,FOIL,Foil,Sophomore,So,"Tokyo, Japan",Tokyo,,international,Christian Academy,1,https://nusports.com/sports/womens-fencing/roster/season/2025-26
fen_a369ffce058c,Natasha,Lee,fencing,2025-26,2025-26,D1,Women,Big Ten Conference,Northwestern,EPEE,Épée,First-Year,UNK,"Las Vegas, Nev.",Las Vegas,NV,domestic,Laurel Springs School,0,https://nusports.com/sports/womens-fencing/roster/season/2025-26
fen_7a8b109c839b,Samantha,Serban,fencing,2025-26,2025-26,D1,Women,Big Ten Conference,Northwestern,FOIL,Foil,Senior,Sr,"Chatham, N.J.",Chatham,NJ,domestic,Chatham HS,0,https://nusports.com/sports/womens-fencing/roster/season/2025-26
fen_b246df9e1b9e,Karina,Vasile,fencing,2025-26,2025-26,D1,Women,Big Ten Conference,Northwestern,FOIL,Foil,Junior,Jr,"Bucharest, Romania",Bucharest,,international,Wellington College,0,https://nusports.com/sports/womens-fencing/roster/season/2025-26
fen_3905824fbb6d,Alex,Chen,fencing,2025-26,2025-26,D1,Women,Big Ten Conference,Northwestern,SABRE,Sabre,Junior,Jr,"Beijing, China",Beijing,,international,Toronto Montessori School,0,https://nusports.com/sports/womens-fencing/roster/season/2025-26
fen_928a8aac42a0,Kira,Erikson,fencing,2025-26,2025-26,D1,Women,Big Ten Conference,Northwestern,SABRE,Sabre,Sophomore,So,"Torrance, Calif.",Torrance,CA,domestic,West,0,https://nusports.com/sports/womens-fencing/roster/season/2025-26
fen_09b631efad8d,Daphne,Chan Nok Sze,fencing,2025-26,2025-26,D1,Women,Big Ten Conference,Northwestern,FOIL,Foil,Sophomore,So,"Hong Kong, SAR",Hong Kong,,international,St. Paul's Co-Educational College,0,https://nusports.com/sports/womens-fencing/roster/season/2025-26
fen_a04eebf7227d,Victoria,Amore,fencing,2025-26,2025-26,D1,Women,Ivy League,Penn,Foil,Foil,Fr.,Fr,"London, England",London,,international,St Paul’s Girls’ School London,0,https://pennathletics.com/sports/womens-fencing/roster/2025-26
fen_15e7b4ed1cf6,Katherine,Andres,fencing,2025-26,2025-26,D1,Women,Ivy League,Penn,Saber,Sabre,Jr.,Jr,"Rolling Hills Estates, Calif.",Rolling Hills Estates,CA,domestic,Palos Verdes Peninsula,0,https://pennathletics.com/sports/womens-fencing/roster/2025-26
fen_9bce8687b43d,Alexis,Bienstock,fencing,2025-26,2025-26,D1,Women,Ivy League,Penn,Foil Foil,Foil,Jr.,Jr,"Westport, Conn.",Westport,CT,domestic,Pierrepont School,0,https://pennathletics.com/sports/womens-fencing/roster/2025-26
fen_f7b815beaa58,Leah,Blum,fencing,2025-26,2025-26,D1,Women,Ivy League,Penn,Saber,Sabre,Jr.,Jr,"Newton, Mass.",Newton,MA,domestic,Newton South,0,https://pennathletics.com/sports/womens-fencing/roster/2025-26
fen_027877625d41,Eda,Cevikol,fencing,2025-26,2025-26,D1,Women,Ivy League,Penn,Epee,Épée,Fr.,Fr,"Frankfurt, Germany",Frankfurt,,international,Heinrich-von-Gagern Gymnasium,0,https://pennathletics.com/sports/womens-fencing/roster/2025-26
fen_b04cd3146f04,Lenna,Choi,fencing,2025-26,2025-26,D1,Women,Ivy League,Penn,Foil,Foil,Sr.,Sr,"Irvine, Calif.",Irvine,CA,domestic,Crean Lutheran,0,https://pennathletics.com/sports/womens-fencing/roster/2025-26
fen_c171075ecbdf,Misha,Gujja,fencing,2025-26,2025-26,D1,Women,Ivy League,Penn,Epee,Épée,Fr.,Fr,"Jericho, N.Y.",Jericho,NY,domestic,Jericho,0,https://pennathletics.com/sports/womens-fencing/roster/2025-26
fen_d61c6000f063,Malak,Hamza,fencing,2025-26,2025-26,D1,Women,Ivy League,Penn,Foil,Foil,So.,So,"Houston, Texas",Houston,TX,domestic,British International School,0,https://pennathletics.com/sports/womens-fencing/roster/2025-26
fen_6bd3feac67a4,Samantha,Hsiung,fencing,2025-26,2025-26,D1,Women,Ivy League,Penn,Foil Foil,Foil,Jr.,Jr,"Los Altos Hills, Calif.",Los Altos Hills,CA,domestic,Pinewood School,0,https://pennathletics.com/sports/womens-fencing/roster/2025-26
fen_4b70b983d106,Grace,Hu,fencing,2025-26,2025-26,D1,Women,Ivy League,Penn,Epee,Épée,Jr.,Jr,"Richmond Hill, Ontario",Richmond Hill,,international,Bayview Secondary School,0,https://pennathletics.com/sports/womens-fencing/roster/2025-26
fen_30da43738d25,Kimberley,Jang,fencing,2025-26,2025-26,D1,Women,Ivy League,Penn,Foil,Foil,Fr.,Fr,"Englewood, N.J.",Englewood,NJ,domestic,Dwight Morrow Biomedicine Academies,0,https://pennathletics.com/sports/womens-fencing/roster/2025-26
fen_f596fed90b9c,Elizabeth,Jia,fencing,2025-26,2025-26,D1,Women,Ivy League,Penn,Epee,Épée,Jr.,Jr,"Princeton, N.J.",Princeton,NJ,domestic,Montgomery,0,https://pennathletics.com/sports/womens-fencing/roster/2025-26
fen_3b24ded373fe,Polina,Kharchyna,fencing,2025-26,2025-26,D1,Women,Ivy League,Penn,Epee,Épée,So.,So,"Kyiv, Ukraine",Kyiv,,international,Ramsey,0,https://pennathletics.com/sports/womens-fencing/roster/2025-26
fen_b817766d1a03,Emily,Kim,fencing,2025-26,2025-26,D1,Women,Ivy League,Penn,Foil,Foil,So.,So,"New York, N.Y.",New York,NY,domestic,The Bronx High School,0,https://pennathletics.com/sports/womens-fencing/roster/2025-26
fen_819f4b7b9c77,Victoria,Kuznetsov,fencing,2025-26,2025-26,D1,Women,Ivy League,Penn,Epee,Épée,Jr.,Jr,"Short Hills, N.J.",Short Hills,NJ,domestic,Millburn,0,https://pennathletics.com/sports/womens-fencing/roster/2025-26
fen_378c6aaba851,Amanda,Li,fencing,2025-26,2025-26,D1,Women,Ivy League,Penn,Saber,Sabre,So.,So,"Greenwich, Conn.",Greenwich,CT,domestic,Greenwich,0,https://pennathletics.com/sports/womens-fencing/roster/2025-26
fen_5d7d95987cda,Boryana,Mitova,fencing,2025-26,2025-26,D1,Women,Ivy League,Penn,Epee,Épée,Fr.,Fr,"Sofia, Bulgaria",Sofia,,international,American College of Sofia,0,https://pennathletics.com/sports/womens-fencing/roster/2025-26
fen_7768a9bd8a75,Sophie,Neuman,fencing,2025-26,2025-26,D1,Women,Ivy League,Penn,Foil,Foil,So.,So,So.,So.,,international,,0,https://pennathletics.com/sports/womens-fencing/roster/2025-26
fen_ca19cd6c1024,Lila,Paul,fencing,2025-26,2025-26,D1,Women,Ivy League,Penn,Saber,Sabre,Fr.,Fr,"New York, N.Y.",New York,NY,domestic,Trinity School,0,https://pennathletics.com/sports/womens-fencing/roster/2025-26
fen_afde23c3b3e1,Cathleen,Shi,fencing,2025-26,2025-26,D1,Women,Ivy League,Penn,Saber,Sabre,Fr.,Fr,"Rockville, Md.",Rockville,MD,domestic,Thomas Sprigg Wootton,0,https://pennathletics.com/sports/womens-fencing/roster/2025-26
fen_7ff8ddd05d6d,Elizabeth,Wang,fencing,2025-26,2025-26,D1,Women,Ivy League,Penn,Epee,Épée,Sr.,Sr,"Houston, Texas",Houston,TX,domestic,James E. Taylor,0,https://pennathletics.com/sports/womens-fencing/roster/2025-26
fen_f32dc64f2874,Alexandra,Wong,fencing,2025-26,2025-26,D1,Women,Ivy League,Penn,Epee,Épée,So.,So,"Harrison, N.Y.",Harrison,NY,domestic,Harrison,0,https://pennathletics.com/sports/womens-fencing/roster/2025-26
fen_f16477807b88,Sophia,Zheng,fencing,2025-26,2025-26,D1,Women,Ivy League,Penn,Saber,Sabre,Fr.,Fr,"Livingston, N.J.",Livingston,NJ,domestic,Livingston,0,https://pennathletics.com/sports/womens-fencing/roster/2025-26
fen_1c9bddf3f499,Grace,Baranosky,fencing,2025-26,2025-26,D1,Women,Metro Atlantic Athletic Conference,Sacred Heart,Epee,Épée,Sr.,Sr,"Fairfield, Conn.",Fairfield,CT,domestic,Fairfield Warde,0,https://sacredheartpioneers.com/sports/womens-fencing/roster/2025-26
fen_5e34fe76e6ee,Ines,Benadouda,fencing,2025-26,2025-26,D1,Women,Metro Atlantic Athletic Conference,Sacred Heart,Foil,Foil,So.,So,"Rumford, R.I.",Rumford,RI,domestic,East Providence,0,https://sacredheartpioneers.com/sports/womens-fencing/roster/2025-26
fen_181cfa7ff11e,Megan,DePersis,fencing,2025-26,2025-26,D1,Women,Metro Atlantic Athletic Conference,Sacred Heart,Foil,Foil,So.,So,"Wyckoff, N.J.",Wyckoff,NJ,domestic,Ramapo HS,0,https://sacredheartpioneers.com/sports/womens-fencing/roster/2025-26
fen_819df61a72fd,Nicole,Dioh,fencing,2025-26,2025-26,D1,Women,Metro Atlantic Athletic Conference,Sacred Heart,Epee,Épée,Gr.,Gr,,,,unknown,,0,https://sacredheartpioneers.com/sports/womens-fencing/roster/2025-26
fen_3ff16f22a2a2,Nadia,Gaberkorn,fencing,2025-26,2025-26,D1,Women,Metro Atlantic Athletic Conference,Sacred Heart,Epee,Épée,Sr.,Sr,"Marlboro, N.J.",Marlboro,NJ,domestic,Marlboro,0,https://sacredheartpioneers.com/sports/womens-fencing/roster/2025-26
fen_a9784cf715e2,Valery,Krylova,fencing,2025-26,2025-26,D1,Women,Metro Atlantic Athletic Conference,Sacred Heart,Sabre,Sabre,Sr.,Sr,"Shelton, Conn.",Shelton,CT,domestic,Bridgeport Military Academy,1,https://sacredheartpioneers.com/sports/womens-fencing/roster/2025-26
fen_7dff556558ca,Jess,Murphy,fencing,2025-26,2025-26,D1,Women,Metro Atlantic Athletic Conference,Sacred Heart,Sabre,Sabre,So.,So,"Lincoln Park, N.J.",Lincoln Park,NJ,domestic,Morris Catholic,0,https://sacredheartpioneers.com/sports/womens-fencing/roster/2025-26
fen_872ce17e787b,Victoria,Nichols,fencing,2025-26,2025-26,D1,Women,Metro Atlantic Athletic Conference,Sacred Heart,,UNK,Fy.,Fr,,,,unknown,,0,https://sacredheartpioneers.com/sports/womens-fencing/roster/2025-26
fen_4f971f9e1999,Gabby,Phelan,fencing,2025-26,2025-26,D1,Women,Metro Atlantic Athletic Conference,Sacred Heart,Epee,Épée,So.,So,"Smithtown, N.Y.",Smithtown,NY,domestic,Commack,0,https://sacredheartpioneers.com/sports/womens-fencing/roster/2025-26
fen_64b738794e52,Zayna,Saidi,fencing,2025-26,2025-26,D1,Women,Metro Atlantic Athletic Conference,Sacred Heart,Foil,Foil,Fy.,Fr,"North Haven, Conn.",North Haven,CT,domestic,North Haven,0,https://sacredheartpioneers.com/sports/womens-fencing/roster/2025-26
fen_96a470ad1456,Emese,Domonkos,fencing,2025-26,2025-26,D1,Women,Ivy League,Princeton,S,Other,So.,So,"Nadap, Hungary",Nadap,,international,Szekesfehervari Vasvari Pal Gimnazium,0,https://goprincetontigers.com/sports/womens-fencing/roster/2025-26
fen_2d9ed91836fb,Keira,Donnelly-Sallows,fencing,2025-26,2025-26,D1,Women,Ivy League,Princeton,S,Other,Fr.,Fr,"Haywards Heath, U.K.",Haywards Heath,,international,Brighton College,0,https://goprincetontigers.com/sports/womens-fencing/roster/2025-26
fen_68d080c7c985,Sabrina,Fang,fencing,2025-26,2025-26,D1,Women,Ivy League,Princeton,F,Other,So.,So,"Coquitlam, B.C.",Coquitlam,,international,Rye Country Day (N.Y.),0,https://goprincetontigers.com/sports/womens-fencing/roster/2025-26
fen_e96a2445f8e4,Sharika,Gajjala,fencing,2025-26,2025-26,D1,Women,Ivy League,Princeton,E,Other,Fr.,Fr,"Princeton, N.J.",Princeton,NJ,domestic,Montgomery,0,https://goprincetontigers.com/sports/womens-fencing/roster/2025-26
fen_4c2330cdeaaa,Judy,Gao,fencing,2025-26,2025-26,D1,Women,Ivy League,Princeton,E,Other,Jr.,Jr,"Bridgewater, N.J.",Bridgewater,NJ,domestic,Bridgewater-Raritan,0,https://goprincetontigers.com/sports/womens-fencing/roster/2025-26
fen_15f2c38072a3,Elizabeth,He,fencing,2025-26,2025-26,D1,Women,Ivy League,Princeton,F,Other,Sr.,Sr,"Houston, Texas",Houston,TX,domestic,St. John's School,0,https://goprincetontigers.com/sports/womens-fencing/roster/2025-26
fen_b14047fb27c2,Hadley,Husisian,fencing,2025-26,2025-26,D1,Women,Ivy League,Princeton,E Is Captain (C),Other,Jr.,Jr,"Oakton, Va.",Oakton,VA,domestic,Potomac School,0,https://goprincetontigers.com/sports/womens-fencing/roster/2025-26
fen_0630a7f31988,Honor,Johnson,fencing,2025-26,2025-26,D1,Women,Ivy League,Princeton,S,Other,Sr.,Sr,"Bethesda, Md.",Bethesda,MD,domestic,National Cathedral School,0,https://goprincetontigers.com/sports/womens-fencing/roster/2025-26
fen_eb06cc56f973,Chin-Yi,Kong,fencing,2025-26,2025-26,D1,Women,Ivy League,Princeton,F,Other,So.,So,"San Mateo, Calif.",San Mateo,CA,domestic,Aragon,0,https://goprincetontigers.com/sports/womens-fencing/roster/2025-26
fen_8cf553aae9a5,Charlotte,Lattanzio,fencing,2025-26,2025-26,D1,Women,Ivy League,Princeton,E,Other,So.,So,"London, U.K.",London,,international,Alleyn's School,0,https://goprincetontigers.com/sports/womens-fencing/roster/2025-26
fen_c51bbedbd516,Alexandra,Lee,fencing,2025-26,2025-26,D1,Women,Ivy League,Princeton,S Is Captain (C),Other,Jr.,Jr,"San Francisco, Calif.",San Francisco,CA,domestic,French American Int'l School,0,https://goprincetontigers.com/sports/womens-fencing/roster/2025-26
fen_fc874bbf7306,Leehi,Machulsky,fencing,2025-26,2025-26,D1,Women,Ivy League,Princeton,E,Other,So.,So,"San Jose, Calif.",San Jose,CA,domestic,Leland,0,https://goprincetontigers.com/sports/womens-fencing/roster/2025-26
fen_b4edbd123466,Laine,Massick,fencing,2025-26,2025-26,D1,Women,Ivy League,Princeton,F,Other,So.,So,"Blacklick, Ohio",Blacklick,OH,domestic,Columbus Academy,1,https://goprincetontigers.com/sports/womens-fencing/roster/2025-26
fen_ef5f4c6c992c,Madeline,Sanz,fencing,2025-26,2025-26,D1,Women,Ivy League,Princeton,S,Other,So.,So,"Wyckoff, N.J.",Wyckoff,NJ,domestic,Ramapo,0,https://goprincetontigers.com/sports/womens-fencing/roster/2025-26
fen_b927f0f4d507,Lydia,Shen,fencing,2025-26,2025-26,D1,Women,Ivy League,Princeton,F,Other,Fr.,Fr,"Lexington, Mass.",Lexington,MA,domestic,Lexington,0,https://goprincetontigers.com/sports/womens-fencing/roster/2025-26
fen_5e7cfa2019d7,Sydney,Tyler,fencing,2025-26,2025-26,D1,Women,Ivy League,Princeton,E,Other,Jr.,Jr,"River Forest, Ill.",River Forest,IL,domestic,U. Chicago Laboratory Schools,0,https://goprincetontigers.com/sports/womens-fencing/roster/2025-26
fen_c49ceda3ca5e,Maia,Weintraub,fencing,2025-26,2025-26,D1,Women,Ivy League,Princeton,F,Other,Sr.,Sr,"Philadelphia, Pa.",Philadelphia,PA,domestic,Friends Select,0,https://goprincetontigers.com/sports/womens-fencing/roster/2025-26
fen_1dfb58ed25b4,Angel,Xiao,fencing,2025-26,2025-26,D1,Women,Ivy League,Princeton,E,Other,Fr.,Fr,"Toronto, Ont.",Toronto,,international,York Mills Collegiate,0,https://goprincetontigers.com/sports/womens-fencing/roster/2025-26
fen_d084b6ab3b10,Capt.,,fencing,2025-26,2025-26,D1,Women,Ivy League,Princeton,,UNK,,UNK,,,,unknown,St. John's School,0,https://goprincetontigers.com/sports/womens-fencing/roster/2025-26
fen_62de3ff0f162,Sasha,Craine,fencing,2025-26,2025-26,D3,Women,Independent,Stevens Tech,Sabre Sabre,Sabre,Jr.,Jr,"North Caldwell, N.J.",North Caldwell,NJ,domestic,West Essex Regional,0,https://stevensducks.com/sports/womens-fencing/roster/2025-26
fen_1beb39b05131,Julia,DiPaolo,fencing,2025-26,2025-26,D3,Women,Independent,Stevens Tech,Foil Foil,Foil,So.,So,"Long Valley, N.J.",Long Valley,NJ,domestic,West Morris Central,0,https://stevensducks.com/sports/womens-fencing/roster/2025-26
fen_e9b020f7faae,Zoya,Duarte-Garcia,fencing,2025-26,2025-26,D3,Women,Independent,Stevens Tech,Epee Epee,Épée,Jr.,Jr,"Miami, Fl.",Miami,FL,domestic,Carrollton School,0,https://stevensducks.com/sports/womens-fencing/roster/2025-26
fen_c463fbf533e7,Madyson,Gavilanes,fencing,2025-26,2025-26,D3,Women,Independent,Stevens Tech,Epee Epee,Épée,Fy.,Fr,"Lake Grove, N.J.",Lake Grove,NJ,domestic,St. Anthony's,0,https://stevensducks.com/sports/womens-fencing/roster/2025-26
fen_5b0abf425331,Grace,Hicks,fencing,2025-26,2025-26,D3,Women,Independent,Stevens Tech,Epee Epee,Épée,Jr.,Jr,"Yonkers, N.Y.",Yonkers,NY,domestic,The Ursuline School,0,https://stevensducks.com/sports/womens-fencing/roster/2025-26
fen_1de2113391d4,Selita,Ikejibeh,fencing,2025-26,2025-26,D3,Women,Independent,Stevens Tech,Foil Foil,Foil,Fy.,Fr,"Warren, N.J.",Warren,NJ,domestic,Watchung Hills Regional,0,https://stevensducks.com/sports/womens-fencing/roster/2025-26
fen_f642f63a3d2a,Savleen,Kaur,fencing,2025-26,2025-26,D3,Women,Independent,Stevens Tech,Sabre Sabre,Sabre,Sr.,Sr,"Queens, N.Y.",Queens,NY,domestic,Long Island City High School,0,https://stevensducks.com/sports/womens-fencing/roster/2025-26
fen_62f2559cdaed,Eren,Kokes,fencing,2025-26,2025-26,D3,Women,Independent,Stevens Tech,Epee Epee,Épée,So.,So,So.,So.,,international,,0,https://stevensducks.com/sports/womens-fencing/roster/2025-26
fen_0038763d3376,Ashlyn,Leung,fencing,2025-26,2025-26,D3,Women,Independent,Stevens Tech,Sabre Sabre,Sabre,So.,So,"Glen Ridge, N.J.",Glen Ridge,NJ,domestic,Glen Ridge,0,https://stevensducks.com/sports/womens-fencing/roster/2025-26
fen_fd183d91506a,Esther,Li,fencing,2025-26,2025-26,D3,Women,Independent,Stevens Tech,Sabre Sabre,Sabre,Fy.,Fr,"Northvale, N.J.",Northvale,NJ,domestic,Northern Valley Regional,0,https://stevensducks.com/sports/womens-fencing/roster/2025-26
fen_4206b9e487f8,Katherine,Mooney,fencing,2025-26,2025-26,D3,Women,Independent,Stevens Tech,Epee Epee,Épée,Fy.,Fr,"Berkeley Heights, N.J.",Berkeley Heights,NJ,domestic,Governor Livingston,0,https://stevensducks.com/sports/womens-fencing/roster/2025-26
fen_08980ce3e2f5,Anastasia,Mose,fencing,2025-26,2025-26,D3,Women,Independent,Stevens Tech,Foil Foil,Foil,Sr.,Sr,"Ardsley, N.Y.",Ardsley,NY,domestic,Ardsley,0,https://stevensducks.com/sports/womens-fencing/roster/2025-26
fen_8d831d9543f9,Akemi,Rodriguez,fencing,2025-26,2025-26,D3,Women,Independent,Stevens Tech,Foil Foil,Foil,Jr.,Jr,"Miami, Fl.",Miami,FL,domestic,Mater Academy,1,https://stevensducks.com/sports/womens-fencing/roster/2025-26
fen_99ae12c1161a,Elyse,Sato,fencing,2025-26,2025-26,D3,Women,Independent,Stevens Tech,Epee Epee,Épée,Fy.,Fr,"Chestnut Ridge, N.Y.",Chestnut Ridge,NY,domestic,Academy of the Holy Angels,1,https://stevensducks.com/sports/womens-fencing/roster/2025-26
fen_4ddfe9110a9d,Sofia,Stoeckel,fencing,2025-26,2025-26,D3,Women,Independent,Stevens Tech,Epee Epee,Épée,Jr.,Jr,"Woodbury, Minn.",Woodbury,MN,domestic,East Ridge,0,https://stevensducks.com/sports/womens-fencing/roster/2025-26
fen_bcd108c7cac0,Emily,Zgombic,fencing,2025-26,2025-26,D3,Women,Independent,Stevens Tech,Foil Foil,Foil,Sr.,Sr,"Neshanic Station, N.J.",Neshanic Station,NJ,domestic,Somerville High School,0,https://stevensducks.com/sports/womens-fencing/roster/2025-26
fen_173d24f32ef5,Anahat,Bawa,fencing,2025-26,2025-26,D3,Women,New England Small College Athletic Conference,Tufts,Sabre,Sabre,So.,So,"Skillman, N.J.",Skillman,NJ,domestic,Montgomery,0,https://gotuftsjumbos.com/sports/womens-fencing/roster/2025-26
fen_feb70f67dd80,Karen,Bei,fencing,2025-26,2025-26,D3,Women,New England Small College Athletic Conference,Tufts,Epee,Épée,Sr.,Sr,"San Diego, Calif.",San Diego,CA,domestic,Canyon Crest Academy,1,https://gotuftsjumbos.com/sports/womens-fencing/roster/2025-26
fen_a8cdb1da5b0c,Asher,Boynton,fencing,2025-26,2025-26,D3,Women,New England Small College Athletic Conference,Tufts,Sabre,Sabre,Fr.,Fr,"Washington, D.C.",Washington,DC,domestic,National Cathedral,0,https://gotuftsjumbos.com/sports/womens-fencing/roster/2025-26
fen_c5d7aef3532d,Jess,Charalel,fencing,2025-26,2025-26,D3,Women,New England Small College Athletic Conference,Tufts,Foil,Foil,So.,So,"New City, N.Y.",New City,NY,domestic,Clarkstown North,0,https://gotuftsjumbos.com/sports/womens-fencing/roster/2025-26
fen_6b770395fbb1,Sophie,Guan,fencing,2025-26,2025-26,D3,Women,New England Small College Athletic Conference,Tufts,Foil,Foil,So.,So,"Irvine, Calif.",Irvine,CA,domestic,University HS,0,https://gotuftsjumbos.com/sports/womens-fencing/roster/2025-26
fen_b9538207cb39,Katie,Han,fencing,2025-26,2025-26,D3,Women,New England Small College Athletic Conference,Tufts,Foil,Foil,Fr.,Fr,"Birmingham, Mich.",Birmingham,MI,domestic,Detroit Country Day,0,https://gotuftsjumbos.com/sports/womens-fencing/roster/2025-26
fen_aa74063f9c5e,Olympe,Jean,fencing,2025-26,2025-26,D3,Women,New England Small College Athletic Conference,Tufts,Sabre,Sabre,Jr.,Jr,"Austin, Texas",Austin,TX,domestic,Westlake,0,https://gotuftsjumbos.com/sports/womens-fencing/roster/2025-26
fen_0adb7447931c,Mikayla,Joseph,fencing,2025-26,2025-26,D3,Women,New England Small College Athletic Conference,Tufts,Epee,Épée,Jr.,Jr,"Woodmere, N.Y.",Woodmere,NY,domestic,Hewlett,0,https://gotuftsjumbos.com/sports/womens-fencing/roster/2025-26
fen_69db06ec2c7f,Olivia,Judicke,fencing,2025-26,2025-26,D3,Women,New England Small College Athletic Conference,Tufts,Epee,Épée,Fr.,Fr,"Berkeley Heights, N.J.",Berkeley Heights,NJ,domestic,Governor Livingston,0,https://gotuftsjumbos.com/sports/womens-fencing/roster/2025-26
fen_2e2f3cd6ad9a,Saanvi,Kapoor,fencing,2025-26,2025-26,D3,Women,New England Small College Athletic Conference,Tufts,Foil,Foil,So.,So,"Westchester, N.Y.",Westchester,NY,domestic,Ardsley,0,https://gotuftsjumbos.com/sports/womens-fencing/roster/2025-26
fen_23f7316ef32c,Kiki,Liu,fencing,2025-26,2025-26,D3,Women,New England Small College Athletic Conference,Tufts,Foil,Foil,Fr.,Fr,"Stony Brook, N.Y.",Stony Brook,NY,domestic,Stony Brook,0,https://gotuftsjumbos.com/sports/womens-fencing/roster/2025-26
fen_99c911ebdf1d,Layla,Roy,fencing,2025-26,2025-26,D3,Women,New England Small College Athletic Conference,Tufts,Foil,Foil,Fr.,Fr,"Nyack, N.Y.",Nyack,NY,domestic,Nyack,0,https://gotuftsjumbos.com/sports/womens-fencing/roster/2025-26
fen_2be60e83f6c9,Chloe,Wang,fencing,2025-26,2025-26,D3,Women,New England Small College Athletic Conference,Tufts,Foil,Foil,Fr.,Fr,"Winchester, Mass.",Winchester,MA,domestic,Winchester,0,https://gotuftsjumbos.com/sports/womens-fencing/roster/2025-26
fen_2dbf7ecf486c,Emily,Xu,fencing,2025-26,2025-26,D3,Women,New England Small College Athletic Conference,Tufts,Sabre,Sabre,Fr.,Fr,"Chesapeake, Va.",Chesapeake,VA,domestic,Norfolk Academy,1,https://gotuftsjumbos.com/sports/womens-fencing/roster/2025-26
fen_ed1485b4c0ee,Jaymee,Yeung,fencing,2025-26,2025-26,D3,Women,New England Small College Athletic Conference,Tufts,Foil,Foil,So.,So,"Macau, China",Macau,,international,International School,0,https://gotuftsjumbos.com/sports/womens-fencing/roster/2025-26
fen_78debc6fd4ec,Emily,You,fencing,2025-26,2025-26,D3,Women,New England Small College Athletic Conference,Tufts,Epee,Épée,Fr.,Fr,"Ellicott City, Md.",Ellicott City,MD,domestic,Centennial,0,https://gotuftsjumbos.com/sports/womens-fencing/roster/2025-26
fen_5fb41a79c9e3,Natalie,Adams-Kim,fencing,2025-26,2025-26,D1,Women,American Conference,Temple,Foil,Foil,Sr.,Sr,"Philadelphia, Pa.",Philadelphia,PA,domestic,Julia R. Masterman,0,https://owlsports.com/sports/womens-fencing/roster/2025-26
fen_ba3fe1faee14,Reese,Birnstill,fencing,2025-26,2025-26,D1,Women,American Conference,Temple,Sabre,Sabre,Fr.,Fr,"Long Island, New York",Long Island,NY,domestic,Rocky Point,0,https://owlsports.com/sports/womens-fencing/roster/2025-26
fen_048e8d282e75,Keely,Carter,fencing,2025-26,2025-26,D1,Women,American Conference,Temple,Sabre,Sabre,Fr.,Fr,"Garner, North Carolina",Garner,NC,domestic,St. Thomas Moore Academy,1,https://owlsports.com/sports/womens-fencing/roster/2025-26
fen_9d46a719b1a7,Jara,Del Cura,fencing,2025-26,2025-26,D1,Women,American Conference,Temple,Foil,Foil,So.,So,"Madrid, Spain",Madrid,,international,IES Alfredo Kraus,0,https://owlsports.com/sports/womens-fencing/roster/2025-26
fen_174c8d302504,Victoria,Doroshkevich,fencing,2025-26,2025-26,D1,Women,American Conference,Temple,Epee,Épée,So.,So,"Park Ridge, Ill.",Park Ridge,IL,domestic,Maine South,0,https://owlsports.com/sports/womens-fencing/roster/2025-26
fen_2314ff73336e,Auprell,Edwards,fencing,2025-26,2025-26,D1,Women,American Conference,Temple,Epee,Épée,So.,So,"Houston, Texas",Houston,TX,domestic,The Dhamma School,0,https://owlsports.com/sports/womens-fencing/roster/2025-26
fen_09465d315d7a,Eliana,Geva,fencing,2025-26,2025-26,D1,Women,American Conference,Temple,Epee,Épée,Fr.,Fr,"Houston, Texas",Houston,TX,domestic,Stratford,0,https://owlsports.com/sports/womens-fencing/roster/2025-26
fen_490a6db84ddc,Rayaana,Grulich,fencing,2025-26,2025-26,D1,Women,American Conference,Temple,Sabre,Sabre,Fr.,Fr,"Portland, Oregon",Portland,OR,domestic,Jesuit,0,https://owlsports.com/sports/womens-fencing/roster/2025-26
fen_63e36861ab10,Lauren,Johnson,fencing,2025-26,2025-26,D1,Women,American Conference,Temple,Sabre,Sabre,Jr.,Jr,"Washington, D.C.",Washington,DC,domestic,Sidwell Friends,0,https://owlsports.com/sports/womens-fencing/roster/2025-26
fen_040dc433ea9d,Anne-Mai,Melles,fencing,2025-26,2025-26,D1,Women,American Conference,Temple,Epee,Épée,Sr.,Sr,"Tallinn, Estonia",Tallinn,,international,Audentese Spordigümnaasium,0,https://owlsports.com/sports/womens-fencing/roster/2025-26
fen_dae44824471c,Lindsey,Minor,fencing,2025-26,2025-26,D1,Women,American Conference,Temple,Epee,Épée,Jr.,Jr,"South Orange, N.J.",South Orange,NJ,domestic,Columbia,0,https://owlsports.com/sports/womens-fencing/roster/2025-26
fen_4ff5dab15fb2,Samantha,Nathanson,fencing,2025-26,2025-26,D1,Women,American Conference,Temple,Sabre,Sabre,So.,So,"Needham, Mass.",Needham,MA,domestic,Needham,0,https://owlsports.com/sports/womens-fencing/roster/2025-26
fen_861c6f5aa508,Renee,Oymann,fencing,2025-26,2025-26,D1,Women,American Conference,Temple,Foil,Foil,Sr.,Sr,"Moers, Germany",Moers,,international,Gymnasium Rheinkamp Europaschule Moers,0,https://owlsports.com/sports/womens-fencing/roster/2025-26
fen_4884887dd542,Alexandra,Papapetropoulou,fencing,2025-26,2025-26,D1,Women,American Conference,Temple,Sabre,Sabre,So.,So,"Athens, Greece",Athens,,international,Costeas-Geitonas Academy,1,https://owlsports.com/sports/womens-fencing/roster/2025-26
fen_169ee655c366,Grace,Smith,fencing,2025-26,2025-26,D1,Women,American Conference,Temple,Epee,Épée,Jr.,Jr,"Wilmington, Mass.",Wilmington,MA,domestic,Wilmington High School,0,https://owlsports.com/sports/womens-fencing/roster/2025-26
fen_51a9a394d838,Aurelie,Sulter,fencing,2025-26,2025-26,D1,Women,American Conference,Temple,Foil,Foil,Fr.,Fr,"Austin, Texas",Austin,TX,domestic,Liberal Arts and Science Academy,1,https://owlsports.com/sports/womens-fencing/roster/2025-26
fen_e655468e2c69,Anais,Wandji,fencing,2025-26,2025-26,D1,Women,American Conference,Temple,Foil,Foil,Fr.,Fr,"Seattle, Washington",Seattle,WA,domestic,Eastlake,0,https://owlsports.com/sports/womens-fencing/roster/2025-26
fen_0f08127fae71,Milena,Žunic,fencing,2025-26,2025-26,D1,Women,American Conference,Temple,Foil,Foil,Fr.,Fr,"Belgrade, Serbia",Belgrade,,international,Gimnazija Sveti Sava,0,https://owlsports.com/sports/womens-fencing/roster/2025-26
fen_4ecaa9441dd6,Mercer,Colby,fencing,2025-26,2025-26,D3,Women,Independent,Vassar,Sabre,Sabre,Fy.,Fr,"Falls Church, VA",Falls Church,VA,domestic,Meridian,0,https://www.vassarathletics.com/sports/womens-fencing/roster/2025-26
fen_94db7738f04f,Sushama,Gadiyaram,fencing,2025-26,2025-26,D3,Women,Independent,Vassar,Foil Foil,Foil,So.,So,"Apopka, FL",Apopka,FL,domestic,Orlando Science,0,https://www.vassarathletics.com/sports/womens-fencing/roster/2025-26
fen_407577d02e3a,Abigail,Geiger,fencing,2025-26,2025-26,D3,Women,Independent,Vassar,Sabre Sabre,Sabre,Sr.,Sr,"Wilmette, IL",Wilmette,IL,domestic,New Trier,0,https://www.vassarathletics.com/sports/womens-fencing/roster/2025-26
fen_273e7afa943c,Sarah,Huynh,fencing,2025-26,2025-26,D3,Women,Independent,Vassar,Foil Foil,Foil,Fy.,Fr,"Moorestown, NJ",Moorestown,NJ,domestic,,0,https://www.vassarathletics.com/sports/womens-fencing/roster/2025-26
fen_0889b3545864,Karina,Mangru,fencing,2025-26,2025-26,D3,Women,Independent,Vassar,Sabre Sabre,Sabre,Jr.,Jr,"Yonkers, NY",Yonkers,NY,domestic,The Masters School,0,https://www.vassarathletics.com/sports/womens-fencing/roster/2025-26
fen_dc2296941fbe,Vanessa,Mark,fencing,2025-26,2025-26,D3,Women,Independent,Vassar,Sabre Sabre,Sabre,Sr.,Sr,"McLean, VA",McLean,VA,domestic,Charles E. Smith Jewish Day School,0,https://www.vassarathletics.com/sports/womens-fencing/roster/2025-26
fen_d3d88af8cb47,Lela,Mittman,fencing,2025-26,2025-26,D3,Women,Independent,Vassar,Epee Epee,Épée,Fy.,Fr,"Chico, CA",Chico,CA,domestic,Chico Senior,0,https://www.vassarathletics.com/sports/womens-fencing/roster/2025-26
fen_78faf3e44a36,Aanya,Mukherjee,fencing,2025-26,2025-26,D3,Women,Independent,Vassar,Epee Epee,Épée,Sr.,Sr,"Jersey City, NJ",Jersey City,NJ,domestic,McNair Academic High School,0,https://www.vassarathletics.com/sports/womens-fencing/roster/2025-26
fen_3c485ef85448,Zoe,North,fencing,2025-26,2025-26,D3,Women,Independent,Vassar,Foil Foil,Foil,Jr.,Jr,"Alexandria, VA",Alexandria,VA,domestic,McDonogh School,0,https://www.vassarathletics.com/sports/womens-fencing/roster/2025-26
fen_71c46460cac2,Lily,Paine,fencing,2025-26,2025-26,D3,Women,Independent,Vassar,Sabre Sabre,Sabre,So.,So,"Madison, CT",Madison,CT,domestic,Daniel Hand,0,https://www.vassarathletics.com/sports/womens-fencing/roster/2025-26
fen_21f47d494729,Elena,Rosenmayr,fencing,2025-26,2025-26,D3,Women,Independent,Vassar,Foil Foil,Foil,Jr.,Jr,"Pacific Palisades, CA",Pacific Palisades,CA,domestic,Palisades Charter,0,https://www.vassarathletics.com/sports/womens-fencing/roster/2025-26
fen_ee907c280d80,Veronica,Scherk,fencing,2025-26,2025-26,D3,Women,Independent,Vassar,Epee Epee,Épée,Fy.,Fr,"North Vancouver, British Columbia",North Vancouver,,international,Collingwood,0,https://www.vassarathletics.com/sports/womens-fencing/roster/2025-26
fen_9ab7cfd598d1,Nika,Ungurianu,fencing,2025-26,2025-26,D3,Women,Independent,Vassar,Epee Epee,Épée,Jr.,Jr,"Poughkeepsie, NY",Poughkeepsie,NY,domestic,Arlington,0,https://www.vassarathletics.com/sports/womens-fencing/roster/2025-26
fen_367a96b39659,Kelsey,Wang,fencing,2025-26,2025-26,D3,Women,Independent,Vassar,Foil Foil,Foil,So.,So,"Winter Park, FL",Winter Park,FL,domestic,Trinity Preparatory School,1,https://www.vassarathletics.com/sports/womens-fencing/roster/2025-26
fen_9e1dcf9d0ca4,Vivian,Wei,fencing,2025-26,2025-26,D3,Women,Independent,Vassar,Sabre Sabre,Sabre,So.,So,"Bethesda, MD",Bethesda,MD,domestic,National Cathedral,0,https://www.vassarathletics.com/sports/womens-fencing/roster/2025-26
fen_7d609576a860,Rebecca,Yu,fencing,2025-26,2025-26,D3,Women,Independent,Vassar,Foil Foil,Foil,Fy.,Fr,"Jinan, China",Jinan,,international,Jinan Xinhang Experimental Foreign Language,0,https://www.vassarathletics.com/sports/womens-fencing/roster/2025-26
fen_c30bc6908797,Katrina,Zeng,fencing,2025-26,2025-26,D3,Women,Independent,Vassar,Epee Epee,Épée,Jr.,Jr,"Princeton, NJ",Princeton,NJ,domestic,Princeton Day School,0,https://www.vassarathletics.com/sports/womens-fencing/roster/2025-26
fen_4a974bbe1823,Salma,Abdrabou,fencing,2025-26,2025-26,D2,Women,Great Lakes Intercollegiate Athletic Conference,Wayne State Michigan,Epee Epee,Épée,Jr.,Jr,"Cairo, Egypt",Cairo,,international,Dar El Tarbiah IGCSE,0,https://wsuathletics.com/sports/womens-fencing/roster/2025-26
fen_e917a55d1126,Anabella,Acurero Gonzalez,fencing,2025-26,2025-26,D2,Women,Great Lakes Intercollegiate Athletic Conference,Wayne State Michigan,Foil Foil,Foil,So.,So,"Valencia, Venezuela",Valencia,,international,Colegio de San Gabriel Arcangel,0,https://wsuathletics.com/sports/womens-fencing/roster/2025-26
fen_56bc8aa5a86b,Shriya,Bangalore,fencing,2025-26,2025-26,D2,Women,Great Lakes Intercollegiate Athletic Conference,Wayne State Michigan,Sabre Sabre,Sabre,Fr.,Fr,"Frisco, Texas",Frisco,TX,domestic,Centennial,0,https://wsuathletics.com/sports/womens-fencing/roster/2025-26
fen_eea6e389ae35,Noreen,Bongado,fencing,2025-26,2025-26,D2,Women,Great Lakes Intercollegiate Athletic Conference,Wayne State Michigan,Foil Foil,Foil,Jr.,Jr,"Farmington Hills, Mich.",Farmington Hills,MI,domestic,Farmington,0,https://wsuathletics.com/sports/womens-fencing/roster/2025-26
fen_c68de3547b01,Reagan,Byars,fencing,2025-26,2025-26,D2,Women,Great Lakes Intercollegiate Athletic Conference,Wayne State Michigan,Sabre Sabre,Sabre,Gr.,Gr,"Warren, Mich.",Warren,MI,domestic,Warren Woods Tower (Macomb CC),0,https://wsuathletics.com/sports/womens-fencing/roster/2025-26
fen_acae66ab428a,Reka,Galfalvy,fencing,2025-26,2025-26,D2,Women,Great Lakes Intercollegiate Athletic Conference,Wayne State Michigan,Epee Epee,Épée,Jr.,Jr,"Budapest, Hungary",Budapest,,international,Vörösmarty Mihály,0,https://wsuathletics.com/sports/womens-fencing/roster/2025-26
fen_c063339d4302,Ludovica,Mancini,fencing,2025-26,2025-26,D2,Women,Great Lakes Intercollegiate Athletic Conference,Wayne State Michigan,Foil Foil,Foil,Sr.,Sr,"Rome, Lazio, Italy",Rome,,international,Liceo Linguistico Niccolò Machiavelli,0,https://wsuathletics.com/sports/womens-fencing/roster/2025-26
fen_aea68ef01a2d,Mikhala,Rivers,fencing,2025-26,2025-26,D2,Women,Great Lakes Intercollegiate Athletic Conference,Wayne State Michigan,Sabre Sabre,Sabre,Fr.,Fr,"Maple Grove, Minn.",Maple Grove,MN,domestic,DeLaSalle,0,https://wsuathletics.com/sports/womens-fencing/roster/2025-26
fen_90bdd6329796,Mehreen,Siddiqui,fencing,2025-26,2025-26,D2,Women,Great Lakes Intercollegiate Athletic Conference,Wayne State Michigan,Sabre Sabre,Sabre,Sr.,Sr,"Canton, Mich.",Canton,MI,domestic,Salem High School,0,https://wsuathletics.com/sports/womens-fencing/roster/2025-26
fen_b26e5c87438e,Carmen,Bolt-Turner,fencing,2025-26,2025-26,D1,Women,Northeast Conference,FDU,,UNK,Fr.,Fr,"Teaneck, N.J.",Teaneck,NJ,domestic,West Orange High School,0,https://fduknights.com/sports/womens-fencing/roster/2025-26
fen_1ea40750dc09,Jade,Burnett,fencing,2025-26,2025-26,D1,Women,Northeast Conference,FDU,,UNK,So.,So,"West Orange, N.J.",West Orange,NJ,domestic,West Orange High School,0,https://fduknights.com/sports/womens-fencing/roster/2025-26
fen_a492f19ab0ea,Lauren,Colella,fencing,2025-26,2025-26,D1,Women,Northeast Conference,FDU,,UNK,Fr.,Fr,"Oak Ridge, N.J.",Oak Ridge,NJ,domestic,,0,https://fduknights.com/sports/womens-fencing/roster/2025-26
fen_903631895324,Meya,Colin,fencing,2025-26,2025-26,D1,Women,Northeast Conference,FDU,,UNK,Fr.,Fr,"Teaneck, N.J.",Teaneck,NJ,domestic,,0,https://fduknights.com/sports/womens-fencing/roster/2025-26
fen_039ae04e256d,Gabriella,Como,fencing,2025-26,2025-26,D1,Women,Northeast Conference,FDU,,UNK,So.,So,"Port Murray, N.J.",Port Murray,NJ,domestic,Voorhees High School,0,https://fduknights.com/sports/womens-fencing/roster/2025-26
fen_04faaf0a514a,Genesis,Pena,fencing,2025-26,2025-26,D1,Women,Northeast Conference,FDU,,UNK,Fr.,Fr,"Teaneck, N.J.",Teaneck,NJ,domestic,,0,https://fduknights.com/sports/womens-fencing/roster/2025-26
fen_3079989a1548,Zoe,Rupp,fencing,2025-26,2025-26,D1,Women,Northeast Conference,FDU,,UNK,Sr.,Sr,Sr.,Sr.,,international,,0,https://fduknights.com/sports/womens-fencing/roster/2025-26
fen_8c4c3ba201dc,Samaria,Sabal,fencing,2025-26,2025-26,D1,Women,Northeast Conference,FDU,,UNK,Fr.,Fr,"Rockaway, N.Y.",Rockaway,NY,domestic,,0,https://fduknights.com/sports/womens-fencing/roster/2025-26
fen_6a2b633bd23f,Layla,Stevenson,fencing,2025-26,2025-26,D1,Women,Northeast Conference,FDU,,UNK,So.,So,"Valley Stream, N.Y.",Valley Stream,NY,domestic,,0,https://fduknights.com/sports/womens-fencing/roster/2025-26
fen_ac96d80e1b3c,Sára,Szeverényi,fencing,2025-26,2025-26,D1,Women,Northeast Conference,FDU,,UNK,Fr.,Fr,"Budapest, Hungary",Budapest,,international,,0,https://fduknights.com/sports/womens-fencing/roster/2025-26
fen_49e098b89fdb,Isabel,You,fencing,2025-26,2025-26,D1,Women,Northeast Conference,FDU,,UNK,Fr.,Fr,"Ridgewood, N.J.",Ridgewood,NJ,domestic,,0,https://fduknights.com/sports/womens-fencing/roster/2025-26
fen_84f6b6a355df,Sherleen,Yunes,fencing,2025-26,2025-26,D1,Women,Northeast Conference,FDU,,UNK,Jr.,Jr,Jr. Teaneck High School,Jr. Teaneck High School,,international,Teaneck High School,0,https://fduknights.com/sports/womens-fencing/roster/2025-26
fen_5b08e9e59a03,Morrigan,Adams,fencing,2025-26,2025-26,D1,Women,Northeast Conference,Wagner,Sabre,Sabre,Jr.,Jr,"Littleton, CO",Littleton,CO,domestic,Dakota Ridge,0,https://wagnerathletics.com/sports/womens-fencing/roster/2025-26
fen_673d0419590d,Sydney,Brock,fencing,2025-26,2025-26,D1,Women,Northeast Conference,Wagner,,UNK,Fr.,Fr,"Mission Viejo, CA",Mission Viejo,CA,domestic,Mission Viejo HS,0,https://wagnerathletics.com/sports/womens-fencing/roster/2025-26
fen_1441788d9177,Alanna,Clayton,fencing,2025-26,2025-26,D1,Women,Northeast Conference,Wagner,Epee,Épée,Jr.,Jr,"Union, NJ",Union,NJ,domestic,Montclair Kimberley Academy,1,https://wagnerathletics.com/sports/womens-fencing/roster/2025-26
fen_3da74c5aeff2,Alyssa,Cullen,fencing,2025-26,2025-26,D1,Women,Northeast Conference,Wagner,,UNK,Fr.,Fr,"Randolph, NJ",Randolph,NJ,domestic,Randolph HS,0,https://wagnerathletics.com/sports/womens-fencing/roster/2025-26
fen_f48442d1f452,Sierra,Friday,fencing,2025-26,2025-26,D1,Women,Northeast Conference,Wagner,Foil,Foil,Sr.,Sr,"Topanga, California",Topanga,CA,domestic,Manzanita,0,https://wagnerathletics.com/sports/womens-fencing/roster/2025-26
fen_ad603c09f1a6,Maria,Lopez Meneses,fencing,2025-26,2025-26,D1,Women,Northeast Conference,Wagner,Epee,Épée,So.,So,"Leon, Mexico",Leon,,international,Prepa Anahuac Leon,0,https://wagnerathletics.com/sports/womens-fencing/roster/2025-26
fen_92f3d054dc6b,Sofia,Lopez Meneses,fencing,2025-26,2025-26,D1,Women,Northeast Conference,Wagner,Epee,Épée,Sr.,Sr,"Leon, Mexico",Leon,,international,Instituto Cumbres de León,0,https://wagnerathletics.com/sports/womens-fencing/roster/2025-26
fen_1cc33576927e,Ana,Margarita Paredes,fencing,2025-26,2025-26,D1,Women,Northeast Conference,Wagner,,UNK,Fr.,Fr,"Mexico City, Mexico",Mexico City,,international,Escuela Nacional Preperatorio No. 5,0,https://wagnerathletics.com/sports/womens-fencing/roster/2025-26
fen_35f5aee694c3,Kailey,Marino,fencing,2025-26,2025-26,D1,Women,Northeast Conference,Wagner,Sabre,Sabre,Sr.,Sr,"Staten Island, NY",Staten Island,NY,domestic,Moore Catholic,0,https://wagnerathletics.com/sports/womens-fencing/roster/2025-26
fen_d221b9dc9a75,Villo,Nyiri,fencing,2025-26,2025-26,D1,Women,Northeast Conference,Wagner,Sabre,Sabre,So.,So,"Nyiregyhaza, Hungary",Nyiregyhaza,,international,Nyiregyhazi Krudy Gyula Gimnazium,0,https://wagnerathletics.com/sports/womens-fencing/roster/2025-26
fen_2759e755a3c7,Louann,Perrier,fencing,2025-26,2025-26,D1,Women,Northeast Conference,Wagner,,UNK,Fr.,Fr,"Marseille, France",Marseille,,international,Lycee Victor Louis,0,https://wagnerathletics.com/sports/womens-fencing/roster/2025-26
fen_2386e83a3b3c,Ashley,Pullara,fencing,2025-26,2025-26,D1,Women,Northeast Conference,Wagner,,UNK,Fr.,Fr,"Meridian, ID",Meridian,ID,domestic,Mountain View HS,0,https://wagnerathletics.com/sports/womens-fencing/roster/2025-26
fen_b4861a7960f2,Amira,Sorour,fencing,2025-26,2025-26,D1,Women,Northeast Conference,Wagner,,UNK,Fr.,Fr,"Mankato, MN",Mankato,MN,domestic,Mankato East HS,0,https://wagnerathletics.com/sports/womens-fencing/roster/2025-26
fen_32da64ec090f,Fanny,Straub,fencing,2025-26,2025-26,D1,Women,Northeast Conference,Wagner,Sabre,Sabre,Sr.,Sr,"Nuernberg, Germany",Nuernberg,,international,Schlossgymnasium,0,https://wagnerathletics.com/sports/womens-fencing/roster/2025-26
fen_f756de91dcdc,Rita,Wang,fencing,2025-26,2025-26,D1,Women,Northeast Conference,Wagner,,UNK,Fr.,Fr,"Nanchang, China",Nanchang,,international,CSI High School,0,https://wagnerathletics.com/sports/womens-fencing/roster/2025-26
fen_6300eb0dd26c,Renata,Ziganova,fencing,2025-26,2025-26,D1,Women,Northeast Conference,Wagner,Foil,Foil,Jr.,Jr,"Kazan, Russia",Kazan,,international,Gymnasium 94,0,https://wagnerathletics.com/sports/womens-fencing/roster/2025-26
fen_e342d1199293,Tzipora,Berkovitch,fencing,2025-26,2025-26,D3,Women,Skyline Conference,Yeshiva,Epee Epee,Épée,Fr.,Fr,"Jerusalem, Israel",Jerusalem,,international,Tzvia Maaleh Adumim,0,https://yumacs.com/sports/womens-fencing/roster/2025-26
fen_000bbbbdb9a1,Naava,Eisenberg,fencing,2025-26,2025-26,D3,Women,Skyline Conference,Yeshiva,Epee Epee,Épée,So.,So,"Jerusalem, Israel",Jerusalem,,international,Tzvia Maaleh Adumim,0,https://yumacs.com/sports/womens-fencing/roster/2025-26
fen_f123efc299a4,Dina,Faye Bendel,fencing,2025-26,2025-26,D3,Women,Skyline Conference,Yeshiva,Foil Foil,Foil,Jr.,Jr,"Brooklyn, NY",Brooklyn,NY,domestic,SKA,0,https://yumacs.com/sports/womens-fencing/roster/2025-26
fen_94696305e852,Yaffa,Gottlieb,fencing,2025-26,2025-26,D3,Women,Skyline Conference,Yeshiva,Foil Foil,Foil,So.,So,"Edison, NJ",Edison,NJ,domestic,,0,https://yumacs.com/sports/womens-fencing/roster/2025-26
fen_e425f81a89b5,Aviva,Klahr,fencing,2025-26,2025-26,D3,Women,Skyline Conference,Yeshiva,Sabre Sabre,Sabre,Sr.,Sr,"Lawrence, NY",Lawrence,NY,domestic,SKA,0,https://yumacs.com/sports/womens-fencing/roster/2025-26
fen_71870b2c3aac,Beth,Levin,fencing,2025-26,2025-26,D3,Women,Skyline Conference,Yeshiva,Epee Epee,Épée,Jr.,Jr,"Bronx, NY",Bronx,NY,domestic,SAR,0,https://yumacs.com/sports/womens-fencing/roster/2025-26
fen_e8367e3f4619,Meira,Novick,fencing,2025-26,2025-26,D3,Women,Skyline Conference,Yeshiva,Epee Epee,Épée,Jr.,Jr,"Clifton, NJ",Clifton,NJ,domestic,Naaleh,0,https://yumacs.com/sports/womens-fencing/roster/2025-26
fen_91f823d40a51,Jillian,Prever,fencing,2025-26,2025-26,D3,Women,Skyline Conference,Yeshiva,Sabre Sabre,Sabre,Fr.,Fr,"Fort Lauderdale, FL",Fort Lauderdale,FL,domestic,Homeschool,1,https://yumacs.com/sports/womens-fencing/roster/2025-26
fen_4bf3b292eb28,Sofia,Rauh,fencing,2025-26,2025-26,D3,Women,Skyline Conference,Yeshiva,Foil,Foil,Sr.,Sr,"Boca Raton, FL",Boca Raton,FL,domestic,Katz Yeshivah,0,https://yumacs.com/sports/womens-fencing/roster/2025-26
fen_d25ba23772fd,Leora,Schramm,fencing,2025-26,2025-26,D3,Women,Skyline Conference,Yeshiva,Foil,Foil,Sr.,Sr,"Dallas, TX",Dallas,TX,domestic,Mesorah,0,https://yumacs.com/sports/womens-fencing/roster/2025-26
fen_70628ffb5a54,Sarah,Tobias,fencing,2025-26,2025-26,D3,Women,Skyline Conference,Yeshiva,Epee,Épée,Sr.,Sr,"Brooklyn, NY",Brooklyn,NY,domestic,Ilan,0,https://yumacs.com/sports/womens-fencing/roster/2025-26
fen_403be38c5666,Jia,Chen,fencing,2025-26,2025-26,D1,Women,Ivy League,Yale,Foil,Foil,Fy.,Fr,"Franklin Lakes, N.J.",Franklin Lakes,NJ,domestic,Indian Hills,0,https://yalebulldogs.com/sports/womens-fencing/roster/2025-26
fen_58873ad02d35,Alexandra,Drovetsky,fencing,2025-26,2025-26,D1,Women,Ivy League,Yale,Epee,Épée,Jr.,Jr,"Martinsville, N.J.",Martinsville,NJ,domestic,The Pingry School,0,https://yalebulldogs.com/sports/womens-fencing/roster/2025-26
fen_fc79ab3294c6,Irene,Jung,fencing,2025-26,2025-26,D1,Women,Ivy League,Yale,Saber,Sabre,Fy.,Fr,"Folsom, Calif.",Folsom,CA,domestic,Sacramento Country Day,0,https://yalebulldogs.com/sports/womens-fencing/roster/2025-26
fen_8e5d7bb79205,Michelle,Lee,fencing,2025-26,2025-26,D1,Women,Ivy League,Yale,Epee,Épée,Jr.,Jr,"Vienna, Va.",Vienna,VA,domestic,Reedy,0,https://yalebulldogs.com/sports/womens-fencing/roster/2025-26
fen_0dd32409f624,Audrey,Lin,fencing,2025-26,2025-26,D1,Women,Ivy League,Yale,Saber,Sabre,So.,So,"Richardson, Texas",Richardson,TX,domestic,Plano East,0,https://yalebulldogs.com/sports/womens-fencing/roster/2025-26
fen_011bc94424ff,Sophie,Liu,fencing,2025-26,2025-26,D1,Women,Ivy League,Yale,Saber,Sabre,Fy.,Fr,"North Potomac, Md.",North Potomac,MD,domestic,Thomas S. Wootton,0,https://yalebulldogs.com/sports/womens-fencing/roster/2025-26
fen_171dcb19c5fd,Anya,Mehrotra,fencing,2025-26,2025-26,D1,Women,Ivy League,Yale,Epee,Épée,So.,So,"Frisco, Texas",Frisco,TX,domestic,James E. Taylor,0,https://yalebulldogs.com/sports/womens-fencing/roster/2025-26
fen_891275152ed7,Amanda,O'Donnell,fencing,2025-26,2025-26,D1,Women,Ivy League,Yale,Epee,Épée,Sr.,Sr,"Chicago, Ill.",Chicago,IL,domestic,Chicago Laboratory Schools,0,https://yalebulldogs.com/sports/womens-fencing/roster/2025-26
fen_c5174ae60b62,Kristina,Petrova,fencing,2025-26,2025-26,D1,Women,Ivy League,Yale,Foil,Foil,Jr.,Jr,"Los Altos, Calif.",Los Altos,CA,domestic,Los Gatos,0,https://yalebulldogs.com/sports/womens-fencing/roster/2025-26
fen_5343ac35165a,Olivia,Ren,fencing,2025-26,2025-26,D1,Women,Ivy League,Yale,Foil,Foil,Sr.,Sr,"Harvard, Mass.",Harvard,MA,domestic,The Bromfield School,0,https://yalebulldogs.com/sports/womens-fencing/roster/2025-26
fen_7747abfc29bb,Helen,Wu,fencing,2025-26,2025-26,D1,Women,Ivy League,Yale,Saber,Sabre,Fy.,Fr,"Richmond Hill, Ont.",Richmond Hill,,international,,0,https://yalebulldogs.com/sports/womens-fencing/roster/2025-26
fen_888409bb5e0c,Alina,Zhang,fencing,2025-26,2025-26,D1,Women,Ivy League,Yale,Foil,Foil,So.,So,"Scarsdale, N.Y.",Scarsdale,NY,domestic,Scarsdale,0,https://yalebulldogs.com/sports/womens-fencing/roster/2025-26
fen_89f836b80631,Judy,Bang,fencing,2025-26,2025-26,D3,Women,Independent,Wellesley,Sabre,Sabre,"Seoul, South Korea BCC",UNK,"Seoul, South Korea",Seoul,,international,BCC,0,https://wellesleyblue.com/sports/womens-fencing/roster/2025-26
fen_33542d41db5d,Emma,Fung,fencing,2025-26,2025-26,D3,Women,Independent,Wellesley,Foil,Foil,"Saratoga, Calif. Saratoga",UNK,"Saratoga, Calif.",Saratoga,CA,domestic,Saratoga,0,https://wellesleyblue.com/sports/womens-fencing/roster/2025-26
fen_78035102397d,Rai,Henry,fencing,2025-26,2025-26,D3,Women,Independent,Wellesley,Sabre,Sabre,"Takoma Park, Md. Montgomery Blair",UNK,"Takoma Park, Md.",Takoma Park,MD,domestic,Montgomery Blair,0,https://wellesleyblue.com/sports/womens-fencing/roster/2025-26
fen_a493a9b00e80,Leena,Hobson,fencing,2025-26,2025-26,D3,Women,Independent,Wellesley,Foil,Foil,"Oakland, Calif. Bentley",UNK,"Oakland, Calif.",Oakland,CA,domestic,Bentley School,0,https://wellesleyblue.com/sports/womens-fencing/roster/2025-26
fen_ba9bcde72ed7,Rebecca,Hsieh,fencing,2025-26,2025-26,D3,Women,Independent,Wellesley,Sabre/Foil,Multi,"Annandale, Va. Thomas Jefferson Science and Technology",UNK,"Annandale, Va.",Annandale,VA,domestic,Thomas Jefferson Science and Technology,0,https://wellesleyblue.com/sports/womens-fencing/roster/2025-26
fen_a36232888ef4,Gina,Huang,fencing,2025-26,2025-26,D3,Women,Independent,Wellesley,Foil,Foil,"Taipei, Taiwan Kang Chiao International School",UNK,"Taipei, Taiwan",Taipei,,international,Kang Chiao International School,0,https://wellesleyblue.com/sports/womens-fencing/roster/2025-26
fen_9d67069048ef,Lauren,Khoo,fencing,2025-26,2025-26,D3,Women,Independent,Wellesley,Foil,Foil,"San Francisco, Calif. Lowell",UNK,"San Francisco, Calif.",San Francisco,CA,domestic,Lowell,0,https://wellesleyblue.com/sports/womens-fencing/roster/2025-26
fen_d9bc4da0ee5a,Lauren,Lee,fencing,2025-26,2025-26,D3,Women,Independent,Wellesley,Sabre,Sabre,"San Diego, Calif. Del Norte",UNK,"San Diego, Calif.",San Diego,CA,domestic,Del Norte,0,https://wellesleyblue.com/sports/womens-fencing/roster/2025-26
fen_8c2ab05a6a42,Elaine,Lin,fencing,2025-26,2025-26,D3,Women,Independent,Wellesley,Epee,Épée,"Flushing, N.Y. Bronx Science",UNK,"Flushing, N.Y.",Flushing,NY,domestic,Bronx Science,0,https://wellesleyblue.com/sports/womens-fencing/roster/2025-26
fen_1f759369b515,Lily,Millard,fencing,2025-26,2025-26,D3,Women,Independent,Wellesley,Epee,Épée,"Selkirk, N.Y. Bethlehem Central",UNK,"Selkirk, N.Y.",Selkirk,NY,domestic,Bethlehem Central,0,https://wellesleyblue.com/sports/womens-fencing/roster/2025-26
fen_b0591984de66,Michelle,Pan,fencing,2025-26,2025-26,D3,Women,Independent,Wellesley,Epee,Épée,"Arlington, Mass. Arlington",UNK,"Arlington, Mass.",Arlington,MA,domestic,Arlington,0,https://wellesleyblue.com/sports/womens-fencing/roster/2025-26
fen_775bede823a8,Julia,Peeler,fencing,2025-26,2025-26,D3,Women,Independent,Wellesley,Epee,Épée,"Fairfax, Va. Woodson",UNK,"Fairfax, Va.",Fairfax,VA,domestic,Woodson,0,https://wellesleyblue.com/sports/womens-fencing/roster/2025-26
fen_582016a1e363,Viola,Qian,fencing,2025-26,2025-26,D3,Women,Independent,Wellesley,Foil,Foil,"Jiangsu, China Qibao Dwight",UNK,"Jiangsu, China",Jiangsu,,international,Qibao Dwight,0,https://wellesleyblue.com/sports/womens-fencing/roster/2025-26
fen_a06cbbe7795a,Renee,Sun,fencing,2025-26,2025-26,D3,Women,Independent,Wellesley,Epee,Épée,"The Woodlands, Texas Woodlands",UNK,"The Woodlands, Texas",The Woodlands,TX,domestic,Woodlands,0,https://wellesleyblue.com/sports/womens-fencing/roster/2025-26
fen_4263002a9baf,Alice,Wang,fencing,2025-26,2025-26,D3,Women,Independent,Wellesley,Sabre,Sabre,"Newport Beach, Calif. Sage Hill School",UNK,"Newport Beach, Calif.",Newport Beach,CA,domestic,Sage Hill School,0,https://wellesleyblue.com/sports/womens-fencing/roster/2025-26
fen_65840e109519,Naomi,Wang,fencing,2025-26,2025-26,D3,Women,Independent,Wellesley,Sabre,Sabre,"Boston, Mass. Buckingham Browne & Nichols",UNK,"Boston, Mass.",Boston,MA,domestic,Buckingham Browne & Nichols,0,https://wellesleyblue.com/sports/womens-fencing/roster/2025-26
fen_cc0a3535d0c6,Daisy,Wiseman,fencing,2025-26,2025-26,D3,Women,Independent,Wellesley,Foil,Foil,"Austin, Texas McCallum",UNK,"Austin, Texas",Austin,TX,domestic,McCallum,0,https://wellesleyblue.com/sports/womens-fencing/roster/2025-26
fen_569a6800982d,Grace,Xu,fencing,2025-26,2025-26,D3,Women,Independent,Wellesley,Epee,Épée,"Toronto, Ontario Holy Trinity School",UNK,"Toronto, Ontario",Toronto,,international,Holy Trinity School,0,https://wellesleyblue.com/sports/womens-fencing/roster/2025-26
fen_e63d88b5ff07,Joy,Xu,fencing,2025-26,2025-26,D3,Women,Independent,Wellesley,Sabre,Sabre,"Shanghai, China Shanghai International Division",UNK,"Shanghai, China",Shanghai,,international,Shanghai International Division,0,https://wellesleyblue.com/sports/womens-fencing/roster/2025-26
fen_68c61aef5bb4,Sissi,Zou,fencing,2025-26,2025-26,D3,Women,Independent,Wellesley,Epee,Épée,"Shanghai, China YK Pao School",UNK,"Shanghai, China",Shanghai,,international,YK Pao School,0,https://wellesleyblue.com/sports/womens-fencing/roster/2025-26
fen_d8cc6c90cb6f,Kailyn,Choi,fencing,2025-26,2025-26,D1,Men,Mountain West Conference,Air Force,,UNK,Fr.,Fr,"San Diego, CA",San Diego,CA,domestic,Del Norte,0,https://web.archive.org/web/20260320095410/https://goairforcefalcons.com/sports/fencing/roster/2025-26
fen_89103ab1759e,Madi,Converse,fencing,2025-26,2025-26,D1,Men,Mountain West Conference,Air Force,,UNK,Jr.,Jr,"Greenville, TX",Greenville,TX,domestic,Putnam City,0,https://web.archive.org/web/20260320095410/https://goairforcefalcons.com/sports/fencing/roster/2025-26
fen_905298111a9a,Marisa,Green,fencing,2025-26,2025-26,D1,Men,Mountain West Conference,Air Force,,UNK,Fr.,Fr,"London, England",London,,international,Thaden,0,https://web.archive.org/web/20260320095410/https://goairforcefalcons.com/sports/fencing/roster/2025-26
fen_37f1abc311cc,Ellie,Kim,fencing,2025-26,2025-26,D1,Men,Mountain West Conference,Air Force,,UNK,Sr.,Sr,"Vienna, VA",Vienna,VA,domestic,James Madison High School,0,https://web.archive.org/web/20260320095410/https://goairforcefalcons.com/sports/fencing/roster/2025-26
fen_26685c21bba6,Melissa,Kline,fencing,2025-26,2025-26,D1,Men,Mountain West Conference,Air Force,,UNK,Sr.,Sr,"Mission Hills, KS",Mission Hills,KS,domestic,Shawnee Mission East,0,https://web.archive.org/web/20260320095410/https://goairforcefalcons.com/sports/fencing/roster/2025-26
fen_ad6e2461b4dd,Keira,Lonadier,fencing,2025-26,2025-26,D1,Men,Mountain West Conference,Air Force,,UNK,So.,So,"Concord, MA",Concord,MA,domestic,Concord-Carlisle,0,https://web.archive.org/web/20260320095410/https://goairforcefalcons.com/sports/fencing/roster/2025-26
fen_dbc6145ed940,Svetlanna,Mandap,fencing,2025-26,2025-26,D1,Men,Mountain West Conference,Air Force,,UNK,Fr.,Fr,"San Diego, CA",San Diego,CA,domestic,Mater Dei Catholic,0,https://web.archive.org/web/20260320095410/https://goairforcefalcons.com/sports/fencing/roster/2025-26
fen_5a9597401646,Heila,Pearson,fencing,2025-26,2025-26,D1,Men,Mountain West Conference,Air Force,,UNK,Jr.,Jr,"Colorado Springs, CO",Colorado Springs,CO,domestic,Vista Ridge,0,https://web.archive.org/web/20260320095410/https://goairforcefalcons.com/sports/fencing/roster/2025-26
fen_4fc078a8baf9,Isabella,Sun,fencing,2025-26,2025-26,D1,Men,Mountain West Conference,Air Force,,UNK,Fr.,Fr,"Roseland, NJ",Roseland,NJ,domestic,West Essex,0,https://web.archive.org/web/20260320095410/https://goairforcefalcons.com/sports/fencing/roster/2025-26
fen_ccc40f2883d1,Mira,Vestel,fencing,2025-26,2025-26,D1,Men,Mountain West Conference,Air Force,,UNK,Sr.,Sr,"San Francisco, CA",San Francisco,CA,domestic,The Urban School,0,https://web.archive.org/web/20260320095410/https://goairforcefalcons.com/sports/fencing/roster/2025-26
fen_5d2382d9fc7b,Christina,Watrall,fencing,2025-26,2025-26,D1,Men,Mountain West Conference,Air Force,,UNK,Jr.,Jr,"Mahwah, NJ",Mahwah,NJ,domestic,Mahwah,0,https://web.archive.org/web/20260320095410/https://goairforcefalcons.com/sports/fencing/roster/2025-26
fen_8e665c368d64,Priscilla,Yao,fencing,2025-26,2025-26,D1,Men,Mountain West Conference,Air Force,,UNK,So.,So,"Flushing, NY",Flushing,NY,domestic,Francis Lewis,0,https://web.archive.org/web/20260320095410/https://goairforcefalcons.com/sports/fencing/roster/2025-26
fen_3039ec821afc,William,Barber,fencing,2025-26,2025-26,D1,Men,Mountain West Conference,Air Force,,UNK,Sr.,Sr,"Scottsdale, AZ",Scottsdale,AZ,domestic,Brophy College Prep,1,https://web.archive.org/web/20260320095410/https://goairforcefalcons.com/sports/fencing/roster/2025-26
fen_fca002b84bfd,Kaiden,Choi,fencing,2025-26,2025-26,D1,Men,Mountain West Conference,Air Force,,UNK,Fr.,Fr,"Colorado Springs, CO",Colorado Springs,CO,domestic,Thomas MacLaren School,0,https://web.archive.org/web/20260320095410/https://goairforcefalcons.com/sports/fencing/roster/2025-26
fen_59be8900948e,Omar,Emara,fencing,2025-26,2025-26,D1,Men,Mountain West Conference,Air Force,,UNK,Sr.,Sr,"Arcadia, CA",Arcadia,CA,domestic,Arcadia High School,0,https://web.archive.org/web/20260320095410/https://goairforcefalcons.com/sports/fencing/roster/2025-26
fen_01df6a9febc6,Jack,Griffith,fencing,2025-26,2025-26,D1,Men,Mountain West Conference,Air Force,,UNK,Sr.,Sr,"Naples, FL",Naples,FL,domestic,Gulf Coast,0,https://web.archive.org/web/20260320095410/https://goairforcefalcons.com/sports/fencing/roster/2025-26
fen_f3f666d04be6,Jackson,Houtz,fencing,2025-26,2025-26,D1,Men,Mountain West Conference,Air Force,,UNK,Jr.,Jr,"Lakewood, CO",Lakewood,CO,domestic,Green Mountain,0,https://web.archive.org/web/20260320095410/https://goairforcefalcons.com/sports/fencing/roster/2025-26
fen_04b05cfe6883,Byung,Kim,fencing,2025-26,2025-26,D1,Men,Mountain West Conference,Air Force,,UNK,Fr.,Fr,"New York, NY",New York,NY,domestic,Stuyvesant,0,https://web.archive.org/web/20260320095410/https://goairforcefalcons.com/sports/fencing/roster/2025-26
fen_0dbcf62470c1,Richard,Li,fencing,2025-26,2025-26,D1,Men,Mountain West Conference,Air Force,,UNK,Fr.,Fr,"Southborough, MA",Southborough,MA,domestic,,0,https://web.archive.org/web/20260320095410/https://goairforcefalcons.com/sports/fencing/roster/2025-26
fen_8f0c44853d5e,Mack,Luebbe,fencing,2025-26,2025-26,D1,Men,Mountain West Conference,Air Force,,UNK,Sr.,Sr,"Seattle, WA",Seattle,WA,domestic,Shorecrest,0,https://web.archive.org/web/20260320095410/https://goairforcefalcons.com/sports/fencing/roster/2025-26
fen_7c4ab58bc79e,Griffin,May,fencing,2025-26,2025-26,D1,Men,Mountain West Conference,Air Force,,UNK,Fr.,Fr,"Atlanta, GA",Atlanta,GA,domestic,The Paideia School,0,https://web.archive.org/web/20260320095410/https://goairforcefalcons.com/sports/fencing/roster/2025-26
fen_72728e1f04f1,Andrei,Nazlymov,fencing,2025-26,2025-26,D1,Men,Mountain West Conference,Air Force,,UNK,Fr.,Fr,"Bethesda, MD",Bethesda,MD,domestic,Sidwell Friends School,0,https://web.archive.org/web/20260320095410/https://goairforcefalcons.com/sports/fencing/roster/2025-26
fen_39a9969e56ee,Sean,Oh,fencing,2025-26,2025-26,D1,Men,Mountain West Conference,Air Force,,UNK,Fr.,Fr,"Atlanta, GA",Atlanta,GA,domestic,Chamblee,0,https://web.archive.org/web/20260320095410/https://goairforcefalcons.com/sports/fencing/roster/2025-26
fen_910453b14c1e,Weapon,,fencing,2025-26,2025-26,D1,Men,Mountain West Conference,Air Force,,UNK,,UNK,,,,unknown,CA Mater Dei Catholic,0,https://web.archive.org/web/20260320095410/https://goairforcefalcons.com/sports/fencing/roster/2025-26
fen_d2dba0ae6e5e,Gabriella,Alfarache,fencing,2025-26,2025-26,D1,Women,Atlantic Coast Conference,North Carolina,Sabre,Sabre,So.,So,"Austin, Texas.",Austin,TX,domestic,McCallum Fine Arts Academy,1,https://goheels.com/api/v2/rosters?sportId=32
fen_5e54b71eaa00,Mariasole,Capellua,fencing,2025-26,2025-26,D1,Women,Atlantic Coast Conference,North Carolina,Epee,Épée,So.,So,"Nashville, Tenn.",Nashville,TN,domestic,Franklin High School,0,https://goheels.com/api/v2/rosters?sportId=32
fen_c7684bb3dc9d,Sreehitha,Gandluri,fencing,2025-26,2025-26,D1,Women,Atlantic Coast Conference,North Carolina,Foil,Foil,So.,So,"Clarksburg, Md.",Clarksburg,MD,domestic,Our Lady Of Good Counsel High School,0,https://goheels.com/api/v2/rosters?sportId=32
fen_8ff9fb88b80c,Dagny,Johnson,fencing,2025-26,2025-26,D1,Women,Atlantic Coast Conference,North Carolina,Sabre,Sabre,Fr.,Fr,"Rochester, N.Y.",Rochester,NY,domestic,Brighton,0,https://goheels.com/api/v2/rosters?sportId=32
fen_dd1f52d15d36,Molly,Kettelle,fencing,2025-26,2025-26,D1,Women,Atlantic Coast Conference,North Carolina,Foil/Right Hand,Foil,Jr.,Jr,"Tucson, Ariz.",Tucson,AZ,domestic,Catalina Foothills High School,0,https://goheels.com/api/v2/rosters?sportId=32
fen_f0c69cfa850b,Fiona,Lee,fencing,2025-26,2025-26,D1,Women,Atlantic Coast Conference,North Carolina,Foil,Foil,Fr.,Fr,"Lexington, K.y.",Lexington,KY,domestic,Sayre School,0,https://goheels.com/api/v2/rosters?sportId=32
fen_a93be78eace0,Samantha,Maryash,fencing,2025-26,2025-26,D1,Women,Atlantic Coast Conference,North Carolina,Sabre,Sabre,Fr.,Fr,"Merrick, N.Y.",Merrick,NY,domestic,John F. Kennedy,0,https://goheels.com/api/v2/rosters?sportId=32
fen_8b13c8dd52db,Katie,McGillion-Moore,fencing,2025-26,2025-26,D1,Women,Atlantic Coast Conference,North Carolina,Foil,Foil,Sr.,Sr,"Westport, Conn.",Westport,CT,domestic,Staples,0,https://goheels.com/api/v2/rosters?sportId=32
fen_7fccb075f6f0,Nicole,Milewski,fencing,2025-26,2025-26,D1,Women,Atlantic Coast Conference,North Carolina,Epee,Épée,Sr.,Sr,"Jacksonville, N.C.",Jacksonville,NC,domestic,White Oak,0,https://goheels.com/api/v2/rosters?sportId=32
fen_03ca4253e4d4,Jana,Mohamed,fencing,2025-26,2025-26,D1,Women,Atlantic Coast Conference,North Carolina,Sabre,Sabre,So.,So,"Cairo, Egypt.",Cairo,,international,Manaret elfarouk,0,https://goheels.com/api/v2/rosters?sportId=32
fen_b5eec48d17d5,Anjali,Pal,fencing,2025-26,2025-26,D1,Women,Atlantic Coast Conference,North Carolina,Sabre/Right Hand,Sabre,Jr.,Jr,"Waxhaw, N.C.",Waxhaw,NC,domestic,Central Academy of Technology and Arts,1,https://goheels.com/api/v2/rosters?sportId=32
fen_390bbffd0781,Zhiyan,Qian,fencing,2025-26,2025-26,D1,Women,Atlantic Coast Conference,North Carolina,Foil/Right Hand,Foil,Jr.,Jr,"Chapel Hill, N.C.",Chapel Hill,NC,domestic,East Chapel Hill,0,https://goheels.com/api/v2/rosters?sportId=32
fen_0bceaeb00f83,Sobia,Reid,fencing,2025-26,2025-26,D1,Women,Atlantic Coast Conference,North Carolina,Epee/Right Hand,Épée,Jr.,Jr,"Bernardsville, N.J.",Bernardsville,NJ,domestic,Newark Academy,1,https://goheels.com/api/v2/rosters?sportId=32
fen_4dbaa468956b,Charlotte,Scalamoni-Goldstein,fencing,2025-26,2025-26,D1,Women,Atlantic Coast Conference,North Carolina,Sabre/Left Hand,Sabre,Jr.,Jr,"Bridgewater, N.J.",Bridgewater,NJ,domestic,Academy of St Elizabeth,1,https://goheels.com/api/v2/rosters?sportId=32
fen_8a86c5d9ab9b,Mia,Smotritsky,fencing,2025-26,2025-26,D1,Women,Atlantic Coast Conference,North Carolina,Epee,Épée,So.,So,"Brooklyn, N.Y.",Brooklyn,NY,domestic,Townsend Harris,0,https://goheels.com/api/v2/rosters?sportId=32
fen_f6a81a160943,Anna,Temiryaev,fencing,2025-26,2025-26,D1,Women,Atlantic Coast Conference,North Carolina,Epee/Right Hand,Épée,Jr.,Jr,"Long Island, N.Y.",Long Island,NY,domestic,Hewlett High School,0,https://goheels.com/api/v2/rosters?sportId=32
fen_c0c90998af7e,Ella,Webb,fencing,2025-26,2025-26,D1,Women,Atlantic Coast Conference,North Carolina,Sabre,Sabre,Sr.,Sr,"East Grand Rapids, Mich.",East Grand Rapids,MI,domestic,East Grand Rapids,0,https://goheels.com/api/v2/rosters?sportId=32
fen_f665a3d68cf0,Lauren,Yu,fencing,2025-26,2025-26,D1,Women,Atlantic Coast Conference,North Carolina,Foil,Foil,So.,So,"Cresskill, N.J.",Cresskill,NJ,domestic,Bergen County Academies,0,https://goheels.com/api/v2/rosters?sportId=32
fen_4678ae684e9e,Tatiana,Zafft,fencing,2025-26,2025-26,D1,Women,Atlantic Coast Conference,North Carolina,Epee,Épée,So.,So,"Boston, Mass.",Boston,MA,domestic,Concord Carlisle,0,https://goheels.com/api/v2/rosters?sportId=32
fen_93c7c1c420c3,Kaitlyn,Zanga,fencing,2025-26,2025-26,D1,Women,Atlantic Coast Conference,North Carolina,Epee,Épée,Fr.,Fr,"Pittsboro, N.C.",Pittsboro,NC,domestic,Seaforth,0,https://goheels.com/api/v2/rosters?sportId=32
fen_1425ed926b8e,Elizabeth,Zigalo,fencing,2025-26,2025-26,D1,Women,Atlantic Coast Conference,North Carolina,Epee,Épée,Fr.,Fr,"Brooklyn, N.Y.",Brooklyn,NY,domestic,Leon M. Goldstein,0,https://goheels.com/api/v2/rosters?sportId=32
fen_dd815436324e,Vasko,Atanassov,fencing,2025-26,2025-26,D1,Men,Atlantic Coast Conference,North Carolina,Sabre,Sabre,Fr.,Fr,"Beaverton, Ore.",Beaverton,OR,domestic,Westgate Christian,0,https://goheels.com/api/v2/rosters?sportId=32
fen_43c7c6e7aee8,Nick,Baumstein,fencing,2025-26,2025-26,D1,Men,Atlantic Coast Conference,North Carolina,Foil,Foil,Sr.,Sr,"Brooklyn, N.Y.",Brooklyn,NY,domestic,The Beacon School,0,https://goheels.com/api/v2/rosters?sportId=32
fen_264f827f4752,Peter,Bruk,fencing,2025-26,2025-26,D1,Men,Atlantic Coast Conference,North Carolina,Foil,Foil,So.,So,"Hoboken, N.J.",Hoboken,NJ,domestic,Saint Peter's Prep,1,https://goheels.com/api/v2/rosters?sportId=32
fen_57f018e0262a,Finn,Buchmann,fencing,2025-26,2025-26,D1,Men,Atlantic Coast Conference,North Carolina,Sabre,Sabre,So.,So,"Kinnelon, N.J.",Kinnelon,NJ,domestic,Laurel Springs School,0,https://goheels.com/api/v2/rosters?sportId=32
fen_1c092933e922,Ari,Etin,fencing,2025-26,2025-26,D1,Men,Atlantic Coast Conference,North Carolina,Sabre/Right Hand,Sabre,Sr.,Sr,"Cary, N.C.",Cary,NC,domestic,North Carolina School of Science and Mathematics,0,https://goheels.com/api/v2/rosters?sportId=32
fen_022ce9dce697,Logan,Gatza,fencing,2025-26,2025-26,D1,Men,Atlantic Coast Conference,North Carolina,Foil,Foil,Sr.,Sr,"Sanford, Fla.",Sanford,FL,domestic,"Sanford, Florida High School: Crooms Academy of Information Technology",1,https://goheels.com/api/v2/rosters?sportId=32
fen_6828c3478b60,Sebastian,Glennon,fencing,2025-26,2025-26,D1,Men,Atlantic Coast Conference,North Carolina,Epee,Épée,Fr.,Fr,"Huntersville, N.C.",Huntersville,NC,domestic,William Amos Hough,0,https://goheels.com/api/v2/rosters?sportId=32
fen_8dec2cd47717,Brayden,Gyure,fencing,2025-26,2025-26,D1,Men,Atlantic Coast Conference,North Carolina,Epee/Right Hand,Épée,Jr.,Jr,"Frisco, Texas.",Frisco,TX,domestic,Reedy High School,0,https://goheels.com/api/v2/rosters?sportId=32
fen_4c86c10bd7d4,Shekar,Jayendra,fencing,2025-26,2025-26,D1,Men,Atlantic Coast Conference,North Carolina,Epee,Épée,Sr.,Sr,"Allen, Texas.",Allen,TX,domestic,Seven Lakes,0,https://goheels.com/api/v2/rosters?sportId=32
fen_e1e494214972,Will,Joseph,fencing,2025-26,2025-26,D1,Men,Atlantic Coast Conference,North Carolina,Epee,Épée,Gr.,Gr,"Charlotte, N.C.",Charlotte,NC,domestic,,0,https://goheels.com/api/v2/rosters?sportId=32
fen_7db0d38737c8,Connor,Lee,fencing,2025-26,2025-26,D1,Men,Atlantic Coast Conference,North Carolina,Foil/Right Hand,Foil,Gr.,Gr,"Granger, Ind.",Granger,IN,domestic,Culver Acadamies,0,https://goheels.com/api/v2/rosters?sportId=32
fen_e5ac7baa3270,John,Lin,fencing,2025-26,2025-26,D1,Men,Atlantic Coast Conference,North Carolina,Sabre/Right Hand,Sabre,Jr.,Jr,"Stamford, Conn.",Stamford,CT,domestic,Brunswick School,0,https://goheels.com/api/v2/rosters?sportId=32
fen_db1bcfea6989,Boris,Muga,fencing,2025-26,2025-26,D1,Men,Atlantic Coast Conference,North Carolina,Epee/Right Hand,Épée,Jr.,Jr,"San Antonio, Texas",San Antonio,TX,domestic,International School of the Americas,0,https://goheels.com/api/v2/rosters?sportId=32
fen_001d85519b5c,Cristian,Porras,fencing,2025-26,2025-26,D1,Men,Atlantic Coast Conference,North Carolina,Foil,Foil,So.,So,"Gig Harbor, Wash.",Gig Harbor,WA,domestic,Gig Harbor,0,https://goheels.com/api/v2/rosters?sportId=32
fen_2697ce120b7f,Ivan,Radoslavov,fencing,2025-26,2025-26,D1,Men,Atlantic Coast Conference,North Carolina,Foil,Foil,Fr.,Fr,"Jersey City, N.J.",Jersey City,NJ,domestic,Regis,0,https://goheels.com/api/v2/rosters?sportId=32
fen_4b83b2e19160,Jacob,Rosenberg,fencing,2025-26,2025-26,D1,Men,Atlantic Coast Conference,North Carolina,Epee/Right Hand,Épée,Jr.,Jr,"Jersey City, N.J.",Jersey City,NJ,domestic,Hudson County Schools of Technology,0,https://goheels.com/api/v2/rosters?sportId=32
fen_5f7d9a8cfee4,Youssef,Shamel,fencing,2025-26,2025-26,D1,Men,Atlantic Coast Conference,North Carolina,Epee,Épée,Fr.,Fr,"Tanta, Egypt",Tanta,,international,Leaders Language School,0,https://goheels.com/api/v2/rosters?sportId=32
fen_cb8e33807840,Alexander,Sichitiu,fencing,2025-26,2025-26,D1,Men,Atlantic Coast Conference,North Carolina,Foil/Left Hand,Foil,Jr.,Jr,"Cary, N.C.",Cary,NC,domestic,Cary High School,0,https://goheels.com/api/v2/rosters?sportId=32
fen_98c5a1e78242,Aiden,Song,fencing,2025-26,2025-26,D1,Men,Atlantic Coast Conference,North Carolina,Foil,Foil,Fr.,Fr,"Coppell, Texas.",Coppell,TX,domestic,Coppell,0,https://goheels.com/api/v2/rosters?sportId=32
fen_663bcfa8e95e,Yanni,Tsimiklis,fencing,2025-26,2025-26,D1,Men,Atlantic Coast Conference,North Carolina,Foil,Foil,Fr.,Fr,"Jericho, N.Y.",Jericho,NY,domestic,Jericho,0,https://goheels.com/api/v2/rosters?sportId=32
fen_9c09e33606f6,Connor,Williams,fencing,2025-26,2025-26,D1,Men,Atlantic Coast Conference,North Carolina,Foil,Foil,Jr.,Jr,"Birmingham, Ala.",Birmingham,AL,domestic,Evangel Christian School,0,https://goheels.com/api/v2/rosters?sportId=32
fen_d0b06d3d86cc,Nicky,Wind,fencing,2025-26,2025-26,D1,Men,Atlantic Coast Conference,North Carolina,Sabre,Sabre,Sr.,Sr,"Cos Cob, Conn.",Cos Cob,CT,domestic,Hackley School,0,https://goheels.com/api/v2/rosters?sportId=32
fen_e594327aec38,Elden,Wood,fencing,2025-26,2025-26,D1,Men,Atlantic Coast Conference,North Carolina,Sabre,Sabre,Sr.,Sr,"New York, N.Y.",New York,NY,domestic,Lycée Francais de New York,0,https://goheels.com/api/v2/rosters?sportId=32
fen_565e476339d7,Connor,Woodward,fencing,2025-26,2025-26,D1,Men,Atlantic Coast Conference,North Carolina,Sabre,Sabre,So.,So,"Chapel Hill, N.C.",Chapel Hill,NC,domestic,,0,https://goheels.com/api/v2/rosters?sportId=32
fen_cf569372b865,Maximo,Zafft,fencing,2025-26,2025-26,D1,Men,Atlantic Coast Conference,North Carolina,Epee/Right Hand,Épée,Jr.,Jr,"Boston, Mass.",Boston,MA,domestic,Concord Carlisle,0,https://goheels.com/api/v2/rosters?sportId=32
fen_b9ec61677609,Soph,Bililies,fencing,2025-26,2025-26,D1,Women,Ivy League,Brown,Sabre,Sabre,Jr.,Jr,"Natick, Mass.",Natick,MA,domestic,Dana Hall,0,https://brownbears.com/sports/fencing/roster/2025-26
fen_b4945222e080,Jessie,Chen,fencing,2025-26,2025-26,D1,Women,Ivy League,Brown,Foil,Foil,Jr.,Jr,"Toronto, Ontario",Toronto,,international,University of Toronto Schools,0,https://brownbears.com/sports/fencing/roster/2025-26
fen_b41acb66ea8d,Grace,Li,fencing,2025-26,2025-26,D1,Women,Ivy League,Brown,Foil,Foil,Sr.,Sr,"Newton, Mass.",Newton,MA,domestic,Newton North High School,0,https://brownbears.com/sports/fencing/roster/2025-26
fen_d482cdb4a689,Amy,Mao,fencing,2025-26,2025-26,D1,Women,Ivy League,Brown,Epee,Épée,Jr.,Jr,"Belle Mead, N.J.",Belle Mead,NJ,domestic,Montgomery High School,0,https://brownbears.com/sports/fencing/roster/2025-26
fen_f6c4fec71107,Dasha,Smuk,fencing,2025-26,2025-26,D1,Women,Ivy League,Brown,Epee,Épée,Sr.,Sr,"Barrington, R.I.",Barrington,RI,domestic,Barrington,0,https://brownbears.com/sports/fencing/roster/2025-26
fen_edc3b868d2d4,Alyssa,Sun,fencing,2025-26,2025-26,D1,Women,Ivy League,Brown,Sabre,Sabre,Sr.,Sr,"Wilsonville, Ore.",Wilsonville,OR,domestic,Wilsonville,0,https://brownbears.com/sports/fencing/roster/2025-26
fen_e547c42f0c8b,Apoorva,Talwalkar,fencing,2025-26,2025-26,D1,Women,Ivy League,Brown,Foil,Foil,Jr.,Jr,"Saratoga, Calif.",Saratoga,CA,domestic,Saratoga,0,https://brownbears.com/sports/fencing/roster/2025-26
fen_e3255600970c,Alexandra,Tzou,fencing,2025-26,2025-26,D1,Women,Ivy League,Brown,Sabre,Sabre,Sr.,Sr,"New York, N.Y.",New York,NY,domestic,The Spence School,0,https://brownbears.com/sports/fencing/roster/2025-26
fen_434712b9d2cc,Misha,Bezrodnov,fencing,2025-26,2025-26,D1,Men,Ivy League,Columbia,EPEE,Épée,FY,Fr,"Mountainside, N.J.",Mountainside,NJ,domestic,Academy for Information Technology,1,https://gocolumbialions.com/api/v2/rosters?sportId=33
fen_87aec021ad3b,Sasha,Bezrodnov,fencing,2025-26,2025-26,D1,Men,Ivy League,Columbia,EPEE,Épée,FY,Fr,"Mountainside, N.J.",Mountainside,NJ,domestic,Academy for Information Technology,1,https://gocolumbialions.com/api/v2/rosters?sportId=33
fen_3443043f5034,Jaden,Callahan,fencing,2025-26,2025-26,D1,Men,Ivy League,Columbia,SABRE,Sabre,Jr.,Jr,"San Diego, Calif.",San Diego,CA,domestic,The Grauer School,0,https://gocolumbialions.com/api/v2/rosters?sportId=33
fen_7687bfc5523e,Marcos,Cano,fencing,2025-26,2025-26,D1,Men,Ivy League,Columbia,FOIL,Foil,FY,Fr,"Miami, Fla.",Miami,FL,domestic,Palmer Trinity School,0,https://gocolumbialions.com/api/v2/rosters?sportId=33
fen_4edc50a32a78,Ian,Chen,fencing,2025-26,2025-26,D1,Men,Ivy League,Columbia,FOIL,Foil,So.,So,"Macao, China",Macao,,international,The International School of Macao,0,https://gocolumbialions.com/api/v2/rosters?sportId=33
fen_24a893cf26b9,Bogdan,Hamilton,fencing,2025-26,2025-26,D1,Men,Ivy League,Columbia,FOIL,Foil,Sr.,Sr,"St. Louis, Mo.",St. Louis,MO,domestic,Mary Institute Country Day School,0,https://gocolumbialions.com/api/v2/rosters?sportId=33
fen_c440a862ba6b,Colby,Harley,fencing,2025-26,2025-26,D1,Men,Ivy League,Columbia,SABRE,Sabre,Sr.,Sr,"Alpharetta, Ga.",Alpharetta,GA,domestic,Woodward Academy,1,https://gocolumbialions.com/api/v2/rosters?sportId=33
fen_d591e60b2f92,Nick,Harvey,fencing,2025-26,2025-26,D1,Men,Ivy League,Columbia,SABRE,Sabre,Sr.,Sr,"College Park, Ga.",College Park,GA,domestic,The Westminster Schools,0,https://gocolumbialions.com/api/v2/rosters?sportId=33
fen_83e801094384,Matthew,He,fencing,2025-26,2025-26,D1,Men,Ivy League,Columbia,EPEE,Épée,So.,So,"Mahomet, Ill.",Mahomet,IL,domestic,Mahomet-Seymour,0,https://gocolumbialions.com/api/v2/rosters?sportId=33
fen_6d9d150c6008,Caleb,Jeon,fencing,2025-26,2025-26,D1,Men,Ivy League,Columbia,FOIL,Foil,FY,Fr,"Fort Lee, N.J.",Fort Lee,NJ,domestic,Los Altos (Calif.),0,https://gocolumbialions.com/api/v2/rosters?sportId=33
fen_a60ecb4c667c,Samarth,Kumbla,fencing,2025-26,2025-26,D1,Men,Ivy League,Columbia,FOIL,Foil,Jr.,Jr,"San Jose, Calif.",San Jose,CA,domestic,Valley Christian,0,https://gocolumbialions.com/api/v2/rosters?sportId=33
fen_6d5fb12de240,Julien,Lim,fencing,2025-26,2025-26,D1,Men,Ivy League,Columbia,EPEE,Épée,FY,Fr,Singapore,Singapore,,international,Tanglin Trust School,0,https://gocolumbialions.com/api/v2/rosters?sportId=33
fen_905d7a6eeac4,Skyler,Liverant,fencing,2025-26,2025-26,D1,Men,Ivy League,Columbia,EPEE,Épée,Sr.,Sr,"Brooklyn, N.Y.",Brooklyn,NY,domestic,Prospect Charter School,0,https://gocolumbialions.com/api/v2/rosters?sportId=33
fen_80a0178a6842,Luka,Loncar,fencing,2025-26,2025-26,D1,Men,Ivy League,Columbia,EPEE,Épée,So.,So,"Belmont, Mass.",Belmont,MA,domestic,Boston University Academy,1,https://gocolumbialions.com/api/v2/rosters?sportId=33
fen_dbb6ec10c251,Gabriel,McCarthy,fencing,2025-26,2025-26,D1,Men,Ivy League,Columbia,SABRE,Sabre,FY,Fr,"New York, N.Y.",New York,NY,domestic,Bronx High School of Science,0,https://gocolumbialions.com/api/v2/rosters?sportId=33
fen_f627ed2c90be,Will,Morrill,fencing,2025-26,2025-26,D1,Men,Ivy League,Columbia,SABRE,Sabre,So.,So,"New York, N.Y.",New York,NY,domestic,High School for Math Science & Engineering,0,https://gocolumbialions.com/api/v2/rosters?sportId=33
fen_911ae2535672,Marsel,Nagimov,fencing,2025-26,2025-26,D1,Men,Ivy League,Columbia,FOIL,Foil,Jr.,Jr,"San Jose, Calif.",San Jose,CA,domestic,Leigh,0,https://gocolumbialions.com/api/v2/rosters?sportId=33
fen_d9d590da0a80,Zeyad,Nofal,fencing,2025-26,2025-26,D1,Men,Ivy League,Columbia,SABRE,Sabre,So.,So,"Cairo, Egypt",Cairo,,international,New Castle International School,0,https://gocolumbialions.com/api/v2/rosters?sportId=33
fen_ede45eeb9755,Enoch,Xiao,fencing,2025-26,2025-26,D1,Men,Ivy League,Columbia,FOIL,Foil,Jr.,Jr,"Birmingham, Ala.",Birmingham,AL,domestic,Indian Springs School,0,https://gocolumbialions.com/api/v2/rosters?sportId=33
fen_f47f84de4e42,Ethan,Xiao,fencing,2025-26,2025-26,D1,Men,Ivy League,Columbia,FOIL,Foil,Jr.,Jr,"Birmingham, Ala.",Birmingham,AL,domestic,Indian Springs School,0,https://gocolumbialions.com/api/v2/rosters?sportId=33
fen_4512f6e8bdef,Barbara,Bezuglaya,fencing,2025-26,2025-26,D1,Women,Ivy League,Columbia,EPEE,Épée,FY,Fr,"Pacific Palisades, Calif.",Pacific Palisades,CA,domestic,Viewpoint School,0,https://gocolumbialions.com/api/v2/rosters?sportId=33
fen_a68865e5eccb,Janet,Chen,fencing,2025-26,2025-26,D1,Women,Ivy League,Columbia,EPEE,Épée,Jr.,Jr,"Shanghai, China",Shanghai,,international,"Mulgrave School (Vancouver, Canada)",0,https://gocolumbialions.com/api/v2/rosters?sportId=33
fen_d41d47bcc1c8,Evelyn,Cheng,fencing,2025-26,2025-26,D1,Women,Ivy League,Columbia,FOIL,Foil,Sr.,Sr,"Lexington, Mass.",Lexington,MA,domestic,Palo Alto (Calif.),0,https://gocolumbialions.com/api/v2/rosters?sportId=33
fen_fbec2556043a,Mikayla,Chusid,fencing,2025-26,2025-26,D1,Women,Ivy League,Columbia,FOIL,Foil,FY,Fr,"Franklin Lakes, N.J.",Franklin Lakes,NJ,domestic,Indian Hills,0,https://gocolumbialions.com/api/v2/rosters?sportId=33
fen_1cf5dfec1ccf,Madison,Four-Garcia,fencing,2025-26,2025-26,D1,Women,Ivy League,Columbia,SABRE,Sabre,Sr.,Sr,"Cliffside Park, N.J.",Cliffside Park,NJ,domestic,Horace Mann School (N.Y.),0,https://gocolumbialions.com/api/v2/rosters?sportId=33
fen_5495e52c0da7,Janna,Freedman,fencing,2025-26,2025-26,D1,Women,Ivy League,Columbia,SABRE,Sabre,So.,So,"Los Angeles, Calif.",Los Angeles,CA,domestic,Palos Verdes Peninsula,0,https://gocolumbialions.com/api/v2/rosters?sportId=33
fen_3c58fa709789,Sofia,Gaydos,fencing,2025-26,2025-26,D1,Women,Ivy League,Columbia,FOIL,Foil,Sr.,Sr,"New York, N.Y.",New York,NY,domestic,"H.S. for Mathematics, Science & Engineering at City College",0,https://gocolumbialions.com/api/v2/rosters?sportId=33
fen_9eccd176e246,Tamar,Gordon,fencing,2025-26,2025-26,D1,Women,Ivy League,Columbia,SABRE,Sabre,Sr.,Sr,"Richmond, British Columbia, Canada","Richmond, British Columbia",,international,McMath Secondary School,0,https://gocolumbialions.com/api/v2/rosters?sportId=33
fen_90c4bab472cb,Nadia,Hayes,fencing,2025-26,2025-26,D1,Women,Ivy League,Columbia,FOIL,Foil,FY,Fr,"West Vancouver, British Columbia",West Vancouver,,international,Sentinel Secondary,0,https://gocolumbialions.com/api/v2/rosters?sportId=33
fen_b080cb984c41,Sophia,Jakel,fencing,2025-26,2025-26,D1,Women,Ivy League,Columbia,EPEE,Épée,So.,So,"Bethesda, Md.",Bethesda,MD,domestic,Walt Whitman,0,https://gocolumbialions.com/api/v2/rosters?sportId=33
fen_b7b9eb77001b,Alexandra,Jing,fencing,2025-26,2025-26,D1,Women,Ivy League,Columbia,FOIL,Foil,Sr.,Sr,"Boston, Mass.",Boston,MA,domestic,Boston Latin School,0,https://gocolumbialions.com/api/v2/rosters?sportId=33
fen_29a812500a2b,Jayna,Kim,fencing,2025-26,2025-26,D1,Women,Ivy League,Columbia,EPEE,Épée,FY,Fr,"Las Vegas, Nev.",Las Vegas,NV,domestic,Ed W. Clark,0,https://gocolumbialions.com/api/v2/rosters?sportId=33
fen_d9c333ca6d58,Rachael,Kim,fencing,2025-26,2025-26,D1,Women,Ivy League,Columbia,FOIL,Foil,Jr.,Jr,"Paramus, N.J.",Paramus,NJ,domestic,Paramus Catholic,0,https://gocolumbialions.com/api/v2/rosters?sportId=33
fen_5b2a46a006e1,Hannah,Lee,fencing,2025-26,2025-26,D1,Women,Ivy League,Columbia,SABRE,Sabre,FY,Fr,"Wellesley, Mass.",Wellesley,MA,domestic,Wellesley,0,https://gocolumbialions.com/api/v2/rosters?sportId=33
fen_659a48a77860,Sumin,Lee,fencing,2025-26,2025-26,D1,Women,Ivy League,Columbia,EPEE,Épée,So.,So,"Las Vegas, Nev.",Las Vegas,NV,domestic,West Career & Technical Academy,1,https://gocolumbialions.com/api/v2/rosters?sportId=33
fen_80fb385193b2,Katerina,Lung,fencing,2025-26,2025-26,D1,Women,Ivy League,Columbia,FOIL,Foil,FY,Fr,"Lexington, Mass.",Lexington,MA,domestic,Lexington,0,https://gocolumbialions.com/api/v2/rosters?sportId=33
fen_bb91a5e29d29,Pilar,Maldonado,fencing,2025-26,2025-26,D1,Women,Ivy League,Columbia,EPEE,Épée,Sr.,Sr,"San Antonio, Texas",San Antonio,TX,domestic,School of the Americas,0,https://gocolumbialions.com/api/v2/rosters?sportId=33
fen_e03c57c1f01b,Veronica,Mika,fencing,2025-26,2025-26,D1,Women,Ivy League,Columbia,SABRE,Sabre,So.,So,"Basking Ridge, N.J.",Basking Ridge,NJ,domestic,Ridge,0,https://gocolumbialions.com/api/v2/rosters?sportId=33
fen_0a0b4853f3f2,Tierna,Oxenreider,fencing,2025-26,2025-26,D1,Women,Ivy League,Columbia,EPEE,Épée,Sr.,Sr,"Reynoldsburg, Ohio",Reynoldsburg,OH,domestic,Metro Early College High School,0,https://gocolumbialions.com/api/v2/rosters?sportId=33
fen_4dd97e9cb7d0,Zander,Rhodes,fencing,2025-26,2025-26,D1,Women,Ivy League,Columbia,FOIL,Foil,Sr.,Sr,"South Orange, N.J.",South Orange,NJ,domestic,Columbia H.S.,0,https://gocolumbialions.com/api/v2/rosters?sportId=33
fen_f3645b475c78,Carolina,Stutchbury,fencing,2025-26,2025-26,D1,Women,Ivy League,Columbia,FOIL,Foil,So.,So,"Atlanta, Ga.",Atlanta,GA,domestic,Stanford Online High School,0,https://gocolumbialions.com/api/v2/rosters?sportId=33
fen_201ac523ae53,Chloe,Szeto,fencing,2025-26,2025-26,D1,Women,Ivy League,Columbia,SABRE,Sabre,Jr.,Jr,"Weston, Mass.",Weston,MA,domestic,Weston,0,https://gocolumbialions.com/api/v2/rosters?sportId=33
fen_6e835d29453e,Claire,Wang,fencing,2025-26,2025-26,D1,Women,Ivy League,Columbia,EPEE,Épée,So.,So,"Beijing, China",Beijing,,international,Dulwich College Beijing,0,https://gocolumbialions.com/api/v2/rosters?sportId=33
fen_31adb170af04,Nicole,Xuan,fencing,2025-26,2025-26,D1,Women,Ivy League,Columbia,EPEE,Épée,FY,Fr,"Toronto, Ontario",Toronto,,international,Holy Trinity School,0,https://gocolumbialions.com/api/v2/rosters?sportId=33
fen_57092bb2cdff,Alanna,Xue,fencing,2025-26,2025-26,D1,Women,Ivy League,Columbia,FOIL,Foil,Sr.,Sr,"Boston, Mass.",Boston,MA,domestic,Noble and Greenough School,0,https://gocolumbialions.com/api/v2/rosters?sportId=33
fen_48393a928b36,Angelina,Yang,fencing,2025-26,2025-26,D1,Women,Ivy League,Columbia,SABRE,Sabre,FY,Fr,"Pomona, Calif.",Pomona,CA,domestic,Fairmont Preparatory Academy,1,https://gocolumbialions.com/api/v2/rosters?sportId=33
fen_3d90c697e439,Meagan,Yao Co Say,fencing,2025-26,2025-26,D1,Women,Ivy League,Columbia,SABRE,Sabre,So.,So,"Quezon City, Philippines",Quezon City,,international,Everest Academy,1,https://gocolumbialions.com/api/v2/rosters?sportId=33
fen_bae460e2f64f,Valentina,Zheng,fencing,2025-26,2025-26,D1,Women,Ivy League,Columbia,SABRE,Sabre,FY,Fr,"Livingston, N.J.",Livingston,NJ,domestic,Livingston,0,https://gocolumbialions.com/api/v2/rosters?sportId=33
fen_1a19502f0c28,Salome,Berger,fencing,2025-26,2025-26,D1,Women,Big East Conference,St. John's (NY),Saber,Sabre,So.,So,"Gémenos, France",Gémenos,,international,,0,https://redstormsports.com/api/v2/rosters?sportId=2
fen_9b7891a92acf,Chloe,Butman,fencing,2025-26,2025-26,D1,Women,Big East Conference,St. John's (NY),Saber,Sabre,Fr.,Fr,"Briarcliff Manor, N.Y.",Briarcliff Manor,NY,domestic,,0,https://redstormsports.com/api/v2/rosters?sportId=2
fen_43ca482d1bd2,Evelyn,Cavanaugh,fencing,2025-26,2025-26,D1,Women,Big East Conference,St. John's (NY),Epee,Épée,Jr.,Jr,,,,unknown,,0,https://redstormsports.com/api/v2/rosters?sportId=2
fen_bd68203905b6,Mokshada,Choudhary,fencing,2025-26,2025-26,D1,Women,Big East Conference,St. John's (NY),Saber,Sabre,Fr.,Fr,,,,unknown,,0,https://redstormsports.com/api/v2/rosters?sportId=2
fen_41fa61832e8b,Kaijinsei,Dela Serna,fencing,2025-26,2025-26,D1,Women,Big East Conference,St. John's (NY),Foil,Foil,Fr.,Fr,,,,unknown,,0,https://redstormsports.com/api/v2/rosters?sportId=2
fen_06fabfd38dc9,Catinca,Dumitru,fencing,2025-26,2025-26,D1,Women,Big East Conference,St. John's (NY),Saber,Sabre,Jr.,Jr,,,,unknown,,0,https://redstormsports.com/api/v2/rosters?sportId=2
fen_7511d9548d95,Nicole,Feygin,fencing,2025-26,2025-26,D1,Women,Big East Conference,St. John's (NY),Epee,Épée,Jr.,Jr,"Ma’alot, Israel",Ma’alot,,international,,0,https://redstormsports.com/api/v2/rosters?sportId=2
fen_93a12efa6a04,Eva,Galper,fencing,2025-26,2025-26,D1,Women,Big East Conference,St. John's (NY),Epee,Épée,Jr.,Jr,,,,unknown,,0,https://redstormsports.com/api/v2/rosters?sportId=2
fen_e7f736ce0c12,Malwina,Kolodziejczyk,fencing,2025-26,2025-26,D1,Women,Big East Conference,St. John's (NY),Foil,Foil,Sr.,Sr,"Gdansk, Poland",Gdansk,,international,,0,https://redstormsports.com/api/v2/rosters?sportId=2
fen_38ac31d0d553,Anastasiia,Kudierova,fencing,2025-26,2025-26,D1,Women,Big East Conference,St. John's (NY),Epee,Épée,Sr.,Sr,"Kyiv, Ukraine",Kyiv,,international,,0,https://redstormsports.com/api/v2/rosters?sportId=2
fen_5fb31f178f73,Antonina,Lachman,fencing,2025-26,2025-26,D1,Women,Big East Conference,St. John's (NY),Foil,Foil,Sr.,Sr,"Poznan, Poland",Poznan,,international,,0,https://redstormsports.com/api/v2/rosters?sportId=2
fen_fd0ad46ed6fc,Elisa,Treglia,fencing,2025-26,2025-26,D1,Women,Big East Conference,St. John's (NY),Epee,Épée,Jr.,Jr,,,,unknown,,0,https://redstormsports.com/api/v2/rosters?sportId=2
fen_aa1814af7c49,Spencer,Collymore,fencing,2025-26,2025-26,D1,Men,Big East Conference,St. John's (NY),Epee,Épée,Jr.,Jr,,,,unknown,,0,https://redstormsports.com/api/v2/rosters?sportId=2
fen_fa58f47c971b,Justin,Cotterell-Roberts,fencing,2025-26,2025-26,D1,Men,Big East Conference,St. John's (NY),Saber,Sabre,Jr.,Jr,,,,unknown,,0,https://redstormsports.com/api/v2/rosters?sportId=2
fen_263541b652ac,Vlad,Covaliu,fencing,2025-26,2025-26,D1,Men,Big East Conference,St. John's (NY),Saber,Sabre,So.,So,,,,unknown,,0,https://redstormsports.com/api/v2/rosters?sportId=2
fen_f9a13bcc5f86,Sebastian,Garcia,fencing,2025-26,2025-26,D1,Men,Big East Conference,St. John's (NY),Foil,Foil,Fr.,Fr,"Brooklyn, N.Y.",Brooklyn,NY,domestic,,0,https://redstormsports.com/api/v2/rosters?sportId=2
fen_add13cb12234,Adam,Horvath,fencing,2025-26,2025-26,D1,Men,Big East Conference,St. John's (NY),Epee,Épée,Jr.,Jr,,,,unknown,,0,https://redstormsports.com/api/v2/rosters?sportId=2
fen_094b704bf48f,Samuel,Imrek,fencing,2025-26,2025-26,D1,Men,Big East Conference,St. John's (NY),Epee,Épée,So.,So,,,,unknown,,0,https://redstormsports.com/api/v2/rosters?sportId=2
fen_8b5d868de575,Daniel,Lendvai,fencing,2025-26,2025-26,D1,Men,Big East Conference,St. John's (NY),Saber,Sabre,So.,So,,,,unknown,,0,https://redstormsports.com/api/v2/rosters?sportId=2
fen_88b91e452ff8,Darii,Lukashenko,fencing,2025-26,2025-26,D1,Men,Big East Conference,St. John's (NY),Saber,Sabre,So.,So,,,,unknown,,0,https://redstormsports.com/api/v2/rosters?sportId=2
fen_015ae2c02d41,Daniil,Mazur,fencing,2025-26,2025-26,D1,Men,Big East Conference,St. John's (NY),Epee,Épée,Jr.,Jr,"Khmelnytskyi, Ukraine",Khmelnytskyi,,international,,0,https://redstormsports.com/api/v2/rosters?sportId=2
fen_d2c1782d91a0,Adham,Moataz,fencing,2025-26,2025-26,D1,Men,Big East Conference,St. John's (NY),Saber,Sabre,Jr.,Jr,"Cairo, Egypt",Cairo,,international,,0,https://redstormsports.com/api/v2/rosters?sportId=2
fen_a999ad11b602,Jan,Nowak,fencing,2025-26,2025-26,D1,Men,Big East Conference,St. John's (NY),Foil,Foil,So.,So,,,,unknown,,0,https://redstormsports.com/api/v2/rosters?sportId=2
fen_41c1777b689d,Bronislav,Petrov,fencing,2025-26,2025-26,D1,Men,Big East Conference,St. John's (NY),Foil,Foil,Jr.,Jr,,,,unknown,,0,https://redstormsports.com/api/v2/rosters?sportId=2
fen_d66546b99f21,Lars,Ponikvar,fencing,2025-26,2025-26,D1,Men,Big East Conference,St. John's (NY),Epee,Épée,Jr.,Jr,,,,unknown,,0,https://redstormsports.com/api/v2/rosters?sportId=2
fen_60176e8702a8,Max,Shen,fencing,2025-26,2025-26,D1,Men,Big East Conference,St. John's (NY),Epee,Épée,Jr.,Jr,"Princeton, N.J.",Princeton,NJ,domestic,,0,https://redstormsports.com/api/v2/rosters?sportId=2
fen_cece2a5acc0a,Igor,Wozniak,fencing,2025-26,2025-26,D1,Men,Big East Conference,St. John's (NY),Foil,Foil,Jr.,Jr,,,,unknown,,0,https://redstormsports.com/api/v2/rosters?sportId=2
fen_f1084993a204,Kalina,Atanasova,fencing,2025-26,2025-26,D1,Women,Atlantic Coast Conference,Duke,Sabre,Sabre,Fr.,Fr,"Sofia, Bulgaria",Sofia,,international,,0,https://goduke.com/api/v2/rosters?sportId=3
fen_4e789fd8a65a,Monica,Balakrishnan,fencing,2025-26,2025-26,D1,Women,Atlantic Coast Conference,Duke,Epee,Épée,Sr.,Sr,"Houston, Texas",Houston,TX,domestic,Carnegie Vanguard,0,https://goduke.com/api/v2/rosters?sportId=3
fen_a4952ee7df60,Daniella,Barg,fencing,2025-26,2025-26,D1,Women,Atlantic Coast Conference,Duke,Epee,Épée,Fr.,Fr,"Houston, Texas",Houston,TX,domestic,,0,https://goduke.com/api/v2/rosters?sportId=3
fen_eadacf65cc51,Isa,Cheng,fencing,2025-26,2025-26,D1,Women,Atlantic Coast Conference,Duke,Foil,Foil,Fr.,Fr,"Brooklyn, N.Y.",Brooklyn,NY,domestic,,0,https://goduke.com/api/v2/rosters?sportId=3
fen_7326b7f9bf48,Meera,Desai,fencing,2025-26,2025-26,D1,Women,Atlantic Coast Conference,Duke,Epee,Épée,Fr.,Fr,"McLean, Va.",McLean,VA,domestic,,0,https://goduke.com/api/v2/rosters?sportId=3
fen_1ca93171763e,Eiry,Du,fencing,2025-26,2025-26,D1,Women,Atlantic Coast Conference,Duke,Epee,Épée,So.,So,"Shanghai, China",Shanghai,,international,Concordia International School (Shanghai),0,https://goduke.com/api/v2/rosters?sportId=3
fen_8d1f8934f39b,Victoria,Gorman,fencing,2025-26,2025-26,D1,Women,Atlantic Coast Conference,Duke,Sabre,Sabre,Jr.,Jr,"Wellesley, Mass.",Wellesley,MA,domestic,Wellesley High School,0,https://goduke.com/api/v2/rosters?sportId=3
fen_27e3c91a2507,Skylar,Knight,fencing,2025-26,2025-26,D1,Women,Atlantic Coast Conference,Duke,Foil,Foil,Sr.,Sr,"Palo Alto, Calif.",Palo Alto,CA,domestic,The Nueva School/Laurel Springs,0,https://goduke.com/api/v2/rosters?sportId=3
fen_77fff2b355ce,Charlotte,Koenig,fencing,2025-26,2025-26,D1,Women,Atlantic Coast Conference,Duke,Foil,Foil,Jr.,Jr,"New York, N.Y.",New York,NY,domestic,The Bronx High School of Science,0,https://goduke.com/api/v2/rosters?sportId=3
fen_e3d728f97dcc,Rachel,Koo,fencing,2025-26,2025-26,D1,Women,Atlantic Coast Conference,Duke,Foil,Foil,Sr.,Sr,"Old Tappan, N.J.",Old Tappan,NJ,domestic,Northern Highlands Regional,0,https://goduke.com/api/v2/rosters?sportId=3
fen_33bdf09e76b0,Abigail,Lau,fencing,2025-26,2025-26,D1,Women,Atlantic Coast Conference,Duke,Foil,Foil,Fr.,Fr,"Hong Kong, China",Hong Kong,,international,,0,https://goduke.com/api/v2/rosters?sportId=3
fen_a4a643ff95d8,Vanessa,Lin,fencing,2025-26,2025-26,D1,Women,Atlantic Coast Conference,Duke,Epee,Épée,Jr.,Jr,"Toronto, Ontario",Toronto,,international,Bill Crothers Secondary School,0,https://goduke.com/api/v2/rosters?sportId=3
fen_aba78f8bc032,Yeva,Mazur,fencing,2025-26,2025-26,D1,Women,Atlantic Coast Conference,Duke,Epee,Épée,Gr.,Gr,"Khmelnitsky, Ukraine",Khmelnitsky,,international,Gymnasium 1,0,https://goduke.com/api/v2/rosters?sportId=3
fen_372d61b6b522,Zizi,Newhard,fencing,2025-26,2025-26,D1,Women,Atlantic Coast Conference,Duke,Foil,Foil,Jr.,Jr,"Birmingham, Mich.",Birmingham,MI,domestic,The Roeper School,0,https://goduke.com/api/v2/rosters?sportId=3
fen_8c4a2c7ea43f,Natalie,Olsen,fencing,2025-26,2025-26,D1,Women,Atlantic Coast Conference,Duke,Sabre,Sabre,Jr.,Jr,"Bethesda, Md.",Bethesda,MD,domestic,Bethesda-Chevy Chase High School,0,https://goduke.com/api/v2/rosters?sportId=3
fen_cf0fe31244a7,Sophia,Shen,fencing,2025-26,2025-26,D1,Women,Atlantic Coast Conference,Duke,Foil,Foil,Jr.,Jr,"Lexington, Mass.",Lexington,MA,domestic,Lexington,0,https://goduke.com/api/v2/rosters?sportId=3
fen_0c23fd8f17ad,Hava,Stone,fencing,2025-26,2025-26,D1,Women,Atlantic Coast Conference,Duke,Sabre,Sabre,Sr.,Sr,"New York, N.Y.",New York,NY,domestic,Lycée Français de New York,0,https://goduke.com/api/v2/rosters?sportId=3
fen_c748e73b739a,Kunling,Tong,fencing,2025-26,2025-26,D1,Women,Atlantic Coast Conference,Duke,Sabre,Sabre,Sr.,Sr,"Marietta, Ga.",Marietta,GA,domestic,Walton High School,0,https://goduke.com/api/v2/rosters?sportId=3
fen_1dd69af564cf,April,Zuo,fencing,2025-26,2025-26,D1,Women,Atlantic Coast Conference,Duke,Sabre,Sabre,Sr.,Sr,"San Diego, Calif.",San Diego,CA,domestic,Canyon Crest Academy,1,https://goduke.com/api/v2/rosters?sportId=3
fen_afe9b06488ef,Jeff,Basalyga,fencing,2025-26,2025-26,D1,Men,Atlantic Coast Conference,Duke,Sabre,Sabre,Gr.,Gr,"Saddle River, N.J.",Saddle River,NJ,domestic,,0,https://goduke.com/api/v2/rosters?sportId=3
fen_0303b49ceda3,Ethan,Boroditsky,fencing,2025-26,2025-26,D1,Men,Atlantic Coast Conference,Duke,Epee,Épée,So.,So,"Summit, N.J.",Summit,NJ,domestic,The Pingry School,0,https://goduke.com/api/v2/rosters?sportId=3
fen_df07ac4ddc1a,Ethan,Dennis,fencing,2025-26,2025-26,D1,Men,Atlantic Coast Conference,Duke,Epee,Épée,So.,So,"Chicago, Ill.",Chicago,IL,domestic,Francis W. Parker School,0,https://goduke.com/api/v2/rosters?sportId=3
fen_09903bf448c4,Laith,Elkousy,fencing,2025-26,2025-26,D1,Men,Atlantic Coast Conference,Duke,Foil,Foil,So.,So,"Bellaire, Texas",Bellaire,TX,domestic,Bellaire Senior High School,0,https://goduke.com/api/v2/rosters?sportId=3
fen_d09a89b989ba,Lev,Ermakov,fencing,2025-26,2025-26,D1,Men,Atlantic Coast Conference,Duke,Sabre,Sabre,So.,So,"Highlands Ranch, Colo.",Highlands Ranch,CO,domestic,SkyView Academy,1,https://goduke.com/api/v2/rosters?sportId=3
fen_09d048a7af42,Joseph,Glasson,fencing,2025-26,2025-26,D1,Men,Atlantic Coast Conference,Duke,Foil,Foil,So.,So,"Shanghai, China",Shanghai,,international,Reddam House (Australia),0,https://goduke.com/api/v2/rosters?sportId=3
fen_665803907574,Justin,Glozman,fencing,2025-26,2025-26,D1,Men,Atlantic Coast Conference,Duke,Sabre,Sabre,So.,So,"Villanova, Pa.",Villanova,PA,domestic,Harriton High School,0,https://goduke.com/api/v2/rosters?sportId=3
fen_35cde82958e5,William,Holz,fencing,2025-26,2025-26,D1,Men,Atlantic Coast Conference,Duke,Sabre,Sabre,So.,So,"Sacramento, Calif.",Sacramento,CA,domestic,Sacramento Country Day School,0,https://goduke.com/api/v2/rosters?sportId=3
fen_53febee9254d,Ethan,Huang,fencing,2025-26,2025-26,D1,Men,Atlantic Coast Conference,Duke,Sabre,Sabre,Fr.,Fr,"Totowa, N.J.",Totowa,NJ,domestic,,0,https://goduke.com/api/v2/rosters?sportId=3
fen_3250912e362c,Aidan,Lee,fencing,2025-26,2025-26,D1,Men,Atlantic Coast Conference,Duke,Foil,Foil,Fr.,Fr,"Vienna, Va.",Vienna,VA,domestic,,0,https://goduke.com/api/v2/rosters?sportId=3
fen_5a7c21a31db5,Owen,Li,fencing,2025-26,2025-26,D1,Men,Atlantic Coast Conference,Duke,Foil,Foil,So.,So,"Lexington, Mass.",Lexington,MA,domestic,Lexington,0,https://goduke.com/api/v2/rosters?sportId=3
fen_99a28ba2fa01,Isaac,Lief,fencing,2025-26,2025-26,D1,Men,Atlantic Coast Conference,Duke,Epee,Épée,So.,So,"Pelham, N.Y.",Pelham,NY,domestic,Pelham Memorial High School,0,https://goduke.com/api/v2/rosters?sportId=3
fen_3fdde502d2bf,Kyran,Lin,fencing,2025-26,2025-26,D1,Men,Atlantic Coast Conference,Duke,Epee,Épée,Fr.,Fr,"Arcadia, Calif.",Arcadia,CA,domestic,,0,https://goduke.com/api/v2/rosters?sportId=3
fen_5db18c09ec46,Justin,Morrill,fencing,2025-26,2025-26,D1,Men,Atlantic Coast Conference,Duke,Sabre,Sabre,Sr.,Sr,"New York, N.Y.",New York,NY,domestic,Stuyvesant High School,0,https://goduke.com/api/v2/rosters?sportId=3
fen_9a6e6549a99f,Giulio,Pech,fencing,2025-26,2025-26,D1,Men,Atlantic Coast Conference,Duke,Epee,Épée,So.,So,"Rome, Italy",Rome,,international,St. George's British International School of Rome,0,https://goduke.com/api/v2/rosters?sportId=3
fen_d16cf4df0c47,Kozmo,Rhyu,fencing,2025-26,2025-26,D1,Men,Atlantic Coast Conference,Duke,Epee,Épée,Jr.,Jr,"McLean, Va.",McLean,VA,domestic,St. Albans School,0,https://goduke.com/api/v2/rosters?sportId=3
fen_3f30eb8222bc,Zachary,Shoman,fencing,2025-26,2025-26,D1,Men,Atlantic Coast Conference,Duke,Sabre,Sabre,Fr.,Fr,"Short Hills, N.J.",Short Hills,NJ,domestic,,0,https://goduke.com/api/v2/rosters?sportId=3
fen_90cb02967a0f,Dayaal,Singh,fencing,2025-26,2025-26,D1,Men,Atlantic Coast Conference,Duke,Foil,Foil,Jr.,Jr,"Basking Ridge, N.J.",Basking Ridge,NJ,domestic,Ridge,0,https://goduke.com/api/v2/rosters?sportId=3
fen_56911d897fea,Abdelrahman,Tolba,fencing,2025-26,2025-26,D1,Men,Atlantic Coast Conference,Duke,Foil,Foil,Fr.,Fr,"Cairo, Egypt",Cairo,,international,,0,https://goduke.com/api/v2/rosters?sportId=3
fen_937aa65de292,Samir,Travers,fencing,2025-26,2025-26,D1,Men,Atlantic Coast Conference,Duke,Sabre,Sabre,Jr.,Jr,"Newton, Mass.",Newton,MA,domestic,Newton North High School,0,https://goduke.com/api/v2/rosters?sportId=3
fen_0768f5617cde,Peyton,Young,fencing,2025-26,2025-26,D1,Men,Atlantic Coast Conference,Duke,Epee,Épée,So.,So,"Houston, Texas",Houston,TX,domestic,The Kinkaid School,0,https://goduke.com/api/v2/rosters?sportId=3
fen_0185f76b0d46,Gabriel,Babayev,fencing,2025-26,2025-26,D1,Men,Atlantic Coast Conference,Boston College,Sabre,Sabre,Fr.,Fr,"New Canaan, CT",New Canaan,CT,domestic,New Canaan High School,0,https://bceagles.com/api/v2/rosters?sportId=49
fen_d97ea6f18afe,Luca,Berman,fencing,2025-26,2025-26,D1,Men,Atlantic Coast Conference,Boston College,Sabre,Sabre,Jr.,Jr,"New York City, N.Y.",New York City,NY,domestic,York Prep,1,https://bceagles.com/api/v2/rosters?sportId=49
fen_e67ae593db46,Sanjeet,Brar,fencing,2025-26,2025-26,D1,Men,Atlantic Coast Conference,Boston College,Sabre,Sabre,Sr.,Sr,"Plano, Texas",Plano,TX,domestic,Plano West Senior High,0,https://bceagles.com/api/v2/rosters?sportId=49
fen_bfd79f86dfcd,Max,Denner,fencing,2025-26,2025-26,D1,Men,Atlantic Coast Conference,Boston College,Sabre,Sabre,Fr.,Fr,"Greenwich, CT",Greenwich,CT,domestic,The Harvey School,0,https://bceagles.com/api/v2/rosters?sportId=49
fen_c47662fcd0f8,Lukas,Eichhorn,fencing,2025-26,2025-26,D1,Men,Atlantic Coast Conference,Boston College,Sabre,Sabre,So.,So,"Atlanta, Ga.",Atlanta,GA,domestic,Ben Franklin Academy,1,https://bceagles.com/api/v2/rosters?sportId=49
fen_4a312d7ae4d8,Sebastian,Elwood,fencing,2025-26,2025-26,D1,Men,Atlantic Coast Conference,Boston College,Foil,Foil,Fr.,Fr,"Atlanta, GA",Atlanta,GA,domestic,Paideia School,0,https://bceagles.com/api/v2/rosters?sportId=49
fen_80dbd834225a,Daniel,Gao,fencing,2025-26,2025-26,D1,Men,Atlantic Coast Conference,Boston College,Epee,Épée,So.,So,"Bridgewater, N.J.",Bridgewater,NJ,domestic,Weston High School,0,https://bceagles.com/api/v2/rosters?sportId=49
fen_724b3a42dc4b,Ivan,Goriunov,fencing,2025-26,2025-26,D1,Men,Atlantic Coast Conference,Boston College,Epee,Épée,Fr.,Fr,"Boca Raton, Fla.",Boca Raton,FL,domestic,Florida Atlantic University High School,0,https://bceagles.com/api/v2/rosters?sportId=49
fen_9fcc87939bc5,Thomas,Huang,fencing,2025-26,2025-26,D1,Men,Atlantic Coast Conference,Boston College,Epee,Épée,So.,So,"Vancouver, Wash.",Vancouver,WA,domestic,Camas High School,0,https://bceagles.com/api/v2/rosters?sportId=49
fen_6edd96b4e2d9,William,Kilgallen,fencing,2025-26,2025-26,D1,Men,Atlantic Coast Conference,Boston College,Sabre,Sabre,So.,So,"Weston, Mass.",Weston,MA,domestic,Weston High School,0,https://bceagles.com/api/v2/rosters?sportId=49
fen_00572faa9f83,Christian,Ko,fencing,2025-26,2025-26,D1,Men,Atlantic Coast Conference,Boston College,Foil,Foil,Jr.,Jr,"Hong Kong, China",Hong Kong,,international,Kellett School,0,https://bceagles.com/api/v2/rosters?sportId=49
fen_60921cdc081b,Ethan,Kwon,fencing,2025-26,2025-26,D1,Men,Atlantic Coast Conference,Boston College,Foil,Foil,Jr.,Jr,"Jericho, N.Y.",Jericho,NY,domestic,Jericho HS,0,https://bceagles.com/api/v2/rosters?sportId=49
fen_dc61800f9426,Eric,Li,fencing,2025-26,2025-26,D1,Men,Atlantic Coast Conference,Boston College,Foil,Foil,Fr.,Fr,"Shanghai, China",Shanghai,,international,"Highstown, N.J.",0,https://bceagles.com/api/v2/rosters?sportId=49
fen_68d397290fef,Yikai,Lu,fencing,2025-26,2025-26,D1,Men,Atlantic Coast Conference,Boston College,Foil,Foil,Fr.,Fr,"Shanghai, China",Shanghai,,international,Culver Academy,1,https://bceagles.com/api/v2/rosters?sportId=49
fen_01e7855a861f,Tora,Mishima,fencing,2025-26,2025-26,D1,Men,Atlantic Coast Conference,Boston College,Epee,Épée,Jr.,Jr,"Bedminster, N.J.",Bedminster,NJ,domestic,Newark Academy,1,https://bceagles.com/api/v2/rosters?sportId=49
fen_436f91cea999,Colin,Noble,fencing,2025-26,2025-26,D1,Men,Atlantic Coast Conference,Boston College,Sabre,Sabre,Jr.,Jr,"Princeton, N.J",Princeton,NJ,domestic,Homeschooled,1,https://bceagles.com/api/v2/rosters?sportId=49
fen_1258db3b03cd,Elijah,Onik,fencing,2025-26,2025-26,D1,Men,Atlantic Coast Conference,Boston College,Foil,Foil,Jr.,Jr,"Glen Rock, N.J.",Glen Rock,NJ,domestic,Glen Rock HS,0,https://bceagles.com/api/v2/rosters?sportId=49
fen_b330e0453813,Alex,Sennewald,fencing,2025-26,2025-26,D1,Men,Atlantic Coast Conference,Boston College,Epee,Épée,So.,So,"Houston, Texas",Houston,TX,domestic,Carnegie Vanguard High School,0,https://bceagles.com/api/v2/rosters?sportId=49
fen_8264ce048112,Henry,Stirling,fencing,2025-26,2025-26,D1,Men,Atlantic Coast Conference,Boston College,Foil,Foil,Fr.,Fr,"London, United Kingdom",London,,international,Eton College,0,https://bceagles.com/api/v2/rosters?sportId=49
fen_bb5ac5f4ccd6,Ryan,Wong,fencing,2025-26,2025-26,D1,Men,Atlantic Coast Conference,Boston College,Sabre,Sabre,Jr.,Jr,"Great Neck, N.Y.",Great Neck,NY,domestic,Great Neck South HS,0,https://bceagles.com/api/v2/rosters?sportId=49
fen_f263016ab6bd,William,Xu,fencing,2025-26,2025-26,D1,Men,Atlantic Coast Conference,Boston College,Sabre,Sabre,So.,So,"Los Altos, Calif.",Los Altos,CA,domestic,Los Altos High,0,https://bceagles.com/api/v2/rosters?sportId=49
fen_e19669cdb451,Julia,Babiac,fencing,2025-26,2025-26,D1,Women,Atlantic Coast Conference,Boston College,Foil,Foil,Fr.,Fr,"Westchester, N.Y",Westchester,NY,domestic,Irvington High School,0,https://bceagles.com/api/v2/rosters?sportId=49
fen_40eac45165c4,Rachel,Buhay,fencing,2025-26,2025-26,D1,Women,Atlantic Coast Conference,Boston College,Sabre,Sabre,Jr.,Jr,"Castle Rock, Colo.",Castle Rock,CO,domestic,Rock Canyon High School,0,https://bceagles.com/api/v2/rosters?sportId=49
fen_249f4e302959,Chase,Callahan,fencing,2025-26,2025-26,D1,Women,Atlantic Coast Conference,Boston College,Sabre,Sabre,Fr.,Fr,"Watertown, MA",Watertown,MA,domestic,Fusion Academy Newton,1,https://bceagles.com/api/v2/rosters?sportId=49
fen_3dd0f839ab24,Cameron,Cho,fencing,2025-26,2025-26,D1,Women,Atlantic Coast Conference,Boston College,Foil,Foil,Jr.,Jr,"Yorba Linda, Calif.",Yorba Linda,CA,domestic,Orange Lutheran HS,0,https://bceagles.com/api/v2/rosters?sportId=49
fen_fb9608bba92d,Sela,Feig,fencing,2025-26,2025-26,D1,Women,Atlantic Coast Conference,Boston College,Sabre,Sabre,Fr.,Fr,"Montclair, NJ",Montclair,NJ,domestic,Montclair High School,0,https://bceagles.com/api/v2/rosters?sportId=49
fen_6861c4e19504,Laura,Fekete,fencing,2025-26,2025-26,D1,Women,Atlantic Coast Conference,Boston College,Epee,Épée,Gr.,Gr,"Debrecen, Hungary",Debrecen,,international,Budapesti Kolping Katolikus Gimnázium,0,https://bceagles.com/api/v2/rosters?sportId=49
fen_c37db08d1dc2,Ginevra,Giordano,fencing,2025-26,2025-26,D1,Women,Atlantic Coast Conference,Boston College,Epee,Épée,Jr.,Jr,"Berlin, Germany",Berlin,,international,Albert Einstein Gymnasium,0,https://bceagles.com/api/v2/rosters?sportId=49
fen_691561438b22,Lydia,Johnson,fencing,2025-26,2025-26,D1,Women,Atlantic Coast Conference,Boston College,Sabre,Sabre,Fr.,Fr,"Washington, D.C.",Washington,DC,domestic,Sidwell Friends School,0,https://bceagles.com/api/v2/rosters?sportId=49
fen_0766a72f4077,Alissa,Khan,fencing,2025-26,2025-26,D1,Women,Atlantic Coast Conference,Boston College,Sabre,Sabre,Fr.,Fr,"Needham, MA",Needham,MA,domestic,Needham High School,0,https://bceagles.com/api/v2/rosters?sportId=49
fen_5769b944ab84,Junyao,Lu,fencing,2025-26,2025-26,D1,Women,Atlantic Coast Conference,Boston College,Epee,Épée,Jr.,Jr,"Shanghai, China",Shanghai,,international,Scicore Academy,1,https://bceagles.com/api/v2/rosters?sportId=49
fen_f00ee1995923,Lulu,McCutchen,fencing,2025-26,2025-26,D1,Women,Atlantic Coast Conference,Boston College,Epee,Épée,Jr.,Jr,"Houston, Texas",Houston,TX,domestic,Memorial High School,0,https://bceagles.com/api/v2/rosters?sportId=49
fen_10fb11d5ad20,Cynthia,Ming,fencing,2025-26,2025-26,D1,Women,Atlantic Coast Conference,Boston College,Epee,Épée,Jr.,Jr,"Warren, N.J.",Warren,NJ,domestic,Watchung Hills Regional High School,0,https://bceagles.com/api/v2/rosters?sportId=49
fen_8a96567434e0,Tallulah,Nguyen,fencing,2025-26,2025-26,D1,Women,Atlantic Coast Conference,Boston College,Epee,Épée,Fr.,Fr,"Los Angeles, CA",Los Angeles,CA,domestic,California Online Public Schools,0,https://bceagles.com/api/v2/rosters?sportId=49
fen_0ac3570f8e25,Isabella,Paulus,fencing,2025-26,2025-26,D1,Women,Atlantic Coast Conference,Boston College,Foil,Foil,Fr.,Fr,"Colts Neck, N.J.",Colts Neck,NJ,domestic,Ranney High School,0,https://bceagles.com/api/v2/rosters?sportId=49
fen_a561470c75c7,Taylor,Sartori,fencing,2025-26,2025-26,D1,Women,Atlantic Coast Conference,Boston College,Foil,Foil,Jr.,Jr,"Rochester, N.Y.",Rochester,NY,domestic,Our Lady of Mercy,0,https://bceagles.com/api/v2/rosters?sportId=49
fen_4335afca8049,Valeria,Sourimto,fencing,2025-26,2025-26,D1,Women,Atlantic Coast Conference,Boston College,Sabre,Sabre,So.,So,"Clark, N.J.",Clark,NJ,domestic,Arthur L. Johnson,0,https://bceagles.com/api/v2/rosters?sportId=49
fen_94034395ef6e,Isabella,Zielinski,fencing,2025-26,2025-26,D1,Women,Atlantic Coast Conference,Boston College,Sabre,Sabre,Sr.,Sr,"Prospect Heights, Ill.",Prospect Heights,IL,domestic,Arlington Heights,0,https://bceagles.com/api/v2/rosters?sportId=49
fen_6ef3d7aa8110,Nurzhan,Abzhanov,fencing,2025-26,2025-26,D1,Men,Big West Conference,UC San Diego,Epee,Épée,Fr.,Fr,,,,unknown,,0,https://ucsdtritons.com/sports/fencing/roster/2025-26
fen_cf7238f93160,Diego,Barrios,fencing,2025-26,2025-26,D1,Men,Big West Conference,UC San Diego,Saber,Sabre,Fr.,Fr,,,,unknown,,0,https://ucsdtritons.com/sports/fencing/roster/2025-26
fen_be18647091ab,Arthur,Bonifield,fencing,2025-26,2025-26,D1,Men,Big West Conference,UC San Diego,Saber,Sabre,Fr.,Fr,,,,unknown,,0,https://ucsdtritons.com/sports/fencing/roster/2025-26
fen_85b8080423c8,Dayus,Gohel,fencing,2025-26,2025-26,D1,Men,Big West Conference,UC San Diego,Epee,Épée,So.,So,,,,unknown,,0,https://ucsdtritons.com/sports/fencing/roster/2025-26
fen_37d2b245b611,Adi,Jain,fencing,2025-26,2025-26,D1,Men,Big West Conference,UC San Diego,Foil,Foil,Fr.,Fr,,,,unknown,,0,https://ucsdtritons.com/sports/fencing/roster/2025-26
fen_60c3fea0b25e,Ben,Kim,fencing,2025-26,2025-26,D1,Men,Big West Conference,UC San Diego,Epee,Épée,So.,So,,,,unknown,,0,https://ucsdtritons.com/sports/fencing/roster/2025-26
fen_79b595f9c4e7,Kevin,Kim,fencing,2025-26,2025-26,D1,Men,Big West Conference,UC San Diego,Epee,Épée,Fr.,Fr,,,,unknown,,0,https://ucsdtritons.com/sports/fencing/roster/2025-26
fen_b4415c4ec58a,Ryan,Kim-Cogan,fencing,2025-26,2025-26,D1,Men,Big West Conference,UC San Diego,Saber,Sabre,So.,So,,,,unknown,,0,https://ucsdtritons.com/sports/fencing/roster/2025-26
fen_3d345a89b299,Scott,Lao,fencing,2025-26,2025-26,D1,Men,Big West Conference,UC San Diego,Foil,Foil,Sr.,Sr,,,,unknown,,0,https://ucsdtritons.com/sports/fencing/roster/2025-26
fen_eab16dbcf560,Jacob,Levy,fencing,2025-26,2025-26,D1,Men,Big West Conference,UC San Diego,Foil,Foil,Sr.,Sr,,,,unknown,,0,https://ucsdtritons.com/sports/fencing/roster/2025-26
fen_49ccf8c2a278,Arnav,Raja,fencing,2025-26,2025-26,D1,Men,Big West Conference,UC San Diego,Saber,Sabre,Sr.,Sr,,,,unknown,,0,https://ucsdtritons.com/sports/fencing/roster/2025-26
fen_f0ce1966b9a4,Sunny,Sharma,fencing,2025-26,2025-26,D1,Men,Big West Conference,UC San Diego,Epee,Épée,Sr.,Sr,,,,unknown,,0,https://ucsdtritons.com/sports/fencing/roster/2025-26
fen_21be55ceac03,Hananiah,So,fencing,2025-26,2025-26,D1,Men,Big West Conference,UC San Diego,Saber,Sabre,Jr.,Jr,,,,unknown,,0,https://ucsdtritons.com/sports/fencing/roster/2025-26
fen_a17550ac8ac4,Zander,Vazquez,fencing,2025-26,2025-26,D1,Men,Big West Conference,UC San Diego,Foil,Foil,Jr.,Jr,,,,unknown,,0,https://ucsdtritons.com/sports/fencing/roster/2025-26
fen_1dfed940b13c,Lucas,Zeng,fencing,2025-26,2025-26,D1,Men,Big West Conference,UC San Diego,Foil,Foil,Sr.,Sr,,,,unknown,,0,https://ucsdtritons.com/sports/fencing/roster/2025-26
fen_95f639d722ea,Sam,Zubatiy,fencing,2025-26,2025-26,D1,Men,Big West Conference,UC San Diego,Saber,Sabre,So.,So,,,,unknown,,0,https://ucsdtritons.com/sports/fencing/roster/2025-26
fen_cdbb90e10fa8,Zehra,Anbarlilar,fencing,2025-26,2025-26,D1,Women,Big West Conference,UC San Diego,Foil,Foil,Jr.,Jr,,,,unknown,,0,https://ucsdtritons.com/sports/fencing/roster/2025-26
fen_680e455c35c2,Bella,Balogh,fencing,2025-26,2025-26,D1,Women,Big West Conference,UC San Diego,Epee,Épée,Sr.,Sr,,,,unknown,,0,https://ucsdtritons.com/sports/fencing/roster/2025-26
fen_7f253211ffbb,Maya,Barnovitz,fencing,2025-26,2025-26,D1,Women,Big West Conference,UC San Diego,Saber,Sabre,So.,So,,,,unknown,,0,https://ucsdtritons.com/sports/fencing/roster/2025-26
fen_a5c567568c2f,Alexis,Chew,fencing,2025-26,2025-26,D1,Women,Big West Conference,UC San Diego,Foil,Foil,Fr.,Fr,,,,unknown,,0,https://ucsdtritons.com/sports/fencing/roster/2025-26
fen_1ce07ec43874,Yasmine,Daher,fencing,2025-26,2025-26,D1,Women,Big West Conference,UC San Diego,Epee,Épée,Fr.,Fr,,,,unknown,,0,https://ucsdtritons.com/sports/fencing/roster/2025-26
fen_b0e01021ab3c,Bonnie,Davis,fencing,2025-26,2025-26,D1,Women,Big West Conference,UC San Diego,Foil,Foil,Fr.,Fr,,,,unknown,,0,https://ucsdtritons.com/sports/fencing/roster/2025-26
fen_fdaf82b56911,Zara,Fearns,fencing,2025-26,2025-26,D1,Women,Big West Conference,UC San Diego,Saber,Sabre,Sr.,Sr,,,,unknown,,0,https://ucsdtritons.com/sports/fencing/roster/2025-26
fen_d365fbc0a60b,Natalie,Brooke Gebala,fencing,2025-26,2025-26,D1,Women,Big West Conference,UC San Diego,Epee,Épée,Jr.,Jr,,,,unknown,,0,https://ucsdtritons.com/sports/fencing/roster/2025-26
fen_bc202ecccd7f,Maya,Golovitser,fencing,2025-26,2025-26,D1,Women,Big West Conference,UC San Diego,Saber,Sabre,Fr.,Fr,,,,unknown,,0,https://ucsdtritons.com/sports/fencing/roster/2025-26
fen_3d282415e080,Hania,Hafeez,fencing,2025-26,2025-26,D1,Women,Big West Conference,UC San Diego,Epee,Épée,Fr.,Fr,,,,unknown,,0,https://ucsdtritons.com/sports/fencing/roster/2025-26
fen_f4d28d9992d3,Pia,Huber,fencing,2025-26,2025-26,D1,Women,Big West Conference,UC San Diego,Epee,Épée,So.,So,,,,unknown,,0,https://ucsdtritons.com/sports/fencing/roster/2025-26
fen_8d4ad4e1c11b,Katherine,Kim,fencing,2025-26,2025-26,D1,Women,Big West Conference,UC San Diego,Foil,Foil,So.,So,,,,unknown,,0,https://ucsdtritons.com/sports/fencing/roster/2025-26
fen_839d3e820b07,Neta,Korol,fencing,2025-26,2025-26,D1,Women,Big West Conference,UC San Diego,Foil,Foil,Jr.,Jr,,,,unknown,,0,https://ucsdtritons.com/sports/fencing/roster/2025-26
fen_0efcebf932ff,Alice,Lan,fencing,2025-26,2025-26,D1,Women,Big West Conference,UC San Diego,Epee,Épée,So.,So,,,,unknown,,0,https://ucsdtritons.com/sports/fencing/roster/2025-26
fen_7a15b90947a0,Erenei,Ligh,fencing,2025-26,2025-26,D1,Women,Big West Conference,UC San Diego,Saber,Sabre,So.,So,,,,unknown,,0,https://ucsdtritons.com/sports/fencing/roster/2025-26
fen_8ea87e56caa6,Emily,Naka,fencing,2025-26,2025-26,D1,Women,Big West Conference,UC San Diego,Saber,Sabre,So.,So,,,,unknown,,0,https://ucsdtritons.com/sports/fencing/roster/2025-26
fen_432016bc08e2,Lily,Nelson-Love,fencing,2025-26,2025-26,D1,Women,Big West Conference,UC San Diego,Epee,Épée,So.,So,,,,unknown,,0,https://ucsdtritons.com/sports/fencing/roster/2025-26
fen_c9f80ebab42c,Siena,Nguyen,fencing,2025-26,2025-26,D1,Women,Big West Conference,UC San Diego,Saber,Sabre,Fr.,Fr,,,,unknown,,0,https://ucsdtritons.com/sports/fencing/roster/2025-26
fen_3a362e418ed2,Piper,Randolph,fencing,2025-26,2025-26,D1,Women,Big West Conference,UC San Diego,Foil,Foil,Fr.,Fr,,,,unknown,,0,https://ucsdtritons.com/sports/fencing/roster/2025-26
fen_2891404849d4,Ella,Tang,fencing,2025-26,2025-26,D1,Women,Big West Conference,UC San Diego,Foil,Foil,So.,So,,,,unknown,,0,https://ucsdtritons.com/sports/fencing/roster/2025-26
fen_1e3466992c6e,Renee,Zuhars,fencing,2025-26,2025-26,D1,Women,Big West Conference,UC San Diego,Epee,Épée,Sr.,Sr,,,,unknown,,0,https://ucsdtritons.com/sports/fencing/roster/2025-26
fen_039e449f5934,Arianna,Cao,fencing,2025-26,2025-26,D1,Women,Atlantic Coast Conference,Stanford,Foil,Foil,Junior,Jr,"San Jose, Calif.",San Jose,CA,domestic,Evergreen Valley,0,https://gostanford.com/sports/fencing/roster
fen_a6e70232b837,Sophia,Chin,fencing,2025-26,2025-26,D1,Women,Atlantic Coast Conference,Stanford,Saber,Sabre,Sophomore,So,"Sacramento, Calif.",Sacramento,CA,domestic,Christian Brothers HS,0,https://gostanford.com/sports/fencing/roster
fen_a7a40dfd210c,Grace,Ker,fencing,2025-26,2025-26,D1,Women,Atlantic Coast Conference,Stanford,Saber,Sabre,Freshman,Fr,"San Jose, Calif.",San Jose,CA,domestic,Lynbrook HS,0,https://gostanford.com/sports/fencing/roster
fen_7bdf473d0cd0,Tanishka,Padhye,fencing,2025-26,2025-26,D1,Women,Atlantic Coast Conference,Stanford,Epee,Épée,Freshman,Fr,"Houston, Texas",Houston,TX,domestic,Awty International School,0,https://gostanford.com/sports/fencing/roster
fen_de1759678f13,Meghana,Paturu,fencing,2025-26,2025-26,D1,Women,Atlantic Coast Conference,Stanford,Epee,Épée,Senior,Sr,"Belle Mead, N.J.",Belle Mead,NJ,domestic,Montgomery,0,https://gostanford.com/sports/fencing/roster
fen_1ddc84ae0476,Crystal,Qian,fencing,2025-26,2025-26,D1,Women,Atlantic Coast Conference,Stanford,Foil,Foil,Senior,Sr,"Cupertino, Calif.",Cupertino,CA,domestic,Lynbrook,0,https://gostanford.com/sports/fencing/roster
fen_9de3331fbe73,Olivia,Raso,fencing,2025-26,2025-26,D1,Women,Atlantic Coast Conference,Stanford,Epee,Épée,Sophomore,So,"New York, N.Y.",New York,NY,domestic,The Brearley School,0,https://gostanford.com/sports/fencing/roster
fen_ecd17143a745,Cindy,Shum,fencing,2025-26,2025-26,D1,Women,Atlantic Coast Conference,Stanford,Saber,Sabre,Sophomore,So,Hong Kong,Hong Kong,,international,The Lawrenceville School,0,https://gostanford.com/sports/fencing/roster
fen_cd4d91c0d13a,Ishani,Sood,fencing,2025-26,2025-26,D1,Women,Atlantic Coast Conference,Stanford,Foil,Foil,Sophomore,So,"Los Gatos, Calif.",Los Gatos,CA,domestic,The Harker School,0,https://gostanford.com/sports/fencing/roster
fen_c32bdffe2362,Ruoxi,Sun,fencing,2025-26,2025-26,D1,Women,Atlantic Coast Conference,Stanford,Foil,Foil,Freshman,Fr,"Shenzhen, China",Shenzhen,,international,"Los Gatos, HS",0,https://gostanford.com/sports/fencing/roster
fen_6f86beaf4d8f,Ellen,Wang,fencing,2025-26,2025-26,D1,Women,Atlantic Coast Conference,Stanford,Foil,Foil,Junior,Jr,"Lexington, Mass.",Lexington,MA,domestic,Lexington,0,https://gostanford.com/sports/fencing/roster
fen_eb44768813a0,Joelle,Warden,fencing,2025-26,2025-26,D1,Women,Atlantic Coast Conference,Stanford,Epee,Épée,Senior,Sr,"Morton Grove, Ill.",Morton Grove,IL,domestic,Niles West,0,https://gostanford.com/sports/fencing/roster
fen_603cbcfcc8c6,Shining,Xi,fencing,2025-26,2025-26,D1,Women,Atlantic Coast Conference,Stanford,Saber,Sabre,Senior,Sr,"Plano, Texas",Plano,TX,domestic,Jasper,0,https://gostanford.com/sports/fencing/roster
fen_b5287a979f35,Erika,Yong,fencing,2025-26,2025-26,D1,Women,Atlantic Coast Conference,Stanford,Saber,Sabre,Senior,Sr,"Fremont, Calif.",Fremont,CA,domestic,"Irvington, Calif.",0,https://gostanford.com/sports/fencing/roster
fen_e67cd4718292,Carson,Bosita,fencing,2025-26,2025-26,D1,Men,Atlantic Coast Conference,Stanford,,UNK,Freshman,Fr,,,,unknown,,0,https://gostanford.com/sports/fencing/roster
fen_dc5872ea8233,Renzo,Fukuda,fencing,2025-26,2025-26,D1,Men,Atlantic Coast Conference,Stanford,Foil,Foil,Sophomore,So,"San Francisco, Calif.",San Francisco,CA,domestic,International School,0,https://gostanford.com/sports/fencing/roster
fen_b1e4afab97b1,Julian,Goor,fencing,2025-26,2025-26,D1,Men,Atlantic Coast Conference,Stanford,Foil,Foil,Freshman,Fr,"New York, N.Y.",New York,NY,domestic,The College Preparatory School,1,https://gostanford.com/sports/fencing/roster
fen_133a72a6d0d0,Jared,Hammerstrom,fencing,2025-26,2025-26,D1,Men,Atlantic Coast Conference,Stanford,Saber,Sabre,Junior,Jr,"Atlanta, Ga.",Atlanta,GA,domestic,The Paideia School,0,https://gostanford.com/sports/fencing/roster
fen_6fca3ca8520e,Edward,Han,fencing,2025-26,2025-26,D1,Men,Atlantic Coast Conference,Stanford,Saber,Sabre,Sophomore,So,"Lake Forest, Ill.",Lake Forest,IL,domestic,Adlai E. Stevenson HS,0,https://gostanford.com/sports/fencing/roster
fen_d5508386800b,Connor,Jeong,fencing,2025-26,2025-26,D1,Men,Atlantic Coast Conference,Stanford,Epee,Épée,Senior,Sr,"Las Vegas, Nev.",Las Vegas,NV,domestic,Odyssey Charter School,0,https://gostanford.com/sports/fencing/roster
fen_0bd2f37115e6,Sanjay,Kasi,fencing,2025-26,2025-26,D1,Men,Atlantic Coast Conference,Stanford,Foil,Foil,Senior,Sr,"New City, N.Y.",New City,NY,domestic,Clarkstown North,0,https://gostanford.com/sports/fencing/roster
fen_94b1a2f3ba68,Kushal,Patel,fencing,2025-26,2025-26,D1,Men,Atlantic Coast Conference,Stanford,Epee,Épée,Freshman,Fr,"Memphis, Tenn.",Memphis,TN,domestic,Memphis University School,0,https://gostanford.com/sports/fencing/roster
fen_8744fd9d307b,Benjamin,Shih,fencing,2025-26,2025-26,D1,Men,Atlantic Coast Conference,Stanford,Foil,Foil,Graduate Student,Gr,"Santa Clara, Calif.",Santa Clara,CA,domestic,Archbishop Mitty HS,0,https://gostanford.com/sports/fencing/roster
fen_573274dcdfd2,Orion,Singha,fencing,2025-26,2025-26,D1,Men,Atlantic Coast Conference,Stanford,Epee,Épée,Sophomore,So,,,,unknown,,0,https://gostanford.com/sports/fencing/roster
fen_7b36b9f1dc79,Robert,Wang,fencing,2025-26,2025-26,D1,Men,Atlantic Coast Conference,Stanford,Saber,Sabre,Freshman,Fr,"Greenwich, Conn.",Greenwich,CT,domestic,Rye Country Day School,0,https://gostanford.com/sports/fencing/roster
fen_12128506f63f,Steven,Yang,fencing,2025-26,2025-26,D1,Men,Atlantic Coast Conference,Stanford,Saber,Sabre,Sophomore,So,"Palo Alto, Calif.",Palo Alto,CA,domestic,Vertias Collegiate,0,https://gostanford.com/sports/fencing/roster
fen_32b5379d7200,Nash,Young,fencing,2025-26,2025-26,D1,Men,Atlantic Coast Conference,Stanford,Saber,Sabre,Junior,Jr,"Palo Alto, Calif.",Palo Alto,CA,domestic,Palo Alto,0,https://gostanford.com/sports/fencing/roster
fen_935da2f0da5b,Vera,Fung,fencing,2025-26,2025-26,D1,Women,Ivy League,Brown,Foil,Foil,Fr.,Fr,"Saratoga, Calif.",Saratoga,CA,domestic,Saratoga High School,0,https://brownbears.com/sports/fencing/roster/2025-26
fen_89fc98bee09f,Sophia,Lee,fencing,2025-26,2025-26,D1,Women,Ivy League,Brown,Sabre,Sabre,Fr.,Fr,"Englewood Cliffs, N.J.",Englewood Cliffs,NJ,domestic,Academy of the Holy Angels,1,https://brownbears.com/sports/fencing/roster/2025-26
fen_6495dcd5849d,Ashley,Luo,fencing,2025-26,2025-26,D1,Women,Ivy League,Brown,Epee,Épée,So.,So,,,,unknown,,0,https://brownbears.com/sports/fencing/roster/2025-26
fen_c9d024427443,Kira,Nguyen,fencing,2025-26,2025-26,D1,Women,Ivy League,Brown,Epee,Épée,So.,So,"Great Neck, N.Y.",Great Neck,NY,domestic,Great Neck South High School,0,https://brownbears.com/sports/fencing/roster/2025-26
fen_fcb291196dd6,Neve,O'Neil,fencing,2025-26,2025-26,D1,Women,Ivy League,Brown,Foil,Foil,So.,So,"Sydney, Australia",Sydney,,international,Kambala Girls' School,0,https://brownbears.com/sports/fencing/roster/2025-26
fen_64134454c6ab,Isabella,Pucci,fencing,2025-26,2025-26,D1,Women,Ivy League,Brown,Epee,Épée,So.,So,"London, United Kingdom",London,,international,Wycombe Abbey School,0,https://brownbears.com/sports/fencing/roster/2025-26
fen_2c310e2fef33,Anika,Sinha,fencing,2025-26,2025-26,D1,Women,Ivy League,Brown,Sabre,Sabre,So.,So,"Watchung, N.J.",Watchung,NJ,domestic,The Pingry School,0,https://brownbears.com/sports/fencing/roster/2025-26
fen_64cd5de5219a,Ibla,Vadasz,fencing,2025-26,2025-26,D1,Women,Ivy League,Brown,Sabre,Sabre,So.,So,"Stony Point, N.Y.",Stony Point,NY,domestic,Albertus Magnus High School,0,https://brownbears.com/sports/fencing/roster/2025-26
fen_4e77327cf4ad,Jessie,Yan,fencing,2025-26,2025-26,D1,Women,Ivy League,Brown,Epee,Épée,So.,So,"Auckland, New Zealand",Auckland,,international,St Cuthbert's College,0,https://brownbears.com/sports/fencing/roster/2025-26
fen_a0d89cc6f1ab,Catherine,Zhou,fencing,2025-26,2025-26,D1,Women,Ivy League,Brown,Foil,Foil,Fr.,Fr,"Guilford, Conn.",Guilford,CT,domestic,Guilford High School,0,https://brownbears.com/sports/fencing/roster/2025-26
fen_5d8914e2db41,Katherine,Alexandrov,fencing,2025-26,2025-26,D1,Women,Ivy League,Cornell,Epee Epee,Épée,So.,So,"Chicago, Ill.",Chicago,IL,domestic,Latin School,0,https://cornellbigred.com/sports/fencing/roster/2025-26
fen_8aefc1797d85,Isabela,Carvalho,fencing,2025-26,2025-26,D1,Women,Ivy League,Cornell,Sabre Sabre,Sabre,Jr.,Jr,"New York, N.Y.",New York,NY,domestic,The Brearley School,0,https://cornellbigred.com/sports/fencing/roster/2025-26
fen_3aa86d579745,Erika,Chin,fencing,2025-26,2025-26,D1,Women,Ivy League,Cornell,Sabre Sabre,Sabre,Sr.,Sr,"Sacramento, Calif.",Sacramento,CA,domestic,Christian Brothers HS,0,https://cornellbigred.com/sports/fencing/roster/2025-26
fen_a5735c21eae1,Sumajja,Denysiuk,fencing,2025-26,2025-26,D1,Women,Ivy League,Cornell,Foil Foil,Foil,Jr.,Jr,"New York, N.Y.",New York,NY,domestic,s Leadership School,0,https://cornellbigred.com/sports/fencing/roster/2025-26
fen_554e8b92e1cc,Reya,Ghayalod,fencing,2025-26,2025-26,D1,Women,Ivy League,Cornell,Sabre,Sabre,Fr.,Fr,"New York, N.Y.",New York,NY,domestic,Saddle River Day School,0,https://cornellbigred.com/sports/fencing/roster/2025-26
fen_10485f11cb0d,Elaine,Hong,fencing,2025-26,2025-26,D1,Women,Ivy League,Cornell,Epee Epee,Épée,So.,So,"Toronto, Ontario",Toronto,,international,Oakville Trafalgar High School,0,https://cornellbigred.com/sports/fencing/roster/2025-26
fen_fc87d59f0397,Mia,Hsu,fencing,2025-26,2025-26,D1,Women,Ivy League,Cornell,Sabre Sabre,Sabre,Jr.,Jr,"Atlanta, Ga.",Atlanta,GA,domestic,North Atlanta HS,0,https://cornellbigred.com/sports/fencing/roster/2025-26
fen_1efb9cffc423,Mia,Jo,fencing,2025-26,2025-26,D1,Women,Ivy League,Cornell,Foil Foil,Foil,Sr.,Sr,"Palos Verdes Estates, Calif.",Palos Verdes Estates,CA,domestic,,0,https://cornellbigred.com/sports/fencing/roster/2025-26
fen_fcda77e3a39b,Ketki,Ketkar,fencing,2025-26,2025-26,D1,Women,Ivy League,Cornell,Epee Epee,Épée,Sr.,Sr,"Sammamish, Wash.",Sammamish,WA,domestic,Skyline HS,0,https://cornellbigred.com/sports/fencing/roster/2025-26
fen_a687652cf356,Mallika,Ketkar,fencing,2025-26,2025-26,D1,Women,Ivy League,Cornell,Epee Epee,Épée,Sr.,Sr,"Sammamish, Wash.",Sammamish,WA,domestic,Skyline HS,0,https://cornellbigred.com/sports/fencing/roster/2025-26
fen_cc9810579be5,Marley,Kim,fencing,2025-26,2025-26,D1,Women,Ivy League,Cornell,Sabre Sabre,Sabre,Fr.,Fr,"Brooklyn, N.Y.",Brooklyn,NY,domestic,Eleanor Roosevelt HS,0,https://cornellbigred.com/sports/fencing/roster/2025-26
fen_663c138c738b,Brianna,Lee,fencing,2025-26,2025-26,D1,Women,Ivy League,Cornell,Foil Foil,Foil,Jr.,Jr,"Cupertino, Calif.",Cupertino,CA,domestic,Saratoga HS,0,https://cornellbigred.com/sports/fencing/roster/2025-26
fen_2c9d9aef9193,Lana,Lee,fencing,2025-26,2025-26,D1,Women,Ivy League,Cornell,Foil Foil,Foil,Fr.,Fr,"Seoul, South Korea",Seoul,,international,Marlborough School,0,https://cornellbigred.com/sports/fencing/roster/2025-26
fen_ccc1f6bd4801,Natalie,Leung,fencing,2025-26,2025-26,D1,Women,Ivy League,Cornell,Epee Epee,Épée,Jr.,Jr,"Los Angeles, Calif.",Los Angeles,CA,domestic,Flintridge Preparatory School,1,https://cornellbigred.com/sports/fencing/roster/2025-26
fen_fa84aa28d26a,Rachel,Li,fencing,2025-26,2025-26,D1,Women,Ivy League,Cornell,Foil Foil,Foil,So.,So,"Belmont, Mass.",Belmont,MA,domestic,Belmont High School,0,https://cornellbigred.com/sports/fencing/roster/2025-26
fen_826b1e4e470c,Samantha,Marsee,fencing,2025-26,2025-26,D1,Women,Ivy League,Cornell,Sabre Sabre,Sabre,Jr.,Jr,"Sacramento, Calif.",Sacramento,CA,domestic,St. Francis HS,0,https://cornellbigred.com/sports/fencing/roster/2025-26
fen_35d1e6abf7e6,Trisha,Nath,fencing,2025-26,2025-26,D1,Women,Ivy League,Cornell,Sabre Sabre,Sabre,Fr.,Fr,"Wilton, Conn.",Wilton,CT,domestic,Wilton HS,0,https://cornellbigred.com/sports/fencing/roster/2025-26
fen_c91ed4ebcf12,Fiona,Neibart,fencing,2025-26,2025-26,D1,Women,Ivy League,Cornell,Sabre Sabre,Sabre,Sr.,Sr,"New York, N.Y.",New York,NY,domestic,Marymount School,0,https://cornellbigred.com/sports/fencing/roster/2025-26
fen_40050f5d5aa9,Nawal,O'Neil,fencing,2025-26,2025-26,D1,Women,Ivy League,Cornell,Epee Epee,Épée,Jr.,Jr,"Sydney, Australia",Sydney,,international,Kambala HS,0,https://cornellbigred.com/sports/fencing/roster/2025-26
fen_212216f99615,Anousheh,Reid,fencing,2025-26,2025-26,D1,Women,Ivy League,Cornell,Epee Epee,Épée,Fr.,Fr,"Bernardsville, N.J.",Bernardsville,NJ,domestic,Newark Academy,1,https://cornellbigred.com/sports/fencing/roster/2025-26
fen_cda0d4d9220c,Emersyn,Runions,fencing,2025-26,2025-26,D1,Women,Ivy League,Cornell,Epee Epee,Épée,Fr.,Fr,"Lucas, Texas",Lucas,TX,domestic,Lovejoy HS,0,https://cornellbigred.com/sports/fencing/roster/2025-26
fen_5dae36e9fbf9,Nora,Weber,fencing,2025-26,2025-26,D1,Women,Ivy League,Cornell,Epee Epee,Épée,Sr.,Sr,"Denver, Colo.",Denver,CO,domestic,George Washington HS,0,https://cornellbigred.com/sports/fencing/roster/2025-26
fen_68a999331654,Ashley,Yang,fencing,2025-26,2025-26,D1,Women,Ivy League,Cornell,Sabre Sabre,Sabre,So.,So,"New York, N.Y.",New York,NY,domestic,Stuyvesant High School,0,https://cornellbigred.com/sports/fencing/roster/2025-26
fen_49d4fc88af3b,Natalie,Yeung,fencing,2025-26,2025-26,D1,Women,Ivy League,Cornell,Foil Foil,Foil,So.,So,"Manhasset, N.Y.",Manhasset,NY,domestic,Wycombe Abbey School,0,https://cornellbigred.com/sports/fencing/roster/2025-26
fen_c2f8661b93f6,Nick,Allario,fencing,2025-26,2025-26,D3,Men,New England Women's and Men's Athletic Conference,Wheaton Massachusetts,Foil,Foil,Fy.,Fr,"Westerly, R.I.",Westerly,RI,domestic,Westerly,0,https://wheatoncollegelyons.com/sports/mens-fencing/roster
fen_a8965225f02b,Jun-Ho,Chen,fencing,2025-26,2025-26,D3,Men,New England Women's and Men's Athletic Conference,Wheaton Massachusetts,Epee,Épée,Fy.,Fr,"Middletown, N.Y.",Middletown,NY,domestic,PineBush,0,https://wheatoncollegelyons.com/sports/mens-fencing/roster
fen_800c46edd416,Demani,Howard,fencing,2025-26,2025-26,D3,Men,New England Women's and Men's Athletic Conference,Wheaton Massachusetts,Sabre,Sabre,Fy.,Fr,"Clinton, Conn.",Clinton,CT,domestic,The Morgan School,0,https://wheatoncollegelyons.com/sports/mens-fencing/roster
fen_e69f5266ebe2,Daniel,Mesele,fencing,2025-26,2025-26,D3,Men,New England Women's and Men's Athletic Conference,Wheaton Massachusetts,Epee,Épée,Fy.,Fr,"Portland, Maine",Portland,ME,domestic,Portland,0,https://wheatoncollegelyons.com/sports/mens-fencing/roster
fen_ddd32931b089,Phillip,Nunnink,fencing,2025-26,2025-26,D3,Men,New England Women's and Men's Athletic Conference,Wheaton Massachusetts,Foil,Foil,So.,So,"Kansas City, Mo.",Kansas City,MO,domestic,Rockhurst,0,https://wheatoncollegelyons.com/sports/mens-fencing/roster
fen_3587f261a323,Charles,Pedersen,fencing,2025-26,2025-26,D3,Men,New England Women's and Men's Athletic Conference,Wheaton Massachusetts,Foil,Foil,Fy.,Fr,"Shoreham, N.Y.",Shoreham,NY,domestic,Shoreham-Wading River,0,https://wheatoncollegelyons.com/sports/mens-fencing/roster
fen_3acc9bfae317,Jonathan,Quail,fencing,2025-26,2025-26,D3,Men,New England Women's and Men's Athletic Conference,Wheaton Massachusetts,Sabre,Sabre,Fy.,Fr,"Scotia, N.Y.",Scotia,NY,domestic,Scotia-Glenville,0,https://wheatoncollegelyons.com/sports/mens-fencing/roster
fen_7e4c7079ec4b,Oliver,Smink,fencing,2025-26,2025-26,D3,Men,New England Women's and Men's Athletic Conference,Wheaton Massachusetts,Sabre,Sabre,So.,So,"Rochester, N.Y.",Rochester,NY,domestic,Brighton,0,https://wheatoncollegelyons.com/sports/mens-fencing/roster
fen_e3365e6b2895,Grant,Smith,fencing,2025-26,2025-26,D3,Men,New England Women's and Men's Athletic Conference,Wheaton Massachusetts,Foil,Foil,So.,So,"Oakland, Calif.",Oakland,CA,domestic,Saint Mary's College High School,0,https://wheatoncollegelyons.com/sports/mens-fencing/roster
fen_1a61ac43b3fa,Solomon,Taylor,fencing,2025-26,2025-26,D3,Men,New England Women's and Men's Athletic Conference,Wheaton Massachusetts,Foil,Foil,Fy.,Fr,"Evanston, Ill.",Evanston,IL,domestic,Evanston Township,0,https://wheatoncollegelyons.com/sports/mens-fencing/roster
fen_3ec1f2eb47ce,Spencer,Burke,fencing,2025-26,2025-26,D1,Men,Big Ten Conference,Penn St.,FOIL,Foil,Junior,Jr,"San Diego, Calif.",San Diego,CA,domestic,,0,https://gopsusports.com/website-api/player-rosters?filter%5Broster_id%5D=1320&include=player%2CclassLevel%2CplayerPosition&per_page=100
fen_8c781fcdbc71,Julian,Chin,fencing,2025-26,2025-26,D1,Men,Big Ten Conference,Penn St.,FOIL,Foil,Sophomore,So,"Saratoga, Calif.",Saratoga,CA,domestic,,0,https://gopsusports.com/website-api/player-rosters?filter%5Broster_id%5D=1320&include=player%2CclassLevel%2CplayerPosition&per_page=100
fen_387aaa6122d2,Carlos Fernando,Chacon,fencing,2025-26,2025-26,D1,Men,Big Ten Conference,Penn St.,SABER,Sabre,Graduate Student,Gr,"La Paz, Bolivia",La Paz,,international,,0,https://gopsusports.com/website-api/player-rosters?filter%5Broster_id%5D=1320&include=player%2CclassLevel%2CplayerPosition&per_page=100
fen_ab6ad591f382,Tit Nam,Cheng,fencing,2025-26,2025-26,D1,Men,Big Ten Conference,Penn St.,FOIL,Foil,Junior,Jr,"Kowloon, Hong Kong",Kowloon,,international,,0,https://gopsusports.com/website-api/player-rosters?filter%5Broster_id%5D=1320&include=player%2CclassLevel%2CplayerPosition&per_page=100
fen_f1855a5a8b14,Alessio,Fukuda,fencing,2025-26,2025-26,D1,Men,Big Ten Conference,Penn St.,FOIL,Foil,Junior,Jr,"San Francisco, Calif.",San Francisco,CA,domestic,,0,https://gopsusports.com/website-api/player-rosters?filter%5Broster_id%5D=1320&include=player%2CclassLevel%2CplayerPosition&per_page=100
fen_d06b11fdcb0a,Matthew,Gonzalez,fencing,2025-26,2025-26,D1,Men,Big Ten Conference,Penn St.,FOIL,Foil,Junior,Jr,"San Mateo, Calif.",San Mateo,CA,domestic,,0,https://gopsusports.com/website-api/player-rosters?filter%5Broster_id%5D=1320&include=player%2CclassLevel%2CplayerPosition&per_page=100
fen_7e707ac92531,Sultan,Hassan,fencing,2025-26,2025-26,D1,Men,Big Ten Conference,Penn St.,EPEE,Épée,Senior,Sr,"Kuwait City, Kuwait",Kuwait City,,international,,0,https://gopsusports.com/website-api/player-rosters?filter%5Broster_id%5D=1320&include=player%2CclassLevel%2CplayerPosition&per_page=100
fen_f77bd1237f1f,Vasil,Ivakimov,fencing,2025-26,2025-26,D1,Men,Big Ten Conference,Penn St.,EPEE,Épée,Senior,Sr,"Park Ridge, Ill.",Park Ridge,IL,domestic,,0,https://gopsusports.com/website-api/player-rosters?filter%5Broster_id%5D=1320&include=player%2CclassLevel%2CplayerPosition&per_page=100
fen_2afcac10b807,Neil,Lilov,fencing,2025-26,2025-26,D1,Men,Big Ten Conference,Penn St.,SABER,Sabre,Senior,Sr,"Denville, N.J.",Denville,NJ,domestic,,0,https://gopsusports.com/website-api/player-rosters?filter%5Broster_id%5D=1320&include=player%2CclassLevel%2CplayerPosition&per_page=100
fen_5abc73285841,Yaroslav,Muruhin,fencing,2025-26,2025-26,D1,Men,Big Ten Conference,Penn St.,FOIL,Foil,Redshirt Junior,Jr,"San Jose, Calif.",San Jose,CA,domestic,,0,https://gopsusports.com/website-api/player-rosters?filter%5Broster_id%5D=1320&include=player%2CclassLevel%2CplayerPosition&per_page=100
fen_1fc490bea310,Kamar,Skeete,fencing,2025-26,2025-26,D1,Men,Big Ten Conference,Penn St.,SABER,Sabre,Graduate Student,Gr,"Duluth, Ga.",Duluth,GA,domestic,,0,https://gopsusports.com/website-api/player-rosters?filter%5Broster_id%5D=1320&include=player%2CclassLevel%2CplayerPosition&per_page=100
fen_e8710e10ac77,Zachary,Suico,fencing,2025-26,2025-26,D1,Men,Big Ten Conference,Penn St.,EPEE,Épée,Senior,Sr,"Swarthmore, Pa.",Swarthmore,PA,domestic,,0,https://gopsusports.com/website-api/player-rosters?filter%5Broster_id%5D=1320&include=player%2CclassLevel%2CplayerPosition&per_page=100
fen_81ff7fb6db26,Tingwei,Xu,fencing,2025-26,2025-26,D1,Men,Big Ten Conference,Penn St.,EPEE,Épée,Senior,Sr,"Suzhou, China",Suzhou,,international,,0,https://gopsusports.com/website-api/player-rosters?filter%5Broster_id%5D=1320&include=player%2CclassLevel%2CplayerPosition&per_page=100
fen_aee58b3199b8,Mohamed,Yasseen,fencing,2025-26,2025-26,D1,Men,Big Ten Conference,Penn St.,EPEE,Épée,Sophomore,So,"Tanta, Egypt",Tanta,,international,,0,https://gopsusports.com/website-api/player-rosters?filter%5Broster_id%5D=1320&include=player%2CclassLevel%2CplayerPosition&per_page=100
fen_01f70367065c,Joshua,Yavorovskiy,fencing,2025-26,2025-26,D1,Men,Big Ten Conference,Penn St.,EPEE,Épée,Sophomore,So,,,,unknown,,0,https://gopsusports.com/website-api/player-rosters?filter%5Broster_id%5D=1320&include=player%2CclassLevel%2CplayerPosition&per_page=100
fen_e5c687f691c4,Dusan,Zeljkovic,fencing,2025-26,2025-26,D1,Men,Big Ten Conference,Penn St.,FOIL,Foil,Senior,Sr,"Huntingdon Valley, Pa.",Huntingdon Valley,PA,domestic,,0,https://gopsusports.com/website-api/player-rosters?filter%5Broster_id%5D=1320&include=player%2CclassLevel%2CplayerPosition&per_page=100
fen_6bf226a95cbb,Sophia,Abashidze,fencing,2025-26,2025-26,D1,Women,Big Ten Conference,Penn St.,EPEE,Épée,Junior,Jr,"State College, Pa.",State College,PA,domestic,,0,https://gopsusports.com/website-api/player-rosters?filter%5Broster_id%5D=1320&include=player%2CclassLevel%2CplayerPosition&per_page=100
fen_05a2fb822b68,Amelia,Baker,fencing,2025-26,2025-26,D1,Women,Big Ten Conference,Penn St.,SABER,Sabre,Senior,Sr,"Atlanta, Ga.",Atlanta,GA,domestic,,0,https://gopsusports.com/website-api/player-rosters?filter%5Broster_id%5D=1320&include=player%2CclassLevel%2CplayerPosition&per_page=100
fen_18f914f2dacb,Samantha,Catantan,fencing,2025-26,2025-26,D1,Women,Big Ten Conference,Penn St.,FOIL,Foil,Graduate Student,Gr,"Quezon City, Philippines",Quezon City,,international,,0,https://gopsusports.com/website-api/player-rosters?filter%5Broster_id%5D=1320&include=player%2CclassLevel%2CplayerPosition&per_page=100
fen_977913264d17,Allegra,Cristofoletto,fencing,2025-26,2025-26,D1,Women,Big Ten Conference,Penn St.,EPEE,Épée,Sophomore,So,"Treviso, Italy",Treviso,,international,,0,https://gopsusports.com/website-api/player-rosters?filter%5Broster_id%5D=1320&include=player%2CclassLevel%2CplayerPosition&per_page=100
fen_5e24c99b079d,Eden,De La Cruz,fencing,2025-26,2025-26,D1,Women,Big Ten Conference,Penn St.,FOIL,Foil,Junior,Jr,"Chino,Calif.",Chino,CA,domestic,,0,https://gopsusports.com/website-api/player-rosters?filter%5Broster_id%5D=1320&include=player%2CclassLevel%2CplayerPosition&per_page=100
fen_07b02f490c87,Thea,Fernandes,fencing,2025-26,2025-26,D1,Women,Big Ten Conference,Penn St.,FOIL,Foil,Junior,Jr,"Saratoga, Calif.",Saratoga,CA,domestic,,0,https://gopsusports.com/website-api/player-rosters?filter%5Broster_id%5D=1320&include=player%2CclassLevel%2CplayerPosition&per_page=100
fen_abec26dde1cc,Emma,Holmes,fencing,2025-26,2025-26,D1,Women,Big Ten Conference,Penn St.,SABER,Sabre,Junior,Jr,"Littleton, Colo.",Littleton,CO,domestic,,0,https://gopsusports.com/website-api/player-rosters?filter%5Broster_id%5D=1320&include=player%2CclassLevel%2CplayerPosition&per_page=100
fen_09fcf7b9653d,Eunyu,Kim,fencing,2025-26,2025-26,D1,Women,Big Ten Conference,Penn St.,SABER,Sabre,Junior,Jr,"Seoul, Korea",Seoul,,international,,0,https://gopsusports.com/website-api/player-rosters?filter%5Broster_id%5D=1320&include=player%2CclassLevel%2CplayerPosition&per_page=100
fen_93b158aeda4d,Mia,Novick,fencing,2025-26,2025-26,D1,Women,Big Ten Conference,Penn St.,SABER,Sabre,Senior,Sr,"Longmont, Colo.",Longmont,CO,domestic,,0,https://gopsusports.com/website-api/player-rosters?filter%5Broster_id%5D=1320&include=player%2CclassLevel%2CplayerPosition&per_page=100
fen_48ffbc3b8da5,Eve,Scott,fencing,2025-26,2025-26,D1,Women,Big Ten Conference,Penn St.,SABER,Sabre,Sophomore,So,"Alexandria, Va.",Alexandria,VA,domestic,,0,https://gopsusports.com/website-api/player-rosters?filter%5Broster_id%5D=1320&include=player%2CclassLevel%2CplayerPosition&per_page=100
fen_6af5deaf5cc6,Clarisse,Tan,fencing,2025-26,2025-26,D1,Women,Big Ten Conference,Penn St.,FOIL,Foil,Senior,Sr,"Coppell, Texas",Coppell,TX,domestic,,0,https://gopsusports.com/website-api/player-rosters?filter%5Broster_id%5D=1320&include=player%2CclassLevel%2CplayerPosition&per_page=100
fen_93f7c6a7a1e4,Steph,Jen,fencing,2025-26,2025-26,D1,Women,Big Ten Conference,Penn St.,SABER,Sabre,Senior,Sr,"Taichung, Taiwan",Taichung,,international,,0,https://gopsusports.com/website-api/player-rosters?filter%5Broster_id%5D=1320&include=player%2CclassLevel%2CplayerPosition&per_page=100
fen_5c71080b1ae9,Lenna,Gyenes,fencing,2025-26,2025-26,D1,Women,Big Ten Conference,Penn St.,EPEE,Épée,Freshman,Fr,,,,unknown,,0,https://gopsusports.com/website-api/player-rosters?filter%5Broster_id%5D=1320&include=player%2CclassLevel%2CplayerPosition&per_page=100
fen_7d1e11b7b63a,Yuna,Tamura,fencing,2025-26,2025-26,D1,Women,Big Ten Conference,Penn St.,EPEE,Épée,Freshman,Fr,,,,unknown,,0,https://gopsusports.com/website-api/player-rosters?filter%5Broster_id%5D=1320&include=player%2CclassLevel%2CplayerPosition&per_page=100
fen_99eab5e40529,Tyson,Deck,fencing,2025-26,2025-26,D1,Men,Big Ten Conference,Penn St.,SABER,Sabre,Freshman,Fr,,,,unknown,,0,https://gopsusports.com/website-api/player-rosters?filter%5Broster_id%5D=1320&include=player%2CclassLevel%2CplayerPosition&per_page=100
fen_79a84558cd42,Allen,Trudnos,fencing,2025-26,2025-26,D1,Men,Big Ten Conference,Penn St.,SABER,Sabre,Sophomore,So,,,,unknown,,0,https://gopsusports.com/website-api/player-rosters?filter%5Broster_id%5D=1320&include=player%2CclassLevel%2CplayerPosition&per_page=100
fen_d66ffb822331,Sebastian,Bonomo,fencing,2025-26,2025-26,D1,Men,Big Ten Conference,Penn St.,FOIL,Foil,Sophomore,So,,,,unknown,,0,https://gopsusports.com/website-api/player-rosters?filter%5Broster_id%5D=1320&include=player%2CclassLevel%2CplayerPosition&per_page=100
fen_02fc31ad09f3,Anna,Klimenko,fencing,2025-26,2025-26,D1,Women,Horizon League,Cleveland St.,,UNK,Fr.,Fr,"Tallinn, Estonia",Tallinn,,international,Ontario Virtual School,0,https://csuvikings.com/sports/mens-fencing/roster/2025-26
fen_6672558b8bcc,Evelyn,Malvestuto,fencing,2025-26,2025-26,D1,Women,Horizon League,Cleveland St.,,UNK,So.,So,"Homewood, IL",Homewood,IL,domestic,Homewood Flossmoor HS,0,https://csuvikings.com/sports/mens-fencing/roster/2025-26
fen_b8534af3f143,Rayllen,Prafil Capaccio,fencing,2025-26,2025-26,D1,Women,Horizon League,Cleveland St.,,UNK,Jr.,Jr,"Buenos Aires, Argentina",Buenos Aires,,international,,,https://csuvikings.com/sports/mens-fencing/roster/2025-26
fen_5d3e679138b5,Anna,Quinn,fencing,2025-26,2025-26,D1,Women,Horizon League,Cleveland St.,,UNK,So.,So,"Corvallis, OR",Corvallis,OR,domestic,Ida B. Wells Barnett HS,0,https://csuvikings.com/sports/mens-fencing/roster/2025-26
fen_ce95fbf0e2d8,Aubrey,Testroet,fencing,2025-26,2025-26,D1,Women,Horizon League,Cleveland St.,,UNK,So.,So,"Homewood, IL",Homewood,IL,domestic,Homewood Flossmoor HS,0,https://csuvikings.com/sports/mens-fencing/roster/2025-26
fen_79873449dec0,Samantha,Way,fencing,2025-26,2025-26,D1,Women,Horizon League,Cleveland St.,,UNK,So.,So,"Clinton, CT",Clinton,CT,domestic,The Morgan School,0,https://csuvikings.com/sports/mens-fencing/roster/2025-26
fen_86b1ee697e42,Conner,Bailey,fencing,2025-26,2025-26,D1,Men,Horizon League,Cleveland St.,,UNK,Sr.,Sr,"Beecher, Ill.",Beecher,IL,domestic,Marian Catholic,0,https://csuvikings.com/sports/mens-fencing/roster/2025-26
fen_6e0c2f722496,Simon,Caisse,fencing,2025-26,2025-26,D1,Men,Horizon League,Cleveland St.,,UNK,Jr.,Jr,"Cameron Park, CA",Cameron Park,CA,domestic,Charter University Prep,1,https://csuvikings.com/sports/mens-fencing/roster/2025-26
fen_383bb61cbc1d,Trent,Chemezov,fencing,2025-26,2025-26,D1,Men,Horizon League,Cleveland St.,,UNK,Fr.,Fr,"Leesburg, VA",Leesburg,VA,domestic,Heritage HS,0,https://csuvikings.com/sports/mens-fencing/roster/2025-26
fen_aa866110f3a5,Jaden,Gilliard,fencing,2025-26,2025-26,D1,Men,Horizon League,Cleveland St.,,UNK,So.,So,"Wheatley Heights, NY",Wheatley Heights,NY,domestic,Half Hollow Hills HS East,0,https://csuvikings.com/sports/mens-fencing/roster/2025-26
fen_a245530a7d0a,Nolan,Giovagnoli,fencing,2025-26,2025-26,D1,Men,Horizon League,Cleveland St.,,UNK,So.,So,"San Francisco, CA",San Francisco,CA,domestic,Boulder HS,0,https://csuvikings.com/sports/mens-fencing/roster/2025-26
fen_0a63267ec158,Jamison,Horne,fencing,2025-26,2025-26,D1,Men,Horizon League,Cleveland St.,,UNK,Fr.,Fr,"Overland Park, KS",Overland Park,KS,domestic,Blue Valley West HS,0,https://csuvikings.com/sports/mens-fencing/roster/2025-26
fen_077f7f900340,Jack,Miller,fencing,2025-26,2025-26,D1,Men,Horizon League,Cleveland St.,,UNK,So.,So,"Charleston, SC",Charleston,SC,domestic,James Island Charter HS,0,https://csuvikings.com/sports/mens-fencing/roster/2025-26
fen_821abc07f850,Ben,Palladino,fencing,2025-26,2025-26,D1,Men,Horizon League,Cleveland St.,,UNK,Fr.,Fr,"Cheshire, CT",Cheshire,CT,domestic,Cheshire HS,0,https://csuvikings.com/sports/mens-fencing/roster/2025-26
fen_73ee2de75d2a,MJ,Qashou,fencing,2025-26,2025-26,D1,Men,Horizon League,Cleveland St.,,UNK,So.,So,"Amann, Jordan",Amann,,international,Essex HS,0,https://csuvikings.com/sports/mens-fencing/roster/2025-26
fen_e4885a420f9a,Adrian,Rakotozafy,fencing,2025-26,2025-26,D1,Men,Horizon League,Cleveland St.,,UNK,Fr.,Fr,"Pittsburgh, PA",Pittsburgh,PA,domestic,Mount Lebanon HS,0,https://csuvikings.com/sports/mens-fencing/roster/2025-26
fen_19758b297a49,Matthew,Seljan,fencing,2025-26,2025-26,D1,Men,Horizon League,Cleveland St.,,UNK,Jr.,Jr,"Bay Village, OH",Bay Village,OH,domestic,,0,https://csuvikings.com/sports/mens-fencing/roster/2025-26
fen_f26d6ebb570d,Sal,Sorrentino,fencing,2025-26,2025-26,D1,Men,Horizon League,Cleveland St.,,UNK,Jr.,Jr,"Dyer, IN",Dyer,IN,domestic,Marian Catholic,0,https://csuvikings.com/sports/mens-fencing/roster/2025-26
fen_0a41578c6273,Marcus,Strugar,fencing,2025-26,2025-26,D1,Men,Horizon League,Cleveland St.,,UNK,R-Fr.,Fr,"Beaverton, OR",Beaverton,OR,domestic,Century HS,0,https://csuvikings.com/sports/mens-fencing/roster/2025-26
