athlete_id,first_name,last_name,gp,gs,minutes,goals,assists,points,shots,sog,gwg,pk_goals,pk_att,yc,rc,gk_ga,gk_gaa,gk_saves,gk_sv_pct,gk_shutouts
fh_7a08a1c32f5c,Liz,Klompmaker,16,16,839,16,2,34,77,32,4,0,0,,,,,,,
fh_88f7c94a32ae,Olivia,Sharratt,16,15,826,6,3,15,10,7,1,1,1,,,,,,,
fh_a08f10b5185d,Holly,Pears,16,14,711,4,3,11,21,11,1,0,0,,,,,,,
fh_7c3f94ebdd99,Zara,Schmitz,16,12,570,3,4,10,14,7,1,0,0,,,,,,,
fh_c4364b0e6b21,Maya,Hoepfner,14,14,853,3,2,8,19,7,0,0,0,,,,,,,
fh_6757a6b5517c,Josefina,Moyano,16,6,706,2,4,8,13,4,0,0,0,,,,,,,
fh_d842dba64cf7,Lieve,Schalk,16,16,976,0,7,7,3,2,0,0,0,,,,,,,
fh_7c4aa1b00114,Agustina,Daud,16,16,882,1,3,5,7,1,0,0,0,,,,,,,
fh_3715ffb5008a,Victoria,Beiro,11,2,290,1,2,4,8,3,0,0,0,,,,,,,
fh_2d81fe6e7008,Morgan,Kallmann,15,2,432,1,2,4,8,4,0,0,0,,,,,,,
fh_6e0a910bea1b,Hannah,Ward,3,0,12,1,0,2,1,1,0,0,0,,,,,,,
fh_c5e4239754f2,Emma,Becker,16,16,891,0,1,1,0,0,0,0,0,,,,,,,
fh_a7de035ec238,Adya,Kadam,10,1,161,0,1,1,0,0,0,0,0,,,,,,,
fh_a3253a710e6f,Is,Panikowski,6,0,99,0,1,1,1,0,0,0,0,,,,,,,
fh_e09ea1f734d0,Delphine,Ayitey-Hammond,13,11,708,0,0,0,0,0,0,0,0,,,27,2.39,47,0.635,2
fh_c14e55d41fbf,Mia,DiGiulio,15,9,631,0,0,0,3,0,0,0,0,,,,,,,
fh_7ef1cbb47508,Elizabeth,Edmonston,2,0,64,0,0,0,0,0,0,0,0,,,,,,,
fh_450dd8e55881,Lauren,Halenkamp,2,1,75,0,0,0,0,0,0,0,0,,,7,7.0,8,0.533,0
fh_7f3e3346a983,Samantha,Imokawa,2,0,6,0,0,0,0,0,0,0,0,,,,,,,
fh_6202ed60275b,Tina,Jolly,3,2,120,0,0,0,0,0,0,0,0,,,3,2.0,2,0.4,1
fh_59b159a64a12,Jaiya,Labana,4,0,67,0,0,0,0,0,0,0,0,,,,,,,
fh_747a7a45e145,Jessica,Lewis,15,13,639,0,0,0,2,2,0,0,0,,,,,,,
fh_56325727b09f,Anika,Miedema,5,0,51,0,0,0,0,0,0,0,0,,,,,,,
fh_83b1cf367765,Audrey,Post,4,2,145,0,0,0,0,0,0,0,0,,,6,2.48,3,0.333,0
fh_625cf4f0e51e,Cassidy,Puleo,15,7,412,0,0,0,0,0,0,0,0,,,,,,,
fh_c7423d15ae9b,Samantha,Reder,1,0,15,0,0,0,0,0,0,0,0,,,,,,,
fh_027282156328,Ryleigh,Heck,23,23,1166,19,13,51,64,41,3,0,0,,,,,,,
fh_ef919101c83d,Dani,Mendez,23,23,1075,15,16,46,39,25,4,0,0,,,,,,,
fh_8afeef2ad236,Charly,Bruder,21,19,932,18,6,42,119,72,6,0,0,,,,,,,
fh_ab0360e1d7e7,Isabel,Boere,23,23,1303,9,8,26,79,43,3,0,0,,,,,,,
fh_714ecf8334d8,Sanne,Hak,23,23,1177,7,10,24,24,12,2,3,3,,,,,,,
fh_a05be05fbd08,Kara,Heck,23,4,699,8,5,21,31,19,1,0,0,,,,,,,
fh_fba875cdf729,Reese,Anetsberger,23,23,1095,5,9,19,27,14,1,0,0,,,,,,,
fh_55d33be3355b,Eliza,Perrin,21,0,530,3,1,7,6,5,0,0,0,,,,,,,
fh_77003fc45ad3,Sietske,Brüning,18,17,880,0,6,6,5,1,0,0,0,,,,,,,
fh_42d786c6b9ed,Coco,Courtright,23,6,763,1,2,4,6,2,0,0,0,,,,,,,
fh_ab0f61c1d1d7,Ella,Barbacci,14,0,283,1,0,2,2,1,0,0,0,,,,,,,
fh_314fb8356751,Molly,Catchpole,23,23,1220,0,1,1,7,4,0,0,0,,,,,,,
fh_00c2ab03332d,Sylvie,Notine,10,0,207,0,1,1,1,1,0,0,0,,,,,,,
fh_a74c76e24826,Olivia,Anderson,4,0,37,0,0,0,0,0,0,0,0,,,,,,,
fh_e9c07c3f2fc5,Caroline,Golden,5,0,37,0,0,0,0,0,0,0,0,,,,,,,
fh_b6484a7b4604,Hope,Haynes,23,23,1185,0,0,0,1,1,0,0,0,,,,,,,
fh_835cc280e1ea,Jenna,Narleski,2,0,0,0,0,0,0,0,0,0,0,,,,,,,
fh_34456ba3010a,Grace,Pottebaum,23,23,1362,0,0,0,0,0,0,0,0,,,,,,,
fh_728a68e91fbd,Merritt,Skubisz,23,11,674,0,0,0,0,0,0,0,0,,,,,,,
fh_fb6a7c75c72a,Katie,Wimmer,23,12,867,0,0,0,0,0,0,0,0,,,,,,,
fh_6e4e94b7e580,Mia,Schoenbeck,20,20,1065,23,5,51,84,52,7,3,4,,,,,,,
fh_358ae39862b3,Lauren,Storey,15,15,743,14,6,34,79,49,2,1,1,,,,,,,
fh_3ed66c1b8543,Mia,Montag,18,18,1022,5,18,28,16,13,1,0,0,,,,,,,
fh_d73c9912a4c1,Sarah,Mudd,20,1,222,9,0,18,20,16,2,0,0,,,,,,,
fh_827e0c349abe,Faye,Janse,20,19,1025,6,2,14,52,27,1,0,1,,,,,,,
fh_32a805ab4b98,Amelia,Frey,20,10,377,4,0,8,14,12,0,0,0,,,,,,,
fh_ae3a1961432e,Logan,Marthinus,20,16,845,2,4,8,15,9,1,0,0,,,,,,,
fh_ddc951f0acd4,Lena,Keller,18,17,910,1,4,6,23,10,0,0,0,,,,,,,
fh_07af0dfc9364,Ava,Moore,20,20,1056,1,3,5,26,9,0,0,0,,,,,,,
fh_7337df9fb56a,Florence,Tuthill,20,13,706,0,5,5,2,1,0,0,0,,,,,,,
fh_f3564bc49858,Rory,Heslin,16,0,100,1,1,3,4,2,0,0,0,,,,,,,
fh_f345e9b5c2cf,Georgia,Pollock,20,1,186,0,3,3,9,2,0,0,0,,,,,,,
fh_7780ebe9a60a,Rachel,Thetford,19,2,242,0,3,3,13,8,0,0,0,,,,,,,
fh_14d03dee80a5,Lexi,Causa,12,0,120,1,0,2,1,1,0,0,0,,,,,,,
fh_1eabf0229484,Reabetswe,Phume,20,20,1123,0,1,1,2,1,0,0,0,,,,,,,
fh_9bd6b4c54031,Brooke,Bettencourt,19,14,727,0,0,0,10,4,0,0,0,,,,,,,
fh_31ac3b6c9223,Calista,Boos,2,0,0,0,0,0,1,0,0,0,0,,,,,,,
fh_e7ae1df1e52f,Ruby,Butterfield,9,1,100,0,0,0,0,0,0,0,0,,,,,,,
fh_9a968586cc66,Brenna,Campagna,18,0,122,0,0,0,4,2,0,0,0,,,,,,,
fh_90fc3a155a06,Allie,Campbell,19,5,255,0,0,0,0,0,0,0,0,,,,,,,
fh_66845f4ef4f0,Caroline,Grebe,7,0,0,0,0,0,0,0,0,0,0,,,,,,,
fh_31c6446d8c28,Penelope,Kousouris,6,0,13,0,0,0,0,0,0,0,0,,,,,,,
fh_e25a5721d549,Georgia,Leary,11,0,97,0,0,0,0,0,0,0,0,,,,,,,
fh_ab0e2db60626,Sarah,Grace Raynes,14,5,364,0,0,0,0,0,0,0,0,,,,,,,
fh_7d428d4a4f57,Ellie,Todd,19,19,1032,0,0,0,0,0,0,0,0,,,,,,,
fh_1276240583fa,Bo,van Kempen,20,20,1126,23,7,53,81,55,4,5,6,,,,,,,
fh_7be0bbd3be34,Pati,Strunk,20,20,1004,2,23,27,8,5,0,0,0,,,,,,,
fh_8e9b60a4b3d6,Hattie,Madden,20,20,977,9,1,19,32,22,1,0,0,,,,,,,
fh_9680339c8f63,Aubrey,Turner,20,20,942,7,4,18,32,18,3,0,0,,,,,,,
fh_d55a8f7cf17b,Lana,Hamilton,20,4,512,1,14,16,11,8,1,0,0,,,,,,,
fh_5b54a5cbd94a,Liz,Stange,17,15,682,2,9,13,17,10,1,0,0,,,,,,,
fh_4ba9e90961ca,Danique,Schuurman,20,20,1015,5,2,12,21,10,2,0,0,,,,,,,
fh_a83ab478a917,Ally,Snyder,20,0,330,4,0,8,9,7,1,0,0,,,,,,,
fh_2e23787bdea8,Lieke,Leeggangers,20,19,836,3,0,6,24,13,0,0,0,,,,,,,
fh_d3a1c1102b35,Karsin,Beatty,16,0,159,2,0,4,4,3,0,0,0,,,,,,,
fh_8b04e4166c31,Aiden,Drabick,20,19,942,0,3,3,12,7,0,0,0,,,,,,,
fh_69f35d842acf,Sammie,Goin,17,0,255,1,1,3,8,6,0,0,0,,,,,,,
fh_ddff1af2176d,Bo,Madden,20,20,947,0,2,2,6,3,0,0,0,,,,,,,
fh_ce33ddc50b6a,Henni,Nation,19,1,390,0,2,2,5,3,0,0,0,,,,,,,
fh_6656fed15fad,Taylor,Bigbie,20,1,599,0,0,0,17,6,0,0,0,,,,,,,
fh_c496717257d0,Jessie,Eiselin,20,19,742,0,0,0,0,0,0,0,0,,,,,,,
fh_4495f0fd3e4d,Phoebe,Hall,12,0,200,0,0,0,0,0,0,0,0,,,,,,,
fh_ded0c29e9d11,Tane,King,17,1,500,0,0,0,0,0,0,0,0,,,,,,,
fh_a4418c57a6f0,Lotti,Knights,20,20,941,0,0,0,1,1,0,0,0,,,,,,,
fh_3c1a32887ece,Carla,Mauer,1,0,16,0,0,0,0,0,0,0,0,,,,,,,
fh_0075c026779a,Grace,O'Connor,17,0,196,0,0,0,0,0,0,0,0,,,,,,,
fh_143e37dda10a,Catalina,Pravda,4,0,43,0,0,0,3,2,0,0,0,,,,,,,
fh_232b99f64497,Sarah,Smalley,13,0,84,0,0,0,3,2,0,0,0,,,,,,,
fh_c392fad8f918,Sophia,Lefranc,17,17,,7,8,22,44,32,2,0,0,,,,,,,
fh_839f448457f8,Alicia,Battistelli,19,6,,9,2,20,31,21,3,2,3,,,,,,,
fh_c114cf4d22ce,Consu,de Castro,19,19,,7,3,17,41,26,3,0,0,,,,,,,
fh_68b0a8cf1fbe,Veerle,Nijhuis,19,19,,7,2,16,39,24,0,1,1,,,,,,,
fh_0b9a133b0116,Maddie,Priestly,19,14,,5,2,12,20,14,1,0,0,,,,,,,
fh_bd1d92c7ba3f,Maddy,Weaver,19,18,,3,2,8,4,4,1,0,0,,,,,,,
fh_bb1c9f8a10ac,Addie,DelOrefice,19,17,,3,1,7,31,21,0,0,0,,,,,,,
fh_62409c95ef39,Mora,Fernandez de Oliveira,19,8,,0,5,5,9,5,0,0,0,,,,,,,
fh_16c764c35d54,Gabby,Santini,19,17,,2,1,5,12,3,0,0,0,,,,,,,
fh_e0f6f92db39e,Fiona,McMahon,19,19,,0,4,4,1,1,0,0,0,,,,,,,
fh_b721d741331d,Isi,McMahon,19,1,,1,0,2,6,2,0,0,0,,,,,,,
fh_93759a82c062,Klara,Mikulaskova,14,10,,0,2,2,10,5,0,0,0,,,,,,,
fh_db413697e617,Lara,Cleophas,19,13,,0,1,1,5,1,0,0,0,,,,,,,
fh_c86225f7c82b,Abby,Wilber,15,7,,0,1,1,6,2,0,0,0,,,,,,,
fh_36f5777bcd84,Gloria,Allen,7,0,,0,0,0,0,0,0,0,0,,,,,,,
fh_c94ec646f3d4,Maya,Bilanin,2,0,,0,0,0,0,0,0,0,0,,,,,,,
fh_49f915b71c89,Ila,Gunner,4,0,,0,0,0,0,0,0,0,0,,,3,2.4,2,0.4,0
fh_f1d97b4e6909,Ainsley,Hubbard,9,3,,0,0,0,0,0,0,0,0,,,,,,,
fh_a71fec56acdf,Kate,Stockwell,4,0,,0,0,0,0,0,0,0,0,,,,,,,
fh_71a9927995ff,Merle,Vaandrager,19,19,,0,0,0,0,0,0,0,0,,,27,1.44,85,0.759,4
fh_30a276ff6440,Emily,Weaver,13,0,,0,0,0,2,1,0,0,0,,,,,,,
fh_2e130cbb7ebb,Alaina,McVeigh,21,21,1086,15,9,39,68,42,4,1,3,,,,,,,
fh_3a747ccc2c05,Julia,Boehringer,21,21,1073,10,5,25,38,21,3,0,0,,,,,,,
fh_295f9d37d941,Madison,Beach,21,21,1164,3,12,18,20,12,1,0,0,,,,,,,
fh_e2f774c71c2a,Macy,Szukics,21,21,1274,3,6,12,35,11,1,0,0,,,,,,,
fh_d7bf06693bbc,Maggie,Kondrath,20,13,826,4,3,11,13,10,0,1,1,,,,,,,
fh_45c0b8abeb68,Ashley,Stockdale,21,21,1002,4,1,9,13,10,1,0,0,,,,,,,
fh_d395d942066a,Shae,Wozniak,14,7,391,4,1,9,11,7,0,0,0,,,,,,,
fh_fbb4264e8828,Sofia,Fidalgo Schioppa,12,10,487,2,0,4,5,3,1,0,0,,,,,,,
fh_3a039cd82b55,Kyle,Massey,21,0,385,1,1,3,12,8,0,0,0,,,,,,,
fh_9cb351dd62c1,Juliette,Schulten,21,21,1162,1,1,3,10,5,0,0,0,,,,,,,
fh_9a3f3f98a87f,Paige,Bitting,21,21,1268,0,2,2,2,1,0,0,0,,,,,,,
fh_0711e6c6df25,Issy,Carey,16,0,258,1,0,2,5,4,0,0,0,,,,,,,
fh_f0704fd43bcf,Reagan,Ciabattoni,6,0,53,1,0,2,1,1,0,0,0,,,,,,,
fh_93770951a0b1,Lily,Soldan,7,0,90,1,0,2,1,1,0,0,0,,,,,,,
fh_6544e7f9ca1c,Brynn,Crouse,21,0,468,0,1,1,9,5,0,0,0,,,,,,,
fh_b450480e75e1,Brooke,Borzymowski,3,0,17,0,0,0,0,0,0,0,0,,,,,,,
fh_72ea90172e1a,Stella,Bumgarner,1,0,0,0,0,0,0,0,0,0,0,,,,,,,
fh_cd1b241879bb,Gracie,Butler,2,0,3,0,0,0,0,0,0,0,0,,,,,,,
fh_5e4b4c1d135f,Kaiya,Chepow,21,21,1257,0,0,0,0,0,0,0,0,,,,,,,
fh_ade9a9bc00de,Ava,Cickavage,21,21,1180,0,0,0,3,2,0,0,0,,,,,,,
fh_8aaabb2e43d0,Kate,Donnellan,5,0,19,0,0,0,0,0,0,0,0,,,,,,,
fh_79f5e5632719,Juliette,Gatsonides,9,0,99,0,0,0,1,1,0,0,0,,,,,,,
fh_2538570eec91,Sophia,Miller,20,1,389,0,0,0,0,0,0,0,0,,,,,,,
fh_e33d68a517d1,Abigail,Spear,1,0,0,0,0,0,0,0,0,0,0,,,,,,,
fh_7f8f8704bb9e,Madelieve,Drion,16,16,750,5,1,11,19,16,1,0,0,,,,,,,
fh_a2668c717506,Alex,De Cain,16,16,808,4,2,10,23,16,0,0,0,,,,,,,
fh_ed3653f3e9ab,Melea,Weber,16,1,432,4,0,8,18,12,1,0,0,,,,,,,
fh_d45a35abf3d4,Madeline,Leigh,16,16,999,2,3,7,27,12,1,0,0,,,,,,,
fh_dee90945b681,Eva,Kluskens,16,16,742,1,4,6,15,9,0,0,0,,,,,,,
fh_160deba5696a,Caroline,Chisholm,16,11,558,2,1,5,23,11,0,1,1,,,,,,,
fh_ab620adadf82,Mia,Garber,16,16,796,2,0,4,24,10,0,0,0,,,,,,,
fh_473a4a343652,Martina,Giacchino,16,16,790,0,4,4,12,7,0,0,0,,,,,,,
fh_196bc1a916e5,Klara,Mueffelmann,16,15,620,1,2,4,21,8,1,0,0,,,,,,,
fh_efe666e69c62,Laila,Rosenquest,16,16,958,1,1,3,19,10,0,0,0,,,,,,,
fh_b65f54808381,Maeve,Seeger,16,16,993,1,1,3,5,3,1,0,0,,,,,,,
fh_55d1f2af2e92,Kate,Bock,11,0,80,1,0,2,1,1,0,0,0,,,,,,,
fh_262830e32b95,Sophia,Sisco,16,4,628,1,0,2,4,2,0,0,0,,,,,,,
fh_f115edd667db,Charlotte,Kramer,13,13,637,0,0,0,0,0,0,0,0,,,,,,,
fh_4f7981ec0eb9,Ava,Meehan,16,0,305,0,0,0,6,4,0,0,0,,,,,,,
fh_6500b2e70a5f,Lilly,Pergola,7,0,76,0,0,0,2,2,0,0,0,,,,,,,
fh_a4034bbc79ef,Caroline,Powell,2,0,15,0,0,0,0,0,0,0,0,,,,,,,
fh_12c6c9fdbb52,Maisy,Ricciardelli,16,0,276,0,0,0,3,3,0,0,0,,,,,,,
fh_47515a19b620,Kike,Van der Veen,3,0,25,0,0,0,0,0,0,0,0,,,,,,,
fh_06b92a109b24,Carine,Van Wiechen,12,3,377,0,0,0,0,0,0,0,0,,,,,,,
fh_420f0cb8a95e,Rylie,Wollerton,18,17,733,11,4,26,45,27,1,0,0,,,,,,,
fh_652deb035690,Gigi,Edwards,18,4,529,4,3,11,13,13,0,0,0,,,,,,,
fh_ccb630d688f3,Lauren,Masters,18,17,837,3,4,10,15,8,1,0,0,,,,,,,
fh_69f665b2f17a,Annabel,Sep,18,18,1093,4,2,10,35,15,1,0,0,,,,,,,
fh_d415876b5475,Izzy,Bianco,18,18,829,3,3,9,19,8,1,0,0,,,,,,,
fh_f97ef109054c,Tyler,Everslage,18,17,698,3,2,8,19,12,0,0,0,,,,,,,
fh_e986056ae340,Gracie,Potter,18,13,697,2,4,8,4,4,0,0,0,,,,,,,
fh_46a5bca607a3,Aubreigh,Uba,18,1,364,3,1,7,7,4,1,2,2,,,,,,,
fh_88092079f46d,Chloe,Cuzzupe,18,18,770,3,0,6,8,6,2,0,0,,,,,,,
fh_dc0ce0ba202a,Sophia,Parker,18,9,557,0,5,5,6,4,0,0,0,,,,,,,
fh_d70abd94f36d,Mary,Wordelmann,18,1,427,2,1,5,5,3,0,0,0,,,,,,,
fh_d3aa876c0051,Emily,Eaton,15,14,744,1,1,3,1,1,0,0,0,,,,,,,
fh_619494c2a9d8,Trijntje,Herfkens,18,10,736,0,2,2,0,0,0,0,0,,,,,,,
fh_bee747dc1f4d,Tatum,Kroon,17,17,791,0,2,2,1,0,0,0,0,,,,,,,
fh_ccf92760c645,Luciana,Carpenter,18,5,614,0,1,1,0,0,0,0,0,,,,,,,
fh_36aa77c2a3e2,Tatum,Bohnert,3,0,82,0,0,0,0,0,0,0,0,,,,,,,
fh_c38c4a004f75,Alessia,Cicuto,7,2,175,0,0,0,0,0,0,0,0,,,,,,,
fh_22daf7116344,Addison,Jay,18,1,452,0,0,0,1,1,0,0,0,,,,,,,
fh_6ed82224cf82,Megan,Mauzy,3,0,35,0,0,0,0,0,0,0,0,,,,,,,
fh_6c0595eaa38f,Jaelen,Perez,17,0,364,0,0,0,5,2,0,0,0,,,,,,,
fh_7c5a3d79bb99,Emily,Young,17,16,999,0,0,0,0,0,0,0,0,,,,,,,
fh_489a470a12ab,Callie,Caito,17,17,718,6,1,13,25,14,0,0,0,,,,,,,
fh_0de92a4f4c2a,Megan,Smith,17,11,684,5,1,11,13,11,2,0,0,,,,,,,
fh_96698138ca79,Alexa,Sedicino,18,17,754,2,4,8,14,7,1,0,0,,,,,,,
fh_efab80d0f977,Natalie,Griffin,18,18,911,3,1,7,6,5,0,0,0,,,,,,,
fh_35975d9c88b6,Claire,Joss,18,18,1072,2,2,6,20,5,0,0,0,,,,,,,
fh_415abd026b86,Elyse,Bouchard,18,17,695,1,3,5,6,3,0,0,0,,,,,,,
fh_8ee6f2f134d5,Maddy,DeFilippo,16,0,328,2,0,4,7,6,1,0,0,,,,,,,
fh_1e3e53f8a6ee,Julie,Diderich,18,0,446,1,2,4,3,1,0,0,0,,,,,,,
fh_a5b8b88f25a3,Gabrielle,Dwyer,18,16,883,0,3,3,1,0,0,0,0,,,,,,,
fh_d7eb6c304ed1,Emerson,Johnson,18,14,725,1,0,2,7,5,0,0,0,,,,,,,
fh_9147a21ac050,Lauren,Rothwell,18,8,523,0,2,2,6,3,0,0,0,,,,,,,
fh_1432c38454f9,India,Hayes,18,1,382,0,1,1,3,3,0,0,0,,,,,,,
fh_255ffd0192e6,Ellie,Picard,16,0,382,0,1,1,4,2,0,0,0,,,,,,,
fh_1c31c3954c77,Zoe,Bates,18,6,408,0,0,0,4,4,0,0,0,,,,,,,
fh_9777b4f03b60,Kerin,Birch,18,17,736,0,0,0,5,2,0,0,0,,,,,,,
fh_1a312afb8cbf,Elsa,Bishop,18,7,619,0,0,0,1,0,0,0,0,,,,,,,
fh_f45c16e1e1c4,Sara,DeSousa,9,4,275,0,0,0,0,0,0,0,0,,,12,2.64,24,0.667,2
fh_0453ce45587b,Carly,Dimock,8,0,83,0,0,0,0,0,0,0,0,,,,,,,
fh_5ad96701c1a0,Maud,van Lierop,14,13,768,0,0,0,0,0,0,0,0,,,42,3.22,78,0.65,2
fh_700f1587e653,Liv,Martino,4,0,8,0,0,0,0,0,0,0,0,,,,,,,
fh_1484a6aaab3c,Ella,Murphy,8,0,49,0,0,0,0,0,0,0,0,,,,,,,
fh_555b5de1c2a0,Jenny,Sorrentino,18,13,706,0,0,0,0,0,0,0,0,,,,,,,
fh_c570e38033c4,Pilar,Lorenzini,19,19,1165,12,1,25,53,28,1,1,1,,,,,,,
fh_81d5ebe61b3e,Tessa,Overgoor,19,19,960,10,4,24,52,33,1,0,0,,,,,,,
fh_7107c0cf3200,Jette,Kurz,19,18,1013,10,2,22,35,25,2,0,0,,,,,,,
fh_54c6c5ef664a,Mara,Küskes,19,19,1131,5,8,18,39,28,2,1,1,,,,,,,
fh_3eda985400a2,Indy,van Ek,19,19,1076,4,4,12,18,9,1,0,0,,,,,,,
fh_232b7f4039a5,Emma,Staron,19,19,868,5,2,12,10,7,2,0,0,,,,,,,
fh_65d330d2dc07,Olivia,Bell,19,19,1126,0,9,9,10,4,0,0,0,,,,,,,
fh_8caac04bbc25,Jenna,Zunic,15,14,783,2,3,7,7,4,2,0,0,,,,,,,
fh_46d06484a3e2,Lillian,Willis,19,16,970,1,4,6,11,10,0,0,1,,,,,,,
fh_4a3d84426904,Sophia,Schoonmaker,19,19,1094,1,3,5,17,11,0,0,0,,,,,,,
fh_58b56a8a64ab,Sarah,Salameh,17,3,441,2,0,4,5,5,0,0,0,,,,,,,
fh_d0fb281fb982,Rylee,Zunic,17,1,231,0,1,1,3,3,0,0,1,,,,,,,
fh_d89616840936,Nina,Faupel,5,1,86,0,0,0,0,0,0,0,0,,,2,1.39,6,0.75,
fh_5dfbdf737d08,Emma,Peeters,19,18,1060,0,0,0,0,0,0,0,0,,,26,1.47,76,0.745,
fh_95dd45ed3e8d,Mathilda,Prada,19,5,582,0,0,0,3,2,0,0,0,,,,,,,
fh_236a04b749a4,Samantha,Siter,17,0,244,0,0,0,3,2,0,0,0,,,,,,,
fh_93cc8acf83ff,Nicole,Poulakis,19,19,1002,23,8,54,65,45,5,3,5,,,,,,,
fh_86cba2aaa388,Kathelijne,Knuttel,19,19,911,14,12,40,51,35,4,0,0,,,,,,,
fh_37333a40e93d,Faye,Meijer,19,19,957,9,6,24,79,40,1,0,0,,,,,,,
fh_d32c1acd9f5b,Tasmin,Cookman,19,19,945,4,11,19,55,34,0,0,2,,,,,,,
fh_2b387c4f13dd,Addison,MacNeil,19,19,1009,3,12,18,13,9,0,0,0,,,,,,,
fh_fcb1401ff395,Marlijn,Swaan,19,19,1152,6,0,12,41,23,1,0,0,,,,,,,
fh_a6ec93d1ad70,Emily,Coughlin,19,3,348,4,0,8,8,6,0,0,0,,,,,,,
fh_bbcf954beefa,Louette,Petiet,19,19,1010,1,3,5,5,3,0,0,0,,,,,,,
fh_89fb32cba121,Brecken,Calcari,19,0,254,1,1,3,2,2,0,0,0,,,,,,,
fh_080bd0205b29,Kay,Murphy,19,0,294,1,1,3,4,3,1,0,0,,,,,,,
fh_aa30674a6186,Emily,Layton,15,0,131,1,0,2,1,1,0,0,0,,,,,,,
fh_606c04bcce29,Abigail,Armlin,19,16,819,0,0,0,0,0,0,0,0,,,,,,,
fh_e8e254e6ec74,Madilynn,Clark,17,0,481,0,0,0,0,0,0,0,0,,,,,,,
fh_d1af1d791f4f,Makayla,Clark,11,0,97,0,0,0,0,0,0,0,0,,,,,,,
fh_1b0452c8b722,Molly-Kate,Dempsey,3,0,58,0,0,0,0,0,0,0,0,,,,,,,
fh_47d9e726653c,Katie,Garrison,8,0,104,0,0,0,0,0,0,0,0,,,,,,,
fh_b7903bdf3e43,Julia,Graves,3,0,43,0,0,0,0,0,0,0,0,,,,,,,
fh_daea97d7b766,Abby,Johnson,18,18,1086,0,0,0,0,0,0,0,0,,,,,,,
fh_9b93b2436233,Abigail,Johnson,19,19,1113,0,0,0,0,0,0,0,0,,,,,,,
fh_cc65eb961853,Megan,Marthins,5,0,46,0,0,0,0,0,0,0,0,,,,,,,
fh_3aab1fcc09bd,Chloe,Miller,5,0,73,0,0,0,0,0,0,0,0,,,,,,,
fh_a90ce389d67d,Kerigan,Ross,6,1,80,0,0,0,0,0,0,0,0,,,,,,,
fh_427898c9cdeb,Morgan,Valeri,1,0,3,0,0,0,0,0,0,0,0,,,,,,,
fh_02922e8892e4,Becky,Ward,19,19,851,0,0,0,0,0,0,0,0,,,,,,,
fh_62d1314e6b89,Karlijn,Kerkhof,18,17,999,14,9,37,77,44,3,2,3,,,,,,,
fh_97ac7993b222,Madison,Leeper,18,18,887,8,6,22,27,17,1,0,0,,,,,,,
fh_e3d99f7bfb90,Alice,Van Hemelen,18,18,964,5,4,14,37,18,1,0,0,,,,,,,
fh_02c51bca517b,Rena,Pistilli,17,17,988,4,6,14,10,6,1,1,1,,,,,,,
fh_24e05d87951c,Ava,Clarke,18,11,638,5,0,10,22,13,0,0,0,,,,,,,
fh_eb695d5d8a9c,Karli,Penrod,12,12,518,5,0,10,21,15,0,0,0,,,,,,,
fh_ff527fa976be,Florine,Gerrits,18,17,886,2,5,9,16,7,1,0,0,,,,,,,
fh_cac16ddfd49a,Haley,Wernig,17,6,458,2,2,6,2,2,1,0,0,,,,,,,
fh_83ba1a00964f,Christina,Wagner,18,11,747,1,3,5,10,7,0,0,0,,,,,,,
fh_8777f5a705d1,Holly,Beckinsale,11,1,266,1,2,4,6,3,0,0,0,,,,,,,
fh_07abab6b6536,Alexa,Guarneri,18,1,499,2,0,4,9,6,0,0,0,,,,,,,
fh_5eabc57ea0ad,Audrey,Carter,15,7,398,1,1,3,13,5,0,0,0,,,,,,,
fh_0b5cbaefe0af,Kathryn,Guertin,1,0,15,1,0,2,3,2,0,0,0,,,,,,,
fh_1b7740237fec,Helena,Herlocher,4,0,79,1,0,2,1,1,0,0,0,,,,,,,
fh_fb89ffbb6ead,Jaedyn,Scarlatos,10,2,193,1,0,2,4,4,0,0,0,,,,,,,
fh_c36c6910f9c5,Aurise,Tattrie,18,18,1001,1,0,2,1,1,0,0,0,,,,,,,
fh_21d7dc8cf04b,Cate,Kleeman,18,17,988,0,1,1,0,0,0,0,0,,,,,,,
fh_328f322a1959,Maggie,Dowd,7,2,127,0,0,0,0,0,0,0,0,,,,,,,
fh_1d21f48626ff,Megan,MacMiller,5,0,45,0,0,0,0,0,0,0,0,,,,,,,
fh_d13a9129b41b,Lindsey,McGurl,13,1,248,0,0,0,6,4,0,0,0,,,,,,,
fh_a204005ba155,Veerle,Mous,18,18,1017,0,0,0,0,0,0,0,0,,,,,,,
fh_4893bedbb604,Brynn,Somers,13,4,426,0,0,0,0,0,0,0,0,,,,,,,
fh_7b6054549d34,Peyton,Rieger,18,18,806,10,7,27,30,21,5,0,0,,,,,,,
fh_a0e23f72f9b1,Lucia,Magro,18,18,844,9,2,20,43,24,3,3,3,,,,,,,
fh_a0fc98a1e703,Mathéa,Lassalle,18,16,848,6,2,14,39,19,0,0,0,,,,,,,
fh_a38c230ad0e7,Mara,Lenting,18,18,956,4,6,14,18,12,0,0,0,,,,,,,
fh_369baafabb0a,Kathryn,Gauvin,18,18,705,5,2,12,25,19,0,0,0,,,,,,,
fh_9d3d8814dc28,Agustina,Tucceri,18,18,1028,2,4,8,28,11,1,0,0,,,,,,,
fh_b77e95f1b85d,Marsha,Ariesen,14,13,731,1,5,7,11,6,0,0,0,,,,,,,
fh_a9ba265ced44,Isabella,Pisano,18,0,393,2,1,5,12,6,0,0,0,,,,,,,
fh_f937466d778b,Riley,Gallagher,17,0,312,2,0,4,6,4,1,0,0,,,,,,,
fh_d3bc4736cccf,Lise,Korver,15,0,173,2,0,4,2,2,0,0,0,,,,,,,
fh_1025d1f75496,Rozlyn,Maciejewski,18,0,283,2,0,4,2,2,1,0,0,,,,,,,
fh_8babce077245,Halle,Aschenbach,18,18,929,0,3,3,5,1,0,0,0,,,,,,,
fh_b25a8cca0fc6,Lonneke,Kerkhof,18,18,947,1,0,2,11,6,1,0,0,,,,,,,
fh_94cf3729fcf8,Amanda,Martin,15,0,308,0,2,2,4,2,0,0,0,,,,,,,
fh_9200cea20ff2,Lina,Neilson,18,7,602,0,2,2,4,1,0,0,0,,,,,,,
fh_a79d064c37f0,Mallory,Buzydlowski,3,0,21,0,0,0,0,0,0,0,0,,,,,,,
fh_20f370501676,Marissa,Cagliola,2,0,18,0,0,0,0,0,0,0,0,,,,,,,
fh_efac39354500,Bella,Dell'Oso,8,0,43,0,0,0,0,0,0,0,0,,,,,,,
fh_b0bb7a3b0d8e,Winslow,DiPeso,1,0,15,0,0,0,0,0,0,0,0,,,,,,,
fh_7be2b1862497,Emmie,Goldberg,8,0,78,0,0,0,1,0,0,0,0,,,,,,,
fh_f8c581fee7fb,Alex,Lepore,17,14,846,0,0,0,0,0,0,0,0,,,,,,,
fh_72e4072c5b66,Madison,Logan,10,0,138,0,0,0,1,0,0,0,0,,,,,,,
fh_22c135fbaff9,Isabella,Ospitale,7,4,280,0,0,0,0,0,0,0,0,,,,,,,
fh_368a8de62efe,Reagan,Stauts,13,0,279,0,0,0,0,0,0,0,0,,,,,,,
fh_9dc95b3f378f,Minke,Stoker,18,18,1115,0,0,0,1,1,0,0,0,,,,,,,
fh_44f8292b203a,Izzy,Vickery,14,0,271,0,0,0,3,2,0,0,0,,,,,,,
fh_c4847e80aee2,Whitney,Walker,5,0,58,0,0,0,0,0,0,0,0,,,,,,,
fh_aabc1bd4c1f8,Enya,Kemp,16,15,670,6,0,12,45,30,2,0,0,,,,,,,
fh_4a2349913237,Jarmilla,Richter,17,17,874,4,3,11,6,5,0,1,1,,,,,,,
fh_9ac0e4cb1c94,Hensley,Miller,17,16,1017,2,6,10,11,7,0,0,0,,,,,,,
fh_6f1a63518268,Sydney,Smith,17,17,749,3,1,7,25,12,1,0,0,,,,,,,
fh_6bcb258fa82f,Maddie,Just,17,17,1014,3,0,6,6,3,0,0,0,,,,,,,
fh_78dd288e1940,Liv,Rainwater,17,17,883,2,1,5,5,4,1,0,0,,,,,,,
fh_1eeace7907a6,Olivia,Gain,17,17,832,1,1,3,13,3,0,0,0,,,,,,,
fh_c60323788198,Sarah,Hondru,17,0,356,1,1,3,3,2,0,0,0,,,,,,,
fh_c1ce0cf1626d,Lilly,Waters,15,14,883,1,1,3,5,5,0,0,0,,,,,,,
fh_a32001c14a34,Alana,Shimp,17,0,462,1,0,2,3,3,0,0,0,,,,,,,
fh_abc512c3a740,Grace,Wagner,17,17,1054,1,0,2,4,3,0,0,0,,,,,,,
fh_7d33fd15e701,Sabrina,Balent,2,0,46,0,0,0,0,0,0,0,0,,,0,0.0,3,1.0,
fh_543956b82296,Tea,Burns,12,8,540,0,0,0,0,0,0,0,0,,,,,,,
fh_21401903da8e,Madison,Destefano,17,17,927,0,0,0,0,0,0,0,0,,,56,3.51,156,0.736,
fh_cdddc13c384a,Sarah,Trask,3,0,59,0,0,0,0,0,0,0,0,,,1,1.02,1,0.5,
fh_48e175166c9d,Anouk,Richters,18,18,859,2,3,7,9,5,0,0,0,,,,,,,
fh_009cee942d08,Alicia,Hudson,16,16,994,1,3,5,16,10,0,0,1,,,,,,,
fh_de602098b726,Brooke,Buchanan,17,10,644,0,4,4,3,2,0,0,0,,,,,,,
fh_23ebfd96816b,Madison,Patton,18,17,713,2,0,4,9,8,0,0,0,,,,,,,
fh_f8944c67eaf5,Luna,Tuncay,18,17,872,2,0,4,21,9,1,0,0,,,,,,,
fh_5cc503571163,Dominique,Hudson,18,18,959,1,0,2,1,1,0,0,0,,,,,,,
fh_05b081678a6c,Cami,Paris,17,17,791,1,0,2,12,2,0,0,0,,,,,,,
fh_b755b6dfa8e0,Mira,Alcorn,18,3,544,0,0,0,2,1,0,0,0,,,,,,,
fh_38d06e42da73,Ella,Bonnell,18,18,877,0,0,0,0,0,0,0,0,,,,,,,
fh_a721506a6338,Maria,Bonwell,17,14,799,0,0,0,0,0,0,0,0,,,,,,,
fh_6a761e5909bb,Mia,Booth,14,0,210,0,0,0,1,1,0,0,0,,,,,,,
fh_b537f415aa0c,Reilly,Casey,16,10,654,0,0,0,0,0,0,0,0,,,,,,,
fh_9608f8a4f641,Megan,Clauser,2,0,45,0,0,0,0,0,0,0,0,,,9,9.65,8,0.471,0
fh_f66bf3eecfde,Eve,Gladys,18,0,401,0,0,0,2,1,0,0,0,,,,,,,
fh_8e938e70e4a8,Chloe,James,2,0,15,0,0,0,0,0,0,0,0,,,,,,,
fh_606a834fa3ff,Amber,Lacy,17,0,334,0,0,0,0,0,0,0,0,,,,,,,
fh_a7c2bc124a3f,Annie,Malloy,15,5,425,0,0,0,0,0,0,0,0,,,,,,,
fh_a7fa7c6f33c0,Annie,McCarthy,18,11,600,0,0,0,2,1,0,0,0,,,,,,,
fh_35616570b9cb,Olivia,Pifer,1,0,5,0,0,0,0,0,0,0,0,,,,,,,
fh_96a78485c396,Skylar,Sokal,8,3,260,0,0,0,2,0,0,0,0,,,,,,,
fh_e5f67fe00f4e,Lilli,Vera,15,0,184,0,0,0,2,0,0,0,0,,,,,,,
fh_8a5ce82dd0c3,Emily,Williams,6,1,72,0,0,0,1,1,0,0,0,,,,,,,
fh_aa3bb3f14c1d,Kailey,Workman,18,18,1102,0,0,0,0,0,0,0,0,,,60,3.39,119,0.665,1
fh_f19be7a1009d,Clara,Larripa,20,20,1220,20,8,48,67,38,5,0,0,,,,,,,
fh_c9146fdfe808,Alexa,Derr,20,15,881,3,10,16,6,3,0,0,0,,,,,,,
fh_fc95c264f436,Lainey,Nichols,20,14,740,5,2,12,34,22,0,0,0,,,,,,,
fh_bf0da59af5cb,Valen,Luna Paratore,15,14,742,5,2,12,45,23,1,0,1,,,,,,,
fh_ed227b400511,Amy,Stripling,17,9,504,5,1,11,26,17,2,2,4,,,,,,,
fh_fb8b5336d3a7,Jess,McMeeking,20,20,1235,2,3,7,19,12,1,0,0,,,,,,,
fh_3b8e3b08fe7e,Reese,Miller,15,7,474,2,2,6,6,5,1,0,0,,,,,,,
fh_ef0c75356edc,Emma,Williams,20,18,1104,2,1,5,8,6,2,0,0,,,,,,,
fh_b851307e1cf5,Camila,Daud,7,7,423,0,4,4,1,1,0,0,0,,,,,,,
fh_30156ff153f6,Charly,Faherty,15,11,663,2,0,4,11,9,0,0,0,,,,,,,
fh_d7fe3a1c6f9c,Remy,Phan,20,4,394,2,0,4,6,5,0,0,0,,,,,,,
fh_0839d26907e1,Lillian,Buckwalter,20,20,1230,0,2,2,1,1,0,0,0,,,,,,,
fh_8f92706815bf,Sarah,Ellis,15,1,106,0,2,2,1,1,0,0,0,,,,,,,
fh_512ec68ce942,Olivia,Eusanio,8,0,46,1,0,2,3,2,0,0,0,,,,,,,
fh_313abf357e56,Grace,Wiggins,20,20,1237,0,2,2,8,3,0,0,0,,,,,,,
fh_d249f5b9c7e3,Emme,Hinson-Hasty,5,0,3,0,1,1,0,0,0,0,0,,,,,,,
fh_3d500043ebf6,Amanda,Cimillo,20,20,1208,0,0,0,0,0,0,0,0,,,,,,,
fh_7714adf34359,Thea,Conomikes,4,0,25,0,0,0,0,0,0,0,0,,,,,,,
fh_775dad2d3774,Madelyn,Curtis,17,10,611,0,0,0,0,0,0,0,0,,,,,,,
fh_572d9d4b0a7e,Freya,MacKay,6,2,124,0,0,0,2,0,0,0,0,,,,,,,
fh_ed1fa3b387a6,Avery,Russell,10,0,107,0,0,0,1,0,0,0,0,,,,,,,
fh_50787f842e54,Caroline,Simmons,12,7,553,0,0,0,1,0,0,0,0,,,,,,,
fh_96eeac1f462a,Victoria,Stockdale,13,1,103,0,0,0,0,0,0,0,0,,,,,,,
fh_433c4e9ca44d,Ava,Smith,22,22,,17,1,35,82,53,3,0,1,,,,,,,
fh_0568eb8788d6,Brooke,James,22,18,,6,3,15,37,20,2,0,0,,,,,,,
fh_6e3101945571,Emily,Tammaro,22,22,,2,10,14,12,6,0,0,0,,,,,,,
fh_469db0e83dee,Adèle,Jardemar,21,20,,2,8,12,50,23,1,0,0,,,,,,,
fh_de9f22cd9c2d,Milou,Kluyt,22,22,,6,0,12,28,19,3,0,1,,,,,,,
fh_224f37006903,Erika,Culp,18,18,,3,5,11,33,16,1,0,0,,,,,,,
fh_6c0c477ec585,Carly,Hynd,22,3,,4,2,10,9,7,1,0,0,,,,,,,
fh_63f17f1c66ff,Lily,DeWan,22,0,,4,0,8,13,9,0,0,0,,,,,,,
fh_62ab92a660eb,Alison,Buffington,22,22,,2,2,6,20,14,1,0,0,,,,,,,
fh_037d4df5c9d0,Talya,Harvey,22,13,,1,4,6,9,5,0,0,0,,,,,,,
fh_8e9bb5334943,Tristan,Groff,22,16,,0,3,3,6,2,0,0,0,,,,,,,
fh_bfe7fa3931d1,Cat,Arentz,17,0,,1,0,2,5,3,0,0,0,,,,,,,
fh_1aa1cee49561,Laine,Delmotte,22,22,,1,0,2,2,1,0,0,0,,,,,,,
fh_1715744c6c4e,Emma,Winther,22,22,,0,1,1,9,2,0,0,0,,,,,,,
fh_8f5f047aaa89,Nat,Barnicoat,22,0,,0,0,0,1,1,0,0,0,,,,,,,
fh_df00d6e787b5,Marith,Bijkerk,3,0,,0,0,0,0,0,0,0,0,,,3,2.0,2,0.4,
fh_5f192a9b1b19,Caroline,Brickley,12,0,,0,0,0,4,2,0,0,0,,,,,,,
fh_d52c46b258b1,Alex,Enslin,4,0,,0,0,0,0,0,0,0,0,,,,,,,
fh_a46a1922f63d,Paige,Kieft,22,22,,0,0,0,0,0,0,0,0,,,22,1.04,58,0.725,
fh_aed871226cd5,Dani,Murphy,18,0,,0,0,0,0,0,0,0,0,,,,,,,
fh_2153b4ae71d7,Sib,Naaktgeboren,19,19,946,21,6,48,100,63,7,0,1,,,,,,,
fh_b23751da9fe2,Celie,Constantine,19,19,964,2,9,13,17,8,0,0,0,,,,,,,
fh_8cf0dea6edb4,Eva,van der Kooi,19,16,783,4,4,12,16,13,1,0,0,,,,,,,
fh_28b6e519fb9d,Lourdes,Wolf,19,18,881,5,2,12,28,18,0,0,0,,,,,,,
fh_c78a95fb2be1,Matilda,Collins,19,19,1125,5,0,10,44,26,0,2,4,,,,,,,
fh_b51d2b92fd67,Hannah,Merritt,15,13,761,4,2,10,26,14,1,0,0,,,,,,,
fh_0db1c8553bab,Ava,Mickel,19,19,985,3,2,8,24,18,0,0,0,,,,,,,
fh_a8c9f59a44d0,Emelia,Little,19,19,862,2,1,5,8,5,0,0,0,,,,,,,
fh_9575b1df779d,Emilia,Ostos,18,1,421,2,0,4,11,8,1,0,0,,,,,,,
fh_98424c4b368d,Hallie,Slidell,19,2,576,1,2,4,5,5,0,0,0,,,,,,,
fh_202d24dece05,Sarah,Grace Clifton,19,12,738,0,1,1,5,1,0,0,0,,,,,,,
fh_b4573abb05f8,Liv,Goeke,19,19,1162,0,1,1,4,2,0,0,0,,,,,,,
fh_de0a5f8d036e,Eliza,Agan,15,0,256,0,0,0,2,1,0,0,0,,,,,,,
fh_ab30fc9e73e2,Brennan,Bazant,10,1,149,0,0,0,1,0,0,0,0,,,,,,,
fh_33c269f79b2c,Rebecca,Bustos,6,0,34,0,0,0,0,0,0,0,0,,,,,,,
fh_fb1f909f5015,Anna,Daly,4,0,12,0,0,0,0,0,0,0,0,,,,,,,
fh_bdaf8bc92782,Emma,Datch,19,11,811,0,0,0,2,1,0,0,0,,,,,,,
fh_b22be700e774,Avery,Foster,19,5,695,0,0,0,0,0,0,0,0,,,,,,,
fh_5371112dd357,Ellie,Johnson,4,0,15,0,0,0,0,0,0,0,0,,,,,,,
fh_d25607a79543,Eleanor,Larsen,14,14,557,0,0,0,0,0,0,0,0,,,,,,,
fh_ee0171c7bb18,Emily,Najarian,15,0,236,0,0,0,3,2,0,0,0,,,,,,,
fh_383dc2d7d0a1,Emma,Stevens,4,0,22,0,0,0,0,0,0,0,0,,,,,,,
fh_751381f0e3d7,Madi,Sullivan,4,0,13,0,0,0,0,0,0,0,0,,,,,,,
fh_611e0afcdf6c,Elyse,Unger,6,0,37,0,0,0,0,0,0,0,0,,,,,,,
fh_62c502f7c665,Erin,Walsh,5,1,31,0,0,0,0,0,0,0,0,,,,,,,
fh_1217860e1cd9,Darian,DeLeo,18,14,745,6,2,14,24,13,3,0,0,,,,,,,
fh_8d591b4529a9,Shea,Burns,18,17,781,6,0,12,16,10,1,0,0,,,,,,,
fh_103af3fc4244,Matilda,Diedrichsen,18,14,883,5,2,12,46,27,0,0,0,,,,,,,
fh_c2acdb808bba,Natalie,Wilson,18,17,1049,2,6,10,7,5,0,0,0,,,,,,,
fh_968efd0b6f9b,Jeanne,Legast,17,0,358,4,0,8,8,8,0,0,0,,,,,,,
fh_d7748328a0c8,Sofia,Enriquez,12,9,505,3,1,7,12,7,1,1,1,,,,,,,
fh_036ff0280f10,Natalie,Forman,18,11,676,2,0,4,8,3,0,0,0,,,,,,,
fh_fd82f7e27a8b,Annabel,Leussink,18,11,612,2,0,4,16,8,0,0,0,,,,,,,
fh_6104c4af1281,Roos,Pasveer,17,16,797,0,4,4,23,10,0,0,0,,,,,,,
fh_9c4c49f0b0ee,Natalie,Ricci,18,18,1065,0,4,4,5,2,0,0,0,,,,,,,
fh_609c66b8bcd4,Marisol,Torreyson,17,17,888,2,0,4,9,5,1,0,0,,,,,,,
fh_e9467316e73a,Gabrielle,LaCroix,18,16,568,1,1,3,17,5,0,0,0,,,,,,,
fh_1a999ddf6729,Kelsey,Rowe,18,0,460,1,1,3,9,5,1,0,0,,,,,,,
fh_35051f038d0e,Abby,Boggs,18,18,1042,0,0,0,0,0,0,0,0,,,41,2.33,134,0.766,
fh_758d961191b9,Carlye,Bryant,3,0,13,0,0,0,0,0,0,0,0,,,,,,,
fh_f5c1538f6090,Leah,DiRenzo,1,0,15,0,0,0,0,0,0,0,0,,,0,0.0,0,0.0,
fh_22a43ee3b67e,Tannah,Duncan,8,0,151,0,0,0,0,0,0,0,0,,,,,,,
fh_344e57c19e34,Victoria,Mirabelli,14,0,318,0,0,0,1,0,0,0,0,,,,,,,
fh_e3d537203d1d,Brooke,Mitchell,2,0,10,0,0,0,0,0,0,0,0,,,,,,,
fh_8dd27817dd02,Coco,Pelz,14,4,418,0,0,0,1,0,0,0,0,,,,,,,
fh_0ac94b726b0f,Zarah,Synnestvedt,4,0,61,0,0,0,0,0,0,0,0,,,2,1.95,6,0.75,
fh_14cf521e46e5,Janne,Zillessen,12,10,621,0,0,0,0,0,0,0,0,,,,,,,
fh_b68db69de540,Sierra,Larson,13,8,426,6,1,13,16,12,2,0,0,,,,,,,
fh_08f68ec5064d,Olivia,Smith,15,15,945,6,1,13,36,20,2,3,5,,,,,,,
fh_ca75e6379c12,Abby,Vidas,15,15,934,3,3,9,30,18,1,0,0,,,,,,,
fh_d6d5d3060229,Shaya,Dry,15,11,755,3,2,8,13,10,0,0,0,,,,,,,
fh_973d5e8a5eb3,Macy,Budd,15,13,890,1,3,5,14,9,0,0,0,,,,,,,
fh_7de56de3a7b7,Ignacia,Manriquez,13,9,509,2,0,4,8,4,0,0,0,,,,,,,
fh_a14f9acdf619,Brynn,Newborn,15,14,819,1,1,3,17,10,0,0,0,,,,,,,
fh_d03b0af4ef71,Ava,Calma,15,7,379,1,0,2,5,3,0,0,0,,,,,,,
fh_0525340196d6,Ella,Etherington,15,14,870,0,2,2,4,4,0,0,0,,,,,,,
fh_7e3bdb293f72,Hazel,Merry,15,15,945,0,1,1,7,5,0,0,0,,,,,,,
fh_3997bb858545,Josie,Naeger,15,13,778,0,1,1,23,12,0,0,0,,,,,,,
fh_c205dfe51271,Ashley,Jones,15,15,925,0,0,0,0,0,0,0,0,,,,,,,
fh_a5627fb5bbec,Ella,Kappesser,14,0,107,0,0,0,6,3,0,0,0,,,,,,,
fh_a558c983a773,Kerri,O'Donnell,1,0,53,0,0,0,0,0,0,0,0,,,5,5.62,8,0.615,
fh_7a0d0f04b097,Dawson,Packwood,2,0,15,0,0,0,0,0,0,0,0,,,,,,,
fh_d22135dd2f3c,Abby,Schalow,15,15,812,0,0,0,0,0,0,0,0,,,28,2.07,85,0.752,
fh_b52370dd3284,Morena,Macera,18,18,1109,17,5,39,71,46,6,2,2,,,,,,,
fh_9e755d43c658,Lina,Behrmann,18,18,1115,3,15,21,11,9,1,0,0,,,,,,,
fh_3cbcd9a5e7a7,Josefina,Ventimiglia,15,13,808,1,9,11,18,11,1,0,0,,,,,,,
fh_be1d3f5d6a8e,Angelina,Gandos,18,18,1031,1,7,9,6,5,1,0,0,,,,,,,
fh_4d2da3555c3d,Josephine,Jense,18,18,1121,3,1,7,25,17,0,0,0,,,,,,,
fh_76383e351cb3,Mackenzie,White,18,18,830,3,1,7,15,13,1,0,0,,,,,,,
fh_53000d308f33,Emily,Föerster,16,13,743,3,0,6,15,10,0,0,0,,,,,,,
fh_72da5b4f29c2,Lotje,Aalderink,18,18,1122,1,3,5,24,8,0,0,0,,,,,,,
fh_92123c105c34,Cameron,Butler,9,0,96,1,0,2,2,2,0,0,0,,,,,,,
fh_10767b2ecb72,Carley,Deaver,18,2,386,1,0,2,9,6,0,0,0,,,,,,,
fh_a5f821661d49,Manuela,Secondo,18,15,771,0,1,1,9,4,0,0,0,,,,,,,
fh_8a20d8489a69,Claire,Bieber,3,0,20,0,0,0,0,0,0,0,0,,,,,,,
fh_cb7e9ca2d83f,Zoe,Cabrera,4,0,19,0,0,0,0,0,0,0,0,,,,,,,
fh_f8c27376cd88,Emma,Clements,18,18,1117,0,0,0,0,0,0,0,0,,,20,1.08,78,0.796,8
fh_79b0bbbed873,Maddie,Cornwell,3,0,24,0,0,0,0,0,0,0,0,,,,,,,
fh_6ae12ad02c5f,Callie,Dieffenbacher,18,12,880,0,0,0,4,3,0,0,0,,,,,,,
fh_8d1db0d71a4f,Ashley,Doyle,7,0,92,0,0,0,0,0,0,0,0,,,,,,,
fh_e840b694ae72,Lynnsi,Joyce,1,0,15,0,0,0,0,0,0,0,0,,,0,0.0,1,1.0,0
fh_0828c53c624d,Amelia,Wagner,7,0,36,0,0,0,1,1,0,0,0,,,,,,,
fh_c392a5df84d6,Hannah,Zimmerman,4,0,68,0,0,0,0,0,0,0,0,,,,,,,
fh_aded216ff61d,Sol,Simone,20,20,1198,3,13,19,18,11,1,0,0,,,,,,,
fh_262b747ae01d,Julia,Bressler,21,19,1063,8,0,16,56,34,3,4,6,,,,,,,
fh_9348c5b004dc,Pien,Prins,21,18,1002,7,1,15,28,20,2,0,0,,,,,,,
fh_3c86a3824fab,Lene,Bunjes,21,10,631,5,0,10,27,18,2,0,0,,,,,,,
fh_a8d372c7a142,Fien,Hollander,20,17,998,4,1,9,22,11,2,0,0,,,,,,,
fh_9579caec5452,Zita,Grigoleit,21,19,1115,1,5,7,5,3,0,0,0,,,,,,,
fh_bce6127e6c8d,Abby,Davidson,21,4,451,3,0,6,23,13,1,0,0,,,,,,,
fh_a65b4acaaaaa,Olivia,McKenna,21,20,1032,2,2,6,14,10,0,0,0,,,,,,,
fh_66f344c4fc42,Violeta,Francese,21,11,688,2,0,4,13,4,0,0,0,,,,,,,
fh_262a0393d217,Juana,Garcia,21,21,1198,0,3,3,2,0,0,0,0,,,,,,,
fh_ef3edc5c4fcc,Emma,Larit,18,0,182,1,0,2,6,3,1,0,0,,,,,,,
fh_f9bc1a71aab8,Milou,Heuker,20,20,1254,0,1,1,7,3,0,0,0,,,,,,,
fh_391c8ceeb2d3,Keet,Castelijn,12,0,219,0,0,0,1,1,0,0,0,,,,,,,
fh_3a61e65d0b10,Milaw,Clause,7,7,401,0,0,0,3,2,0,0,0,,,,,,,
fh_e4b2506f428b,Jasmijn,Damman,19,16,824,0,0,0,1,1,0,0,0,,,,,,,
fh_fa2ae9c054f8,Maia,Dechiario,21,4,591,0,0,0,0,0,0,0,0,,,,,,,
fh_1e5ac5e23013,Olivia,Donahue,17,0,143,0,0,0,3,2,0,0,0,,,,,,,
fh_c323ab7f6328,Paige,Keller,10,0,110,0,0,0,1,0,0,0,0,,,,,,,
fh_a7595b82349d,Olivia,Machiavelli,8,0,54,0,0,0,0,0,0,0,0,,,,,,,
fh_5b464c5a9eb2,Natalie,McKenna,21,21,1298,0,0,0,0,0,0,0,0,,,,,,,
fh_f4c249b0587a,Avianna,Wagner,3,0,27,0,0,0,0,0,0,0,0,,,,,,,
fh_12da313293bd,Ava,Borkowski,18,17,816,9,0,18,37,25,0,0,0,,,,,,,
fh_63cf56881741,Colleen,Finnan,18,17,825,5,4,14,23,9,1,0,0,,,,,,,
fh_a32dd725f594,Gemma,Lysaght,18,18,1042,2,4,8,42,17,0,0,1,,,,,,,
fh_0da4e187ecbf,Addie,Froehlich,14,13,680,2,3,7,18,6,1,0,0,,,,,,,
fh_98c9e4fc50d5,Erin,Mitchell,18,5,596,3,0,6,7,3,2,0,0,,,,,,,
fh_a90d4fbec0c2,Barrett,Trigg,18,18,772,1,2,4,9,3,0,0,0,,,,,,,
fh_8cc8e4d869b9,Molly,Zimmerman,18,17,987,0,4,4,5,1,0,0,0,,,,,,,
fh_d332db488a97,Eileen,Mazzaro,18,1,488,1,1,3,8,4,0,0,0,,,,,,,
fh_6c8d1893d8a6,Aimee,Largoza,18,0,346,1,0,2,5,3,0,0,0,,,,,,,
fh_05f0f7889fc5,Evelyn,O'Neill,18,1,390,1,0,2,4,2,1,0,0,,,,,,,
fh_b9ca79381495,Carey,Werley,16,0,265,0,2,2,3,1,0,0,0,,,,,,,
fh_e3935216e038,Maeve,Boston,18,17,872,0,1,1,4,2,0,0,0,,,,,,,
fh_87f82980f9ca,Jane,Bresnahan,18,17,763,0,1,1,1,0,0,0,0,,,,,,,
fh_427ece45b07e,Mia,Albano,5,1,39,0,0,0,0,0,0,0,0,,,,,,,
fh_5e49ad31d094,Shannon,Arber,14,0,194,0,0,0,0,0,0,0,0,,,,,,,
fh_ce6cc4483496,Eva,Van Der Goes,4,1,11,0,0,0,0,0,0,0,0,,,,,,,
fh_9b880db26678,Esmee,de Lange,17,5,406,0,0,0,0,0,0,0,0,,,,,,,
fh_205de482ce68,Evangeline,Minnella,18,11,648,0,0,0,0,0,0,0,0,,,,,,,
fh_dea930134005,Ashton,Odiorne,18,18,822,0,0,0,4,1,0,0,0,,,,,,,
fh_2e0be36017d4,Avery,Ritt,11,0,72,0,0,0,1,1,0,0,0,,,,,,,
fh_1523015d2872,Maddi,Sears,5,3,199,0,0,0,0,0,0,0,0,,,10,3.92,12,0.545,0
fh_ccc2b4ccbdb3,Anna,Shirley,4,1,8,0,0,0,0,0,0,0,0,,,,,,,
fh_358f85985c84,Kate,Soldan,4,0,12,0,0,0,0,0,0,0,0,,,,,,,
fh_4b6528a29e1b,Cate,Voegele,5,1,15,0,0,0,0,0,0,0,0,,,,,,,
fh_66533a1e7e7a,Sydney,Yodh,17,17,,5,2,12,34,21,2,0,0,,,,,,,
fh_b1b701830257,Riley,Fitzgerald,17,17,,4,1,9,23,15,2,0,0,,,,,,,
fh_8496e9a07680,Izzy,Lee,15,15,,3,1,7,5,5,0,1,1,,,,,,,
fh_60150e3558cb,Katherine,Malloy,17,17,,3,1,7,22,11,0,0,0,,,,,,,
fh_1da6894d10dc,Ellie,Johnson,17,17,,3,0,6,14,8,0,0,0,,,,,,,
fh_ecace89657fa,Elena,Perez Alejandro,17,17,,1,4,6,22,11,0,0,0,,,,,,,
fh_fd1413793d4d,Elizabeth,Rossotti,14,5,,2,0,4,7,5,1,0,0,,,,,,,
fh_cc4de5aae8aa,Lily,Saal,13,0,,1,2,4,18,10,0,0,0,,,,,,,
fh_55f843a49559,Caroline,Suko,15,0,,2,0,4,4,3,0,0,0,,,,,,,
fh_b23b17e18be3,Anna,Gill,17,15,,0,2,2,1,1,0,0,0,,,,,,,
fh_fe6d0d429d2c,Lily,Jamison,17,17,,0,2,2,10,6,0,0,0,,,,,,,
fh_ecb51b36dbb8,Adelae,Chierici,16,3,,0,1,1,15,5,0,0,0,,,,,,,
fh_668224ff3167,Colleen,Maloney,17,9,,0,1,1,0,0,0,0,0,,,,,,,
fh_458a4ffab51b,Lexi,Burger,4,0,,0,0,0,0,0,0,0,0,,,,,,,
fh_fa6d9117856a,Alex,Duff,10,1,,0,0,0,0,0,0,0,0,,,17,2.95,33,0.66,0
fh_591f8d499c67,Kerry,Elliott,1,0,,0,0,0,0,0,0,0,0,,,,,,,
fh_919a600b5585,Ella,Fahey,16,16,,0,0,0,0,0,0,0,0,,,18,1.53,59,0.766,1
fh_899128ca7533,Julia,Hall,17,0,,0,0,0,1,1,0,0,0,,,,,,,
fh_23c020559304,Anna,Krebs,9,1,,0,0,0,0,0,0,0,0,,,,,,,
fh_610042c8a4b5,Nina,Mayro,3,0,,0,0,0,0,0,0,0,0,,,,,,,
fh_e91c5e7fd2c2,Kate,McManaman,9,0,,0,0,0,1,1,0,0,0,,,,,,,
fh_541134e537e8,Lindsay,Morin,17,13,,0,0,0,7,2,0,0,0,,,,,,,
fh_6169710114e0,Kelly,O'Connor,17,7,,0,0,0,1,1,0,0,0,,,,,,,
fh_f1d561628268,Laney,Reiser,12,0,,0,0,0,2,0,0,0,0,,,,,,,
fh_bc546d88f16f,Bo,Martina,17,17,1029,9,4,22,36,24,3,0,0,,,,,,,
fh_328b848109eb,Lily,Procaccianti,17,15,781,10,1,21,34,25,3,0,0,,,,,,,
fh_f0760b0cb4c5,Carly,van Benten,17,16,902,5,8,18,22,15,1,0,0,,,,,,,
fh_4812a9578329,Ari,Ftorek,17,10,736,4,1,9,20,13,0,0,0,,,,,,,
fh_5c4509cc8e9f,Piper,Cline,17,6,433,2,3,7,11,8,0,0,0,,,,,,,
fh_ac034e02ed04,Johanna,Mahner,17,10,725,1,4,6,5,4,0,0,0,,,,,,,
fh_1e61908672e3,Lilia,Payne,14,0,191,2,1,5,4,3,0,0,0,,,,,,,
fh_f29471c9657a,Florencia,Talarico,17,16,834,2,1,5,35,17,0,0,0,,,,,,,
fh_fb067288232d,Martu,Torre Festa,16,16,945,0,3,3,2,2,0,0,0,,,,,,,
fh_a20229cebc15,Caroline,Krebs,17,17,931,1,1,3,3,2,0,1,1,,,,,,,
fh_d5d82489dbd0,Macie,Pennisi,17,17,1051,0,3,3,28,9,0,0,0,,,,,,,
fh_d7960281b37d,Morgan,Mastrobattisto,8,0,124,0,1,1,1,1,0,0,0,,,,,,,
fh_09a60af1a80c,Molly,DiGiulio,6,0,51,0,0,0,1,0,0,0,0,,,,,,,
fh_c8c19617d37a,Aly,Iwasyk,6,0,53,0,0,0,0,0,0,0,0,,,,,,,
fh_75d51d12f5de,Saar,Koper,17,13,900,0,0,0,1,1,0,0,0,,,,,,,
fh_2bcc1a6f71ab,Charlotte,Lorden,15,13,710,0,0,0,9,4,1,0,0,,,,,,,
fh_cfce6b8e1ed5,Zoe,Onken,4,1,109,0,0,0,0,0,0,0,0,,,,,,,
fh_e02194977d4d,Caelie,Patrick,4,0,27,0,0,0,0,0,0,0,0,,,,,,,
fh_416b5db3c109,Ava,Porter,16,16,949,0,0,0,0,0,0,0,0,,,,,,,
fh_e0fe4f97b1fe,Adrianna,Williams,6,2,150,0,0,0,0,0,0,0,0,,,,,,,
fh_8bbcc4b1486e,Channy,Johnson,17,17,918,8,1,17,16,11,2,0,0,,,,,,,
fh_b19d6aa4422f,Zoe,Tierney,17,17,954,4,1,9,26,13,0,0,1,,,,,,,
fh_203aec0e6591,Madison,Wiley,17,17,906,3,0,6,17,12,2,0,0,,,,,,,
fh_f20ce2d3ee33,Hailey,Flick,17,17,913,1,2,4,22,10,0,0,0,,,,,,,
fh_d47dc8d83031,Caitlin,Carraway,17,17,982,1,1,3,10,6,0,0,0,,,,,,,
fh_24e9ce5bbfe6,Jane,Ramsay,17,17,762,0,3,3,6,4,0,0,0,,,,,,,
fh_1ad0625f19a2,Molly,Rothenberger,17,17,926,0,2,2,2,1,0,0,0,,,,,,,
fh_9dea0167f005,Aubrey,White,17,2,544,1,0,2,4,3,0,0,0,,,,,,,
fh_e924e7ad8b5d,Meghan,Hyatt,17,17,925,0,1,1,6,3,0,0,0,,,,,,,
fh_2ff817a16cf9,Anna-Lina,Schroder,16,14,789,0,1,1,1,1,0,0,0,,,,,,,
fh_df7d11af5c4e,Fayth,Julius,1,0,8,0,0,0,0,0,0,0,0,,,0,0.0,3,1.0,0
fh_43472b1fdc1a,Brenna,Kadjeski,16,0,186,0,0,0,2,2,0,0,0,,,,,,,
fh_1ca7055f4696,Sophie,Mooldijk,17,17,1003,0,0,0,0,0,0,0,0,,,64,3.78,176,0.733,1
fh_46fdf0d8ec1b,Maria,Papas,17,16,838,0,0,0,3,2,0,0,0,,,,,,,
fh_b1cf926300b1,Emmie,Pisterman,7,0,63,0,0,0,0,0,0,0,0,,,,,,,
fh_1ba6d1e459f5,Bree,Riggs,16,2,412,0,0,0,0,0,0,0,0,,,,,,,
fh_bd777f207741,Jordan,White,4,0,33,0,0,0,0,0,0,0,0,,,,,,,
fh_f5eef1943100,Abby,Tamer,17,17,676,8,3,19,47,26,3,0,0,,,,,,,
fh_ab2b964544e1,Juliette,Manzur,12,11,362,5,5,15,19,14,1,0,0,,,,,,,
fh_98994560cbb7,Emmy,Tran,17,17,782,3,6,12,14,6,0,0,0,,,,,,,
fh_70802667ab26,Maxine,Rogge,17,17,969,3,5,11,27,12,1,0,0,,,,,,,
fh_dcb85c5779a6,Eva,Bernardy,17,17,905,4,2,10,43,17,1,0,0,,,,,,,
fh_ebb52e8ab321,Abby,Burnett,16,12,537,2,4,8,9,4,2,0,0,,,,,,,
fh_6a21d20d5386,Dru,Moffett,17,1,462,4,0,8,12,9,0,0,0,,,,,,,
fh_03315614b071,Esmée,de Willigen,17,17,562,3,1,7,15,6,1,0,0,,,,,,,
fh_bc3c8d5ed2cf,Payton,Maloney,16,0,274,3,1,7,7,4,0,0,0,,,,,,,
fh_fe837cd98af7,Natalie,Millman,17,5,428,2,2,6,11,7,0,0,0,,,,,,,
fh_fa48fdc7e4d9,Claire,Taylor,17,16,851,1,4,6,13,7,0,1,1,,,,,,,
fh_0c38f6b396b6,Cami,Wiseman,17,0,340,3,0,6,11,9,1,0,0,,,,,,,
fh_e2f298ef2176,Zoë,Bormet,16,6,464,1,1,3,4,3,0,0,0,,,,,,,
fh_3d56b44b716d,Kelsey,Reviello,17,16,618,0,3,3,6,1,0,0,0,,,,,,,
fh_f0de7f5863ff,Natalie,Machiran,11,0,105,1,0,2,1,1,0,0,0,,,,,,,
fh_aad22415f9ba,Lexi,Patterson,15,0,218,0,2,2,0,0,0,0,0,,,,,,,
fh_56b76baaae0e,Sofia,Abraham,4,0,41,0,0,0,1,0,0,0,0,,,,,,,
fh_9a56ed52b12d,Aurora,Gery,3,0,43,0,0,0,0,0,0,0,0,,,,,,,
fh_98a39ae0a4a0,Grace,Hunter,15,1,269,0,0,0,1,1,0,0,0,,,,,,,
fh_f7d4808b3ba4,Caylie,McMahon,17,1,439,0,0,0,0,0,0,0,0,,,,,,,
fh_bae0d513f57a,Anjolie,Norton,17,16,821,0,0,0,3,0,0,0,0,,,,,,,
fh_7c627464503d,Beatrice,Ottsen,2,0,2,0,0,0,0,0,0,0,0,,,,,,,
fh_c15aad89b0d0,Adair,Patterson,1,0,0,0,0,0,0,0,0,0,0,,,,,,,
fh_2eb909d09a58,Manouk,Saal,9,0,96,0,0,0,3,3,0,0,0,,,,,,,
fh_161ba7908c2a,Hala,Silverstein,17,16,632,0,0,0,0,0,0,0,0,,,,,,,
fh_6003886d29dd,Makenna,Webster,18,16,862,19,7,45,50,39,3,2,4,,,,,,,
fh_ccf73124f823,Katie,Fichtner,18,17,896,5,2,12,62,28,1,0,0,,,,,,,
fh_69c65e7f6ae1,Raleigh,Kerst,18,7,376,4,1,9,20,17,0,0,0,,,,,,,
fh_f5c35771c030,Anne,Marie Krebs,18,18,898,3,2,8,22,13,0,0,0,,,,,,,
fh_6ba3a7e3e410,Loryn,Jordon,18,11,638,3,0,6,20,10,2,0,0,,,,,,,
fh_e8350895ea98,Lindsey,Roberts,18,10,575,1,3,5,15,7,0,0,0,,,,,,,
fh_68452393e44b,Sienna,Golden,15,9,373,2,0,4,11,7,1,0,0,,,,,,,
fh_d799e6066fb8,Zella,Bailey,18,17,785,1,1,3,12,8,1,0,1,,,,,,,
fh_cc316b3919de,MaKayla,Carahaly,3,0,23,1,1,3,2,1,0,0,0,,,,,,,
fh_c6d36cbc8393,Emily,Barker,17,0,381,1,0,2,5,5,0,0,0,,,,,,,
fh_e340706a16ee,Autum,Kernechel,13,13,625,0,2,2,4,3,0,0,0,,,,,,,
fh_c8ad0b57914b,Victoria,Kutz,18,0,542,0,2,2,3,2,0,0,0,,,,,,,
fh_5e57133aed3c,Carmela,Maro,17,0,238,1,0,2,4,4,0,0,0,,,,,,,
fh_22360a62a3cf,Philippa,Schipper,18,18,693,0,2,2,16,7,0,0,0,,,,,,,
fh_fa5b5a474d7f,Riley,Hudson,18,17,796,0,1,1,4,2,0,0,0,,,,,,,
fh_9ab890056150,Olivia,Wallace,13,0,125,0,1,1,2,1,0,0,0,,,,,,,
fh_9a9ac53ff2fb,Madeline,Bogle,1,0,0,0,0,0,0,0,0,0,0,,,,,,,
fh_49e814a64483,Lucy,Curtis,1,0,0,0,0,0,0,0,0,0,0,,,,,,,
fh_aae6a974415f,Mary,Davis,7,0,174,0,0,0,1,1,0,0,0,,,,,,,
fh_7dc644307819,Grace,Dixon,18,1,345,0,0,0,7,4,0,0,0,,,,,,,
fh_c2e66a6bfe3d,Reagan,Eickhoff,5,0,20,0,0,0,2,2,0,0,0,,,,,,,
fh_457d567208cf,Cam,Standish,18,9,600,0,0,0,3,1,0,0,0,,,,,,,
fh_f8543772c607,Maddie,Stevens,18,18,1083,0,0,0,0,0,0,0,0,,,,,,,
fh_64c671622864,Maci,Bradford,17,17,806,5,8,18,26,19,2,0,0,,,,,,,
fh_73935f8c7d8d,Jordyn,Hollamon,18,12,659,7,3,17,54,34,1,0,0,,,,,,,
fh_4ff3fecae80f,Ella,Gaitan,14,11,414,5,1,11,26,12,3,0,0,,,,,,,
fh_af6cba35cb98,Josie,Hollamon,18,18,999,5,1,11,25,10,2,1,1,,,,,,,
fh_ad5fceef2d3e,Annemijn,Klijnhout,18,18,832,1,4,6,10,6,0,0,0,,,,,,,
fh_6cbbc601873b,Maia,Adamson,18,18,769,2,1,5,11,4,1,0,0,,,,,,,
fh_783653642acb,Djuna,Eikelboom,15,5,450,1,2,4,11,7,0,0,0,,,,,,,
fh_e0fe75e9ab12,Maya,Everett,15,1,310,1,0,2,2,1,0,0,0,,,,,,,
fh_5f8f0eb263c0,Ella,Fehr,18,18,857,0,2,2,15,6,0,0,0,,,,,,,
fh_c79e06e9141e,Feliz,Kuhne,14,11,577,1,0,2,25,11,0,0,0,,,,,,,
fh_2a7c7109bf55,Callie,Rogers,18,12,605,0,2,2,6,4,0,0,0,,,,,,,
fh_df1367314b44,AJ,Eyre,15,0,319,0,1,1,8,5,0,0,0,,,,,,,
fh_afe47edc6ca1,Brinkley,Eyre,12,0,251,0,1,1,5,3,0,0,0,,,,,,,
fh_485eb530384e,Fleur,Knopert,18,18,901,0,1,1,8,2,0,0,0,,,,,,,
fh_02abfbc29333,Erin,Callahan,18,0,583,0,0,0,1,1,0,0,0,,,,,,,
fh_37e4237067fc,Faith,Everett,2,0,9,0,0,0,0,0,0,0,0,,,,,,,
fh_d9d2a056332b,Ellie,Goldstein,10,0,210,0,0,0,5,3,0,0,0,,,,,,,
fh_382a3075493a,Leah,Horwitz,11,0,231,0,0,0,4,1,0,0,0,,,,,,,
fh_44838b119953,Kristina,Johnson,3,0,60,0,0,0,0,0,0,0,0,,,,,,,
fh_43f8db6a31d4,Alyssa,Klebasko,18,18,1068,0,0,0,0,0,0,0,0,,,,,,,
fh_467e49b3b45d,Ericka,Morris-Adams,18,18,728,0,0,0,4,1,0,0,0,,,,,,,
fh_5acfdbd984f5,Ryleigh,Osborne,1,0,0,0,0,0,0,0,0,0,0,,,,,,,
fh_c6acb3941887,Ava,Trexler,4,0,46,0,0,0,0,0,0,0,0,,,,,,,
fh_9d3feec9e182,Gracie,Burns,18,17,759,5,1,11,13,11,3,0,0,,,,,,,
fh_464cec0a1c97,Bianca,Pizano,18,15,835,5,1,11,33,14,0,1,1,,,,,,,
fh_b878072b76e7,Caroline,Horace,18,11,646,3,2,8,9,5,0,0,0,,,,,,,
fh_2fda90ffbf85,Brynn,Shaffer,15,1,418,3,2,8,7,4,0,0,0,,,,,,,
fh_8706df6b5d83,Maddie,Lawlor,18,18,659,2,3,7,34,20,1,0,0,,,,,,,
fh_4f6bb38ce405,Ellie,Kendall,14,2,307,2,1,5,13,6,0,0,0,,,,,,,
fh_8f395e14228c,Mora,Cavazza,18,12,444,1,2,4,10,6,1,0,0,,,,,,,
fh_4e6aea9d300a,Katelyn,Dulin,18,6,627,2,0,4,7,5,0,0,0,,,,,,,
fh_ea5686fc468e,Tatum,Johnson,17,12,560,1,2,4,22,15,0,0,0,,,,,,,
fh_2b7830bd79a8,Lilian,Knorr,15,14,717,1,1,3,14,8,0,0,0,,,,,,,
fh_97aed7ce37b4,Alexa,Shaffer,17,17,881,0,3,3,0,0,0,0,0,,,,,,,
fh_1249955a83b3,Sarah,Connolly,9,0,95,1,0,2,1,1,0,0,0,,,,,,,
fh_e8651dc52e28,Serena,Mailhe,17,17,716,0,2,2,8,1,0,0,0,,,,,,,
fh_1f8b808063de,Lyra,Gavino,17,15,867,0,0,0,0,0,0,0,0,,,,,,,
fh_1b7c01b140cf,Grace,Grabowski,8,0,122,0,0,0,1,1,0,0,0,,,,,,,
fh_52ef431372ee,Ashley,Herbert,6,3,213,0,0,0,0,0,0,0,0,,,,,,,
fh_da3e63794c54,Rilyn,Lehman,18,14,773,0,0,0,1,1,0,0,0,,,,,,,
fh_18aad9163432,Carmen,Maudlin,18,5,731,0,0,0,11,3,0,0,0,,,,,,,
fh_33378276c23c,Ella,McKernan,8,0,206,0,0,0,2,1,0,0,0,,,,,,,
fh_8b87b670a0e0,Ella,Tambroni,7,0,75,0,0,0,0,0,0,0,0,,,,,,,
fh_8f8c3ee7d58b,Emmy,Wellejus,6,0,81,0,0,0,0,0,0,0,0,,,,,,,
fh_a1201b9a7290,Inés,Garcia Prado,18,18,1346,7,9,23,56,38,1,0,1,,,,,,,
fh_60cea4244c7b,Mijntje,Hagen,18,18,1420,6,10,22,36,20,1,0,0,,,,,,,
fh_90149ae3e9f2,Theresa,Ricci,18,4,538,6,4,16,19,15,2,0,0,,,,,,,
fh_8661d1e08784,Celia,Arroyo Cabezudo,14,12,458,7,1,15,29,19,0,2,2,,,,,,,
fh_41a5dfa9f053,Molly,Stutte,18,17,1184,7,1,15,34,20,0,0,0,,,,,,,
fh_f242b90f429f,Hannah,Riddle,18,0,485,4,2,10,13,8,0,0,0,,,,,,,
fh_959bf9e0e800,Anna,Mozeleski,14,1,330,4,0,8,24,14,0,0,0,,,,,,,
fh_25de52758ec1,Ava,Winner,9,0,72,2,0,4,6,4,0,0,0,,,,,,,
fh_4b0739836431,Lily,Freeman,18,13,1269,1,0,2,2,1,0,0,0,,,,,,,
fh_8e145d927ea5,Georgia,Rottinghaus,13,0,357,0,2,2,4,1,0,0,0,,,,,,,
fh_028b845bf706,Kate,Longo,12,1,221,0,1,1,3,2,0,0,0,,,,,,,
fh_3b3f9ea977b3,Rylee,Brooks-Booth,1,0,12,0,0,0,0,0,0,0,0,,,,,,,
fh_2cc347416ca4,Sadie,Canelli,15,14,904,0,0,0,0,0,0,0,0,,,,,,,
fh_e91f9a550ed6,Kylie,Dawson,4,0,32,0,0,0,0,0,0,0,0,,,,,,,
fh_5cd076593096,Kai,Killian,5,4,650,0,0,0,0,0,0,0,0,,,,,,,
fh_550639b5a2eb,Cecilia,Maixner,11,0,198,0,0,0,1,1,0,0,0,,,,,,,
fh_ddf483bb231f,Sydney,Meltzer,8,7,276,0,0,0,2,2,0,0,0,,,,,,,
fh_c1c0947bb55a,Elen,Nicholls,18,18,1498,0,0,0,2,0,0,0,0,,,,,,,
fh_9d2f1d9c8c2d,Kiki,Oomens,18,12,1087,0,0,0,8,3,0,0,0,,,,,,,
fh_0cd7e4f977e4,Morgan,Qualls,16,4,311,0,0,0,1,1,0,0,0,,,,,,,
fh_68bd564ce860,Keke,Sluiter,1,0,3,0,0,0,0,0,0,0,0,,,,,,,
fh_79d66e18db69,Emma,Thompson,18,17,1432,0,0,0,2,0,0,0,0,,,,,,,
fh_fed2fb0351a1,Olivia,Fraticelli,18,8,657,11,2,24,25,20,0,0,0,,,,,,,
fh_e914030bc8dc,Sophie,Kuiper,18,18,774,8,2,18,47,32,2,0,0,,,,,,,
fh_e95e176921bd,Paulina,Niklaus,18,18,987,5,6,16,37,16,0,1,1,,,,,,,
fh_55713fcc93cd,Puck,Winter,18,18,1090,5,3,13,10,8,3,1,1,,,,,,,
fh_cbfaa1a8d670,Olivia,de Zwaan,18,15,752,6,0,12,12,9,1,0,0,,,,,,,
fh_4fd576249352,Martha,Goodridge,18,18,888,4,2,10,7,6,1,0,0,,,,,,,
fh_2a5e8a4a6b92,Anna,Cogdell,18,18,855,1,5,7,27,14,1,0,0,,,,,,,
fh_0db4564d4790,Maddie,Kidd,17,0,458,2,1,5,6,6,1,0,0,,,,,,,
fh_6423f1d03936,Vicky,Jure,18,18,862,0,4,4,4,2,0,0,0,,,,,,,
fh_75f103d94cda,Dani,Gindville,18,5,446,1,1,3,11,9,0,0,0,,,,,,,
fh_38abc0914796,Júlia,Viñas Nieto,18,1,540,1,1,3,7,5,0,0,0,,,,,,,
fh_504571c574d4,Ashley,Arnold,18,16,623,0,2,2,17,9,0,0,0,,,,,,,
fh_b3a39ed4b35c,Maddie,Olshemski,11,0,216,1,0,2,1,1,0,0,0,,,,,,,
fh_989a1e76b7fc,Lyla,Rehill,14,0,226,1,0,2,2,1,0,0,0,,,,,,,
fh_4f8b5b60a52c,Samantha,Arnold,9,4,314,0,1,1,0,0,0,0,0,,,,,,,
fh_dcc4bdff4ddb,Olivia,Beattie,18,18,967,0,1,1,1,1,0,0,0,,,,,,,
fh_bf9517fcbe2a,Caroline,DeKenipp,12,0,142,0,1,1,2,0,0,0,0,,,,,,,
fh_a00385403a08,Natalie,Arnold,16,5,474,0,0,0,0,0,0,0,0,,,,,,,
fh_90dae123a9fd,Erica,Babitts,3,0,34,0,0,0,0,0,0,0,0,,,,,,,
fh_7dc712136f2e,Olivia,Stazi,4,0,47,0,0,0,0,0,0,0,0,,,,,,,
fh_0552a76bfddb,Abbie,Zacchini,3,0,22,0,0,0,0,0,0,0,0,,,,,,,
fh_a7289ba367ff,Ella,Franken,16,16,919,8,5,21,41,17,1,1,1,,,,,,,
fh_0c5cceb5519f,Karly,Redman,16,16,721,8,0,16,27,19,1,0,0,,,,,,,
fh_69f20cdf7558,Beth,Munro-Morris,16,15,668,2,5,9,24,12,1,0,0,,,,,,,
fh_6cc0fdf873f8,Morgan,Caldera,16,15,761,4,0,8,7,7,1,0,1,,,,,,,
fh_5abbc477af66,Hayden,Ma,16,16,927,2,3,7,10,5,2,0,0,,,,,,,
fh_464e5e949b6c,Katie,Kim,16,16,737,1,4,6,11,7,0,0,0,,,,,,,
fh_3d9174d448c0,Jamie,Dempsey,13,4,368,0,1,1,7,1,0,0,0,,,,,,,
fh_238b25422237,Sutton,Van Dyk,16,13,616,0,1,1,4,0,0,0,0,,,,,,,
fh_9031b2dc9ebe,Elle,Louise Kocmond,10,7,437,0,1,1,0,0,0,0,0,,,,,,,
fh_dd2be93f65af,Emilie,Lee,16,2,432,0,1,1,5,0,0,0,0,,,,,,,
fh_a593878789c7,Molly,Main,16,6,363,0,1,1,2,0,0,0,0,,,,,,,
fh_e60ea1d10cd6,Claire,Anderson,12,0,172,0,0,0,0,0,0,0,0,,,,,,,
fh_34fcddfd78da,Oona,Buckley,16,16,708,0,0,0,0,0,0,0,0,,,,,,,
fh_38c187c2e600,Addy,Collingwood,16,16,893,0,0,0,0,0,0,0,0,,,35,2.2,60,0.632,0
fh_befb958ac232,Chloë,Heal,1,0,30,0,0,0,0,0,0,0,0,,,1,2.0,0,0.0,0
fh_9ccacbf97b8f,Cosi,Karleski,6,0,34,0,0,0,2,2,0,0,0,,,,,,,
fh_098584c5fa80,MK,Lutz,7,0,54,0,0,0,0,0,0,0,0,,,,,,,
fh_60b738edbfb5,Emma,Robbins,10,0,178,0,0,0,0,0,0,0,0,,,,,,,
fh_0fce89a011ca,Larissa,Roldan,16,3,318,0,0,0,4,1,0,0,0,,,,,,,
fh_1be0f10a2a1e,Clare,Torres,9,0,124,0,0,0,2,1,0,0,0,,,,,,,
fh_5ad15eb1d0e7,Emma,Wood,13,9,321,0,0,0,2,1,0,0,0,,,,,,,
fh_e5f4aaf4a32f,Valentine,Van Hellemont,21,21,1127,8,12,28,37,25,3,0,0,,,,,,,
fh_83e761aeb03c,Pili,Lemoine,21,21,1011,8,12,28,44,28,1,0,1,,,,,,,
fh_6e7e5651c8a8,Natali,Foster,21,21,1266,7,4,18,39,18,1,0,1,,,,,,,
fh_cad8c4553570,Anna,Castaldo,21,21,1180,6,2,14,45,30,2,0,0,,,,,,,
fh_0c6a9ce3c4e3,Fleur,Hamers,21,21,1099,4,5,13,67,29,2,0,0,,,,,,,
fh_99c8e1aa2e15,Marti,Sanabria,21,21,1262,1,3,5,13,5,1,0,1,,,,,,,
fh_26717abe968f,Lily,Haag,20,2,409,2,0,4,11,7,0,0,0,,,,,,,
fh_25e7fcf2bd00,Ryan,Hickey,19,4,489,2,0,4,16,7,0,0,0,,,,,,,
fh_d2f8859cec64,Florienne,Bosdijk,21,18,926,1,0,2,4,2,1,0,0,,,,,,,
fh_2eba1e712aa0,Nicole,Enslin,19,13,848,1,0,2,1,1,1,0,0,,,,,,,
fh_b7e7aad60053,Anna,Getty,21,21,1249,1,0,2,2,2,0,0,0,,,,,,,
fh_84624248956e,Maya,Williams,8,0,104,1,0,2,1,1,0,0,0,,,,,,,
fh_7078a3cf9761,Lauren,Kushma,15,0,279,0,1,1,3,2,0,0,0,,,,,,,
fh_55d2df390bb3,Mikayla,Appel,3,0,26,0,0,0,0,0,0,0,0,,,,,,,
fh_46f993dcea66,Halle,Geiger,17,15,895,0,0,0,0,0,0,0,0,,,,,,,
fh_04221e3a38c7,Izzy,Hendricks,3,0,27,0,0,0,0,0,0,0,0,,,,,,,
fh_6bbd133d4079,Morgan,Herceg,4,0,50,0,0,0,0,0,0,0,0,,,,,,,
fh_ee231da2b868,Phebe,Herlocher,4,1,84,0,0,0,1,0,0,0,0,,,,,,,
fh_5920e33f68d1,Paige,Hoyer,14,3,332,0,0,0,2,2,0,0,0,,,,,,,
fh_f87712080fe2,Kylah,Kelly,11,7,363,0,0,0,0,0,0,0,0,,,,,,,
fh_3d32809ad3a6,Sage,O'Connor,5,1,40,0,0,0,0,0,0,0,0,,,,,,,
fh_648659135628,Alana,Poole,11,6,423,0,0,0,0,0,0,0,0,,,,,,,
fh_4301abf87812,Phoebe,Thielmann,10,0,84,0,0,0,0,0,0,0,0,,,,,,,
fh_2b2b9361850a,Lauren,Relik,17,3,323,6,13,25,16,14,1,0,0,,,,,,,
fh_e4db43b6ad20,Claire,Campen,17,17,911,12,0,24,41,27,2,0,0,,,,,,,
fh_43ea04baf988,Keely,Bowers,17,1,181,7,4,18,29,16,1,0,0,,,,,,,
fh_68ec580d9005,Florence,van Doorn,17,15,863,6,6,18,40,23,0,0,0,,,,,,,
fh_a13eab62af73,Milla,Frye,17,17,956,8,2,18,76,38,1,2,3,,,,,,,
fh_7266264c0fcf,Anna,Moors,10,10,549,8,1,17,26,13,1,0,0,,,,,,,
fh_9eaa5bc5b648,Alicia,Vanderlyde,17,13,819,4,3,11,20,13,1,0,0,,,,,,,
fh_75a415b80b53,Ava,Zerfass,17,15,859,5,1,11,19,13,3,0,0,,,,,,,
fh_3f8a4f3f7cad,Eulalie,Brouwers,17,17,998,1,8,10,4,1,0,0,0,,,,,,,
fh_6eb7fee5d3f9,Emily,Singer,14,0,52,5,0,10,10,8,1,0,0,,,,,,,
fh_08c6a66a657b,Luisa,Schlueter,17,17,960,0,8,8,14,10,0,0,0,,,,,,,
fh_bd3311fc1114,Maia,McCourt,17,15,781,2,2,6,13,6,1,0,0,,,,,,,
fh_9599d085ec59,Hannah,Tromble,17,10,515,1,3,5,12,8,0,0,0,,,,,,,
fh_84122190d306,Stella,Goddard-Despot,17,0,56,1,0,2,6,5,0,0,0,,,,,,,
fh_2d82ec3f8b6c,Audrey,Mullen,17,7,445,0,1,1,1,0,0,0,0,,,,,,,
fh_fa779599119f,Charlie,Bowman,17,17,1021,0,0,0,0,0,0,0,0,,,29,1.77,86,0.748,2
fh_001f9e94a4ba,Katy,Corcoran,17,3,284,0,0,0,0,0,0,0,0,,,,,,,
fh_6452296b0536,Laney,Johns,9,0,23,0,0,0,1,0,0,0,0,,,,,,,
fh_fb86f53ad7e6,Abigail,Travers,12,0,29,0,0,0,2,2,0,0,0,,,,,,,
fh_d6344a04a854,Djoeke,van Helsdingen,4,0,0,0,0,0,0,0,0,0,0,,,1,1.73,4,0.8,0
fh_1223ef117409,Rosemarie,Staal,18,18,1040,4,3,11,25,12,1,0,0,,,,,,,
fh_7a55cae1178a,Arden,Hunteman,18,13,675,3,4,10,17,13,1,0,0,,,,,,,
fh_0f9cea7a0047,Ella,Kaufman,18,18,1017,4,2,10,42,18,0,0,0,,,,,,,
fh_3df9b179aee2,Dakotah,Trader,18,14,897,4,2,10,25,16,1,0,0,,,,,,,
fh_6b18d876ef1a,Anouk,Westerink,18,18,1026,4,1,9,30,15,1,0,0,,,,,,,
fh_6240b6e45212,Lydia,Bennett,18,17,950,2,0,4,17,4,1,1,1,,,,,,,
fh_069facdddac2,Olivia,Miller,18,18,1021,1,2,4,19,12,0,0,0,,,,,,,
fh_498572b25ab3,Bailey,Masten,18,14,801,1,1,3,11,3,0,0,0,,,,,,,
fh_7fb1b62272e8,Roos,Wiarda,18,15,882,1,1,3,7,3,0,0,0,,,,,,,
fh_434125750e8d,Tatum,Dobbins,13,8,442,1,0,2,6,5,0,0,0,,,,,,,
fh_76adcd414549,Alaina,Lomonaco,15,0,68,1,0,2,4,2,0,0,0,,,,,,,
fh_80e93c86817a,Ava,McConnell,11,0,60,1,0,2,2,1,1,0,0,,,,,,,
fh_a4e96c0dfc31,Olivia,Handelong,18,8,534,0,1,1,1,0,0,0,1,,,,,,,
fh_42f1fa155a24,Megan,Popp,18,18,1073,0,1,1,17,8,0,0,0,,,,,,,
fh_bb49a86d9c31,Gabby,Bruce,3,0,11,0,0,0,0,0,0,0,0,,,,,,,
fh_4d8e349baaa5,Grace,Conklin,10,0,35,0,0,0,2,2,0,0,0,,,,,,,
fh_0e4a1465b657,Lexi,Hirtzel,11,0,19,0,0,0,0,0,0,0,0,,,,,,,
fh_91a38d83868e,Paige,Miller,15,0,85,0,0,0,0,0,0,0,0,,,,,,,
fh_b672b72ff123,Ava,Mowrey,9,0,70,0,0,0,0,0,0,0,0,,,,,,,
fh_b5e89955ce6e,Tessa,Scheenstra,18,18,1079,0,0,0,0,0,0,0,0,,,50,2.78,114,0.695,2
fh_999169260859,Addy,Smith,13,0,35,0,0,0,0,0,0,0,0,,,,,,,
fh_d0e0524b56ca,Gianna,Tripodi,10,1,69,0,0,0,2,1,0,0,0,,,,,,,
fh_43db22a68298,Josie,Mae Gruendel,17,17,,4,1,9,15,11,1,0,0,,,,,,,
fh_8aff016b3d04,Emme,Schwartz,17,17,,2,1,5,17,8,0,0,0,,,,,,,
fh_112f4e28c50e,Anya,Green,17,17,,2,0,4,7,6,0,1,1,,,,,,,
fh_e3fcab006901,Natasha,Browning,17,17,,1,1,3,5,2,1,0,0,,,,,,,
fh_7974cee6b3a8,Amelia,Morgan,14,2,,1,1,3,11,6,0,1,1,,,,,,,
fh_cdd77974d1d4,Sophie,Ermellini,17,2,,1,0,2,5,4,0,0,0,,,,,,,
fh_1c35737a2597,Erin,Griffin,17,17,,1,0,2,4,3,0,0,0,,,,,,,
fh_87fe9cf774c1,Ava,Rossman,17,13,,1,0,2,2,1,0,0,0,,,,,,,
fh_2db45dc7f612,Mackinzie,Brown,17,17,,0,1,1,11,3,0,0,0,,,,,,,
fh_dfe71213e314,Alora,Chappell,17,1,,0,1,1,3,2,0,0,0,,,,,,,
fh_d7bd49a6513f,Ellen,Ford,17,17,,0,1,1,8,4,0,0,0,,,,,,,
fh_642309c8fb68,Alivia,Boatwright,4,0,,0,0,0,0,0,0,0,0,,,,,,,
fh_e942010c465f,Emma,Cari,7,0,,0,0,0,0,0,0,0,0,,,13,8.53,9,0.409,0
fh_44b04f8aef89,Gracie,Clawson,6,0,,0,0,0,0,0,0,0,0,,,,,,,
fh_0fd0ab07c1a5,Sam,Daly,13,2,,0,0,0,4,3,0,0,0,,,,,,,
fh_340209bc8043,Alexandra,de Jesus,17,17,,0,0,0,0,0,0,0,0,,,60,3.88,155,0.721,0
fh_1684935fba89,Josette,DeGour,13,0,,0,0,0,1,1,0,0,0,,,,,,,
fh_b135dbdbb13f,Lily,Johnson,14,7,,0,0,0,3,3,0,0,0,,,,,,,
fh_51bb6b9cd5cc,Darcy,Kopsinis,15,0,,0,0,0,0,0,0,0,0,,,,,,,
fh_27f29b3e4136,Bridget,Lawn,17,16,,0,0,0,0,0,0,0,0,,,,,,,
fh_6029196d1aa4,Arden,Mankovich,9,0,,0,0,0,0,0,0,0,0,,,,,,,
fh_f3340976a697,Eme,Schmittel,8,2,,0,0,0,3,2,0,0,1,,,,,,,
fh_39630ac6f990,Ellie,Taylor,17,5,,0,0,0,2,1,0,0,0,,,,,,,
fh_ccb9e6abd610,Gia,Zarro,12,1,,0,0,0,1,1,0,0,0,,,,,,,
fh_ff8d7e3e5e03,Teresa,Karoff,18,18,1017,13,3,29,26,20,2,4,5,,,,,,,
fh_67bfb84cb9db,Gwenn,van Dijk,18,17,886,3,10,16,42,19,3,0,0,,,,,,,
fh_bebcc65bf587,Jaime,Lewis,18,17,869,8,0,16,41,20,1,0,0,,,,,,,
fh_228916ea5f4c,Kelly,Levengood,18,18,790,4,0,8,12,8,1,0,0,,,,,,,
fh_0c1eb37a8354,Kesia,Richardson,16,15,812,2,3,7,11,5,1,0,0,,,,,,,
fh_4bc391d909d3,Jamie,Mc Millan,18,18,897,1,4,6,25,14,0,0,0,,,,,,,
fh_203ee80b515b,Pilar,Penaloza,18,18,855,1,3,5,19,11,0,0,0,,,,,,,
fh_b54e9851a236,Kristi,Santos,18,1,529,2,0,4,11,9,0,0,0,,,,,,,
fh_c516d300290b,Tess,Satterfield,18,1,434,2,0,4,15,6,0,0,0,,,,,,,
fh_562369ee1044,Caitlin,Lozano,18,13,816,0,3,3,3,1,0,0,0,,,,,,,
fh_d10edb0e9577,Riley,MacIntosh,18,13,1034,0,3,3,5,2,0,0,0,,,,,,,
fh_7a3a72ab9c1b,Efremia,Geralis,17,11,569,0,2,2,0,0,0,0,0,,,,,,,
fh_b400de7e700b,Kalyn,Fluker,9,0,63,0,1,1,1,1,0,0,0,,,,,,,
fh_fc56b83f48c4,Julia,Böcker,13,0,306,0,0,0,3,0,0,0,0,,,,,,,
fh_eacd82244fe7,Tati,Boyd,7,1,126,0,0,0,1,0,0,0,0,,,,,,,
fh_f0b9369d4c1a,Alex,Gordon,8,0,134,0,0,0,0,0,0,0,0,,,,,,,
fh_ef8aca7a7a9a,Luci,Hollister,17,16,993,0,0,0,0,0,0,0,0,,,35,2.12,90,0.72,2
fh_8ff7a76e909b,Tessa,Lambright,4,2,120,0,0,0,0,0,0,0,0,,,4,2.0,8,0.667,0
fh_57e46208d7ea,Adrianna,Losiak,18,17,774,0,0,0,5,4,0,0,0,,,,,,,
fh_d388db257226,Lauren,Lucas,14,2,285,0,0,0,0,0,0,0,0,,,,,,,
fh_0d56203c1644,Gabriella,Seifert,1,0,7,0,0,0,1,0,0,0,0,,,,,,,
fh_3fd22d0331ed,Camryn,Stewart,12,0,140,0,0,0,0,0,0,0,0,,,,,,,
fh_d993b0324258,Emilia,Adragna,17,11,530,7,1,15,28,20,3,2,2,,,,,,,
fh_3bd5c19c3acd,Alex,Mega,18,16,860,3,8,14,32,24,2,0,0,,,,,,,
fh_a2b12e7d4748,Camille,Armaganian,18,15,904,6,1,13,35,21,1,2,3,,,,,,,
fh_c22ab904f4d4,Jessica,Garden,17,17,840,3,4,10,24,15,1,0,0,,,,,,,
fh_dd5f644951d1,Laine,Ambrose,18,17,754,3,2,8,12,10,0,0,0,,,,,,,
fh_def59a76e733,Emmy,Stubbs,18,7,479,3,1,7,10,8,1,0,0,,,,,,,
fh_4a5f872615fd,Lilly,Smith,17,12,568,2,1,5,9,4,0,0,0,,,,,,,
fh_479d1125af91,Lucy,Walton,17,16,958,1,3,5,12,5,0,0,0,,,,,,,
fh_97e6b6e223e1,Ashley,Pappas,18,14,711,0,4,4,2,0,0,0,0,,,,,,,
fh_bab41812bbc7,Anna-Kate,Domingue,18,18,887,1,1,3,2,2,1,0,0,,,,,,,
fh_5a4810ebe032,Maya,Prasad,17,15,873,0,3,3,1,0,0,0,0,,,,,,,
fh_8fbf7264c9be,Hannah,Simon,16,1,253,1,1,3,1,1,0,0,0,,,,,,,
fh_abdaa9a6e8aa,Helen,Baldy,5,0,72,1,0,2,2,2,0,0,0,,,,,,,
fh_23dd7d21b119,Julia,Puccio,17,3,348,1,0,2,4,3,0,0,0,,,0,0.0,0,0.0,0
fh_22973912b1c2,Olivia,Yelen,16,1,345,1,0,2,2,2,0,0,0,,,,,,,
fh_d3694b861649,Juana,Gonzalez-Peyru,8,1,135,0,0,0,2,2,0,0,0,,,,,,,
fh_93d2679af20f,Phoebe,Gough-Cooper,4,0,35,0,0,0,0,0,0,0,0,,,,,,,
fh_0b0e912b966e,Arabella,Loveridge,17,17,976,0,0,0,0,0,0,0,0,,,33,2.05,94,0.74,2
fh_c3fea0d6e23a,Addison,Polakoff,17,2,276,0,0,0,4,2,0,0,0,,,,,,,
fh_3881c0b2141c,Tori,Postler,17,8,487,0,0,0,0,0,0,0,0,,,,,,,
fh_ae46f376ff32,Ava,Sanchez,18,1,357,0,0,0,0,0,0,0,0,,,,,,,
fh_abb6701aade4,Ava,Tello,12,1,208,0,0,0,0,0,0,0,0,,,,,,,
fh_bdba215402da,Ibby,Welldon,3,1,105,0,0,0,0,0,0,0,0,,,4,2.29,12,0.75,0
fh_1f14583ae83f,Dara,Semmartin,20,20,1163,6,16,28,46,20,2,1,2,,,,,,,
fh_8939814b0f74,Lou,Combrinck,20,20,1058,7,12,26,31,23,2,0,0,,,,,,,
fh_37eacddab5dc,Josefina,Tomasi,20,20,1024,7,5,19,41,27,1,0,0,,,,,,,
fh_60a412ca3598,Morena,Giacosa,20,20,1181,6,4,16,12,8,2,0,0,,,,,,,
fh_13374ad331b2,Zoé,Gaillard,20,10,759,7,0,14,25,15,1,0,0,,,,,,,
fh_8013a67e0baf,Avery,Pollock,20,19,925,5,3,13,28,15,1,0,0,,,,,,,
fh_b99f23e194b7,Julieta,Tornati,20,20,1137,5,3,13,33,14,3,0,0,,,,,,,
fh_0f5e5184f289,Tori,Griffiths,20,2,465,6,0,12,17,12,2,0,0,,,,,,,
fh_89ccbd1c92b2,Maite,Altamirano,20,20,1041,1,4,6,13,7,0,0,0,,,,,,,
fh_4f0df1a73b53,Luna,Prieri,13,0,181,2,1,5,10,8,1,0,0,,,,,,,
fh_cea35d5451a9,Kyleigh,Faust,20,13,965,2,0,4,3,2,1,0,0,,,,,,,
fh_ffe1db9b08f8,Mia,Santana,20,20,1112,0,3,3,18,9,0,0,0,,,,,,,
fh_3c77273b7677,Madie,Baker,1,0,10,1,0,2,1,1,0,0,0,,,,,,,
fh_3d50090e3a62,Paris-Gail,Isaacs,16,14,741,0,2,2,8,4,0,0,0,,,,,,,
fh_0cc95b6e9226,Caroline,Richard,20,0,327,0,1,1,3,2,0,0,0,,,,,,,
fh_1150d645a53c,Autumn,Albright,5,0,89,0,0,0,0,0,0,0,0,,,,,,,
fh_bf07934d8521,Malena,Magnano,3,0,21,0,0,0,3,3,0,0,0,,,,,,,
fh_c76fc4cad778,Diane,Saint Martin,20,20,1217,0,0,0,0,0,0,0,0,,,,,,,
fh_13ceec848f88,Anna,Miller,2,0,8,0,0,0,0,0,0,0,0,,,,,,,
fh_6cd40c536a08,Michaela,Skinner,1,0,15,0,0,0,0,0,0,0,0,,,,,,,
fh_64bb2473e936,Riley,Welsch,1,0,8,0,0,0,0,0,0,0,0,,,,,,,
fh_5c1047fb009a,Iris,Bekker,18,18,1116,8,4,20,53,30,2,1,3,,,,,,,
fh_47621df7df13,Kate,Fiest,18,18,1020,5,8,18,18,13,0,0,0,,,,,,,
fh_ef366ceb7a64,Alexa,Michielsen,18,17,977,6,2,14,29,17,1,0,0,,,,,,,
fh_4c7b8fe0fd81,Sarah,Rigual,18,18,1073,3,7,13,15,5,0,0,0,,,,,,,
fh_e562f18825f9,Livia,van't Hek,17,2,276,5,1,11,18,11,1,0,0,,,,,,,
fh_8746e0316320,Rachael,Whitehead,18,18,1029,3,3,9,14,7,0,1,1,,,,,,,
fh_2cbd2b15816f,Emma,Miller,18,14,757,3,1,7,21,13,0,0,0,,,,,,,
fh_9f3c91b0d657,Linde,van Leeuwen,18,17,999,2,2,6,16,7,1,0,0,,,,,,,
fh_33044ad83cc4,Noelle,Sabbagh,18,18,1032,2,2,6,24,11,1,0,0,,,,,,,
fh_878fea15f50d,Amanda,Rattay,18,4,378,2,0,4,6,5,0,0,0,,,,,,,
fh_d1e938a9342b,Lily,Cosner,18,8,533,1,1,3,2,2,1,0,0,,,,,,,
fh_c68b74b19525,Katie,Clarke,18,10,628,0,2,2,7,6,0,0,0,,,,,,,
fh_722eecf26530,Ella,Cellini,18,0,136,0,1,1,5,3,0,0,0,,,,,,,
fh_70bf24cbb02a,Lainey,Baker,1,0,0,0,0,0,0,0,0,0,0,,,,,,,
fh_193ed79d7573,Cameron,Medinger,16,16,955,0,0,0,0,0,0,0,0,,,,,,,
fh_638daf5e820d,Kristi,Merashoff,14,14,849,0,0,0,0,0,0,0,0,,,,,,,
fh_6d168a29e316,Elle,Patterson,7,0,12,0,0,0,0,0,0,0,0,,,,,,,
fh_bc5dd95eb548,Gabby,Prentice,6,4,266,0,0,0,0,0,0,0,0,,,,,,,
fh_bb64e3ceccf6,Charlotte,Robertson,6,0,15,0,0,0,0,0,0,0,0,,,,,,,
fh_59388eac5c0c,Izzy,Rothwell,6,0,15,0,0,0,0,0,0,0,0,,,,,,,
fh_2f0ec7ccb0a8,Brynn,String,16,0,112,0,0,0,1,0,0,0,0,,,,,,,
fh_18832506288c,Tetje,Williamson,17,2,216,0,0,0,0,0,0,0,0,,,,,,,
fh_8ce4e0653a9f,Beth,Yeager,22,22,1162,15,10,40,77,46,9,0,2,,,,,,,
fh_5d2b3a695f15,Pru,Lindsey,22,15,701,7,11,25,37,20,1,2,2,,,,,,,
fh_544b3c5c5c22,Caitlin,Thompson,22,22,1128,8,1,17,34,19,2,0,0,,,,,,,
fh_18f6257a9212,Izzy,Morgan,22,15,747,4,8,16,10,7,1,0,0,,,,,,,
fh_f6f1cd886599,Anna,Faulstich,22,21,1111,3,9,15,19,10,1,0,0,,,,,,,
fh_008a5ef6624c,Molly,Nye,22,0,249,5,0,10,15,11,2,0,0,,,,,,,
fh_13e27207a7fa,Ottilie,Sykes,22,22,1286,4,2,10,42,20,1,0,0,,,,,,,
fh_781f6a6e2dd7,Ella,Cashman,20,18,1093,3,3,9,11,8,1,0,0,,,,,,,
fh_b4a460d5387d,Ella,Hampson,22,1,215,3,1,7,22,16,0,0,0,,,,,,,
fh_37c8657de472,Lilly,Wojcik,22,7,620,1,5,7,21,13,0,0,0,,,,,,,
fh_88eeac5b5f79,Helena,Große,10,4,230,1,1,3,3,1,0,0,0,,,,,,,
fh_f2b4c4aabd1d,Clem,Houlden,22,22,1125,1,1,3,5,3,0,0,0,,,,,,,
fh_86c845f82791,Tabby,Vaughan,22,4,352,1,1,3,3,1,0,0,0,,,,,,,
fh_9669e0c92761,Saylor,Milone,22,22,1110,0,2,2,12,6,0,0,0,,,,,,,
fh_89a8cb5a126b,Gabriella,Anderson,18,17,929,0,0,0,0,0,0,0,0,,,,,,,
fh_b16d532fbbe5,Lydia,Bills,14,0,95,0,0,0,3,2,0,0,0,,,,,,,
fh_5fbf54c30f5b,Olivia,Caponiti,21,21,1213,0,0,0,0,0,0,0,0,,,,,,,
fh_9d1a0f31fb06,Hope,Delaney,1,0,51,0,0,0,0,0,0,0,0,,,,,,,
fh_7190c98122d3,Ava,Dempsey,6,0,19,0,0,0,1,1,0,0,0,,,,,,,
fh_f81a71422bd0,Grace,Anne McCooey,14,0,109,0,0,0,2,2,0,0,0,,,,,,,
fh_3592a7ea1871,Mia,Ramirez,6,0,22,0,0,0,0,0,0,0,0,,,,,,,
fh_ec1735b53f5d,Talia,Schenck,7,7,381,0,0,0,4,0,0,0,0,,,,,,,
fh_b58f100c07bd,Libby,Smith,3,1,83,0,0,0,0,0,0,0,0,,,,,,,
fh_f75f5471bf12,Sage,Piekarski,21,20,906,16,4,36,44,31,5,0,0,,,,,,,
fh_4545af019566,Martha,le Huray,20,19,832,13,6,32,37,29,5,0,1,,,,,,,
fh_e77dbade97cc,Lara,Beekhuis,21,20,903,11,6,28,52,31,3,0,0,,,,,,,
fh_718c3fd6c716,Bronte-May,Brough,21,20,1292,6,3,15,45,24,1,0,1,,,,,,,
fh_87e41de736ef,Emily,Bronckers,21,0,399,5,1,11,9,6,1,0,0,,,,,,,
fh_404126e374ff,Tilly,Butterworth,21,21,1155,5,1,11,43,26,2,3,7,,,,,,,
fh_f1a37001e9e8,Kitty,Chapple,21,21,1096,2,7,11,11,6,1,0,0,,,,,,,
fh_19a7c93c37a4,Rosa,Kooijmans,20,0,682,2,4,8,6,4,0,0,0,,,,,,,
fh_eddc2e59b025,Kate,Oliver,19,1,390,1,6,8,13,6,0,0,0,,,,,,,
fh_2bb9331af343,Fiene,Oerlemans,21,21,800,0,4,4,22,13,0,0,0,,,,,,,
fh_b6aa3f5dacf8,Lucy,Barker,21,0,488,1,1,3,14,11,0,0,0,,,,,,,
fh_799bd2230a4c,Marie,Schaefers,17,13,652,0,1,1,1,1,0,0,0,,,,,,,
fh_7dfb273b29c1,Linde,Burger,21,21,1292,0,0,0,0,0,0,0,0,,,15,0.7,52,0.776,9
fh_0404316d3ecd,Josephine,Carollo,8,0,48,0,0,0,3,2,0,0,0,,,,,,,
fh_d31cf61fe69c,Charlotte,Casiraghi,15,5,442,0,0,0,0,0,0,0,0,,,,,,,
fh_8f393d5136fd,Brooke,Chandler,19,17,984,0,0,0,1,1,0,0,0,,,,,,,
fh_77b041b81eae,Paige,Cornelius,20,9,708,0,0,0,4,3,0,0,0,,,,,,,
fh_d46b320b6a5f,Cara,Cronin,2,0,8,0,0,0,0,0,0,0,0,,,,,,,
fh_2c0fb3a4c1aa,Shakila,Keable,1,0,7,0,0,0,0,0,0,0,0,,,,,,,
fh_cc93e5ea4e62,Smilla,Klas,21,21,967,0,0,0,0,0,0,0,0,,,,,,,
fh_1a5c98620f48,Caroline,Morris,3,0,40,0,0,0,0,0,0,0,0,,,,,,,
fh_22a19e4edc06,Mia,Karine Myklebust,16,16,837,8,8,24,25,16,2,0,0,,,,,,,
fh_dbfc26c00095,Lexi,Pellegrino,16,16,774,10,4,24,69,37,2,0,0,,,,,,,
fh_26dd9cab5bea,Lucy,Adams,16,16,976,4,11,19,38,26,1,1,2,,,,,,,
fh_97887aa22a9a,Kiersten,Smith,16,16,725,5,2,12,31,21,0,0,0,,,,,,,
fh_040896df8dd6,Sophia,Clark,16,16,623,5,1,11,27,16,0,0,0,,,,,,,
fh_1c748d31df4c,Juliette,Meijaard,16,16,701,2,7,11,7,5,1,0,0,,,,,,,
fh_7c2f11666560,Lizzie,Loftus,16,16,851,1,6,8,16,8,0,0,0,,,,,,,
fh_8ebe51561640,Sadie,Schultz,15,0,402,4,0,8,12,10,2,0,0,,,,,,,
fh_3acb25481f38,Kate,Siedem,16,16,982,3,2,8,17,13,0,0,0,,,,,,,
fh_0b4e3e023d1e,Frances,Moriniere,15,0,263,2,3,7,7,6,0,0,0,,,,,,,
fh_604b8bc9ee03,Alexandra,Madrid,16,12,707,0,4,4,2,2,0,0,0,,,,,,,
fh_4465207c577d,Estelle,Ballet,13,0,247,1,1,3,1,1,1,0,0,,,,,,,
fh_995d6e460ab7,Grace,Almeida,15,0,302,1,0,2,6,2,0,0,0,,,,,,,
fh_883c3bad7e86,Zita,Cohen,3,0,7,1,0,2,2,2,1,1,1,,,,,,,
fh_4bae401fb089,Emily,Jury,16,16,895,1,0,2,5,3,0,0,0,,,,,,,
fh_0043e031224a,Ellie,Burger,2,0,11,0,0,0,1,1,0,0,0,,,,,,,
fh_1c6095ec3f88,Mary,Gilman,1,0,5,0,0,0,0,0,0,0,0,,,,,,,
fh_2c20e1a1feac,Zoe,Lawrence,12,1,226,0,0,0,5,2,0,0,0,,,,,,,
fh_7087ef0506ec,Kylee,Del Monte,7,3,180,0,0,0,0,0,0,0,0,,,,,,,
fh_45e7e44dfa53,Ellie,Parker,13,13,801,0,0,0,0,0,0,0,0,,,,,,,
fh_2ed6d1ce17a7,Ashley,Paturzo,2,0,0,0,0,0,0,0,0,0,0,,,,,,,
fh_09396f449368,Jule,Rothenberger,3,3,164,0,0,0,0,0,0,0,0,,,,,,,
fh_c2da53421412,Gretchen,Scott,3,0,54,0,0,0,2,0,0,0,0,,,,,,,
fh_ad7485a05c90,Daisy,Tuthill,2,0,0,0,0,0,0,0,0,0,0,,,,,,,
fh_01442dfd3358,Jacinta,Solari Etcheberry,15,15,900,6,5,17,36,20,2,2,2,,,,,,,
fh_c25310d49191,Sophia,Abate,15,14,677,3,5,11,14,8,0,0,0,,,,,,,
fh_aa572cbc8196,Lizzie,Adams,15,14,827,5,0,10,16,11,2,0,0,,,,,,,
fh_97654bda000c,Izzy,Kaczor,15,13,749,5,0,10,12,7,0,0,0,,,,,,,
fh_073551acbcb3,Delfina,Gonzalez Lobo,15,15,888,3,2,8,4,3,0,0,0,,,,,,,
fh_4c9e4adef475,Ashley,Kim,15,4,466,3,1,7,8,5,2,0,0,,,,,,,
fh_e29580360af1,Mckenzie,Bloom,15,15,769,1,4,6,10,5,0,0,0,,,,,,,
fh_fd0b2e35bd98,Nicole,Campolattaro,15,5,456,1,2,4,12,5,0,0,0,,,,,,,
fh_eb376431334e,Agustina,Solari Etcheberry,11,10,555,1,0,2,13,7,0,1,1,,,,,,,
fh_3d0756ca9ce5,Maya,Raphael,15,6,386,1,0,2,1,1,1,0,0,,,,,,,
fh_9e79aca09a32,Sam,Petrucco,15,15,805,0,1,1,3,1,0,0,0,,,,,,,
fh_34a8758d67cb,Kate,Consoli,2,1,15,0,0,0,0,0,0,0,0,,,,,,,
fh_b2f95c7c2b84,Morgan,Dwyer,9,1,146,0,0,0,0,0,0,0,0,,,,,,,
fh_990680a80b5a,Sophie,Green,2,0,14,0,0,0,0,0,0,0,0,,,,,,,
fh_debd456e5bdd,Margot,Houle,15,15,897,0,0,0,0,0,0,0,0,,,,,,,
fh_5769d66888d2,Kate,Kim,8,0,115,0,0,0,0,0,0,0,0,,,,,,,
fh_4e1e1381e206,Madison,Kim,11,9,556,0,0,0,1,1,0,0,0,,,,,,,
fh_36ee3d9f46bd,Sophie,Lawrence,4,0,64,0,0,0,0,0,0,0,0,,,,,,,
fh_6a7b0309d396,Kiley,Liddell,4,0,50,0,0,0,0,0,0,0,0,,,,,,,
fh_5520b25f20d7,Emma,Reilly,12,12,674,0,0,0,0,0,0,0,0,,,,,,,
fh_6ceae4824d97,Julia,Ryan,16,16,873,11,2,24,29,25,3,0,0,,,,,,,
fh_ccaf2c5adb0e,Honor,Roberts,16,16,828,7,3,17,19,15,1,0,0,,,,,,,
fh_89675ed7c046,Philine,Klas,16,16,994,5,2,12,33,18,1,0,0,,,,,,,
fh_8b8d863dd4a0,Livia,Loozen,16,16,831,3,5,11,22,9,2,0,0,,,,,,,
fh_34bdcf4c2821,Sydney,Mandato,13,11,686,1,6,8,8,5,0,0,0,,,,,,,
fh_cb94fc21defb,Riley,Thomson,16,12,767,1,4,6,20,7,0,0,0,,,,,,,
fh_ade4fee531f1,Emma,Nahon,16,16,826,2,1,5,8,7,1,0,0,,,,,,,
fh_873bf316fe80,Beau,Lilly Barrington-Hibbert,15,1,181,2,0,4,9,7,0,0,0,,,,,,,
fh_49b037efa6d6,Darcey,Chapman,14,8,463,1,1,3,4,2,0,0,0,,,,,,,
fh_0f2c2027bbf3,Lucy,Mangat,15,0,266,1,1,3,7,6,1,0,0,,,,,,,
fh_06d503e7692c,Ellie,Almeida,16,9,624,0,2,2,1,1,0,0,0,,,,,,,
fh_028b46251ebb,Jazmin,Borensztein,16,7,467,0,2,2,2,1,0,0,0,,,,,,,
fh_a09f6aa3f650,Sophie,Watson,11,0,119,0,1,1,0,0,0,0,0,,,,,,,
fh_8e6201f577ff,Maxi,Aranowitz,16,15,802,0,0,0,3,2,0,0,0,,,,,,,
fh_1ec80d288387,Ruby,de Frees,16,16,975,0,0,0,0,0,0,0,0,,,37,2.24,79,0.681,2
fh_25a22aca0800,Sarah,Ding,6,0,30,0,0,0,0,0,0,0,0,,,,,,,
fh_5d45f3ed25ad,Naomi,Esterowitz,9,0,83,0,0,0,3,1,0,0,0,,,,,,,
fh_f4d314cf912b,Megan,Frank,16,0,142,0,0,0,0,0,0,0,0,,,,,,,
fh_76d568674598,Ava,Hughes,1,0,0,0,0,0,0,0,0,0,0,,,,,,,
fh_0da7ddbd8867,Amy,Lanouette,16,16,849,0,0,0,0,0,0,0,0,,,,,,,
fh_68831b80b39f,Alexis,Williams,2,0,2,0,0,0,0,0,0,0,0,,,,,,,
fh_bb34f8982831,Hettie,Whittington,18,18,1104,9,9,27,37,15,3,4,5,,,,,,,
fh_e4e7055632a9,Poppy,Beales,18,18,868,12,1,25,66,32,5,0,0,,,,,,,
fh_f7ffa36ac4ab,Victoria,Collee,17,17,1025,7,2,16,28,14,0,0,0,,,,,,,
fh_8a81ec88a1c2,Ymre,Massée,18,18,958,5,5,15,48,28,2,0,0,,,,,,,
fh_a482bd60b90b,Lauren,Venter,18,18,1023,3,1,7,42,26,1,0,0,,,,,,,
fh_64ecf0f7fa1d,Ella,Ou,15,0,212,2,2,6,5,4,0,0,0,,,,,,,
fh_a822d00c4ef3,Chiara,Picciafuoco,18,18,1111,2,2,6,37,17,0,0,0,,,,,,,
fh_f05418ac53e1,Emma,Ramsey,18,18,1015,2,0,4,12,7,0,0,0,,,,,,,
fh_5ed3464abf51,Tabs,Collier,13,1,282,1,1,3,11,4,0,0,0,,,,,,,
fh_54456231751f,Kaitlyn,Chang,18,18,1104,0,2,2,1,1,0,0,0,,,,,,,
fh_b0d0491fe924,Carys,Isherwood,18,17,1067,0,2,2,1,1,0,0,0,,,,,,,
fh_3a96eab33235,Maddy,Zavalick,18,18,872,0,2,2,1,0,0,0,0,,,,,,,
fh_a9e5a0f10571,CC,Wolf,8,1,157,0,1,1,1,1,0,0,0,,,,,,,
fh_b4ebdebb1576,Issy,Baileff,8,0,145,0,0,0,3,1,0,0,0,,,,,,,
fh_b3355cf9349e,Gigi,Caldero,2,0,16,0,0,0,2,2,0,0,0,,,,,,,
fh_ddc23038fad3,Carys,Donahoe,10,0,100,0,0,0,4,2,0,0,0,,,,,,,
fh_bdb1b4fc741a,Emma,Mueller,2,0,15,0,0,0,0,0,0,0,0,,,,,,,
fh_63e536eeda44,Amelie,Schwarzkopf,17,17,984,0,0,0,0,0,0,0,0,,,26,1.59,71,0.732,2
fh_2b9564a2319f,Maddie,Shepherd,3,1,120,0,0,0,0,0,0,0,0,,,1,0.5,3,0.75,1
fh_c0415779188a,Pilar,Mengotti,22,21,1131,10,6,26,72,38,1,0,0,,,,,,,
fh_9b6465dc2a4d,Alex,Senior,22,21,968,10,5,25,60,35,2,0,0,,,,,,,
fh_20aa9ef22548,Rylee,LaLoup,22,4,612,9,3,21,31,23,2,0,0,,,,,,,
fh_48722e240fe7,Kaelyn,Fogelson,22,17,880,8,3,19,20,15,2,0,0,,,,,,,
fh_94bc6626e6f1,Camille,Perlov,22,22,979,8,3,19,41,28,2,0,0,,,,,,,
fh_13cd5bf5d61c,Alice,Pifferi,22,22,1211,2,10,14,5,5,1,0,2,,,,,,,
fh_578c7311db05,Noor,Hellemans,21,21,1174,2,7,11,17,6,1,0,0,,,,,,,
fh_b14c3d4cbca9,Courtland,Schumacher,22,21,1016,2,5,9,11,8,1,0,0,,,,,,,
fh_292e23f47fe0,Catalina,Ness,21,17,884,1,6,8,32,15,0,0,2,,,,,,,
fh_1c58b4d96b9c,Autumn,Bartush,22,8,781,3,0,6,22,13,0,0,0,,,,,,,
fh_928b96822675,Amanda,Dressel,18,0,389,3,0,6,10,8,0,0,0,,,,,,,
fh_1630f2d6542a,Kylie,Corcoran,22,2,768,2,1,5,17,11,0,0,1,,,,,,,
fh_21557e7adb92,Catherine,Fitzgerald,20,20,770,2,0,4,20,10,1,0,0,,,,,,,
fh_c486868e2e2e,Alyse,Wanchisen,18,0,470,0,2,2,8,3,0,0,0,,,,,,,
fh_f4139a7a50f3,Grace,Camera,2,0,30,0,0,0,1,1,0,0,0,,,,,,,
fh_75a8a7b088bb,Maggie,Dowd,5,1,133,0,0,0,0,0,0,0,0,,,,,,,
fh_f3a399896c55,Paige,Jackson,3,0,75,0,0,0,0,0,0,0,0,,,0,0.0,1,1.0,0
fh_d0165637ce00,Beatrice,Loevenich,12,0,113,0,0,0,1,0,0,0,0,,,,,,,
fh_b9e4cc30f2b0,Kelley,Monahan,8,0,93,0,0,0,0,0,0,0,0,,,,,,,
fh_a99c9aba2197,Payton,Rahn,22,22,1240,0,0,0,0,0,0,0,0,,,27,1.3,57,0.679,4
fh_e81161001696,Rory,Saxon,3,0,29,0,0,0,1,0,0,0,0,,,,,,,
fh_1998a6aad4b9,Ella,Bowman,16,15,928,5,5,15,35,20,2,2,3,,,,,,,
fh_58fc0cebcd56,Lucia,Campaño,14,14,704,5,1,11,16,9,1,0,0,,,,,,,
fh_2ae3d4a40b9b,Amelie,Luessmann,16,14,546,5,1,11,18,14,0,0,0,,,,,,,
fh_eb687a4dbef7,Olivia,Galiotos,16,16,927,3,3,9,20,8,0,0,0,,,,,,,
fh_c5b2465d4adf,Riley,Dumigan,16,16,702,1,3,5,12,10,1,0,0,,,,,,,
fh_f54c69e8c925,Zoe,Schaffer,14,12,490,1,2,4,10,8,0,0,0,,,,,,,
fh_c2b326d6f243,Ally,Brosie,16,4,514,1,0,2,3,2,0,0,0,,,,,,,
fh_a8842c4a2ec6,Katherina,Cohen,14,3,285,1,0,2,1,1,0,0,0,,,,,,,
fh_31bbdda799f0,Gemma,Franco,16,5,495,1,0,2,8,4,0,0,0,,,,,,,
fh_213772b301e8,Georgia,Thornton,15,0,418,0,2,2,8,5,0,0,0,,,,,,,
fh_6b63f41e3dfe,Ruby,Walsh,16,16,862,1,0,2,9,6,0,0,0,,,,,,,
fh_7e03565bd102,Florentina,Terra,16,14,671,0,1,1,0,0,0,0,0,,,,,,,
fh_4b0a5ae4b903,Isabel,Andrews,2,0,0,0,0,0,0,0,0,0,0,,,,,,,
fh_15a7a2a3c05d,Maria,Ariza Solans,4,0,66,0,0,0,0,0,0,0,0,,,,,,,
fh_9f9ab71881e0,Ava,Carlson,16,16,788,0,0,0,0,0,0,0,0,,,,,,,
fh_f9705f12e4c7,Raina,Johns,16,16,851,0,0,0,1,0,0,0,0,,,,,,,
fh_27b16aed193d,McLaine,Leik,8,0,92,0,0,0,0,0,0,0,0,,,,,,,
fh_87eb03492d61,Kylie,McKinley,10,0,223,0,0,0,0,0,0,0,0,,,,,,,
fh_d29953ddbe0c,Ava,Russo,12,12,559,0,0,0,1,1,0,0,0,,,,,,,
fh_dac644f31fca,Alex,Sewell,10,2,144,0,0,0,0,0,0,0,0,,,,,,,
fh_9d58f89fd108,Megan,Spear,10,0,177,0,0,0,0,0,0,0,0,,,,,,,
fh_90c0e353d331,Lilly,Venezia,13,0,187,0,0,0,1,1,0,0,0,,,,,,,
fh_ed638b2b94fc,Madeline,Windsor,15,0,142,0,0,0,1,1,0,0,0,,,,,,,
fh_fb2957339c59,Ciara,Ryan,17,17,927,3,1,7,5,5,0,0,0,,,,,,,
fh_7f22faba3186,Jade,Shabo,17,16,747,3,1,7,18,13,0,0,0,,,,,,,
fh_1fc343f023ea,Delaney,Weiler,17,5,643,2,3,7,18,10,1,0,0,,,,,,,
fh_380fe06d5e9f,Darla,Mahoney,17,14,771,2,1,5,16,9,1,1,2,,,,,,,
fh_758ec4d1bf21,Gianna,Cioni,17,15,605,1,0,2,11,6,1,0,0,,,,,,,
fh_b79462603b7b,Erin,Cottam,17,12,494,1,0,2,8,5,0,0,0,,,,,,,
fh_8e1ed01dd480,Whitney,Dacko,17,2,440,1,0,2,2,1,0,0,0,,,,,,,
fh_de2b3dfd2135,Gracie,Lloyd,17,15,744,0,1,1,3,1,0,0,0,,,,,,,
fh_ea73f11f1939,Emily,Beichert,13,0,300,0,0,0,2,0,0,0,0,,,,,,,
fh_97846138be59,Abigail,Boudreau,3,0,15,0,0,0,0,0,0,0,0,,,,,,,
fh_ee08bf093a08,Izzy,Breslin,3,0,0,0,0,0,0,0,0,0,0,,,,,,,
fh_b1d192b351aa,Paige,Degeorge,17,17,898,0,0,0,10,5,0,0,0,,,,,,,
fh_6ae930c98f4b,Reilly,Desmond,7,0,78,0,0,0,0,0,0,0,0,,,,,,,
fh_f5aff3075a92,Isabelle,Gardiner,17,17,923,0,0,0,0,0,0,0,0,,,76,5.04,151,0.665,0
fh_2214faa141e5,Zoe,Gitlin,2,0,0,0,0,0,0,0,0,0,0,,,,,,,
fh_9d4f0c86fb78,Ayla,Hallock,2,1,15,0,0,0,0,0,0,0,0,,,,,,,
fh_b3077bdadc50,Madeline,Harrington,17,16,964,0,0,0,4,1,0,0,0,,,,,,,
fh_5b9e9bb0930d,Amaya,Smith,5,0,74,0,0,0,0,0,0,0,0,,,,,,,
fh_743b4d0449da,Madeline,Wagner,17,17,968,0,0,0,7,5,0,0,0,,,,,,,
fh_54ca33d32784,Kaitlyn,Welsh,17,16,966,0,0,0,6,3,0,0,1,,,,,,,
fh_5dbddf8c9537,Kayla,Whitters,9,0,95,0,0,0,0,0,0,0,0,,,13,7.73,9,0.409,0
fh_ff2b4c7558cb,Francisca,Eschoyez,18,17,1054,13,9,35,84,45,2,1,3,,,,,,,
fh_1176fc716495,Mo,Quaile,18,18,1019,7,1,15,28,23,2,0,0,,,,,,,
fh_9c81fe62dc2b,Rozemarijn,Van Keulen,8,7,416,4,4,12,14,8,0,0,0,,,,,,,
fh_7d6152d40892,Cameron,Brower,18,15,932,3,5,11,25,16,1,0,1,,,,,,,
fh_93cab8b95564,Lucia,Donati,18,18,985,2,6,10,16,9,0,0,0,,,,,,,
fh_d87f8f1dc3b0,Maaike,Van Wensen,16,16,961,4,0,8,11,6,1,0,0,,,,,,,
fh_5e05972f3f56,Lauren,Keyte,18,18,922,1,1,3,5,5,1,0,0,,,,,,,
fh_77f78dd8742e,Katie,Shanahan,18,17,1039,0,3,3,9,3,0,0,0,,,,,,,
fh_8043d9e153ad,Ava,Bleier,17,0,207,1,0,2,5,3,0,0,0,,,,,,,
fh_34823303e129,Zoe,Bjelac,3,0,33,0,0,0,0,0,0,0,0,,,,,,,
fh_9521d14712a2,Martina,Calveira,17,17,716,0,0,0,4,2,0,0,0,,,,,,,
fh_cae05a3af65f,Charlie,Caunter,17,3,615,0,0,0,2,2,0,0,0,,,,,,,
fh_d72bae660a51,Laci,Coppola,9,0,62,0,0,0,0,0,0,0,0,,,,,,,
fh_05a75378f9a4,Jaelyn,Crossman,5,0,22,0,0,0,0,0,0,0,0,,,,,,,
fh_f67f5ebf7637,Audrey,Everett,3,0,48,0,0,0,0,0,0,0,0,,,,,,,
fh_9e8c3ec6b525,Veronica,Goettner,5,0,72,0,0,0,0,0,0,0,0,,,,,,,
fh_d646d76a80fd,Jule,Hoefer,18,18,1066,0,0,0,1,0,0,0,0,,,,,,,
fh_eb5b2dd85bd0,Lauren,Kane,5,1,108,0,0,0,0,0,0,0,0,,,,,,,
fh_d33c2fda85b6,Alexa,Kidd,3,0,14,0,0,0,0,0,0,0,0,,,,,,,
fh_0a71e930019c,Emma,Nelson,16,3,360,0,0,0,2,1,0,0,0,,,,,,,
fh_1447678fa3bf,Cristina,Torres,18,18,1041,0,0,0,0,0,0,0,0,,,,,,,
fh_99f353cacd79,Lily,Wolfe,3,1,32,0,0,0,1,1,0,0,0,,,,,,,
fh_15a969695e84,Hailey,Vogt,18,5,392,6,0,12,20,10,0,4,5,,,,,,,
fh_e0a013aa8e32,Ines,Braithwaite,18,16,822,3,5,11,21,16,1,0,0,,,,,,,
fh_bbea1d631f1c,Holly,DeAngelo,18,11,736,2,7,11,24,16,0,0,0,,,,,,,
fh_fafb33235d72,Celia,Benson,18,18,1071,4,2,10,36,16,1,0,0,,,,,,,
fh_1006e9566a1a,Emma,Brayford,16,14,813,4,0,8,28,15,1,0,1,,,,,,,
fh_f5a521a6cd6e,Cassie,Chapjian,17,8,477,4,0,8,12,9,2,0,0,,,,,,,
fh_881b9cb2bb7a,Lizzie,Mendrzycki,18,12,744,4,0,8,15,8,1,0,0,,,,,,,
fh_011d9b13ead2,Bridget,McLaughlin,18,6,393,1,5,7,20,17,1,0,0,,,,,,,
fh_14304dba4d32,Amelia,Pellegrini,18,13,651,0,6,6,7,3,0,0,0,,,,,,,
fh_396a4a19fdfa,Blaire,Sparks,18,12,588,2,1,5,39,22,0,0,0,,,,,,,
fh_673a0937a67a,Cate,McConaghy,18,8,695,2,0,4,5,4,0,0,0,,,,,,,
fh_757bf4807cf0,Emma-Rose,Phillips,12,1,189,2,0,4,10,9,0,0,0,,,,,,,
fh_1ade00d2875e,Jenna,Baxter,15,9,539,1,1,3,18,9,0,0,0,,,,,,,
fh_c4a048997273,Jaden,Ray,18,18,1035,0,3,3,5,2,0,0,0,,,,,,,
fh_bcfb76630ecd,Raena,Crandall,13,1,177,1,0,2,10,3,0,0,0,,,,,,,
fh_e9315d316dcc,Bell,Mazza,16,3,344,0,2,2,1,1,0,0,0,,,,,,,
fh_0397ca1e2314,Ella,Barrett,6,0,16,0,0,0,1,1,0,0,0,,,,,,,
fh_3075c10f2ef1,Ruby,Butler,7,4,255,0,0,0,0,0,0,0,0,,,,,,,
fh_850caa90cb93,Brianna,Cooper,17,14,836,0,0,0,0,0,0,0,0,,,,,,,
fh_a6a47947a68e,Lizzie,Day,4,0,12,0,0,0,2,1,0,0,0,,,,,,,
fh_3d8827b285b9,Sophia,DePrima,18,14,755,0,0,0,1,0,0,0,0,,,,,,,
fh_cd45406677f5,Hanna,Hasso,15,3,309,0,0,0,3,3,0,0,0,,,,,,,
fh_0467327d87ea,Erin,Lynch,15,4,320,0,0,0,0,0,0,0,0,,,,,,,
fh_c9e43813f03e,Eva,Stones,6,0,37,0,0,0,0,0,0,0,0,,,,,,,
fh_1cef5ccfc48e,Jocelyn,Webber,5,1,95,0,0,0,1,1,0,0,0,,,,,,,
fh_e3a28fcbd28d,Valeria,Perales,18,18,996,13,6,32,53,38,4,0,0,,,,,,,
fh_1c5fe304a703,Semra,Said,17,16,793,7,5,19,29,17,3,0,0,,,,,,,
fh_628bad5ca935,Emma,Bonshak,18,18,1124,6,3,15,13,10,0,0,0,,,,,,,
fh_ad6a1e411971,Anna,Finn,18,18,1084,5,4,14,41,24,1,0,0,,,,,,,
fh_4fa14aa34655,Megan,Normile,18,18,1118,4,4,12,42,22,0,2,2,,,,,,,
fh_f2b26b3b2108,Ang,Borisow,18,18,1017,3,3,9,18,13,0,0,0,,,,,,,
fh_4d1135501dce,Ryleigh,Damminger,17,10,793,1,1,3,4,3,0,0,0,,,,,,,
fh_4a0a1b8e12b2,Martina,de Cespedes,17,6,614,1,0,2,7,6,0,0,0,,,,,,,
fh_ffd5ea1105cd,Mackenzie,Smith,17,8,596,1,0,2,7,1,0,0,0,,,,,,,
fh_a76e200692de,Amanda,Walker,18,4,373,1,0,2,6,5,0,0,0,,,,,,,
fh_640d734b8f4a,Samantha,Biondi,15,12,519,0,1,1,4,2,0,0,0,,,,,,,
fh_113fc258171a,Sam,Connolly,15,2,319,0,0,0,3,3,0,0,0,,,,,,,
fh_a1ec1aced4bf,Liv,Cox,11,1,80,0,0,0,2,2,0,0,0,,,,,,,
fh_66651072d51b,Sarah,Fitzpatrick,12,2,176,0,0,0,0,0,0,0,0,,,1,4.28,1,0.5,0
fh_c3a59a5aec9d,Jaime,Haas,8,0,62,0,0,0,2,1,0,0,0,,,,,,,
fh_6c153bff8c74,Hailey,Hoffman,16,10,428,0,0,0,2,2,0,0,0,,,,,,,
fh_3c29a4eda1f5,Kate,Mahmud,17,17,1057,0,0,0,1,1,0,0,0,,,,,,,
fh_00a5b27bdba6,Jade,Regnart,18,18,1098,0,0,0,0,0,0,0,0,,,48,2.6,132,0.733,2
fh_05e2d35a5182,Julia,Verratti,19,18,841,6,2,14,16,9,1,0,0,,,,,,,
fh_380ab1513862,Jade,Vandevoorde,19,19,1047,3,4,10,22,15,1,0,0,,,,,,,
fh_178efd07fcc3,Ellie,Francois,18,10,569,2,2,6,7,5,0,0,0,,,,,,,
fh_bd850e5fa312,Jessica,Rochat,19,19,1148,2,2,6,21,8,0,0,0,,,,,,,
fh_7463b1eb4565,Grace,Clokie,19,18,741,2,0,4,18,12,1,0,0,,,,,,,
fh_1d74735f78d4,Emma,van Hal,19,19,1081,1,2,4,45,25,0,1,2,,,,,,,
fh_8722c7df3541,Emily,Kate Covert,19,15,666,0,3,3,18,8,0,0,0,,,,,,,
fh_4cdcf00169b4,Reagan,Kunkle,16,0,323,1,1,3,8,6,0,0,0,,,,,,,
fh_0a4ca6cc161d,Lauren,Lewis,19,18,976,1,0,2,1,1,0,0,0,,,,,,,
fh_a0d395542c63,Maddie,Summitt,18,2,393,1,0,2,6,4,0,0,0,,,,,,,
fh_c645fc3eccc4,Braiden,Scheffler,18,0,295,0,1,1,3,1,0,0,0,,,,,,,
fh_2f3b8e3bb53a,Christine,Ditizio,19,19,877,0,0,0,17,10,0,0,0,,,,,,,
fh_d99d78545976,Riley,Hannick,16,0,147,0,0,0,4,2,0,0,0,,,,,,,
fh_5b7cd521cbc9,Emalene,Harter,18,0,372,0,0,0,3,1,0,0,0,,,,,,,
fh_dd204ec5b1db,Carleigh,Hofelich,15,13,828,0,0,0,0,0,0,0,0,,,,,,,
fh_aadd79bba174,Cali,Hyman,1,1,60,0,0,0,0,0,0,0,0,,,,,,,
fh_ab6df102584d,Jemimah,Kriechelberg,18,1,260,0,0,0,5,5,0,0,0,,,,,,,
fh_f121ac52d76c,Caroline,Massey,18,0,195,0,0,0,1,0,0,0,0,,,,,,,
fh_e7f84614eb05,Caity,McGough,19,19,1149,0,0,0,1,1,0,0,0,,,,,,,
fh_e982b3f78701,Chidochashe,Munyonga,1,0,0,0,0,0,0,0,0,0,0,,,,,,,
fh_42878193c382,Lois,van Wijk,16,10,655,0,0,0,1,0,0,0,0,,,,,,,
fh_778d5a104ad2,Malena,Sabez,21,21,1103,25,1,51,96,61,4,2,4,,,,,,,
fh_0cef0da89225,Justina,Intzes,21,18,791,20,5,45,82,51,6,0,1,,,,,,,
fh_57589008368b,Berta,Mata,20,20,1043,8,22,38,30,20,0,0,0,,,,,,,
fh_84183fa0d7f3,Sloane,Wearren,20,15,736,7,9,23,31,19,1,1,2,,,,,,,
fh_9ef1c096f689,Bet,Gifra,21,20,999,7,8,22,41,27,1,0,0,,,,,,,
fh_077cd4832207,Kylie,Coughlin,21,5,779,2,10,14,10,8,0,0,0,,,,,,,
fh_ef8b4f7a56d0,Paula,Navarro,21,20,1047,2,10,14,11,6,0,0,0,,,,,,,
fh_81825128f2a6,Becca,Lawn,21,17,916,0,11,11,1,1,0,0,0,,,,,,,
fh_181c9f251775,Lucia,Ventos,21,19,1001,5,0,10,15,9,2,0,0,,,,,,,
fh_087c3624ce49,Riley,Mazzalupi,20,20,908,2,1,5,13,8,0,0,1,,,,,,,
fh_ba52744d3fb3,Meg,Canfield,21,0,281,1,2,4,8,5,0,0,0,,,,,,,
fh_6355fb707c36,Judit,Garcia Gregori,21,5,582,1,2,4,13,7,1,0,0,,,,,,,
fh_d4fe0c53e475,Virginia,Olin,13,0,79,2,0,4,4,2,0,0,0,,,,,,,
fh_141a98ebab3d,Clara,Bertolot,19,0,246,1,0,2,4,4,0,0,0,,,,,,,
fh_a817acdb64b7,Jülia,Fernandez,21,20,1004,1,0,2,9,7,0,0,0,,,,,,,
fh_fe24c8f9f6e6,Finley,Payne,16,1,162,1,0,2,6,4,1,0,0,,,,,,,
fh_2b70dc906038,Imke,Breedijk,17,2,278,0,0,0,12,2,0,0,0,,,,,,,
fh_2d980b817ac8,Izzy,Hass,17,1,110,0,0,0,0,0,0,0,0,,,,,,,
fh_c11818568a7e,Avery,Kuzmicky,3,0,22,0,0,0,0,0,0,0,0,,,,,,,
fh_afea1047a2cb,Jilly,Lawn,15,1,194,0,0,0,0,0,0,0,0,,,,,,,
fh_3de5bc66a7f2,Abby,Moore,9,1,145,0,0,0,0,0,0,0,0,,,,,,,
fh_339f1b6f6d07,Maggie,Reed,19,0,363,0,0,0,4,2,0,0,0,,,,,,,
fh_8d91fec0db18,Elena,Schumacher,9,0,82,0,0,0,1,1,0,0,0,,,,,,,
fh_e549cee71ad3,Nicky,Sjouken,21,21,1270,0,0,0,0,0,0,0,0,,,,,,,
fh_85cf039fb137,MC,Wolz,11,0,107,0,0,0,3,1,0,0,0,,,,,,,
fh_54a2a62a48c8,Emily,Barrett,17,12,777,8,2,18,46,29,2,1,2,,,,,,,
fh_e2046285b727,Fiene,Jenniskens,20,4,450,1,15,17,12,7,1,0,0,,,,,,,
fh_4059079af2b4,Gabrielle,Benkenstein,17,14,865,3,10,16,15,11,1,0,0,,,,,,,
fh_72be95431eb5,Elena,Clococeanu,19,17,1037,4,7,15,33,17,0,2,2,,,,,,,
fh_ffe8ad8d7ec1,Alexa,Collins,20,14,921,6,1,13,21,16,2,0,0,,,,,,,
fh_f41d013d682c,Neva,Eisenga,19,15,803,5,3,13,34,23,1,0,0,,,,,,,
fh_08585f73ee1a,Lina,Kroeger,20,20,1159,6,1,13,40,20,0,0,0,,,,,,,
fh_7baeff6ab008,Cara,Falconer,18,17,1012,3,4,10,6,6,0,0,0,,,,,,,
fh_8c7812f929df,Sophie,Kent,20,16,931,4,1,9,14,11,1,0,0,,,,,,,
fh_4fa05faf0315,Kristy,Leonard,20,6,552,3,1,7,22,9,0,0,0,,,,,,,
fh_5f262ae77fcc,Elani,Sherwood,20,18,1012,2,3,7,26,19,2,0,0,,,,,,,
fh_2b60fe967214,Megan,Carpenter,20,5,482,2,2,6,3,3,1,0,0,,,,,,,
fh_b430ca8dfc75,Savanna,Henderson,18,17,943,1,2,4,4,3,2,0,0,,,,,,,
fh_3a68ec838b9a,Izzy,Larimore,15,2,157,1,0,2,1,1,0,0,0,,,,,,,
fh_6cc8457a50c5,Sophia,Ponzini,14,1,140,0,1,1,4,1,0,0,0,,,,,,,
fh_01a55e9fea43,Amy,Cornfield,13,0,89,0,0,0,0,0,0,0,0,,,,,,,
fh_c827dcad613d,Anna,Cowan,7,0,50,0,0,0,0,0,0,0,0,,,,,,,
fh_0810ddfd30b2,Izzy,Geoghegan,6,0,29,0,0,0,1,0,0,0,0,,,,,,,
fh_ddb7126c8a8a,Macarena,Gonzalez,1,0,0,0,0,0,0,0,0,0,0,,,,,,,
fh_4824cd7371f6,Jenna,Herbster,20,4,384,0,0,0,2,1,0,0,0,,,,,,,
fh_b9753ba059ca,Katelyn,Kearns,3,0,6,0,0,0,1,1,0,0,0,,,,,,,
fh_45a21e6c9f07,Alexys,Moore,13,2,91,0,0,0,4,3,0,0,0,,,,,,,
fh_2f1a2e9133a7,Myrte,van Herwijnen,20,20,1248,0,0,0,0,0,0,0,0,,,,,,,
fh_719f360d73a2,Mallory,Camryn,19,19,1086,18,6,42,85,53,4,1,1,,,,,,,
fh_365bd3a3ebe2,Carolena,Ryon,17,16,776,10,1,21,39,25,4,1,1,,,,,,,
fh_df68a1c28a20,Mora,Rulli,19,19,1040,4,9,17,29,18,0,0,0,,,,,,,
fh_49bb19622865,Cameron,Pluciennik,19,10,623,6,2,14,24,17,1,0,0,,,,,,,
fh_d92bd401dc24,Hailey,Bainer,19,19,1134,3,4,10,25,13,1,0,0,,,,,,,
fh_b28c28d5b63d,Amelia,Lane,19,7,465,1,4,6,8,7,0,0,2,,,,,,,
fh_85eb10f28b50,Peyton,Pallman,14,0,121,2,1,5,3,2,0,0,0,,,,,,,
fh_8877bb925735,Annabelle,Cotroneo,19,19,1109,1,2,4,7,3,0,0,0,,,,,,,
fh_fc3db3c0ac18,Teah,Savignano,19,19,1022,0,3,3,8,3,0,0,0,,,,,,,
fh_4e7175412ac0,Bri,Eckenroth,16,0,170,1,0,2,6,3,0,0,0,,,,,,,
fh_c93177846d56,Lola,Pardo,16,1,198,1,0,2,4,2,0,0,0,,,,,,,
fh_31a030b7a565,Shannon,Dwyer,19,17,970,0,1,1,2,0,0,0,0,,,,,,,
fh_9b29c50c97dc,Violet,Barton,19,19,1038,0,0,0,2,0,0,0,0,,,,,,,
fh_e2bdccdf7f9b,Jenna,Billig,7,3,179,0,0,0,0,0,0,0,0,,,,,,,
fh_6fe887ec1afc,Kiley,Bowker,1,0,0,0,0,0,0,0,0,0,0,,,,,,,
fh_2be5fd39bb3f,Molly,Claus,1,0,15,0,0,0,0,0,0,0,0,,,,,,,
fh_8239efefab1c,Ashley,Cogger,19,16,955,0,0,0,0,0,0,0,0,,,,,,,
fh_40dec1364f66,Nora,Evans,2,1,44,0,0,0,0,0,0,0,0,,,,,,,
fh_2d81176f882e,Pleun,Van Gent,19,19,1041,0,0,0,2,2,0,0,0,,,,,,,
fh_a606dabdfe63,Sophia,Havrilla,13,1,132,0,0,0,4,3,0,0,0,,,,,,,
fh_38679b07a378,Rosa,Ruiz Hellin,11,0,89,0,0,0,0,0,0,0,0,,,,,,,
fh_0e0f96cf5a02,Madeleine,Krewet,1,0,9,0,0,0,0,0,0,0,0,,,,,,,
fh_54f32088090b,Grace,Shepherd,19,4,344,0,0,0,2,2,0,0,0,,,,,,,
fh_c63ddb3db5d4,Maybritt,Duwel,15,13,769,7,2,16,25,15,1,0,0,,,,,,,
fh_76224df6eb06,Emma,Rolston,15,15,752,6,1,13,36,22,2,0,0,,,,,,,
fh_f1335ad879f4,Emma,Seger,14,13,625,4,4,12,15,9,0,0,0,,,,,,,
fh_b0fb2bf14761,Lauren,Conroy,15,14,825,5,0,10,11,7,1,1,1,,,,,,,
fh_98f76df1995b,Eva,Usoz,15,15,722,4,2,10,34,16,0,0,0,,,,,,,
fh_57707d3e9a9f,Maia,Sarrabayrouse,15,15,793,0,5,5,24,11,0,0,0,,,,,,,
fh_78aad635df4e,Marissa,Skinner,15,8,560,2,1,5,12,8,0,0,0,,,,,,,
fh_3ac030b4388b,Tess,Gately,15,1,452,2,0,4,16,7,0,0,0,,,,,,,
fh_ea685f6101e9,Delfina,Larripa,15,11,646,1,2,4,35,18,0,0,0,,,,,,,
fh_3a6553a68d9e,Roos,ten Pas,15,0,276,0,1,1,5,3,0,0,0,,,,,,,
fh_b5ea55b1b8f5,Torie,Del Collo,15,3,388,0,0,0,4,2,0,0,0,,,,,,,
fh_f285707cd6c7,Julianne,Conroy,11,8,389,0,0,0,2,1,0,0,0,,,,,,,
fh_6cc8d0b672f9,Floortje,van Eijden,6,1,152,0,0,0,0,0,0,0,0,,,,,,,
fh_6da4bd8fd94b,Mary,Kate Finnan,14,10,538,0,0,0,3,2,0,0,0,,,,,,,
fh_2c28a679731d,Adelaide,Gagnon,9,0,168,0,0,0,2,2,0,0,0,,,,,,,
fh_eb649146f467,Lucy,Keeler,8,0,109,0,0,0,1,1,0,0,0,,,,,,,
fh_b605921c87f4,Sophia,Livingston,15,0,285,0,0,0,1,0,0,0,0,,,,,,,
fh_622606c1ca80,Emily,Robertson,9,4,275,0,0,0,0,0,0,0,0,,,,,,,
fh_29fd4acfe4fc,Ashlyn,Taylor,14,14,645,0,0,0,2,2,0,0,0,,,,,,,
fh_d479d5fdf484,Allison,Wood,15,14,791,0,0,0,0,0,0,0,0,,,,,,,
fh_6ab795720774,Marina,Evert,17,16,886,5,3,13,25,21,0,0,0,,,,,,,
fh_d184f9dae1c6,Ava,Jones,17,14,783,3,0,6,6,5,0,0,0,,,,,,,
fh_f337bdbb33e8,Delaney,Lentz,17,17,1005,2,0,4,13,7,1,0,0,,,,,,,
fh_81afebbd76f7,Lola,Williams,16,16,677,1,2,4,3,2,0,0,0,,,,,,,
fh_b7972c1deb59,Finja,Wunner,17,5,486,1,1,3,2,2,0,0,0,,,,,,,
fh_f3e9d62e1586,Hailey,Hatfield,16,1,316,1,0,2,8,6,0,0,0,,,,,,,
fh_e0b336de9b69,Catherine,Hudak,17,17,856,1,0,2,11,6,0,0,0,,,,,,,
fh_fe1bbbed6f9b,Alyssa,Laubach,16,0,278,1,0,2,4,4,1,0,0,,,,,,,
fh_974b9aefe46b,Delfina,Magro,17,16,825,1,0,2,5,3,0,0,0,,,,,,,
fh_1ee672e111f0,Anna,Muscat,16,14,814,0,2,2,9,4,0,0,0,,,,,,,
fh_258de8155700,Louise,Pert,13,12,696,1,0,2,2,1,0,0,0,,,46,3.91,150,0.765,0
fh_7f0ed8ac0ad0,Maddie,Huffer,17,16,842,0,1,1,9,4,0,0,0,,,,,,,
fh_92b5d17798f2,Emma,Cociña,4,0,46,0,0,0,0,0,0,0,0,,,,,,,
fh_db7d008064f6,Olivia,Cranston,1,0,0,0,0,0,1,0,0,0,0,,,,,,,
fh_a4a81884f8ef,Lauren,Hills,9,0,63,0,0,0,0,0,0,0,0,,,,,,,
fh_4a984b8b0e91,Elise,Horne,4,0,20,0,0,0,0,0,0,0,0,,,,,,,
fh_77c3a2c032d3,Jen,Kemp,17,17,1012,0,0,0,9,4,0,0,0,,,,,,,
fh_5e946c5a3481,Rachel,Kosowski,3,0,15,0,0,0,1,0,0,0,0,,,,,,,
fh_75fccb763b4e,Hailey,Leisering,3,0,45,0,0,0,0,0,0,0,0,,,2,2.67,1,0.333,0
fh_b990d05743a0,Morgan,Lippa,15,0,257,0,0,0,0,0,0,0,0,,,,,,,
fh_845f8335bfad,Helena,Moon,11,0,77,0,0,0,1,0,0,0,0,,,,,,,
fh_8221fed3c892,Emerson,Polkowski,17,17,934,0,0,0,0,0,0,0,0,,,,,,,
fh_bad06938b415,Skylar,Sarge,10,0,119,0,0,0,0,0,0,0,0,,,,,,,
fh_0f7e1f245de6,Morgan,Smith,5,0,16,0,0,0,0,0,0,0,0,,,,,,,
fh_2162e9fe1ad7,Gianna,Urcinole,5,0,49,0,0,0,0,0,0,0,0,,,,,,,
fh_8c063a86242b,Rhyden,Wheldon,9,4,219,0,0,0,0,0,0,0,0,,,15,3.34,45,0.75,0
fh_ae0f3759f769,Floortje,Leunisse,20,20,1007,9,6,24,71,40,5,1,1,,,,,,,
fh_ba06681a7d97,Hailey,Bianchino,19,18,998,4,4,12,11,8,0,0,0,,,,,,,
fh_2802d6de079c,Julia,de Leeuw,20,19,1170,5,2,12,42,19,1,0,0,,,,,,,
fh_8c5ea4e52767,Felicitas,Herrero,17,9,528,6,0,12,14,7,0,3,3,,,,,,,
fh_6c08eb028f9e,Natalie,McGivern,20,17,930,4,1,9,14,6,2,0,0,,,,,,,
fh_a713a776b0f1,Julie,Povel,20,15,809,2,3,7,23,11,0,0,0,,,,,,,
fh_9b1ff7e4055b,Victoria,Gonzalez-Lopez,20,12,695,1,3,5,10,8,0,0,0,,,,,,,
fh_419988081c59,Romy,Matthies,20,20,1191,1,1,3,3,2,0,0,0,,,,,,,
fh_76094f6c7983,Erika,Parker,20,19,1049,0,3,3,0,0,0,0,0,,,,,,,
fh_7127362c7a1d,Victoria,Bruno,20,1,291,1,0,2,4,4,0,0,0,,,,,,,
fh_993a77016e60,Noor,van Duin,20,20,1178,1,0,2,9,7,0,0,0,,,,,,,
fh_9b82b44febef,Juliana,Gonzales,12,0,96,1,0,2,1,1,0,0,0,,,,,,,
fh_b9f406d1b61a,Kayla,Sykes,15,1,182,1,0,2,7,5,0,0,0,,,,,,,
fh_b861ff396a5e,Claire,Evans,20,20,1207,0,1,1,3,1,0,0,0,,,,,,,
fh_49166251faa5,Abby,Reenock,14,5,351,0,1,1,1,1,0,0,0,,,,,,,
fh_14e1ac9494e5,Sam,Black,4,1,106,0,0,0,0,0,0,0,0,,,4,1.76,7,0.636,0
fh_35e1dfa39d39,Mia,Bolster,4,1,89,0,0,0,0,0,0,0,0,,,,,,,
fh_d4695e70a9a2,Maddie,Ciancitto,3,0,25,0,0,0,0,0,0,0,0,,,,,,,
fh_c14b7c60c167,Saar,van Dalen,19,19,1117,0,0,0,0,0,0,0,0,,,43,2.37,90,0.677,4
fh_429445433b38,Ava,DePietro,5,0,32,0,0,0,0,0,0,0,0,,,,,,,
fh_1150f26818a1,Lauren,Frye,2,0,14,0,0,0,0,0,0,0,0,,,,,,,
fh_8543df678516,Amelia,Gonzalez,10,0,109,0,0,0,0,0,0,0,0,,,,,,,
fh_c8b0cad905be,Riahna,Pollard,16,0,301,0,0,0,5,4,0,0,0,,,,,,,
fh_9a37645a3a57,Lotte,Haagmans,16,15,863,21,10,52,97,69,3,0,1,,,,,,,
fh_eed4abc42e71,Tess,Termars,16,15,788,7,7,21,41,31,0,0,0,,,,,,,
fh_adbfe46faf26,GiGi,Ranoldo,16,14,644,8,4,20,18,15,0,0,0,,,,,,,
fh_9132ad0d9f28,Juana,Laskowski,16,15,810,1,6,8,14,5,0,0,0,,,,,,,
fh_9480ac22e473,Guusje,Vermeulen,17,17,760,2,2,6,10,6,0,0,0,,,,,,,
fh_fe2a5bcc655d,Georgia,Dudon,17,17,895,2,0,4,7,5,0,2,3,,,,,,,
fh_708623d4bc54,Caitlin,Meeker,16,11,469,0,1,1,3,3,0,0,0,,,,,,,
fh_df2a88f0426d,Emma,Capparelli,1,1,60,0,0,0,0,0,0,0,0,,,3,3.0,11,0.786,0
fh_bcab4d24d3bb,Anne,Daaman,1,1,60,0,0,0,0,0,0,0,0,,,,,,,
fh_b54808c745b7,MingGe,Daley,1,0,0,0,0,0,0,0,0,0,0,,,,,,,
fh_cb3c890b1ed7,Caitlyn,Guilfoil,1,1,32,0,0,0,0,0,0,0,0,,,,,,,
fh_4e4870de196b,Maria,Ippolito,1,0,33,0,0,0,0,0,0,0,0,,,,,,,
fh_679d78cc7355,Ella,Miura,1,1,30,0,0,0,0,0,0,0,0,,,,,,,
fh_0a0534ab1203,Victoria,Nazar,1,0,0,0,0,0,0,0,0,0,0,,,,,,,
fh_4f2ece0a7522,Hayden,Roddis,11,3,399,0,0,0,1,0,0,0,0,,,,,,,
fh_d39298b2e1d3,Rosa,Witvliet,1,1,60,0,0,0,0,0,0,0,0,,,,,,,
fh_9918e4f721e2,Havana,De Roeck,18,17,899,5,1,11,42,22,1,0,0,,,,,,,
fh_80cb56d87735,Siena,De Roeck,15,15,869,5,1,11,18,10,1,2,2,,,,,,,
fh_edce93e30873,Makayla,Strickulis,18,17,828,2,3,7,47,25,1,0,0,,,,,,,
fh_422d82342546,Isa,Houben,18,18,919,2,2,6,8,7,0,0,0,,,,,,,
fh_450cdbc28f41,Delaney,Wojnarowicz,9,0,58,2,1,5,3,2,0,0,0,,,,,,,
fh_562d637e04ea,Siobhan,Landers,10,3,302,2,0,4,6,4,0,0,0,,,,,,,
fh_0accae7b6a31,Karleigh,Mirabile,16,1,274,2,0,4,4,3,0,0,0,,,,,,,
fh_39c3e0069ea5,Maia,Kimball,10,2,197,1,1,3,7,4,0,0,0,,,,,,,
fh_5fd258d65aa3,Emma,McGrory,8,7,353,1,1,3,5,4,1,0,0,,,,,,,
fh_00c614f9db35,Ellia,Delisle,3,0,22,1,0,2,1,1,0,0,0,,,,,,,
fh_6be81a107195,Sadie,Elion,15,1,226,1,0,2,4,2,0,0,0,,,,,,,
fh_c7866859017c,Sarah,Latham,18,18,772,1,0,2,3,3,1,0,0,,,,,,,
fh_9c8d7c855c0f,Mary,Collins,18,16,972,0,1,1,8,3,0,0,0,,,,,,,
fh_fbc68bae11fb,Hannah,Bickford,17,7,486,0,0,0,15,10,0,0,0,,,,,,,
fh_854d5296306a,Madison,Darmstadt,14,3,322,0,0,0,0,0,0,0,0,,,,,,,
fh_993cfb384520,Skylar,Fiske,18,17,1001,0,0,0,0,0,0,0,0,,,,,,,
fh_c680e6f950d1,Ailish,Kilbride,2,0,27,0,0,0,0,0,0,0,0,,,,,,,
fh_af0509505501,Megan,McDowell,2,0,30,0,0,0,0,0,0,0,0,,,,,,,
fh_2f2d37522bb5,Jill,Miller,17,7,704,0,0,0,2,0,0,0,0,,,,,,,
fh_1fd119271f5e,Isabelle,Morton,18,18,1078,0,0,0,0,0,0,0,0,,,54,3.0,105,0.66,2
fh_abdba09df09b,Julieta,D'Antonio,18,18,1024,0,0,0,20,6,0,0,0,,,,,,,
fh_dcf12954c3ee,Olivia,Prior,18,6,586,0,0,0,3,2,0,0,0,,,,,,,
fh_c7f99c8c720e,Emma,Beaujouan,15,15,665,2,1,5,5,5,0,0,0,,,,,,,
fh_c99fd1a64e8c,Erin,Smith,15,15,852,1,1,3,11,9,0,0,0,,,,,,,
fh_6bb4c8d7dbf6,Eliza,Caven,13,9,618,1,0,2,8,4,0,0,0,,,,,,,
fh_e927a15b06b0,Jalia,Cooper,15,14,663,1,0,2,8,7,0,0,0,,,,,,,
fh_dcfefc226480,Brynna,Courneen,15,15,709,0,1,1,7,5,0,0,0,,,,,,,
fh_81444de45925,Carina,Ramirez,15,15,849,0,1,1,7,3,0,0,0,,,,,,,
fh_e6704b375d9b,Taylor,Amstutz,11,0,106,0,0,0,0,0,0,0,0,,,,,,,
fh_50221b84ba2e,Allie,Brown,15,15,869,0,0,0,0,0,0,0,0,,,,,,,
fh_75ce6bc50bed,Brooke,Foucault,4,0,24,0,0,0,0,0,0,0,0,,,,,,,
fh_a1c205e5410b,Jordan,Gagliastro,15,8,439,0,0,0,3,2,0,0,0,,,,,,,
fh_0daa3588c2ff,Ashley,Gambino,13,6,405,0,0,0,2,1,0,0,0,,,,,,,
fh_183ec565ad90,Emma,Hulslander,9,0,64,0,0,0,0,0,0,0,0,,,,,,,
fh_3340ebbb40db,Rae,Kline,8,4,258,0,0,0,0,0,0,0,0,,,41,7.53,46,0.529,0
fh_43abea72c569,Ali,Kowalski,10,0,86,0,0,0,0,0,0,0,0,,,,,,,
fh_497c362acefa,Brooke,Kowalski,7,0,51,0,0,0,0,0,0,0,0,,,,,,,
fh_36cb4238a210,Cara,Lambert,3,2,112,0,0,0,0,0,0,0,0,,,15,8.03,17,0.531,0
fh_bd50ea0e51ea,Kristen,MacAuley,13,1,246,0,0,0,0,0,0,0,0,,,,,,,
fh_3adc76167be5,Maddie,Mandia,5,0,20,0,0,0,0,0,0,0,0,,,,,,,
fh_bbe40726e841,Anne,Marie Martin,11,9,515,0,0,0,0,0,0,0,0,,,46,6.18,96,0.676,0
fh_8dc15187dd77,Sydney,Moda,13,2,294,0,0,0,2,0,0,0,0,,,,,,,
fh_e8ad498772f8,Lauren,Schoonmaker,15,10,465,0,0,0,2,1,0,0,0,,,,,,,
fh_651859147dbd,Riley,Schoonmaker,14,14,771,0,0,0,0,0,0,0,0,,,,,,,
fh_ae5ffbc5fa8d,Angela,Simou,6,0,48,0,0,0,0,0,0,0,0,,,,,,,
fh_cd529909f3a5,Hailey,Sullivan,12,0,101,0,0,0,0,0,0,0,0,,,,,,,
fh_4d1ca9bf27ac,Liz,Trentmann,4,0,64,0,0,0,0,0,0,0,0,,,,,,,
fh_6cb1174acef8,Abbie,Volfman,15,11,580,0,0,0,0,0,0,0,0,,,,,,,
fh_5fe8cb83cf99,Sofia,Marciano,19,19,1010,19,2,40,79,64,3,0,0,,,,,,,
fh_c48cf342e264,Cruz,Cánepa,19,18,1071,1,17,19,5,3,0,0,0,,,,,,,
fh_77ac536bb6bd,Kylee,Hager,19,8,513,6,2,14,17,12,2,0,0,,,,,,,
fh_ab897bf04729,Emilee,Myers,19,19,1065,5,2,12,23,15,4,0,0,,,,,,,
fh_aa3711c723ec,Gianna,Lambert,17,4,473,4,1,9,12,11,1,0,0,,,,,,,
fh_4b808b2b2179,Addie,Sholly,19,15,938,4,1,9,15,12,1,2,2,,,,,,,
fh_bd79a64dc11a,Madison,Waldspurger,19,19,1136,3,3,9,62,42,1,0,0,,,,,,,
fh_6df20c0a4298,Brooklyn,Widdess,19,4,437,3,1,7,8,8,1,1,1,,,,,,,
fh_93f4c33cab32,Grace,Reed,18,15,545,3,0,6,9,7,0,0,0,,,,,,,
fh_e416aaebad80,Josefina,Sayal Aguirre,19,19,1112,0,3,3,1,0,0,0,0,,,,,,,
fh_9689f36f95be,Hannah,Capo,16,9,415,1,1,3,10,7,1,0,0,,,,,,,
fh_041bb19e407b,Morgan,Smeltz,15,0,172,1,1,3,5,5,0,0,0,,,,,,,
fh_295170a6f743,Avery,Bradburn,18,3,343,1,0,2,7,4,0,0,0,,,,,,,
fh_b63c16654788,T,Ciaccia,18,4,361,0,2,2,13,7,0,0,0,,,,,,,
fh_84231fdb5bac,Chloe,Butz,19,13,643,0,1,1,17,10,0,0,0,,,,,,,
fh_1d879bbfc01a,Madilyn,Donmoyer,19,19,1096,0,1,1,2,2,0,0,0,,,,,,,
fh_e9cbb1fd27c9,Hailee,Adams,8,0,83,0,0,0,1,1,0,0,0,,,,,,,
fh_76a02cd1f5f3,Piper,Almy,1,0,2,0,0,0,0,0,0,0,0,,,,,,,
fh_4408fbc80a33,Delaney,Amole,6,0,67,0,0,0,2,2,0,0,0,,,,,,,
fh_06f9b5404a05,Julia,Barto,11,1,109,0,0,0,1,0,0,0,0,,,,,,,
fh_4af0239d0a51,Anna,Commero,5,0,20,0,0,0,1,1,0,0,0,,,,,,,
fh_fde0c01c55fe,Mia,DiGenova,19,19,1143,0,0,0,0,0,0,0,0,,,26,1.37,81,0.757,10
fh_a93569751ce4,Ryan,Engleman,8,0,25,0,0,0,0,0,0,0,0,,,,,,,
fh_18b4553c4f38,Maguire,Sturgis,16,16,948,9,5,23,61,44,2,0,0,,,,,,,
fh_8dcea0f073e0,Kendall,Brady,16,14,700,6,0,12,27,14,0,0,0,,,,,,,
fh_5dd05594c9aa,Saskia,Williams,16,15,736,4,2,10,17,11,1,0,0,,,,,,,
fh_eb1bfab488ea,Martina,di Gregorio Giralt,14,4,476,4,1,9,12,11,2,0,0,,,,,,,
fh_6f904eef4403,Marissa,MacLean,15,15,852,1,6,8,13,10,0,0,0,,,,,,,
fh_2b30f128a5fd,Megan,Schienbein,16,16,890,2,4,8,32,21,0,0,0,,,,,,,
fh_08a869f2b9cf,Julia,Carrozza,16,16,778,2,3,7,9,6,0,0,0,,,,,,,
fh_c70b25672b59,Rachel,Egan,16,16,850,2,2,6,9,7,0,0,0,,,,,,,
fh_210ea5e1ddd7,Jocelyn,Monti,16,16,908,1,4,6,4,2,0,0,0,,,,,,,
fh_c38d43c6cc73,Kendall,Blomquist,15,12,575,2,0,4,17,12,1,0,0,,,,,,,
fh_e44ae1b714ae,Alexa,Birch,16,0,408,0,1,1,2,1,0,0,0,,,,,,,
fh_cf2a50ef3054,Judy,Rodolakis,5,0,62,0,1,1,0,0,0,0,0,,,,,,,
fh_6ab30bc40fce,Madison,Clark,1,0,15,0,0,0,0,0,0,0,0,,,0,0.0,3,1.0,0
fh_3869012b993a,Ainsley,Clough,1,0,18,0,0,0,0,0,0,0,0,,,,,,,
fh_daa4b0568a0b,Carolina,di Gregorio Giralt,1,0,23,0,0,0,0,0,0,0,0,,,,,,,
fh_7b256998267f,Ava,Huntley,2,0,32,0,0,0,1,1,0,0,0,,,,,,,
fh_d2a6d022e9e6,Maeve,Kiernan,16,15,814,0,0,0,4,1,0,0,0,,,,,,,
fh_45de0ad328de,Coley,Leo,10,1,148,0,0,0,2,1,0,0,0,,,,,,,
fh_fad04dc9269a,Mia,McCloskey,16,16,967,0,0,0,0,0,0,0,0,,,41,2.58,123,0.75,1
fh_ad9ac70f5dd4,Charlotte,Powers,4,0,54,0,0,0,0,0,0,0,0,,,,,,,
fh_ba96cba8db45,Hadley,Rand,1,0,10,0,0,0,0,0,0,0,0,,,,,,,
fh_ae3c25980acb,Meredith,Schepens,15,1,269,0,0,0,1,1,0,0,0,,,,,,,
fh_f37f29abde39,Izzy,van der Spuy,11,1,255,0,0,0,0,0,0,0,0,,,,,,,
fh_5c77a5e6b545,Maya,Zahlan,1,0,46,0,0,0,0,0,0,0,0,,,,,,,
fh_3972be898739,Katie,Gibb,19,16,972,5,11,21,12,9,2,0,0,,,,,,,
fh_40a0c4c278c7,Lena,Thedrian,16,16,956,8,5,21,27,18,2,0,0,,,,,,,
fh_d480dc6027f5,Lea,Good,19,14,754,4,8,16,29,19,0,0,0,,,,,,,
fh_252c275b99ef,Stella,Malinowski,17,15,664,5,6,16,25,14,2,1,2,,,,,,,
fh_367a46c5238c,Josephine,van Wijk,19,19,984,5,3,13,40,22,0,0,0,,,,,,,
fh_815b07c7cb84,Rosalie,van Gool,17,17,1012,4,2,10,27,11,1,0,0,,,,,,,
fh_6196e5c3b023,Lauren,Kurek,19,9,539,4,1,9,20,15,0,0,0,,,,,,,
fh_910bc6eeb03b,Maddie,Evans,19,7,610,3,0,6,18,13,1,0,0,,,,,,,
fh_f38420670a09,Linda,Nova,18,7,573,2,2,6,16,13,1,0,0,,,,,,,
fh_009a09a341c2,Mia,Freeman,19,7,737,2,1,5,12,9,0,0,0,,,,,,,
fh_cb7582c5597f,Kiley,Gallagher,19,14,753,2,1,5,6,3,1,0,0,,,,,,,
fh_ffb315f43b53,Laila,Pasic,15,5,516,2,0,4,12,10,1,0,0,,,,,,,
fh_82b657ae4dcb,Olivia,Krey,15,4,364,0,2,2,2,0,0,0,0,,,,,,,
fh_e498ec09077b,Catalina,Rubel,9,0,179,1,0,2,5,2,0,0,0,,,,,,,
fh_62d7cd9b3e8b,Makenzie,Switzer,19,19,1169,0,2,2,6,3,0,0,0,,,,,,,
fh_40e621b50efd,Ellie,Barton,13,0,112,0,1,1,2,1,0,0,0,,,,,,,
fh_02bfbf854540,Ines,Araujo,9,0,191,0,0,0,0,0,0,0,0,,,,,,,
fh_851b48fff3ab,Raffi,Fragomeni,19,19,1178,0,0,0,0,0,0,0,0,,,28,1.43,74,0.725,7
fh_718b564aa671,Naomi,George,12,0,152,0,0,0,2,1,0,0,0,,,,,,,
fh_603be2227dfb,Peyton,Guinter,13,0,118,0,0,0,1,0,0,0,0,,,,,,,
fh_fa2a38db944d,Emma,Maher,1,0,0,0,0,0,0,0,0,0,0,,,,,,,
fh_a0f2dba7bf2e,Feline,Reusken,16,11,607,0,0,0,0,0,0,0,0,,,,,,,
fh_a087d444efb0,Kiki,Mes,17,17,958,5,5,15,30,20,2,0,0,,,,,,,
fh_b374f16a9363,Ella,Stephenson,17,17,940,4,0,8,29,16,0,2,3,,,,,,,
fh_781d6c193016,Aubrey,Ide,17,10,688,3,1,7,27,16,1,0,0,,,,,,,
fh_a566e704c4e6,Madison,Noh,16,16,706,3,1,7,11,7,0,1,1,,,,,,,
fh_877bd009fc0e,Maddie,Kandra,17,10,655,3,0,6,11,8,0,0,0,,,,,,,
fh_1f2592e030fc,Lela,Boermeester,17,17,820,2,1,5,8,6,0,1,1,,,,,,,
fh_39f13006a388,Zoe,Day,17,17,927,2,0,4,11,4,1,1,1,,,,,,,
fh_90fc59fdd5c2,KK,Sauve,17,17,949,1,2,4,9,5,0,0,0,,,,,,,
fh_aee9cdb845e0,Jordan,Kells,17,0,394,0,2,2,3,1,0,0,0,,,,,,,
fh_93d1eeafef44,Riley,Thurston,17,14,651,1,0,2,7,5,0,0,0,,,,,,,
fh_976977479589,Annie,Bibus,17,17,930,0,1,1,0,0,0,0,0,,,,,,,
fh_564f787d1bd0,Renee,Blake,6,0,58,0,0,0,0,0,0,0,0,,,,,,,
fh_0324ddcb498b,Gracen,Brant,9,0,101,0,0,0,5,3,0,0,0,,,,,,,
fh_55dcf3ceac63,Kate,Burgess,17,17,1014,0,0,0,0,0,0,0,0,,,,,,,
fh_4d9a1b99dc8d,Lily,Burnside,1,0,0,0,0,0,0,0,0,0,0,,,,,,,
fh_7299fa1924bc,Viola,Diorio,4,0,18,0,0,0,0,0,0,0,0,,,,,,,
fh_8f68188d4504,Samantha,Hillman,7,0,49,0,0,0,0,0,0,0,0,,,,,,,
fh_94facb89414b,Katie,McCaffrey,2,0,16,0,0,0,0,0,0,0,0,,,,,,,
fh_4282c4b4ccd9,Evelyn,Melograna,2,0,8,0,0,0,0,0,0,0,0,,,,,,,
fh_80f4a4e1f961,Katie,Murphy,3,0,59,0,0,0,0,0,0,0,0,,,,,,,
fh_1045dba54e9d,Jordyn,Pepper,13,0,252,0,0,0,4,4,0,0,0,,,,,,,
fh_573aeec19543,Georgia,Reynolds,12,0,199,0,0,0,2,1,0,0,0,,,,,,,
fh_eb1817a82a9d,Carly,Smith,17,17,811,0,0,0,15,7,0,0,0,,,,,,,
fh_4a54d2779186,Annabelle,Strange,6,0,66,0,0,0,0,0,0,0,0,,,,,,,
fh_35c3f93d31a8,Jordan,Reicher,18,18,750,13,1,27,51,33,4,0,1,,,,,,,
fh_f31c5c6fb45b,Agustina,Roffo,18,17,806,8,2,18,16,12,2,0,0,,,,,,,
fh_e287ed643b4c,Sophie,Willemse,18,18,913,5,6,16,26,12,2,0,0,,,,,,,
fh_bab1bf8f4d8f,Ninthe,Botman,18,18,672,6,2,14,26,16,2,0,0,,,,,,,
fh_71ef2f61ba3a,Lotti,Süme,18,18,1109,3,5,11,27,15,0,0,0,,,,,,,
fh_879b5af0340b,Emilia,Winkler,18,18,1020,1,9,11,15,6,0,0,0,,,,,,,
fh_a4a65106b5db,Olivia,Morraye,17,17,990,1,5,7,10,5,1,0,0,,,,,,,
fh_a774d9d7661c,Sarah,Steinman,13,8,549,2,2,6,8,5,0,1,1,,,,,,,
fh_77798374954c,Alyssa,Freeman,18,18,666,2,1,5,17,12,0,0,0,,,,,,,
fh_bde0965e630f,Kaleigh,Missimer,2,0,2,2,0,4,3,3,0,2,3,,,,,,,
fh_10fd3fea6a8d,Elle,Ridge,18,18,816,2,0,4,7,5,1,0,0,,,,,,,
fh_6c8f6d06994d,Kendall,Varty,18,0,357,1,2,4,5,2,0,0,0,,,,,,,
fh_fcc83c8f7beb,Maura,Read,3,0,22,1,0,2,2,2,0,0,0,,,,,,,
fh_4add11ca253c,Mia,Edwards,18,12,900,0,1,1,9,3,0,0,0,,,,,,,
fh_e0cc2a4d90c8,Maddy,Snyder,17,0,350,0,1,1,1,1,0,0,0,,,,,,,
fh_8cccbc22ea48,Kylie,Briggs,16,0,207,0,0,0,3,2,0,0,0,,,,,,,
fh_58bd43bd6637,Riley,Clouse,5,0,29,0,0,0,0,0,0,0,0,,,,,,,
fh_514635b88f4d,Skylar,Duffy,6,0,52,0,0,0,0,0,0,0,0,,,,,,,
fh_05e8de71e0f5,Jill,DuVarney,12,0,174,0,0,0,5,3,0,0,0,,,,,,,
fh_17e630e15477,Pauline,Gineste,17,17,1049,0,0,0,0,0,0,0,0,,,20,1.14,66,0.767,4
fh_cd251d3664af,Emma,Guydish,15,0,261,0,0,0,6,2,0,0,0,,,,,,,
fh_9b345713a085,Teagan,Harmon,1,1,60,0,0,0,0,0,0,0,0,,,0,0.0,5,1.0,1
fh_33b408cbd74d,Ashley,Huddleston,18,0,463,0,0,0,7,3,0,0,0,,,,,,,
fh_84827ecd8b70,Sydney,Huddleston,3,0,3,0,0,0,1,0,0,0,0,,,,,,,
fh_a33fe7f3eed9,Kira,Leclercq,17,17,1004,13,6,32,67,33,3,4,4,,,,,,,
fh_ce24f980a880,Reese,Czajkowski,17,17,902,10,2,22,61,32,2,0,0,,,,,,,
fh_7c47dd166998,Nicky,Punt,17,17,1006,2,12,16,14,5,1,0,0,,,,,,,
fh_fb0a383ddb34,Ryane,Fisahn,17,14,731,5,0,10,16,11,2,0,0,,,,,,,
fh_31d657a05c7e,Sally,Hunter,15,15,814,2,6,10,6,5,0,0,0,,,,,,,
fh_c6b56ec90069,Gianna,Puorro,13,13,641,3,2,8,12,6,1,0,0,,,,,,,
fh_33e7611f4c0a,Gracie,Kothari,17,17,1014,3,1,7,15,8,1,0,0,,,,,,,
fh_b0d63fe334b4,Katie,Lintz,17,5,449,3,0,6,11,8,0,0,0,,,,,,,
fh_b43e21a706d5,Bella,Notaro,17,11,733,1,4,6,29,15,0,0,0,,,,,,,
fh_821addc55f34,Alexandra,Shizas,16,2,282,1,0,2,4,3,0,0,0,,,,,,,
fh_3e269eb4dfcb,Saskia,de Koster,15,2,347,0,1,1,1,1,0,0,0,,,,,,,
fh_1f8fd8bd968b,Jip,Zwaard,17,16,1018,0,1,1,12,4,0,0,0,,,,,,,
fh_1738d13e32b0,Sarah,Althouse,17,17,1009,0,0,0,0,0,0,0,0,,,,,,,
fh_e466d300c064,Mallory,Clark,6,0,25,0,0,0,0,0,0,0,0,,,,,,,
fh_926adcf5789e,Julia,Corropolese,3,0,18,0,0,0,0,0,0,0,0,,,,,,,
fh_ce705cfcc261,Vivienne,Lachaux,5,2,55,0,0,0,0,0,0,0,0,,,,,,,
fh_e6dc9b8315cd,Paige,McMeekin,6,0,11,0,0,0,0,0,0,0,0,,,,,,,
fh_32bfa986b653,Nicole,Moran,3,1,15,0,0,0,0,0,0,0,0,,,,,,,
fh_1d5ef322abc5,Elodie,Nevitt,8,0,68,0,0,0,0,0,0,0,0,,,,,,,
fh_b30312e257d0,Brooke,Parker,14,9,598,0,0,0,0,0,0,0,0,,,,,,,
fh_36774f4e6fad,Lauren,Sanford,2,0,2,0,0,0,1,1,0,0,0,,,,,,,
fh_ace3d58821dd,Mary,Sylvester,16,10,628,0,0,0,1,1,0,0,0,,,,,,,
fh_223c9e8610a0,Abby,Zanelli,2,0,5,0,0,0,0,0,0,0,0,,,,,,,
fh_18b6dafd9d32,Caroline,O'Brien,19,19,867,15,7,37,64,43,4,0,0,,,,,,,
fh_b948cc3408e0,Molly,Driscoll,19,16,656,5,4,14,18,13,1,0,1,,,,,,,
fh_15e5cb01d464,Nicole,Lauro,19,19,835,6,0,12,29,15,2,0,0,,,,,,,
fh_44c70b2ac04f,Maggie,Driscoll,19,19,961,2,4,8,15,10,0,0,2,,,,,,,
fh_ca242a82cfd2,Delfi,Coulo,18,15,683,1,4,6,25,18,1,0,0,,,,,,,
fh_70a16b34659f,Bella,Bergner,19,3,537,1,2,4,11,7,0,0,0,,,,,,,
fh_ea45922e2e75,Megan,Wetzel,19,19,941,0,4,4,5,0,0,0,0,,,,,,,
fh_4718bae46412,Rachel,Turer,18,17,930,1,1,3,12,8,0,0,0,,,,,,,
fh_b5e524625bf5,Martu,Coulo,19,19,880,1,0,2,20,11,0,0,0,,,,,,,
fh_6dd97d109adb,Natalie,Epperson,17,1,410,1,0,2,8,4,0,0,0,,,,,,,
fh_067167a48bf3,Alex,Purcell,17,16,923,0,2,2,20,8,0,0,0,,,,,,,
fh_5eac02d21019,Shea,Freda,19,19,1128,0,1,1,0,0,0,0,0,,,,,,,
fh_4670482ccb06,Bella,Cloutier,4,0,88,0,0,0,0,0,0,0,0,,,,,,,
fh_ae4793ad4095,Olivia,Hammer,19,0,346,0,0,0,3,1,0,0,0,,,,,,,
fh_c73208ed68f7,Mallory,Hudson,19,0,377,0,0,0,3,1,0,0,0,,,,,,,
fh_d29985e2df64,Lily,Johnson,19,3,560,0,0,0,0,0,0,0,0,,,,,,,
fh_6d41c08c5000,Lucy,Johnson,19,2,350,0,0,0,6,4,0,0,0,,,,,,,
fh_6bf2e2c9320e,Celia,Nocivelli,14,2,174,0,0,0,0,0,0,0,0,,,,,,,
fh_06154f35e566,Sophie,Ortyl,17,17,1013,0,0,0,0,0,0,0,0,,,,,,,
fh_ce45c46bbbb2,Amalia,Preece,2,0,3,0,0,0,0,0,0,0,0,,,,,,,
fh_b1b8c2710614,Kaitlyn,Williams,17,1,348,0,0,0,4,2,0,0,0,,,,,,,
fh_5ff49983aa6e,Anna,Wilson,1,0,15,0,0,0,0,0,0,0,0,,,,,,,
fh_1ee1ddaf9df2,Caitlin,Wong,18,0,483,0,0,0,1,1,0,0,0,,,,,,,
fh_054a9a1466ef,Morgan,Willis,17,16,656,10,1,21,32,27,2,0,0,,,,,,,
fh_45867ebab95c,Dani,Palmer,17,17,748,5,3,13,23,11,0,0,0,,,,,,,
fh_f4c8b5940e93,Lauren,Widdowson,16,15,541,2,5,9,9,7,1,0,0,,,,,,,
fh_9ccb8b80cde6,Anna,Lochhead,17,17,774,1,2,4,4,4,0,0,0,,,,,,,
fh_b74fc3ddc25d,Tyler,Argilagos,17,2,604,1,1,3,11,5,0,0,0,,,,,,,
fh_9e9ad88ac9de,Ahria,Dhillon,17,17,899,0,3,3,26,10,0,0,0,,,,,,,
fh_c2b6cd35253b,Maddie,Rohlfing,17,0,520,1,1,3,5,3,0,0,0,,,,,,,
fh_9be051e18b94,Grace,Schmelzinger,17,17,880,1,1,3,36,15,1,0,0,,,,,,,
fh_4c39111105d8,Elicia,Bikhazi-Green,16,0,418,1,0,2,3,2,0,0,0,,,,,,,
fh_6dd0ad687f14,Minah,Cho,11,0,236,1,0,2,1,1,0,0,0,,,,,,,
fh_ea573f79a410,Annie,Lake,17,17,967,0,2,2,1,0,0,0,0,,,,,,,
fh_b93f1e74162f,Hannah,Marcotrigiano,17,17,730,1,0,2,4,1,0,0,0,,,,,,,
fh_1e161790ec23,Kyleigh,Welusz,17,17,639,0,2,2,0,0,0,0,0,,,,,,,
fh_31855e187420,Abby,Williams,2,2,84,1,0,2,2,2,0,1,1,,,,,,,
fh_88f2a6ecd3fe,Julia,Blair,2,0,5,0,0,0,0,0,0,0,0,,,,,,,
fh_9e1a6590b3c2,Katie,Convey,12,1,299,0,0,0,1,1,0,0,0,,,,,,,
fh_81e69e03da64,Kennedy,Glinn,2,0,30,0,0,0,0,0,0,0,0,,,4,8.0,7,0.636,0
fh_1eba1c8bf134,Claire,van Kempen,17,17,986,0,0,0,0,0,0,0,0,,,46,2.8,118,0.72,1
fh_f1aedd0693b1,Allison,Lemmon,15,1,321,0,0,0,0,0,0,0,0,,,,,,,
fh_01a67181cd85,Ava,Poliafico,12,0,323,0,0,0,1,0,0,0,0,,,,,,,
fh_324c35560f91,Liza,Rogers,17,14,839,0,0,0,3,0,0,0,0,,,,,,,
fh_c102d3a41286,Kate,Rose,15,0,525,0,0,0,5,4,0,0,0,,,,,,,
fh_06e399591f7a,Caroline,Rotteveel,9,0,62,0,0,0,0,0,0,0,0,,,,,,,
fh_97898fb150f1,Augusta,Santarelli,6,0,94,0,0,0,0,0,0,0,0,,,,,,,
fh_ab645ad860f5,Alli,Troth,16,0,541,0,0,0,4,3,0,0,0,,,,,,,
fh_6b65c5813157,Madelief,Molier,17,16,896,14,3,31,38,28,1,0,0,,,,,,,
fh_fa86a3aa0583,Alice,Roeper,13,13,754,10,5,25,56,32,2,3,3,,,,,,,
fh_2027bf57b00f,Skyler,Brown,20,20,1192,9,3,21,37,24,5,0,0,,,,,,,
fh_6fbb7aa977c5,Brynna,Hill,20,20,1168,3,5,11,12,8,0,0,0,,,,,,,
fh_f468050cc4fd,Julie,Narleski,20,20,1039,5,1,11,21,15,2,0,0,,,,,,,
fh_f2f16809eaab,Jola,Ollrogge,20,20,1163,1,7,9,14,7,0,0,0,,,,,,,
fh_99bfbe0f74e3,Azul,Covarrubias,20,20,989,0,6,6,16,6,0,0,0,,,,,,,
fh_5a32e4a03362,Avery,Ruckman,17,1,166,3,0,6,8,5,0,0,0,,,,,,,
fh_89a9b3de608d,Sydney,Raguini,19,2,211,2,1,5,11,6,0,0,0,,,,,,,
fh_11f2f44ed03e,Ava,Drexler-Amey,20,20,1185,2,0,4,19,13,1,0,0,,,,,,,
fh_5570958967f6,Puck,Jansen,20,20,1233,2,0,4,23,13,0,0,0,,,,,,,
fh_96952ec3251e,Maddie,Tierney,19,18,1124,2,0,4,13,5,1,0,0,,,,,,,
fh_c54b69d5d09c,Lila,Harlock,4,1,70,1,0,2,1,1,0,0,0,,,,,,,
fh_e85b12849f32,Anna,Collinge,20,4,323,0,0,0,2,2,0,0,0,,,,,,,
fh_3f97e6fce6d5,Elena,Giangaspero,14,0,119,0,0,0,1,1,0,0,0,,,,,,,
fh_34a576591fe4,Mika,Hilburger,20,1,268,0,0,0,4,3,0,0,0,,,,,,,
fh_d8d7b08400d3,Ella,Jefferson,2,0,0,0,0,0,0,0,0,0,0,,,,,,,
fh_597d1034966e,Kenzie,King,20,0,121,0,0,0,1,1,0,0,0,,,,,,,
fh_6804f82af917,Hannah,Popolis,11,6,442,0,0,0,0,0,0,0,0,,,,,,,
fh_24b9f9e268bc,Molly,Schreiner,14,14,745,0,0,0,0,0,0,0,0,,,,,,,
fh_1a88fa23ec46,Lilly,Sweeney,4,0,45,0,0,0,0,0,0,0,0,,,,,,,
fh_7b70f150f0ad,Callen,Todd,10,2,89,0,0,0,0,0,0,0,0,,,,,,,
fh_ee5c21e4a051,Astrid,Van Triest,8,0,16,0,0,0,1,1,0,0,0,,,,,,,
fh_33be7c3ffd07,Lilly,Turner,17,2,331,0,0,0,8,5,0,0,0,,,,,,,
fh_56dbf9c562c2,Sophia,Walch,3,0,0,0,0,0,1,1,0,0,0,,,,,,,
fh_7227c7367b08,Lise,Boekaar,20,20,1190,13,19,45,75,41,5,2,4,,,,,,,
fh_4497e487a8ee,Sophia,Baxter,20,20,1202,14,2,30,47,32,4,1,1,,,,,,,
fh_17bbc4584fd2,Hadley,Kuzmicky,19,15,785,10,5,25,32,20,1,0,0,,,,,,,
fh_b073394b2e32,Frederique,Grimbergen,20,20,1147,8,3,19,19,13,2,0,0,,,,,,,
fh_c68c38f34845,Kate,Richardson,20,20,944,8,3,19,30,21,0,0,0,,,,,,,
fh_d143470116cd,Henriette,Stegen,18,5,468,3,4,10,22,16,0,0,0,,,,,,,
fh_0d984a622bcf,Baylie,Phillips,20,1,369,4,0,8,9,8,0,0,0,,,,,,,
fh_18ec9b077eaf,Sarah,Callery,15,3,387,3,1,7,8,6,0,0,0,,,,,,,
fh_1ad0b880ddde,Bridget,Donovan,19,19,1034,1,5,7,11,5,0,0,0,,,,,,,
fh_0f1339967691,Samantha,Connors,20,20,1194,2,2,6,12,9,1,0,0,,,,,,,
fh_35b88bd5e832,Kassie,Paul,20,19,842,2,2,6,17,8,0,0,0,,,,,,,
fh_010eadffee63,Sarah,Perkins,20,20,1187,1,3,5,10,5,0,0,0,,,,,,,
fh_ad313e494231,Calista,Schwartz,20,18,981,0,3,3,10,3,0,0,0,,,,,,,
fh_dcff3ad0a34e,Carlotta,Fabian,17,0,205,0,1,1,10,8,0,0,0,,,,,,,
fh_20cf101306de,Dakota,Anderson,3,0,39,0,0,0,0,0,0,0,0,,,1,2.57,1,0.5,
fh_a23b15f710cc,Claire,Grenis,20,20,1163,0,0,0,1,1,0,0,0,,,45,2.29,79,0.637,
fh_72d7d0123e83,Emma,Livingston,8,0,46,0,0,0,1,1,0,0,0,,,,,,,
fh_2c7acf83fefc,Alexis,Kern,18,15,791,10,3,23,52,33,2,0,0,,,,,,,
fh_06c5b1736331,Emma,Ruley,18,18,726,7,4,18,26,24,0,0,0,,,,,,,
fh_97a6c1399105,Megan,Alvarez,15,15,546,4,4,12,26,15,0,2,3,,,,,,,
fh_a9e7ea6bed84,Erin,Esterhuizen,18,17,841,4,2,10,23,15,2,1,1,,,,,,,
fh_cef38a4daf12,Madison,Shea,11,2,260,3,0,6,3,3,0,0,0,,,,,,,
fh_885d6a3122e8,Daina,Thomson,18,6,540,3,0,6,10,8,1,0,0,,,,,,,
fh_feee6c9cd31b,Lauren,Kampi,17,0,343,2,1,5,5,4,0,0,0,,,,,,,
fh_93bed3332488,Paige,Webster,16,16,625,2,1,5,9,6,1,0,0,,,,,,,
fh_f40f553b185d,Faith,Bollinger,18,10,536,1,2,4,4,3,0,0,0,,,,,,,
fh_cc862f4463fe,Teagan,Byler,17,1,388,1,2,4,9,4,0,0,0,,,,,,,
fh_ec902d0ba220,Alaina,Culbert,18,0,266,2,0,4,7,6,0,0,0,,,,,,,
fh_3e23d8460325,Zoe,Angelinas,16,0,201,1,1,3,7,6,0,0,0,,,,,,,
fh_4f7479cbc98b,Myah,Yesko,18,16,832,1,1,3,10,8,0,0,0,,,,,,,
fh_20463aafdd22,Peyton,Bean,18,17,939,1,0,2,9,4,1,0,0,,,,,,,
fh_0e55bcb8d91a,Makayla,Brunnabend,14,1,229,1,0,2,3,3,0,0,0,,,,,,,
fh_395ee51eee64,Collette,Lennon,9,0,68,1,0,2,2,2,0,0,0,,,,,,,
fh_fa8ec465aa8e,Jillian,Kringe,18,18,967,0,1,1,1,1,0,0,0,,,,,,,
fh_f958f99c1934,Addy,Arkhurst,10,0,176,0,0,0,0,0,0,0,0,,,,,,,
fh_0656f1a4fab3,Kamryn,Bittle,8,0,71,0,0,0,1,1,0,0,0,,,,,,,
fh_6d3b1d93caee,Sarah,Crysler,18,17,873,0,0,0,0,0,0,0,0,,,,,,,
fh_9711062095af,Daniella,Fazekas,18,16,914,0,0,0,0,0,0,0,0,,,,,,,
fh_a41614959964,Madi,Gaul,12,0,226,0,0,0,0,0,0,0,0,,,,,,,
fh_2f69469a5f78,Katie,Hanlon,3,0,50,0,0,0,0,0,0,0,0,,,,,,,
fh_4f7d87f359ab,Courtney,Lenderman,3,0,104,0,0,0,0,0,0,0,0,,,,,,,
fh_14031d3093ae,Cali,Mease,14,4,195,0,0,0,0,0,0,0,0,,,,,,,
fh_b940c86a6591,Kayla,Peakes,4,2,34,0,0,0,0,0,0,0,0,,,,,,,
fh_a5eca02c7bcf,Aftyn,Robbins,16,0,300,0,0,0,2,2,0,0,0,,,,,,,
fh_23a04c528a5a,Liv,Roscoe,11,0,222,0,0,0,4,1,0,0,0,,,,,,,
fh_221adcf6e530,Emma,Zauck,12,1,158,0,0,0,5,3,0,0,0,,,,,,,
fh_add933187bcf,Lindsey,Loar,20,20,1023,14,4,32,90,63,5,0,0,,,,,,,
fh_eee4eddbf910,Courtney,Hughlett,20,20,1155,6,15,27,72,42,0,0,0,,,,,,,
fh_c28b93113a49,Caroline,Hughlett,20,20,1096,7,9,23,61,33,3,3,3,,,,,,,
fh_5c7b5b8ae7da,Emily,Evans,20,20,703,10,2,22,43,33,3,0,0,,,,,,,
fh_f9aad0301c49,Riley,Iasiello,20,20,839,8,6,22,50,37,3,0,0,,,,,,,
fh_f7b060b4ab9f,Avery,Mast,20,20,1111,3,8,14,62,30,1,0,0,,,,,,,
fh_cf37a741802d,Ellie,Nuckols,20,20,1079,3,3,9,31,21,0,0,0,,,,,,,
fh_c0ce2c933d76,Kelly,Via,20,18,1183,4,1,9,26,20,3,0,1,,,,,,,
fh_3099ebf5c074,Gigi,Stephan,20,3,537,1,3,5,10,4,1,0,0,,,,,,,
fh_9e928efe986e,Emma,Weber,10,0,159,2,1,5,5,4,0,0,0,,,,,,,
fh_8738fe892186,Mari,de Castro,8,0,82,1,0,2,4,3,0,0,0,,,,,,,
fh_5d4aa8b1d9a9,Kate,Engle,20,0,405,1,0,2,12,9,0,0,0,,,,,,,
fh_8323edf70a9d,Kendall,Gibson,20,20,1128,1,0,2,6,4,0,0,0,,,,,,,
fh_54e43bdb316a,Ella,Fallen,5,0,60,0,0,0,0,0,0,0,0,,,1,0.99,4,0.8,
fh_d2f5523190ef,Brylee,Johnston,18,0,267,0,0,0,0,0,0,0,0,,,,,,,
fh_951326912714,Lily,Kerr,20,20,1134,0,0,0,0,0,0,0,0,,,7,0.37,47,0.87,
fh_11d5c7bb265b,Anna,Mosciano,4,0,49,0,0,0,0,0,0,0,0,,,0,0.0,1,1.0,
fh_7ec8c9d0661a,Julia,Oleyar,5,0,50,0,0,0,1,1,0,0,0,,,,,,,
fh_b42313278e0e,Morgan,Shealer,20,19,1152,0,0,0,3,2,0,0,0,,,,,,,
fh_9bc6cff132ed,Hailey,Ward,12,0,174,0,0,0,4,2,0,0,0,,,,,,,
fh_47ec125eae87,Amparo,Figueroa,17,16,804,12,6,30,76,47,3,0,0,,,,,,,
fh_719efe3a7f81,Kilee,Bradeen,17,16,698,9,7,25,27,19,2,1,1,,,,,,,
fh_a458e7a76ad8,Edith,Swaan,17,12,720,6,4,16,44,27,1,0,0,,,,,,,
fh_d969d475fb2f,Remington,Lewis,17,15,826,3,4,10,4,4,1,0,0,,,,,,,
fh_aaf7695b7c11,Delfi,Gonzalez,14,1,247,3,2,8,13,9,0,0,0,,,,,,,
fh_4e5fb3f9be1c,Sol,garcia Berro,17,13,717,1,4,6,16,9,0,0,1,,,,,,,
fh_d22bf4710c29,Sage,Pilarski,17,17,960,2,2,6,3,2,0,0,0,,,,,,,
fh_f47e3150a626,Mayla,Weissenrieder,12,1,207,2,2,6,5,5,0,0,0,,,,,,,
fh_45af72bf5e62,Chelsy,Bunse,17,17,737,1,3,5,18,8,0,0,0,,,,,,,
fh_6964d6ee534a,Brooke,Burgin,17,3,318,2,0,4,11,5,0,0,0,,,,,,,
fh_779444c23029,Isabella,Massafra,13,0,196,2,0,4,3,2,0,0,0,,,,,,,
fh_4083a90ff3ba,Zelda,Pretorius,17,6,583,1,1,3,8,5,1,0,0,,,,,,,
fh_3d4426c5c215,Vania,Toranzo,17,11,549,1,1,3,8,4,0,0,0,,,,,,,
fh_80853a084e43,Ava,Chapman,11,0,73,1,0,2,3,2,0,0,0,,,,,,,
fh_ddac673198b4,Ashley,Shoffner,16,8,399,1,0,2,3,2,0,0,0,,,,,,,
fh_e1e5fd1f98b0,Autumn,Kern,17,10,530,0,1,1,5,4,0,0,0,,,,,,,
fh_5ec82c4c5f6b,Julia,Mann,15,5,346,0,1,1,3,1,0,0,0,,,,,,,
fh_07be9c2def82,Angelina,Belosio,17,16,865,0,0,0,1,1,0,0,0,,,,,,,
fh_84254deeee94,Alyssa,Bonneau,7,5,300,0,0,0,0,0,0,0,0,,,14,2.55,37,0.725,1
fh_0638008d8c8c,Madison,Christiano,7,0,35,0,0,0,0,0,0,0,0,,,,,,,
fh_6c33aa92b587,Mo,Gerber,5,1,68,0,0,0,0,0,0,0,0,,,,,,,
fh_a3174db447a7,Carmen,Heisterkamp,2,0,53,0,0,0,0,0,0,0,0,,,,,,,
fh_e0175194cceb,Camille,Hordies,4,3,195,0,0,0,0,0,0,0,0,,,2,0.73,8,0.8,2
fh_6e45ab5813ce,Cameran,Huyett,17,2,415,0,0,0,5,3,0,0,0,,,,,,,
fh_bee0a720075a,Alina,Puentes,10,9,534,0,0,0,0,0,0,0,0,,,15,1.68,31,0.674,1
fh_6e44a26fae8f,Justine,Liguori,18,10,614,5,3,13,26,17,1,0,0,,,,,,,
fh_daa9279c9434,Molly,Donegan,18,18,654,4,3,11,18,14,1,0,0,,,,,,,
fh_c0c098d5d1f2,Bella,Kim,18,0,376,5,1,11,30,24,2,0,0,,,,,,,
fh_fba21f05c02c,Caroline,Busler,18,10,740,4,1,9,20,17,2,0,0,,,,,,,
fh_88c1495cd95f,Genevieve,Caruso,18,0,448,4,0,8,22,15,0,0,0,,,,,,,
fh_cea8d53e6d90,Emma,Zhang,18,16,1019,1,5,7,24,10,0,0,0,,,,,,,
fh_eb6454412a21,Chloe,Agopian,18,18,748,2,2,6,26,17,0,0,0,,,,,,,
fh_c1b3457168e8,Anna,Aiello,17,14,794,2,2,6,11,7,1,0,0,,,,,,,
fh_da30635dd4dd,Maya,Harrington,18,18,1107,2,2,6,8,5,1,0,0,,,,,,,
fh_885eb673060f,Emily,Huehn,18,18,1156,2,2,6,23,16,0,0,0,,,,,,,
fh_64bfecc8fff4,Dylan,Bloom,17,4,327,0,2,2,2,1,0,0,0,,,,,,,
fh_15095e474998,Isa,Lattuada,18,18,477,1,0,2,3,3,0,0,0,,,,,,,
fh_246b4bab78a9,Katie,Kantrovitz,18,18,1104,0,1,1,1,1,0,0,1,,,,,,,
fh_b1dffa05bda5,Scarlette,Liftin,8,0,89,0,1,1,4,2,0,0,0,,,,,,,
fh_775a32f100b4,Sarah,Alexander,1,0,3,0,0,0,0,0,0,0,0,,,,,,,
fh_c02a1ad8a195,Kate,Grady,12,11,647,0,0,0,0,0,0,0,0,,,15,1.42,37,0.712,1
fh_e7889ad9a24f,Raina,Jablonski,2,0,24,0,0,0,0,0,0,0,0,,,,,,,
fh_578dd25b90dd,Samantha,Norman,3,0,8,0,0,0,0,0,0,0,0,,,,,,,
fh_bc7504f7cd2f,Grace,Puchalski,10,6,481,0,0,0,0,0,0,0,0,,,11,1.29,23,0.676,1
fh_4e67decc4ae9,Maddie,Reisz,2,0,5,0,0,0,0,0,0,0,0,,,,,,,
fh_82cf7776f868,Katie,Savino,18,18,1100,0,0,0,1,0,0,0,0,,,,,,,
fh_9a0962c28594,Olivia,Tennant,5,0,81,0,0,0,0,0,0,0,0,,,,,,,
fh_fd755518c479,Devon,Watson,15,0,569,0,0,0,11,5,0,0,0,,,,,,,
fh_e0cb64b23843,Caroline,White,2,0,14,0,0,0,0,0,0,0,0,,,,,,,
fh_38859a2d2443,Brynne,Miller,16,16,,6,6,18,50,24,2,0,0,,,,,,,
fh_36207592ee6b,Kenzie,Boyd,17,17,,5,7,17,35,20,1,1,1,,,,,,,
fh_a0e6248c41fd,Maggie,Fijal,17,14,,6,0,12,19,16,1,0,0,,,,,,,
fh_8cad7cd87033,Alex,Graffius,17,16,,4,1,9,29,22,3,0,0,,,,,,,
fh_e21a311bd6e8,Kaylee,Hartung,17,17,,0,3,3,8,2,0,0,0,,,,,,,
fh_756b804fb2f1,Lillian,Plank,17,17,,1,0,2,3,3,1,0,0,,,,,,,
fh_e891797300f4,Natalie,Ott,17,4,,0,1,1,7,6,0,0,0,,,,,,,
fh_92bc90cad57d,Ava,Smadi,17,17,,0,1,1,10,7,0,0,0,,,,,,,
fh_307ad666f9b6,Rebecca,Batz,2,0,,0,0,0,0,0,0,0,0,,,,,,,
fh_f6ff1a2b4cde,Juliana,Burns,3,0,,0,0,0,0,0,0,0,0,,,,,,,
fh_822384c21d13,Shaelynn,Castanaga-Acerra,2,0,,0,0,0,0,0,0,0,0,,,1,2.0,4,0.8,0
fh_496cf0caef65,Jillian,Collins,17,17,,0,0,0,0,0,0,0,0,,,,,,,
fh_4abffb53457d,Isabella,Davis,14,0,,0,0,0,1,1,0,0,0,,,,,,,
fh_8eac3bbeb12c,Devon,Frantz,7,0,,0,0,0,0,0,0,0,0,,,,,,,
fh_d682cf37f80b,Danielle,Geyer,17,16,,0,0,0,4,3,0,0,0,,,,,,,
fh_e3b4659f10f0,Brooke,Golbeski,17,17,,0,0,0,0,0,0,0,0,,,26,1.69,115,0.816,3
fh_0ea24f2157a0,Kaylee,Hudson,10,0,,0,0,0,0,0,0,0,0,,,,,,,
fh_02c46f882da4,Sophia,Latour,1,0,,0,0,0,0,0,0,0,0,,,,,,,
fh_7012c6b45350,Kylee,McCracken,15,1,,0,0,0,0,0,0,0,0,,,,,,,
fh_60c95de14d86,Olivia,Rexrode,16,16,,0,0,0,0,0,0,0,0,,,,,,,
fh_ded799b8ea0c,Emma,Schueller,16,2,,0,0,0,0,0,0,0,0,,,,,,,
fh_5c508351366a,Gracyn,Shutt,4,0,,0,0,0,0,0,0,0,0,,,4,3.2,5,0.556,0
fh_92859343c04a,Emma,Sanson,21,21,1012,15,5,35,59,40,5,4,4,,,,,,,
fh_7693317eeb97,Grace,Barlage,21,18,878,11,8,30,54,34,0,0,0,,,,,,,
fh_d10062e8daaa,Audrey,Molin,21,20,777,12,2,26,42,31,4,0,0,,,,,,,
fh_95353ebc4c1e,Rebecca,Minaya,21,19,998,3,7,13,19,13,1,0,0,,,,,,,
fh_44b66f7e4e86,Jenna,Boardman,21,21,903,3,5,11,26,18,0,0,0,,,,,,,
fh_0833e6b24df7,Sophie,Ash,21,21,727,3,1,7,29,15,2,0,0,,,,,,,
fh_17523b9fe969,Ada,Ellis,20,6,651,2,2,6,18,10,0,0,0,,,,,,,
fh_1ea082b9c6bf,Mackenzie,Ray,20,1,587,2,2,6,11,10,0,0,0,,,,,,,
fh_1712959d84a4,Ava,Korineck,7,0,138,2,0,4,4,3,0,0,0,,,,,,,
fh_7d454076ea0a,Betsy,Davis,21,20,725,0,3,3,12,7,0,0,0,,,,,,,
fh_abe40f291eca,Brianny,Espinal,6,0,65,0,0,0,1,0,0,0,0,,,,,,,
fh_eb49eef0daf7,Angelina,Falleni,21,21,1101,0,0,0,0,0,0,0,0,,,,,,,
fh_f675f38a0833,Bree,Foucault,20,15,965,0,0,0,3,1,0,0,0,,,,,,,
fh_854ded237003,Natalie,Giammatteo,4,0,61,0,0,0,0,0,0,0,0,,,,,,,
fh_cbb9764d2506,Savannah,Goodness,6,5,193,0,0,0,0,0,0,0,0,,,,,,,
fh_54147bb72a24,Caleigh,Guyer,6,0,91,0,0,0,2,1,0,0,0,,,,,,,
fh_2fc657884095,Katie,Harrington,20,20,1080,0,0,0,1,0,0,0,0,,,,,,,
fh_259530cfe227,Sadie,Huffman,7,0,137,0,0,0,0,0,0,0,0,,,,,,,
fh_27546d782654,Hannah,Jalowiec,16,14,793,0,0,0,0,0,0,0,0,,,22,1.68,67,0.753,1
fh_71a5521d2166,Veronica,McKenna,11,7,378,0,0,0,0,0,0,0,0,,,12,1.87,44,0.786,1
fh_4d85899ca984,Riley,Olson,4,0,39,0,0,0,0,0,0,0,0,,,,,,,
fh_4f304a82301d,Kate,Paradise,4,0,20,0,0,0,0,0,0,0,0,,,4,3.03,14,0.778,0
fh_a3b42b277320,Zoey,Pietras,4,0,32,0,0,0,0,0,0,0,0,,,,,,,
fh_6209d4d6bee3,Sarah,Weber,18,0,468,0,0,0,2,1,0,0,0,,,,,,,
fh_e5e45b090d28,Rebecca,Mantione,21,21,,9,7,25,68,36,1,0,0,,,,,,,
fh_6e4a181f1c2f,Lily,Gutch,21,21,,10,2,22,38,24,3,0,0,,,,,,,
fh_000b200b5da0,Caroline,Kogut,21,21,,5,5,15,49,27,1,1,2,,,,,,,
fh_faa8b8759f0c,Madison,Campisi,21,3,,6,0,12,28,14,0,0,1,,,,,,,
fh_77cf47d6fe98,Ana,Dios Vidal,18,2,,4,1,9,18,13,2,0,0,,,,,,,
fh_90249c81b1d3,Abby,Jones,21,21,,3,2,8,29,23,1,0,0,,,,,,,
fh_58163044563d,Mia,Batchelder,21,20,,2,3,7,40,26,2,0,0,,,,,,,
fh_fb4ffd107cc2,Eliza,Freeland,21,0,,2,2,6,9,5,0,0,0,,,,,,,
fh_71476e50a7c8,Leah,Griffith,21,21,,1,4,6,14,7,0,0,0,,,,,,,
fh_fef3514816b3,Hadley,Harbert,21,21,,1,3,5,15,12,1,0,1,,,,,,,
fh_90e9421e2b52,Ava,Vecchione,21,21,,1,1,3,6,6,0,0,0,,,,,,,
fh_8bb0c2b7b9ae,Kristen,Newman,11,0,,1,0,2,1,1,0,0,0,,,,,,,
fh_0b48ae2e1baa,Kylee,Knuschke,21,18,,0,1,1,9,5,0,0,0,,,,,,,
fh_57b277d7591a,Josie,Elion,13,0,,0,0,0,2,2,0,0,0,,,,,,,
fh_1939640fbaa5,Taryn,Hitt,4,0,,0,0,0,0,0,0,0,0,,,,,,,
fh_367daffa2af1,Baker,Jeremiah,9,6,,0,0,0,0,0,0,0,0,,,19,2.98,32,0.627,0
fh_096fab9bbcef,Caroline,Lemos,2,0,,0,0,0,2,1,0,0,0,,,,,,,
fh_49739cdae5b9,Grace,McCormick,3,0,,0,0,0,1,0,0,0,0,,,,,,,
fh_3b6f576486cf,Elle,Oberfield,18,0,,0,0,0,2,1,0,0,0,,,,,,,
fh_6405229a8df2,Anneliese,Oetsen,7,0,,0,0,0,0,0,0,0,0,,,,,,,
fh_f4c4b4b0a1d6,Olivia,Terranova,18,15,,0,0,0,0,0,0,0,0,,,24,1.55,68,0.739,3
fh_8ef55201c127,Zoe,Ugarteche,21,19,,0,0,0,4,1,0,0,0,,,,,,,
fh_1a4b267683b3,Sophia,Weene,3,0,,0,0,0,0,0,0,0,0,,,,,,,
fh_20b17726b4fa,Delaney,Williams,11,0,,0,0,0,0,0,0,0,0,,,,,,,
fh_4f0a2e3454bb,Brooke,DiBiase,15,15,800,6,1,13,35,14,2,0,0,,,,,,,
fh_d26036937359,Claire,Griffith,14,10,538,2,3,7,14,9,0,0,0,,,,,,,
fh_da9a62e67015,Alison,Gerber,15,15,890,2,1,5,13,6,0,0,0,,,,,,,
fh_4381b00a5f98,Aly,Janssen,9,2,232,2,0,4,2,2,0,0,0,,,,,,,
fh_84202f04078f,Fiona,Murphy,14,14,700,1,2,4,9,3,0,0,0,,,,,,,
fh_157183315241,Lily,Vincent,11,2,122,2,0,4,9,5,0,0,0,,,,,,,
fh_71e909da5b5f,Nina,Falkson,13,9,559,1,1,3,12,7,1,0,0,,,,,,,
fh_49ae083eb86d,Riley,Harrington,13,3,244,1,0,2,7,3,0,0,0,,,,,,,
fh_f48d2cd0419e,Maeve,Hymovitz,15,15,754,1,0,2,4,1,0,0,0,,,,,,,
fh_16f07c6421a8,Lindsay,Rogers,15,13,757,1,0,2,13,8,0,0,0,,,,,,,
fh_d790fd1c971b,Gracie,Bookbinder,14,1,190,0,1,1,0,0,0,0,0,,,,,,,
fh_01634f0e2a0f,Harper,Siemens,14,14,780,0,1,1,5,2,0,0,0,,,,,,,
fh_a97689682431,Clare,Campbell,1,0,0,0,0,0,0,0,0,0,0,,,,,,,
fh_b847a7b84f6c,Caroline,Currie,2,0,0,0,0,0,0,0,0,0,0,,,,,,,
fh_7029686f1eaf,Ava,DiPasquale,13,12,658,0,0,0,0,0,0,0,0,,,,,,,
fh_699899816f05,Allyson,Foley,1,0,0,0,0,0,0,0,0,0,0,,,,,,,
fh_e35fa6e1db0d,Hayley,Gable,15,15,853,0,0,0,0,0,0,0,0,,,37,2.62,92,0.713,0
fh_5f409c852147,Bridget,Grosso,4,0,26,0,0,0,1,0,0,0,0,,,,,,,
fh_dc996e61876f,Olivia,Keating,13,0,60,0,0,0,3,1,0,0,0,,,,,,,
fh_d688dfe4ec70,Sydney,Korkosz,2,0,40,0,0,0,0,0,0,0,0,,,3,4.58,7,0.7,0
fh_8255212c8ba2,Julia,Lambert,15,4,210,0,0,0,1,1,0,0,0,,,,,,,
fh_cfc99c0775cd,Liette,Letourneau,15,0,171,0,0,0,0,0,0,0,0,,,,,,,
fh_617e79f3259c,Ella,Cait Lisowski,1,0,0,0,0,0,0,0,0,0,0,,,,,,,
fh_fcbf6a440116,Addie,Bae Magruder,2,0,47,0,0,0,0,0,0,0,0,,,,,,,
fh_47374c62a524,Eva,McKelvey,11,2,228,0,0,0,0,0,0,0,0,,,,,,,
fh_f6d6baf03f27,Kate,McManus,5,2,81,0,0,0,0,0,0,0,0,,,,,,,
fh_d2b67e7def85,Anna,Scott,5,0,66,0,0,0,0,0,0,0,0,,,,,,,
fh_da7585537586,Skylar,Stewart,1,0,0,0,0,0,0,0,0,0,0,,,,,,,
fh_f11219dcb892,Tatum,Stickney,14,0,166,0,0,0,4,2,0,0,0,,,,,,,
fh_09dbda0f08b5,Reagan,Waldner,6,1,158,0,0,0,1,1,0,0,0,,,,,,,
fh_f3eca61879e4,Lucy,Werner,15,15,857,0,0,0,2,0,0,0,0,,,,,,,
fh_58b6e4331739,Elise,Brady,18,14,837,8,1,17,38,26,4,1,1,,,,,,,
fh_15c4e8b4c4bd,Terralyn,McLaughlin,18,18,984,6,5,17,28,20,1,0,0,,,,,,,
fh_02acf00cc722,Cassidy,Pado,18,11,735,4,3,11,32,17,1,0,0,,,,,,,
fh_5b11ab3dd5a7,Clare,Devine,18,16,695,2,3,7,27,18,0,0,0,,,,,,,
fh_0e678536f31a,Makenna,Hart,18,18,846,3,1,7,24,13,0,0,0,,,,,,,
fh_e7b11e950c3e,Allison,Greene,18,18,856,1,3,5,16,10,0,0,0,,,,,,,
fh_3ae266dbbeb3,Sophia,Jones,17,15,681,2,1,5,16,13,0,0,0,,,,,,,
fh_b50bd0998a70,Emily,Nestor,18,18,1053,1,2,4,17,9,0,0,0,,,,,,,
fh_4e6fc5fb4ac6,Alexis,Penree,17,1,440,2,0,4,14,11,0,0,0,,,,,,,
fh_035b14fa710e,Ava,Sanchez,18,10,559,2,0,4,16,13,2,0,0,,,,,,,
fh_c9514eb49e1d,Kaitlyn,Malinowski,9,0,124,1,0,2,4,4,0,0,0,,,,,,,
fh_ba114ea866e1,Autumn,Kramer,13,11,729,0,1,1,1,0,0,0,0,,,,,,,
fh_cb1f4893b103,Katelynn,Banning,13,11,660,0,0,0,0,0,0,0,0,,,46,4.0,85,0.649,1
fh_4b4e946a4b56,Jena,Barker,17,4,429,0,0,0,2,1,0,0,0,,,,,,,
fh_aba6cbfee638,Isabella,Cruz,15,11,686,0,0,0,0,0,0,0,0,,,,,,,
fh_4c867672989d,Hannah,Donahue,2,0,29,0,0,0,0,0,0,0,0,,,,,,,
fh_1d77bd8ca55d,Erin,Horn,4,0,55,0,0,0,1,1,0,0,0,,,,,,,
fh_c73da6268b12,Leah,LaDuca,15,11,673,0,0,0,0,0,0,0,0,,,,,,,
fh_d96d7aea384b,Lauren,Mastromarco,9,8,483,0,0,0,0,0,0,0,0,,,16,2.45,31,0.66,2
fh_d01437790f67,Zofia,Bangs,17,15,901,9,2,20,42,32,2,0,0,,,,,,,
fh_16f5a10bafc7,Emily,Downing,17,15,845,4,8,16,44,23,1,0,0,,,,,,,
fh_496d6e1d2782,Emma,Ferrara,17,3,346,6,1,13,20,15,2,0,0,,,,,,,
fh_f26c89f37f45,Ava,Pontes,17,17,986,3,3,9,31,19,0,0,0,,,,,,,
fh_ddf95d87dceb,Susannah,Brown,17,17,730,2,3,7,66,38,0,0,0,,,,,,,
fh_91f6741445e9,Faith,Miguel,17,0,410,3,1,7,22,11,1,0,0,,,,,,,
fh_0657b7c38072,Rayne,Millett,16,16,799,2,2,6,17,7,1,0,0,,,,,,,
fh_438a25a7d273,Caitlin,Quinn,17,17,582,1,4,6,22,16,0,0,0,,,,,,,
fh_b07f36096ade,Ava,Gaudette,17,17,931,2,1,5,26,15,1,0,0,,,,,,,
fh_2a150d2a6d57,Hannah,Geil,17,17,1013,0,3,3,15,10,0,0,2,,,,,,,
fh_5dea79d55cf0,Charlotte,Labossiere,17,8,636,0,1,1,2,1,0,0,0,,,,,,,
fh_55bfff35d2b9,Emily,Beal,14,1,510,0,0,0,0,0,0,0,0,,,,,,,
fh_2adb12a23cd6,Samantha,Blahut,16,12,598,0,0,0,0,0,0,0,0,,,,,,,
fh_ed48c0da0299,Paitynn,Botelho,5,0,28,0,0,0,0,0,0,0,0,,,,,,,
fh_fbd40b9380c8,Sophia,Brea,17,16,967,0,0,0,1,1,0,0,0,,,33,2.05,104,0.759,
fh_5226a80f19e6,Rebecca,Johnson,5,1,97,0,0,0,0,0,0,0,0,,,2,1.46,2,0.5,
fh_2d1a0d66adff,Kara,Miller,6,0,38,0,0,0,0,0,0,0,0,,,,,,,
fh_e08ea8f8795f,Kyra,Rose-Espinoza,5,0,24,0,0,0,0,0,0,0,0,,,,,,,
fh_5bdd1754a56c,Zoe,Soletsky,17,15,791,0,0,0,1,1,0,0,0,,,,,,,
fh_f95c6be275fd,Melissa,Beaver,13,13,696,7,4,18,35,22,2,1,2,,,,,,,
fh_9695806157bf,Lilly,Bagg,11,11,661,6,4,16,39,21,1,1,1,,,,,,,
fh_ee2a0a83858d,Kylee,Noyes,13,13,784,4,3,11,32,19,0,0,0,,,,,,,
fh_e4578c5ad7ba,McKenzie,Williams,12,12,650,2,2,6,12,12,0,0,0,,,,,,,
fh_d3219d01de4a,Chloe,Curtis,13,13,708,2,1,5,7,6,1,0,0,,,,,,,
fh_5f2567611420,Hayley,Dawson,13,6,473,1,1,3,7,6,0,0,0,,,,,,,
fh_7200175a7f3b,Macie,May,13,11,542,1,1,3,8,6,0,0,0,,,,,,,
fh_952b9ad325ca,Skylar,Henebery,13,13,653,1,0,2,3,3,0,0,0,,,,,,,
fh_0d2a67416259,Mikaela,Iza,12,11,546,1,0,2,2,1,0,0,0,,,,,,,
fh_17cd6e4a0980,Kyanna,Partridge,8,0,118,1,0,2,2,2,0,0,0,,,,,,,
fh_605214d06517,Ava,Achtyl,2,0,13,0,0,0,0,0,0,0,0,,,,,,,
fh_2178ab09b71b,Morgen,Archer,13,13,784,0,0,0,0,0,0,0,0,,,,,,,
fh_5ce051600bb9,Jillian,Buczkowski,10,0,150,0,0,0,0,0,0,0,0,,,20,6.09,29,0.592,0
fh_cb763043102f,Karli,Hamilton,4,0,42,0,0,0,0,0,0,0,0,,,,,,,
fh_6b55b95ea513,Madison,Markwell,3,0,15,0,0,0,0,0,0,0,0,,,2,2.67,3,0.6,0
fh_988355822d01,Emmaly,Noeller,13,13,634,0,0,0,0,0,0,0,0,,,49,5.43,107,0.686,0
fh_0444d8a57c10,Gabbie,Purchiaroni,10,10,604,0,0,0,0,0,0,0,0,,,,,,,
fh_8fc900a3480c,Audrey,Stephany,12,4,359,0,0,0,1,1,0,0,0,,,,,,,
fh_799cca578d22,Gabi,Moroney,21,21,996,17,4,38,72,48,4,0,0,,,,,,,
fh_53eb3c234c66,Taylor,Brooks,21,20,1041,6,16,28,50,28,2,0,0,,,,,,,
fh_3fee04701e55,Lauren,Flynn,21,21,1167,8,12,28,39,22,3,0,0,,,,,,,
fh_fb6a9404a033,Sophia,Cozza,21,20,1074,10,7,27,50,35,1,1,3,,,,,,,
fh_f0de912292b7,Jess,Kopernick,21,21,1056,8,7,23,40,25,1,0,0,,,,,,,
fh_b6c1e607d72e,Molly,DiCampli,21,21,1125,6,7,19,51,34,3,1,1,,,,,,,
fh_784c6c7a4717,Brooke,Hughes,21,6,753,6,5,17,31,24,2,0,0,,,,,,,
fh_100517a44145,Aleah,Dinmore,20,19,1165,7,2,16,32,24,1,0,1,,,,,,,
fh_d496a9490f66,Jenna,Piantieri,21,14,644,6,3,15,21,14,0,0,0,,,,,,,
fh_ef36300aa8f6,Ava,Pelletier,21,0,397,3,2,8,11,6,0,0,0,,,,,,,
fh_44c369f950d4,Kylee,Scherer,21,20,1233,2,4,8,8,4,1,0,1,,,,,,,
fh_3551b2d0f500,Rosella,Birns,7,0,54,2,0,4,5,5,0,0,0,,,,,,,
fh_b5d2e387c3e2,Emilia,Lopes,21,21,1308,1,2,4,8,6,0,0,0,,,,,,,
fh_52e21aa8c7f3,Julia,Katz,21,0,441,1,0,2,5,1,0,0,0,,,,,,,
fh_63451a745097,Kelly,Nadzan,9,0,100,0,1,1,9,3,0,0,0,,,,,,,
fh_a71196d6b2da,Elizabeth,Sullivan,10,1,155,0,1,1,5,3,0,0,0,,,,,,,
fh_b9ea1f7deebf,Maria,Dante,1,0,0,0,0,0,0,0,0,0,0,,,2,9.57,0,0.0,0
fh_1b01feafdf37,Maeryn,Erdheim,8,1,78,0,0,0,0,0,0,0,0,,,,,,,
fh_6dc8f8e2fb09,Taylor,Knox,3,1,38,0,0,0,1,0,0,0,0,,,,,,,
fh_006c87ac2da1,Kaitlyn,Lee,11,1,160,0,0,0,0,0,0,0,0,,,,,,,
fh_9fa8c7fcc931,Maggie,Neumann,3,1,72,0,0,0,0,0,0,0,0,,,,,,,
fh_cad6303640b0,Natalie,Ward,2,0,30,0,0,0,0,0,0,0,0,,,0,0.0,0,0.0,0
fh_00868be5f650,Lily,Wierzbicki,21,21,1173,0,0,0,0,0,0,0,0,,,17,0.87,67,0.798,4
fh_f89deb508b5a,Julianna,O'Sheal,4,0,,,,,,,,,,,,1,0.67,2,0.667,0
fh_d3aab9751cb9,Ava,LaRoss,19,19,879,9,4,22,37,31,1,0,0,,,,,,,
fh_1970e8f955d3,Gwyn,Vincent,12,12,701,8,5,21,39,23,1,0,0,,,,,,,
fh_8281b05fa96a,Jess,Smithson,19,19,1124,5,2,12,54,37,2,0,1,,,,,,,
fh_309d26676db3,Brooke,Noble,18,9,693,3,3,9,11,9,0,0,0,,,,,,,
fh_485a22ccebe8,Genevieve,Pitts,19,14,903,4,1,9,15,12,1,0,0,,,,,,,
fh_9cef2d28208b,Peyton,Richardson,7,7,399,4,1,9,26,17,2,0,0,,,,,,,
fh_e8f914ceef1f,Madison,Gile,19,19,1082,1,5,7,22,11,0,0,0,,,,,,,
fh_801297702862,Emilee,Higgins,19,19,1022,2,0,4,13,6,0,0,0,,,,,,,
fh_3aff887e615e,Ellie,Campbell,12,0,184,1,0,2,3,3,0,0,0,,,,,,,
fh_fceeb23bee9b,Caitlin,Connolly,14,0,192,1,0,2,3,2,0,0,0,,,,,,,
fh_6224f8a74e58,Amber,Muniz,10,0,68,1,0,2,2,2,0,0,0,,,,,,,
fh_f2a7c15dfda8,Lilyana,Case,17,7,497,0,1,1,1,0,0,0,0,,,,,,,
fh_12a43120ce04,Lauren,Bascom,3,0,44,0,0,0,0,0,0,0,0,,,,,,,
fh_ba4f720d59df,Hana,Doria,19,19,997,0,0,0,1,0,0,0,0,,,,,,,
fh_88aefe7aee5e,Zoe,Martin,19,19,1155,0,0,0,0,0,0,0,0,,,54,2.82,137,0.717,1
fh_962391ae2266,Sierra,McDermott,17,5,497,0,0,0,7,4,0,0,0,,,,,,,
fh_12b4442e9934,Jaedyn,Roberson,1,0,0,0,0,0,0,0,0,0,0,,,0,0.0,0,0.0,0
fh_3d8a0dfcb2d2,Mackenna,Roberson,18,18,1029,0,0,0,2,1,0,0,0,,,,,,,
fh_7956c6bba579,Kylie,Rogers,19,15,805,0,0,0,10,9,0,0,0,,,,,,,
fh_1b8b30e9e1fc,Maggie,Schwartz,15,8,589,0,0,0,0,0,0,0,0,,,,,,,
fh_4cb301b7872c,Kayla,Wilonski,18,18,1005,10,3,23,50,29,2,0,0,,,,,,,
fh_96cdecc40905,Hannah,Fortin,18,13,607,7,2,16,26,16,2,0,0,,,,,,,
fh_ae1c49548142,Riley,Levrault,18,18,808,4,5,13,25,16,1,0,0,,,,,,,
fh_ef111deeeeb7,Ava,Audette,14,5,448,3,1,7,19,10,0,0,0,,,,,,,
fh_23a03c6d871b,Gia,Marotta,18,8,619,3,1,7,12,11,1,0,0,,,,,,,
fh_1147e1175225,Ally,Slicer,18,18,1057,2,1,5,13,8,2,1,1,,,,,,,
fh_c5d30a559d82,Katie,Sirois,18,1,345,0,2,2,3,2,0,0,0,,,,,,,
fh_30d1e5fb7557,Kelsey,Thompson,10,9,564,0,2,2,5,4,0,0,0,,,,,,,
fh_5b2f0fc25d90,Sophie,Kaczmarek,18,18,1084,0,1,1,4,3,0,0,0,,,,,,,
fh_35091c438459,Rebecca,Berman,18,18,1018,0,0,0,7,7,0,0,0,,,,,,,
fh_05052edb875c,Molly,Braica,4,2,135,0,0,0,0,0,0,0,0,,,5,1.93,14,0.737,0
fh_f2b9d1bb18f0,Kenzie,Clyatt,10,0,70,0,0,0,0,0,0,0,0,,,,,,,
fh_f77a87514ff6,Aubrey,Collier,4,0,15,0,0,0,0,0,0,0,0,,,,,,,
fh_3dfd89ec6325,Grace,Ferguson,14,14,843,0,0,0,0,0,0,0,0,,,22,1.57,93,0.809,5
fh_4977df6ec50c,Maddie,Hatch,18,18,1087,0,0,0,3,2,0,0,0,,,,,,,
fh_590679e8a94b,Maddie,LaBreck,18,18,1098,0,0,0,0,0,0,0,0,,,,,,,
fh_a768804d54f4,Elise,LeBlanc,3,2,120,0,0,0,0,0,0,0,0,,,9,5.41,14,0.609,0
fh_decd08bbc9e6,Maggie,McDonald,10,0,89,0,0,0,0,0,0,0,0,,,,,,,
fh_1ccde55ae01f,Abby,Miller,18,18,1098,0,0,0,0,0,0,0,0,,,,,,,
fh_700a9a1ea946,Summer,Perry,1,0,7,0,0,0,0,0,0,0,0,,,,,,,
fh_ce8fdb5a4c89,Aisling,Twombly,4,0,29,0,0,0,1,1,0,0,0,,,,,,,
fh_a5959aeb31c6,Bella,Reyes,16,16,909,4,3,11,14,9,0,0,0,,,,,,,
fh_214de8a5c093,Katie,Flynn,16,14,827,4,2,10,27,14,0,0,0,,,,,,,
fh_89179ffdd3a0,Lauren,Keast,16,15,834,2,3,7,19,11,1,0,1,,,,,,,
fh_8bc6c0ca901e,Sophia,Gomez,10,1,200,1,1,3,15,8,1,0,0,,,,,,,
fh_e3a6475c9c58,Maya,Gutierrez-Flores,11,2,134,1,1,3,5,3,0,1,1,,,,,,,
fh_248b6312a877,Mary,Rojack,14,11,705,1,1,3,11,7,0,0,0,,,,,,,
fh_6221c31df6fb,MaryKate,Ardizzi,15,7,381,1,0,2,2,1,1,0,0,,,,,,,
fh_35e484c77a47,Anna,Cusumano,16,16,827,1,0,2,11,7,0,0,0,,,,,,,
fh_f96daac100a5,Tess,Hake,10,7,321,1,0,2,15,9,0,0,0,,,,,,,
fh_cc7285e45ff5,Annalise,Kubasko,12,0,93,1,0,2,9,3,0,0,0,,,,,,,
fh_88f3fcff881c,Caroline,Miller,10,5,402,0,1,1,0,0,0,0,0,,,,,,,
fh_031094373a4d,Maddie,Pennisi,10,9,540,0,1,1,8,3,0,0,2,,,,,,,
fh_c051eaa6dd83,Kira,Bobian,5,0,62,0,0,0,2,2,0,0,0,,,,,,,
fh_80f3f4ea375a,Ella,Bowman,16,16,982,0,0,0,0,0,0,0,0,,,39,2.38,125,0.762,1
fh_8bde51865735,Annamaria,Brown,16,5,468,0,0,0,0,0,0,0,0,,,,,,,
fh_27843e9b5244,Caroline,Caputo,16,16,957,0,0,0,8,4,0,0,0,,,,,,,
fh_b7ba829c28bb,Caroline,Cristella,13,12,742,0,0,0,0,0,0,0,0,,,,,,,
fh_905942b42330,Devon,Lasky,7,6,376,0,0,0,1,1,0,0,0,,,,,,,
fh_7e42757d42e8,Camryn,Lowman,1,0,0,0,0,0,0,0,0,0,0,,,,,,,
fh_96a2328887ac,Tessa,Pearson,8,1,68,0,0,0,2,1,0,0,0,,,,,,,
fh_595bfdcd0dba,Molly,Romano,14,13,740,0,0,0,12,5,0,0,0,,,,,,,
fh_a597acf94a43,Isabel,Rotaeche,10,4,263,0,0,0,1,1,0,0,0,,,,,,,
fh_39be961dfb33,Anita,Sinker,5,0,0,0,0,0,0,0,0,0,0,,,,,,,
fh_193577eaf891,Elsa,Turner,5,0,14,0,0,0,1,1,0,0,0,,,,,,,
fh_36241224f4ca,Claire,Martin,16,16,917,9,5,23,64,35,3,0,0,,,,,,,
fh_b75f5bcb0b95,Olivia,Vonderheide,16,15,813,7,4,18,48,30,2,0,0,,,,,,,
fh_e0084fa63e15,Emily,Ritchie,16,16,845,5,4,14,14,10,1,0,0,,,,,,,
fh_a566ef204e1c,Philine,Bolt,16,16,910,3,2,8,12,9,1,0,0,,,,,,,
fh_2cf8fd98a188,Tori,Drepaul,14,14,854,2,4,8,10,7,0,0,0,,,,,,,
fh_c61e7afa421a,Ashley,Hamilton,16,16,917,3,2,8,24,14,0,0,1,,,,,,,
fh_0879af8b4ef6,Hannah,Miller,14,1,370,3,1,7,14,13,0,0,0,,,,,,,
fh_1a34078c38bf,Taylor,Fuqua,16,16,901,1,1,3,13,8,0,0,0,,,,,,,
fh_e478af7c342b,Halle,Rigden,16,16,982,0,3,3,5,3,0,0,0,,,,,,,
fh_2717e4e01c04,Stella,Regala,3,0,93,1,0,2,1,1,0,0,0,,,,,,,
fh_6b7e1b0ab402,Jen,Taylor,13,1,349,1,0,2,2,2,0,0,0,,,,,,,
fh_c21e83b1d76e,Chloe,Colavita-Jones,11,2,297,0,0,0,0,0,0,0,0,,,,,,,
fh_138c11638cc2,Eliza,Hensley,15,8,609,0,0,0,0,0,0,0,0,,,17,2.34,57,0.77,0
fh_ae6710c8fc68,Hannah,Lange,15,13,879,0,0,0,0,0,0,0,0,,,,,,,
fh_5049efbb07f8,Emma,Roessler,16,16,984,0,0,0,0,0,0,0,0,,,,,,,
fh_7cd60bb26239,Addie,Sheridan,15,6,418,0,0,0,0,0,0,0,0,,,9,1.15,36,0.8,1
fh_8a57877108dd,Caroline,Toler,1,1,8,0,0,0,0,0,0,0,0,,,,,,,
fh_87e71b029419,Christina,Sweeney,15,13,638,11,2,24,74,49,2,0,0,,,,,,,
fh_f822c8d93f55,Bridget,Everett,15,13,551,5,1,11,23,12,1,0,0,,,,,,,
fh_ed1387f53860,Lily,Harrington,15,1,380,3,1,7,7,4,0,0,0,,,,,,,
fh_16a9c1009a52,Maddie,Campbell,15,14,602,3,0,6,7,5,0,0,0,,,,,,,
fh_590962f2252b,Molly,Mitchell,13,13,648,0,4,4,23,8,0,0,0,,,,,,,
fh_5c0832f4a462,Bridget,Waters,15,9,426,2,0,4,10,9,0,0,0,,,,,,,
fh_cc97b5e5c0c6,Ella,Brockelman,15,14,782,1,1,3,4,2,1,0,0,,,,,,,
fh_53988bb940c4,Abby,Morrill,15,2,401,1,1,3,9,5,0,0,0,,,,,,,
fh_cf36fb927a77,Lily,Conway,15,15,943,1,0,2,12,9,0,0,0,,,,,,,
fh_82ba8679a17e,Teagan,Kilpatrick,15,13,620,1,0,2,6,3,0,0,0,,,,,,,
fh_b224019f9525,Jenna,London,5,1,87,1,0,2,3,3,0,0,0,,,,,,,
fh_089f6d6cb92b,Catie,McNulty,15,15,645,0,2,2,13,7,0,0,0,,,,,,,
fh_f7fb807f02f8,Hadley,Swenson,15,15,915,0,2,2,14,7,0,0,0,,,,,,,
fh_d9a0d6a84157,Ella,Anania,8,2,189,0,1,1,1,0,0,0,0,,,,,,,
fh_8cde02c78e41,Nora,Foley,14,1,313,0,1,1,3,1,0,0,0,,,,,,,
fh_da6c30bdc8f3,Annie,Raynes,6,0,45,0,1,1,0,0,0,0,0,,,,,,,
fh_d28a9cac04bd,Siena,Brackett,8,0,80,0,0,0,0,0,0,0,0,,,,,,,
fh_8f335ca24027,Katie,von Freymann,4,0,16,0,0,0,0,0,0,0,0,,,,,,,
fh_2f0933df281f,Ginna,Jacoby,13,10,608,0,0,0,0,0,0,0,0,,,26,2.33,88,0.772,1
fh_0f4a3bf097f8,Charlotte,Langlois,8,0,165,0,0,0,0,0,0,0,0,,,,,,,
fh_96a0d1c59d3f,Rose,Memmolo,7,1,141,0,0,0,0,0,0,0,0,,,,,,,
fh_be0c211bcfd3,Charlotte,Michener,15,4,416,0,0,0,1,1,0,0,0,,,,,,,
fh_d04a2ddaa6ee,Opal,O'Rourke,9,5,365,0,0,0,0,0,0,0,0,,,12,2.62,28,0.7,0
fh_21df93af4552,Lize,Takoudes,10,1,177,0,0,0,1,0,0,0,0,,,,,,,
fh_f2c5d377a411,Avery,Taylor,15,1,342,0,0,0,2,0,0,0,0,,,,,,,
fh_cf04b738dbc7,Becky,Felker,17,17,841,9,1,19,68,32,2,0,0,,,,,,,
fh_93786e0d8ebd,Sammy,Higgins,18,18,983,6,4,16,26,19,1,0,0,,,,,,,
fh_5d45c7a09463,Lilly,Truchon,18,18,1194,7,1,15,23,17,2,0,0,,,,,,,
fh_afa2ad932fbf,Isabelle,Nahon,18,18,1188,3,4,10,32,14,1,1,1,,,,,,,
fh_43fa9bcf4e09,Brighton,McMahon,18,15,852,3,3,9,28,19,2,0,0,,,,,,,
fh_46d674f39269,Alden,Duserick,18,18,628,4,0,8,23,20,3,1,2,,,,,,,
fh_d43fba1f7031,Claire,Tratnyek,18,18,1057,2,1,5,51,25,0,0,0,,,,,,,
fh_72a8ed48e209,Morgan,Clarke,18,18,1082,1,2,4,13,7,1,0,0,,,,,,,
fh_1e16d4d3e6bf,Alexis,Glasofer,13,0,144,0,3,3,5,2,0,0,0,,,,,,,
fh_e9a4c58147fd,Eva,Bell,18,1,460,1,0,2,11,8,0,0,0,,,,,,,
fh_c129984fd516,Brooke,Bilodeau,10,0,161,1,0,2,4,3,0,0,0,,,,,,,
fh_c0f7b681a774,Evelyn,Butorac,4,0,75,1,0,2,1,1,0,0,0,,,,,,,
fh_bbc94f86a435,Shaw,Huston,10,0,156,1,0,2,6,2,0,0,0,,,,,,,
fh_dc857494bedd,Kenna,White,18,18,1067,0,2,2,14,10,0,0,0,,,,,,,
fh_3121959cdc9c,Eleanor,Cooper,17,0,333,0,1,1,4,2,0,0,0,,,,,,,
fh_7f3543b4443a,Olivia,Waruch,14,3,481,0,1,1,11,6,0,0,0,,,,,,,
fh_22707a160152,Nina,Byrne,1,0,2,0,0,0,0,0,0,0,0,,,,,,,
fh_51fc6e078747,Abby,Griffin,14,14,620,0,0,0,0,0,0,0,0,,,11,1.57,22,0.667,
fh_d86b5c7f4a28,Rose,Idone,1,0,5,0,0,0,0,0,0,0,0,,,,,,,
fh_e900af6e1708,Kelly,Janssen,18,4,697,0,0,0,0,0,0,0,0,,,11,0.85,50,0.82,
fh_a20c72137a10,Lily,LaVigne,10,0,255,0,0,0,0,0,0,0,0,,,,,,,
fh_859a1644cdd7,Reilly,Loughman,1,0,0,0,0,0,0,0,0,0,0,,,0,0.0,1,1.0,
fh_019d716c54df,Megan,Mazzeo,15,1,367,0,0,0,0,0,0,0,0,,,,,,,
fh_8320081e18b6,Katie,Pinto,1,0,5,0,0,0,1,1,0,0,0,,,,,,,
fh_103f6ea83329,Lindsey,Piper,17,17,672,0,0,0,2,1,0,0,0,,,,,,,
fh_4bfdc3c87fef,Leah,Rose-Seiden,2,0,12,0,0,0,0,0,0,0,0,,,,,,,
fh_b07201ef2690,Maddie,Perkins,16,16,949,10,13,33,62,28,2,0,0,,,,,,,
fh_5f12c4f993cf,Faith,Tillotson,16,16,863,12,7,31,32,23,3,0,1,,,,,,,
fh_f07d0a8772f7,Averi,Baker,16,16,829,10,8,28,50,31,1,0,0,,,,,,,
fh_e2a301a16c63,Lauryn,Brown,16,16,746,8,1,17,30,27,3,0,0,,,,,,,
fh_508b31ec6560,Tessa,Capozzoli,15,12,785,5,3,13,30,21,0,0,0,,,,,,,
fh_51b44a071696,Kyla,Havey,12,1,223,3,0,6,7,5,0,0,0,,,,,,,
fh_3dc0449458fd,Ruby,Kitchin,16,12,527,2,1,5,10,8,0,0,0,,,,,,,
fh_1cb263a302a5,Addie,Twitchell,15,3,477,1,0,2,2,2,0,0,0,,,,,,,
fh_44d78d2bdf31,Mary,Hamblin,11,1,170,0,1,1,1,0,0,0,0,,,,,,,
fh_586c7dad8a32,Jazmin,Johnson,16,16,951,0,1,1,4,2,0,0,0,,,,,,,
fh_2c75ce2b8c52,Ella,Louder,16,16,967,0,1,1,1,0,0,0,0,,,,,,,
fh_240d9b7f1cf0,Brianna,Smith,10,0,159,0,1,1,3,2,0,0,0,,,,,,,
fh_ccff95caa947,Ciera,Challinor,5,0,36,0,0,0,0,0,0,0,0,,,,,,,
fh_624b4be8d22d,Chelsea,Curtis,3,0,3,0,0,0,0,0,0,0,0,,,,,,,
fh_d361492f05dc,Ella,Duchette,16,16,967,0,0,0,0,0,0,0,0,,,41,2.54,84,0.672,4
fh_a8d10cfee579,Isabel,Folsom,15,2,404,0,0,0,6,2,0,0,0,,,,,,,
fh_2ddd39a3f09c,Gracie,Gardner,16,15,605,0,0,0,1,0,0,0,0,,,,,,,
fh_59db6f3348cc,Lauren,Millett,1,0,0,0,0,0,0,0,0,0,0,,,,,,,
fh_f24716baf928,Maddie,Morin,10,1,198,0,0,0,2,0,0,0,0,,,,,,,
fh_53b355b59cc7,Elisa,Picariello,12,0,121,0,0,0,4,2,0,0,0,,,,,,,
fh_ba84afb96da6,Leah,Pushard,16,16,947,0,0,0,1,0,0,0,0,,,,,,,
fh_bb93ba415d24,Lauren,Small,2,0,20,0,0,0,0,0,0,0,0,,,,,,,
fh_ec2da55611e4,Anna,Dorrestijn,22,22,957,21,14,56,97,56,3,0,0,,,,,,,
fh_af59bc33cd12,Danielle,Coon,22,21,715,13,6,32,52,37,3,0,0,,,,,,,
fh_5a72235abdf8,Maddie,Schuchter,22,22,872,12,6,30,43,31,2,0,0,,,,,,,
fh_55557da263fd,Allie,Freeman,22,22,1159,6,13,25,36,24,1,0,0,,,,,,,
fh_bdd5543d9a4a,Saar,Prins,22,22,927,11,1,23,42,31,1,0,1,,,,,,,
fh_493bfdd2e4ab,Aurora,Balsamo,22,15,873,7,3,17,32,19,0,0,0,,,,,,,
fh_df9d6d92e9b7,Khanyisile,Mzizi,22,22,1070,4,6,14,36,22,0,0,0,,,,,,,
fh_c251a0b00796,Callie,Short,17,0,210,6,1,13,14,12,2,0,0,,,,,,,
fh_0c9be0873da9,Hannah,Christenbury,22,0,530,6,0,12,27,18,1,0,0,,,,,,,
fh_b7b9c59a0951,Fenna,den Bieman,21,0,559,4,2,10,14,9,1,0,0,,,,,,,
fh_846ba2d68ad1,Tatum,Humphries,18,0,335,4,0,8,7,6,2,3,3,,,,,,,
fh_3a7bf301d4aa,Grace,Peterson,22,1,462,3,0,6,10,6,0,0,0,,,,,,,
fh_c6b73cc24089,Olivia,Muir,22,22,1149,2,1,5,17,11,1,0,0,,,,,,,
fh_c220dcfd8f01,Megan,Mitchell,10,0,171,1,1,3,1,1,0,0,0,,,,,,,
fh_3d73ea797821,Mallory,Lamb,22,21,844,1,0,2,3,2,0,0,0,,,,,,,
fh_e0ca2777c915,Lauren,Mark,4,4,97,1,0,2,2,2,0,0,0,,,,,,,
fh_e531b216f474,Megan,Stiffler,22,21,839,1,0,2,4,3,0,0,0,,,,,,,
fh_b6690607effd,Alexandra,Coupe,5,0,47,0,0,0,0,0,0,0,0,,,,,,,
fh_cb41c5ddf24f,Samira,Gharavi,7,1,82,0,0,0,0,0,0,0,0,,,0,0.0,2,1.0,0
fh_f2053eb46fef,Abigail,Junker,14,0,291,0,0,0,0,0,0,0,0,,,,,,,
fh_b035c1e51cf0,Shay,Schoones,22,21,1241,0,0,0,0,0,0,0,0,,,23,1.18,85,0.787,4
fh_4daaf4a3581f,Lila,Seifert,2,0,0,0,0,0,0,0,0,0,0,,,0,0.0,0,0.0,0
fh_f18f05433fe3,Avery,Watkins,21,0,679,0,0,0,1,1,0,0,1,,,,,,,
fh_91f5e8b49be2,Ami,Mattingly,16,16,787,27,5,59,97,76,7,1,3,,,,,,,
fh_f143ddce2988,Sadie,Cook,16,16,683,8,8,24,24,20,2,0,0,,,,,,,
fh_197ea83af0bc,Astrid,Comp,16,16,848,3,9,15,25,13,0,0,1,,,,,,,
fh_2efe0098cb5c,Faith,Musser,16,15,744,2,6,10,16,13,0,0,0,,,,,,,
fh_26d1e7cfa3be,Bailey,Rucker,16,16,760,4,2,10,13,8,0,0,0,,,,,,,
fh_390ceb57490a,Alexis,Nasuta,16,15,865,3,3,9,24,17,0,0,0,,,,,,,
fh_5fbb83006a4b,Anna,Moyer,16,15,885,3,1,7,8,7,1,0,0,,,,,,,
fh_9532a5e2cb38,Charlotte,Grove,15,2,444,1,1,3,2,1,0,0,0,,,,,,,
fh_9eb93dcce665,Sara,Yeselavage,16,16,975,1,1,3,3,3,0,0,0,,,,,,,
fh_f909b75a5e24,McKenzie,Grady,15,0,335,0,0,0,6,2,0,0,0,,,,,,,
fh_0319358ffaba,Nisa,Kece,8,1,208,0,0,0,0,0,0,0,0,,,1,0.31,5,0.833,0
fh_d2545c97beae,Macenzie,Mulholland,15,15,791,0,0,0,0,0,0,0,0,,,13,0.97,52,0.8,3
fh_2709f9f10861,Emma,Stahl,16,16,652,0,0,0,3,1,0,0,0,,,,,,,
fh_f7dafe30af28,Kasey,Toth,15,2,369,0,0,0,1,1,0,0,0,,,,,,,
fh_1a7d113f149a,Landry,Meyer,14,14,759,8,2,18,64,27,3,2,2,,,,,,,
fh_7c67d9c7ce5a,Kellyn,McCloud,16,14,767,2,1,5,30,14,0,0,0,,,,,,,
fh_128ae55ffae1,Kyndra,Peyton,12,12,702,2,1,5,12,6,0,0,2,,,,,,,
fh_4e553d6abc17,Ava,Stauch,14,14,802,2,1,5,8,6,0,0,0,,,,,,,
fh_10c4ba1b340e,Dani,Poulsen,14,3,356,2,0,4,18,9,0,0,0,,,,,,,
fh_4760de0cac0c,Lauren,Kite,13,1,127,1,1,3,3,1,0,0,0,,,,,,,
fh_a0f57c3d5209,Gabriella,Ortiz,15,9,541,1,1,3,7,4,0,0,0,,,,,,,
fh_d1464e6d91cf,Regan,Wells,15,15,865,0,3,3,7,0,0,0,0,,,,,,,
fh_de58263e3b84,Katherine,Druiett,2,2,99,1,0,2,2,2,0,0,0,,,,,,,
fh_556e9cdc40b1,Jasmine,Padilla,14,0,178,1,0,2,2,2,1,0,0,,,,,,,
fh_e37dc2ced82a,Isabelle,Rogers,16,15,852,1,0,2,7,7,0,0,0,,,,,,,
fh_b4394ebde5d6,Morgan,Stapleton,7,0,21,1,0,2,1,1,0,0,0,,,,,,,
fh_068b7aa393c8,Clair,Wagner,11,2,171,1,0,2,5,4,0,0,0,,,,,,,
fh_c6e80aa184e2,Natalie,Gillott,14,1,114,0,1,1,4,2,0,0,0,,,,,,,
fh_d83ecae18218,Samantha,Middleton,15,12,635,0,1,1,7,4,0,0,0,,,,,,,
fh_84e4db0c19c6,Ashlyn,Boykin,16,12,762,0,0,0,2,1,0,0,0,,,,,,,
fh_54faf7a73887,Breanna,Gable,16,16,898,0,0,0,1,0,0,0,0,,,,,,,
fh_9f2b6bb0a3d3,DJ,Holsclaw,16,14,811,0,0,0,0,0,0,0,0,,,40,2.48,111,0.735,2
fh_d35be2be07d5,Emersyn,Kane,1,0,50,0,0,0,0,0,0,0,0,,,,,,,
fh_0c957bf7c174,Taryn,Liester,6,0,7,0,0,0,0,0,0,0,0,,,,,,,
fh_cfe813da4544,Mary,Ruffin,3,3,149,0,0,0,1,1,0,0,0,,,,,,,
fh_5fdb51dc49f8,Makenzie,Short,13,12,713,0,0,0,0,0,0,0,0,,,,,,,
fh_3b25df549284,Leila,Feldman,21,17,716,13,2,28,53,31,7,0,0,,,,,,,
fh_f95e8f208069,Georgia,Adams,21,21,1040,9,8,26,57,28,3,0,0,,,,,,,
fh_66481de81bf5,Meera,Patel,21,21,976,8,9,25,73,47,1,0,0,,,,,,,
fh_71f370654fc3,Emily,Smith,21,17,1092,5,6,16,61,29,2,0,0,,,,,,,
fh_6f1cfcb5725c,Brooke,Miner,21,16,892,1,8,10,26,18,1,0,0,,,,,,,
fh_8f4e8a915374,Teddy,Tolbert,21,4,593,4,2,10,27,17,1,0,0,,,,,,,
fh_dba31825975a,Kenzie,Mauro,21,17,796,2,2,6,21,12,0,0,0,,,,,,,
fh_672f9c37f2d6,Sydney,Cameron,21,17,916,1,2,4,13,5,0,0,0,,,,,,,
fh_ee5ba0defba2,Marley,Procopio,21,17,1159,1,2,4,13,10,0,0,0,,,,,,,
fh_5527b20ae84b,Natalie,Shaw,21,21,1253,1,1,3,10,6,0,0,0,,,,,,,
fh_99ba120f1da7,Isabelle,Benoit,15,0,148,1,0,2,5,5,0,0,0,,,,,,,
fh_be7c621df9e5,Kate,Francini,21,0,295,1,0,2,9,3,0,0,0,,,,,,,
fh_5caf010f6594,Anna,Broderick,21,21,1206,0,0,0,0,0,0,0,0,,,,,,,
fh_b4a2eb7bc283,Caroline,Chung,3,0,30,0,0,0,0,0,0,0,0,,,1,1.59,3,0.75,0
fh_6d3c193a4ef6,Charlotte,Drabek,15,0,244,0,0,0,4,4,0,0,0,,,,,,,
fh_ea0eacb388df,Cameron,Estella,13,0,106,0,0,0,1,1,0,0,0,,,,,,,
fh_e0372b071b42,Sarah,Gorman,8,0,66,0,0,0,6,6,0,0,0,,,,,,,
fh_d986cf1c185b,Asha,Madison,5,5,233,0,0,0,0,0,0,0,0,,,,,,,
fh_40e8b144254b,Parker,Mauro,11,0,111,0,0,0,0,0,0,0,0,,,,,,,
fh_8487113582ba,Kiernan,McColgan,21,16,1046,0,0,0,1,1,0,0,0,,,,,,,
fh_277d109e424e,Emilia,Napolitano,11,0,102,0,0,0,4,3,0,0,0,,,,,,,
fh_d433f00c34c6,Keira,O'Flynn,4,0,60,0,0,0,0,0,0,0,0,,,1,0.87,5,0.833,0
fh_821909bb1b12,Audrey,Pace,21,21,1195,0,0,0,0,0,0,0,0,,,20,1.02,83,0.806,4
fh_948f6c53a0e4,Lana,Mignon De Wet,18,18,,23,5,51,127,78,4,1,1,,,,,,,
fh_f85dae76ef7d,Jena,Geels,18,17,,6,10,22,55,42,0,0,0,,,,,,,
fh_d30a8356f6e7,Kelly,Johnson,18,17,,9,2,20,68,35,5,0,0,,,,,,,
fh_8ea8bb1d9bd5,Caroline,Beakes,18,18,,2,11,15,39,32,1,0,0,,,,,,,
fh_5e0b311d7b76,Katie,Dettore,18,18,,4,2,10,23,15,1,0,0,,,,,,,
fh_d981a8cc7b54,Sydney,Rossacci,18,18,,3,2,8,23,15,1,0,0,,,,,,,
fh_75282a1087d2,Jody,Van Aardt,16,15,,2,2,6,27,11,0,0,0,,,,,,,
fh_c29a33e076c5,Izzy,Leclair,18,2,,2,0,4,19,14,0,0,0,,,,,,,
fh_a9e635ddf9c6,Parris,Duenas,11,0,,1,1,3,4,3,0,0,0,,,,,,,
fh_f63c8f8c7afe,Emily,Souke,15,1,,1,1,3,8,7,0,0,0,,,,,,,
fh_cd6e344f8d08,Olivia,Docyk,18,18,,1,0,2,6,6,0,0,0,,,,,,,
fh_ed5b38214154,Sydney,Flores,15,0,,1,0,2,8,5,0,0,0,,,,,,,
fh_7b9f572cf3ea,Alexis,Huntington,18,15,,0,2,2,4,2,0,0,0,,,,,,,
fh_5c16369e9479,Isabella,Zullo,11,1,,1,0,2,2,2,0,0,0,,,,,,,
fh_ff249c66e495,Teagan,Adams,13,3,,0,0,0,0,0,0,0,0,,,,,,,
fh_680deed8cffd,Marta,Alvarez Auguet,18,17,,0,0,0,0,0,0,0,0,,,,,,,
fh_d27a910d0387,Justina,Cavallaro,6,1,,0,0,0,0,0,0,0,0,,,1,0.69,3,0.75,
fh_4120d9f282a2,Meghan,Collins,9,1,,0,0,0,0,0,0,0,0,,,,,,,
fh_dfdae331092a,Cassie,Dodenhoff,3,0,,0,0,0,0,0,0,0,0,,,0,0.0,3,1.0,
fh_561485345c41,Allison,Gregory,18,14,,0,0,0,0,0,0,0,0,,,20,1.35,64,0.762,
fh_f4088931ad6b,Daniella,Lister,9,1,,0,0,0,7,7,0,0,0,,,,,,,
fh_9132f66f30c4,Kameryn,Mazzulli,3,0,,0,0,0,0,0,0,0,0,,,,,,,
fh_00d26c689003,Hadasah,Roa,3,0,,0,0,0,0,0,0,0,0,,,,,,,
fh_9108df32dbee,Tayla,Szmak,3,2,,0,0,0,0,0,0,0,0,,,8,4.8,5,0.385,
fh_2d2e29aff61f,Milagros,Zanatelli,17,17,937,12,2,26,32,24,2,3,3,,,,,,,
fh_ce1783cd0ac3,Fenna,Voll,17,17,1028,6,1,13,62,37,2,0,0,,,,,,,
fh_ec44fe065204,Anella,Rossi,17,17,955,2,5,9,31,19,0,0,0,,,,,,,
fh_00a75c59561b,Grace,Boisvert,17,17,1028,1,4,6,5,4,0,0,0,,,,,,,
fh_495244d8ced7,Mar,Busqueta,12,12,711,1,2,4,11,4,0,0,0,,,,,,,
fh_74545cbbbbc2,Chloe,Moss,17,14,934,2,0,4,4,4,0,0,0,,,,,,,
fh_aa68dcd74e1e,Mia,Wood,17,16,931,1,2,4,12,7,0,0,0,,,,,,,
fh_bf0d24ce567b,Victoria,Nelson,17,17,1021,0,1,1,7,5,0,0,0,,,,,,,
fh_5d1841bae4f5,Lucy,Barzev,12,3,236,0,0,0,2,1,0,0,0,,,,,,,
fh_02c1fcf56388,Maddie,Darling,17,17,1025,0,0,0,3,1,0,0,0,,,,,,,
fh_2dbe7fc71165,Frederique,den Hartog,17,17,968,0,0,0,3,2,0,0,0,,,54,3.84,176,0.765,1
fh_e0e958e8d220,Julya,Mae Jones,3,0,80,0,0,0,0,0,0,0,0,,,,,,,
fh_8a8f6a4a520a,Quinlyn,Moll,6,2,132,0,0,0,0,0,0,0,0,,,4,1.29,40,0.909,0
fh_354ca2359a21,Mia,Purchiaroni,3,1,77,0,0,0,1,0,0,0,0,,,,,,,
fh_575d5ea6e718,Kylee,Rinker,16,16,968,0,0,0,1,1,0,0,0,,,,,,,
fh_47ba1c230df9,Thalia,Zweeres,5,3,179,0,0,0,0,0,0,0,0,,,,,,,
fh_c49c88658a94,Elle,Murray,20,20,966,13,4,30,133,95,3,0,0,,,,,,,
fh_ff2a93e54662,Daisy,Stone,20,7,523,10,6,26,41,32,1,0,0,,,,,,,
fh_8e9a3263e378,Julia,Carbone,20,20,991,7,8,22,49,42,1,0,0,,,,,,,
fh_77412af7ebca,Mieke,Rentsch,20,19,1009,5,8,18,19,13,2,0,0,,,,,,,
fh_19313da9cbcb,Khianna,Jackson,18,0,249,8,1,17,27,24,1,0,0,,,,,,,
fh_45211c2df567,Marta,Brzoska,20,13,708,7,1,15,53,38,1,0,0,,,,,,,
fh_8a1c5a6d2ced,Nova,Rijks,20,20,957,6,3,15,39,25,1,2,2,,,,,,,
fh_5fecf631461a,Taylor,Tory,20,19,1071,3,8,14,29,16,1,0,0,,,,,,,
fh_d1b7cab9e43f,Hailey,Doherty,20,1,356,3,2,8,11,10,1,0,0,,,,,,,
fh_338e08c914ee,Chloe,Kaeller,20,20,964,1,2,4,21,16,0,0,0,,,,,,,
fh_835d9a7f15a8,Caroline,Mastergeorge,20,7,684,0,4,4,27,11,0,0,0,,,,,,,
fh_78cbbeb76ced,Giada,Broccoli,10,0,168,1,1,3,17,13,0,0,0,,,,,,,
fh_8d09847c3829,Anne-Sophie,Olijve,14,14,840,1,1,3,9,5,1,0,0,,,,,,,
fh_c7cba99f6ebd,Madylan,Alves,1,0,5,1,0,2,3,2,0,0,0,,,,,,,
fh_27da47e87949,Ella,Holtman,2,0,18,1,0,2,1,1,0,0,0,,,,,,,
fh_ca21dc836508,Julia,Legere,8,0,95,1,0,2,7,5,0,0,0,,,,,,,
fh_1e9a20872b08,Hailey,Arseneau,2,0,23,0,0,0,0,0,0,0,0,,,,,,,
fh_ee54ca5a6ff5,Isabella,Colitti,5,0,45,0,0,0,3,2,0,0,0,,,,,,,
fh_4171ec3248e6,Paige,Gillette,20,20,1200,0,0,0,0,0,0,0,0,,,18,0.9,78,0.813,8
fh_23b110272eae,Jillian,McSorley,13,12,711,0,0,0,0,0,0,0,0,,,,,,,
fh_f278e8a862c5,Racquel,Provost,20,20,1200,0,0,0,0,0,0,0,0,,,,,,,
fh_ea84562d4f45,Abigail,Romano,2,0,10,0,0,0,0,0,0,0,0,,,,,,,
fh_2fa49bed7ee2,Riley,Tepper,11,8,500,0,0,0,1,1,0,0,0,,,,,,,
fh_bd61f502cdfb,Nyla,Allen,15,14,692,1,0,2,7,5,0,0,0,,,,,,,
fh_41082c3a6759,Brynn,Gill,15,15,845,1,0,2,12,6,0,0,0,,,,,,,
fh_52899c653950,Kiyomi,Nettles,15,14,679,1,0,2,7,7,0,0,0,,,,,,,
fh_b54a6a3ca878,Candice,Wainschel,15,15,841,0,2,2,1,1,0,0,0,,,,,,,
fh_7b384bd8528c,Piper,Wojcik,12,12,533,1,0,2,4,2,0,0,0,,,,,,,
fh_bc1fed7cf071,Caitlyn,Brogan,15,14,693,0,1,1,1,0,0,0,0,,,,,,,
fh_ae6f3fd213ff,Gracyn,Arruda,13,13,607,0,0,0,0,0,0,0,0,,,48,4.74,92,0.657,0
fh_0dfab65a3bb1,Anna,Brackett,4,3,185,0,0,0,0,0,0,0,0,,,,,,,
fh_d8f85a7ee0e3,Paige,Freeman,15,4,575,0,0,0,0,0,0,0,0,,,,,,,
fh_6330b41a6e4e,Madelyn,Lowery,15,14,834,0,0,0,0,0,0,0,0,,,,,,,
fh_5d975eaf221c,Calleigh,Quirk,15,13,675,0,0,0,0,0,0,0,0,,,,,,,
fh_29b1a6cab8f4,Bryanna,Snowball,7,2,293,0,0,0,0,0,0,0,0,,,24,5.08,58,0.707,0
fh_2456a732095c,Mia,Stynchula,15,1,445,0,0,0,0,0,0,0,0,,,,,,,
fh_602e2b7fd50e,Arianna,Ward,13,7,451,0,0,0,0,0,0,0,0,,,,,,,
fh_9f1b9f221c02,Chesney,Ward,11,8,500,0,0,0,0,0,0,0,0,,,,,,,
fh_d1df5cd506a1,Madisyn,Watson,15,14,825,0,0,0,0,0,0,0,0,,,2,13.77,4,0.667,0
fh_47c9bbdbca6f,Gracie,Moore,22,21,1267,15,12,42,63,47,2,0,0,,,,,,,
fh_346c950ac072,Madeline,Krepelka,21,19,1041,10,4,24,27,24,3,0,0,,,,,,,
fh_c1e88a448bf0,McKenzie,Carey,22,22,1256,10,2,22,48,40,2,0,0,,,,,,,
fh_fc85dabd38ca,Layla,Conway,22,11,591,8,1,17,20,16,2,0,0,,,,,,,
fh_e9d731a977d1,Sophie,Manchester,21,0,154,6,1,13,18,15,2,0,0,,,,,,,
fh_7243be745a6d,Lilly,Cook,17,0,51,5,0,10,15,13,1,3,4,,,,,,,
fh_7942a309c493,Lindsey,Jacobs,21,11,638,3,4,10,7,6,0,0,0,,,,,,,
fh_90159c14197d,Makenzie,Dutch,21,0,71,2,4,8,15,10,0,0,0,,,,,,,
fh_680df0860be6,Emily,Spadorcia,21,0,116,3,1,7,18,16,0,0,0,,,,,,,
fh_55d2b2330528,Nicole,Hartz,22,22,1275,2,1,5,6,3,1,0,0,,,,,,,
fh_44876ae03922,Nina,Husak,22,22,1281,1,3,5,15,9,0,0,0,,,,,,,
fh_4bf70c60adfc,Mia,Gallinelli,20,17,1012,1,2,4,5,5,0,0,0,,,,,,,
fh_51100ee95d0c,Eveline,Ronzoni,22,8,565,1,2,4,7,5,0,0,0,,,,,,,
fh_560aa6c6eb06,Emily,Stagnone,21,0,184,1,2,4,15,9,0,0,0,,,,,,,
fh_99db5aaaf521,Isabella,Tuccio,22,22,1141,0,4,4,16,7,0,0,0,,,,,,,
fh_655a82b0a9fe,Sheila,Mullins,22,22,1295,0,3,3,1,0,0,0,0,,,,,,,
fh_193db8b457f6,Tess,Denault,5,0,19,0,0,0,1,0,0,0,0,,,,,,,
fh_f1af1016cb9b,Amelia,Felicetti,5,0,31,0,0,0,5,4,0,0,0,,,,,,,
fh_4bc25b54931a,Elena,Foresta,6,0,59,0,0,0,0,0,0,0,0,,,,,,,
fh_ce9859fa92f3,Avery,Frommer,22,22,1301,0,0,0,2,1,0,0,2,,,,,,,
fh_549107317855,Olivia,Heryla,4,0,50,0,0,0,0,0,0,0,0,,,0,0.0,3,1.0,0
fh_e52dde81b06f,Alli,Hovsepian,6,0,12,0,0,0,0,0,0,0,0,,,,,,,
fh_f3f2d81ab172,Annie,Lorenz,22,22,1301,0,0,0,0,0,0,0,0,,,37,1.8,109,0.747,2
fh_b070a212b675,Abby,Lowe,6,0,41,0,0,0,1,0,0,0,0,,,,,,,
fh_f64cbd541bff,Kiara,Russell,15,0,78,0,0,0,0,0,0,0,0,,,,,,,
fh_14d7f03f9391,Sarah,Schumacher,17,17,1009,6,2,14,37,21,2,0,1,,,,,,,
fh_7a11d7f0b551,Hailey,Leatherman,17,17,615,6,1,13,18,13,2,0,0,,,,,,,
fh_4069bd06d602,Nicki,Jonkers,11,1,233,5,0,10,8,5,1,0,0,,,,,,,
fh_50ac6f6bb9bb,Avery,Bourke,17,1,420,3,2,8,14,9,0,0,0,,,,,,,
fh_732870d89e00,Chloe,Kiser,17,0,343,0,7,7,2,2,0,0,0,,,,,,,
fh_2e8674d9f3e7,Margaret,Malcolm,17,1,444,3,1,7,11,9,1,0,0,,,,,,,
fh_bde3ce00bf11,Jillian,Cain,17,16,562,2,2,6,20,12,0,0,0,,,,,,,
fh_c5cbb43c3a60,Eileen,Schwab,17,3,639,2,1,5,10,5,0,0,0,,,,,,,
fh_a5cd3a26d2c8,Isabel,Stankiewicz,15,7,500,2,1,5,25,15,1,0,0,,,0,0.0,0,0.0,0
fh_1a1609d1a93c,Grace,Hines,17,17,647,2,0,4,7,4,1,0,0,,,,,,,
fh_d8d38890440b,Isabella,Hite,16,14,574,1,2,4,8,7,1,0,1,,,,,,,
fh_9add31e2a77f,Katie,Cole,7,1,35,1,0,2,4,3,0,0,0,,,,,,,
fh_37219753925c,Cecilia,Müller,14,14,834,0,2,2,5,4,0,0,0,,,,,,,
fh_d57b23d787c8,Taryn,Sabia,17,17,596,1,0,2,1,1,0,0,0,,,,,,,
fh_8e02ac52a0a0,Sophia,Coleman,17,0,513,0,1,1,5,2,0,0,0,,,,,,,
fh_173ded65461b,Kennedy,Gross,13,0,111,0,1,1,1,1,0,0,0,,,,,,,
fh_434bd9a4fca7,Marie,Camastro,17,9,553,0,0,0,9,4,0,0,0,,,,,,,
fh_9af0492efdef,Kelly,Dopazo,6,0,23,0,0,0,0,0,0,0,0,,,,,,,
fh_20da711f34b1,Emily,Harris,9,0,150,0,0,0,4,2,0,0,0,,,,,,,
fh_2e29f5b488c9,Channing,Howarth,6,0,60,0,0,0,1,0,0,0,0,,,,,,,
fh_8db228319053,Grace,Hudson,17,17,932,0,0,0,0,0,0,0,0,,,,,,,
fh_67b46d2a0041,Grace,Kalina,3,0,20,0,0,0,0,0,0,0,0,,,,,,,
fh_162d94a38fa5,Annmarie,Mullen,7,2,172,0,0,0,0,0,0,0,0,,,1,0.35,3,0.75,1
fh_c4d34eb9d0b9,Skyler,Sciaretta,17,16,642,0,0,0,3,1,0,0,0,,,,,,,
fh_f1a1e506f803,Lilly,Seccurro,2,0,15,0,0,0,0,0,0,0,0,,,,,,,
fh_8180df0b7da4,Ashley,Strauss,14,0,255,0,0,0,4,2,0,0,0,,,,,,,
fh_1bed62736f7a,Elizabeth,Vaughan,3,0,17,0,0,0,0,0,0,0,0,,,,,,,
fh_8c2fa6c6f3d1,Carlynn,Venetz,5,0,20,0,0,0,0,0,0,0,0,,,,,,,
fh_fdc6a0b093ee,Lily,Willard,16,15,896,0,0,0,0,0,0,0,0,,,29,2.05,74,0.718,2
fh_8adcf36142a6,Genna,Bush,18,18,,16,2,34,64,41,6,0,0,,,,,,,
fh_ac2af3ce9fd3,Kate,Ferguson,18,18,,5,6,16,27,17,2,0,0,,,,,,,
fh_6fde9d9bba98,Arianna,Deliso,13,0,,6,1,13,16,10,0,0,0,,,,,,,
fh_9df959e7bd0d,Sophie,Lawler,18,17,,3,7,13,26,13,0,0,0,,,,,,,
fh_dfaf19effbb7,Alyxandra,Flick,18,18,,4,2,10,27,14,3,0,0,,,,,,,
fh_7fb964aa7cf2,Jessica,Serafin,18,7,,3,4,10,15,10,0,0,0,,,,,,,
fh_46e713ae1807,Alli,Bucher,18,0,,4,1,9,11,8,0,0,0,,,,,,,
fh_c852f3353128,Raegan,Iasiello,18,18,,3,3,9,18,11,0,0,0,,,,,,,
fh_b6090648f465,Alexandra,Bliss,18,18,,3,2,8,19,11,1,0,0,,,,,,,
fh_435b53a5a033,Morgan,Magditch,18,12,,3,2,8,9,5,1,0,0,,,,,,,
fh_dc502bf8c9ea,Kendall,Iasiello,15,0,,3,1,7,7,4,0,0,0,,,,,,,
fh_b088367d8401,Jordan,Bond,15,0,,2,2,6,13,9,0,0,0,,,,,,,
fh_6f8b9d5a9e8a,Lexy,Freed,17,0,,3,0,6,13,10,0,0,0,,,,,,,
fh_c323a40a50e2,Hannah,Huddleson,3,0,,2,0,4,2,2,0,2,2,,,,,,,
fh_5527084c7cec,Emma,Hornbaker,7,0,,1,0,2,8,6,0,0,0,,,,,,,
fh_398d07495b24,Laura,Albert,11,0,,0,1,1,11,8,0,0,0,,,,,,,
fh_712fed22d010,Kaylyn,Elliott,18,17,,0,1,1,9,6,0,0,0,,,,,,,
fh_224f5ca08646,Jasmine,Fink,18,18,,0,1,1,2,1,0,0,0,,,,,,,
fh_884de7a15d45,Gracie,Brosious,18,9,,0,0,0,0,0,0,0,0,,,,,,,
fh_9e07f713e1e6,Allison,Brown,5,0,,0,0,0,0,0,0,0,0,,,,,,,
fh_478fc350c944,Andrea,Edwards,6,0,,0,0,0,0,0,0,0,0,,,,,,,
fh_a2efde7bb77a,Alyssa,Gobrecht,6,0,,0,0,0,0,0,0,0,0,,,,,,,
fh_d7fa98f603bd,Maura,Greek,18,18,,0,0,0,0,0,0,0,0,,,17,0.92,77,0.819,9
fh_8947a3a34f34,Faith,Jampo,18,8,,0,0,0,2,1,0,0,0,,,,,,,
fh_6ba8fab21ba8,Rileigh,Lambert,5,0,,0,0,0,0,0,0,0,0,,,,,,,
fh_33174e16d692,Georgia,Tsioles,11,0,,0,0,0,2,2,0,0,0,,,,,,,
fh_30ef1d56b7d4,Ella,Weaver,5,0,,0,0,0,0,0,0,0,0,,,,,,,
fh_140ab9f6637a,Jenna,Duke,18,18,885,14,6,34,70,44,0,0,0,,,,,,,
fh_ab179c27dabb,Ella,du Plessis,18,18,841,3,8,14,54,28,0,0,0,,,,,,,
fh_70c8a3762908,Sophia,Vadnais,16,16,962,6,1,13,8,8,1,3,4,,,,,,,
fh_ed0d1ea73c98,Amanda,Ray,18,0,468,3,4,10,20,12,0,0,0,,,,,,,
fh_3af98f7564c8,Leah,Toskey,18,18,706,4,2,10,12,9,1,2,3,,,,,,,
fh_a970aa749a5a,Kiley,Stoltzfus,18,17,771,3,3,9,8,7,1,0,0,,,,,,,
fh_6304ca91a986,Amanda,Duke,18,18,882,4,0,8,6,6,0,0,0,,,,,,,
fh_520a7703e1cb,Kathleen,Marchiani,18,18,632,4,0,8,17,14,2,0,0,,,,,,,
fh_074cb7ed72b4,Melanie,Esh,18,18,959,1,4,6,31,17,0,0,1,,,,,,,
fh_8426f1a19b98,Kaylie,Ranere,14,0,223,3,0,6,4,3,1,0,0,,,,,,,
fh_01c97397e1dc,Kyleigh,Hinson,11,0,149,2,0,4,6,5,0,0,0,,,,,,,
fh_0fefc29fcded,Katie,Thomas,15,0,223,2,0,4,8,7,1,0,0,,,,,,,
fh_658975e737e8,Sophia,Castaldo,17,0,300,1,1,3,3,1,0,0,0,,,,,,,
fh_97dd12300318,Regan,Fiorito,18,18,1068,0,1,1,1,1,0,0,0,,,,,,,
fh_a2c7afc23ec0,Kayln,Arnold,3,0,23,0,0,0,0,0,0,0,0,,,,,,,
fh_81c7eea8cc8c,Kylee,Boardman,10,0,76,0,0,0,5,2,0,0,0,,,,,,,
fh_df004025fb3d,Evangeline,Brad,1,0,2,0,0,0,0,0,0,0,0,,,,,,,
fh_f33d3539bc3e,Natalie,Brunick,3,2,114,0,0,0,0,0,0,0,0,,,0,0.0,5,1.0,0
fh_b2e3b9117295,Jordan,Brunnabend,4,0,46,0,0,0,0,0,0,0,0,,,,,,,
fh_e1d03983e6af,Olivia,Kline,18,18,1007,0,0,0,0,0,0,0,0,,,,,,,
fh_ab8f60d4c18b,Parker,Klingbeil,6,2,102,0,0,0,0,0,0,0,0,,,,,,,
fh_8c9c999980db,Maura,Kulp,16,0,224,0,0,0,0,0,0,0,0,,,,,,,
fh_37bde1fd5113,Madison,Kurtz,9,1,117,0,0,0,1,1,0,0,0,,,,,,,
fh_169be464aa1e,Lydia,Miller,16,16,945,0,0,0,0,0,0,0,0,,,32,2.01,85,0.726,2
fh_953f69e2b079,Ava,Mondulick,4,0,21,0,0,0,0,0,0,0,0,,,,,,,
fh_98c3749984ef,Gabrielle,Rogerson,2,0,30,0,0,0,0,0,0,0,0,,,0,0.0,1,1.0,0
fh_b1b62cd2f961,Kelsey,Sears,3,0,12,0,0,0,0,0,0,0,0,,,,,,,
fh_986a1594e0ce,Emma,Shaw,3,0,13,0,0,0,0,0,0,0,0,,,,,,,
fh_610934150e31,Maggie,Smith,15,0,214,0,0,0,1,1,0,0,0,,,,,,,
fh_ea6672eee9b9,Libby,Stephenson,5,0,29,0,0,0,0,0,0,0,0,,,,,,,
fh_fd6f1aee1ad1,Melanie,Beall,16,13,827,3,0,6,22,11,0,0,0,,,,,,,
fh_20e783c33cb2,Madison,Friend,18,18,995,2,2,6,31,19,0,0,0,,,,,,,
fh_8cb4d6ced51c,Kendall,Siegle,18,18,965,1,3,5,15,8,0,0,0,,,,,,,
fh_cbad50760b30,Paula,Sigley,18,18,945,2,1,5,15,8,0,0,0,,,,,,,
fh_732c7b56ba2d,Molly,Lynch,18,18,988,1,2,4,15,6,1,0,0,,,,,,,
fh_69d2c9082793,Haley,Kvacky,18,18,978,1,1,3,8,3,1,0,0,,,,,,,
fh_c41e861e7ba4,Brynlee,Pinschenat,18,18,958,1,1,3,25,8,0,0,0,,,,,,,
fh_720f21d637f5,Kelsey,Felix,18,17,1017,1,0,2,1,1,0,1,1,,,89,5.56,173,0.66,1
fh_1d4b59d3b83a,Cyan,Kvacky,14,1,176,1,0,2,1,1,0,0,0,,,,,,,
fh_58df1ec315ea,Joelle,Bartlett,16,0,168,0,0,0,0,0,0,0,0,,,,,,,
fh_4945c145d31c,Megan,Beppler,3,2,63,0,0,0,0,0,0,0,0,,,,,,,
fh_e616c027c8a8,Peyton,Conover,18,1,188,0,0,0,1,1,0,0,0,,,,,,,
fh_5246c6cd4b0c,Taryn,Dolka,7,1,82,0,0,0,0,0,0,0,0,,,11,5.32,24,0.686,0
fh_8ee74e169f71,Eva,Drumbore,18,13,793,0,0,0,4,1,0,0,0,,,,,,,
fh_d1de70eef6a0,Shay,Dyer,1,0,5,0,0,0,0,0,0,0,0,,,,,,,
fh_1f5497b80978,Ainsley,Flynn,17,2,286,0,0,0,1,1,0,0,0,,,,,,,
fh_b0fba50a8ef2,Keira,Horensky,17,2,421,0,0,0,2,0,0,0,0,,,,,,,
fh_dbba700256ba,Maddy,Huston,17,7,369,0,0,0,2,0,0,0,0,,,,,,,
fh_3e738693cc0a,Florance,de Kroon,15,8,536,0,0,0,0,0,0,0,0,,,,,,,
fh_f5ad7f795bba,Aubrey,Richards,13,8,445,0,0,0,6,2,0,0,0,,,,,,,
fh_3eca485e42ca,Rylee,Wassmer,18,13,860,0,0,0,0,0,0,0,0,,,,,,,
fh_50a5b8104634,Minke,Klijn,20,19,,15,11,41,56,41,5,0,1,,,,,,,
fh_7610d4f11a92,Emma,Friend,20,20,,12,9,33,31,22,2,0,0,,,,,,,
fh_e58ddc762ddb,Kerry,Kaufman,20,20,,6,7,19,56,24,3,0,0,,,,,,,
fh_b01f1627b3a3,Elaiana,Rivera-Lagalla,20,16,,6,6,18,49,30,1,1,4,,,,,,,
fh_4871473933ec,Rylie,McGrath,20,0,,7,3,17,33,22,1,0,0,,,,,,,
fh_c40b1ba3d84f,Maddie,Moline,20,20,,6,2,14,25,14,1,0,1,,,,,,,
fh_94ad52ced396,Megan,Rafter,20,0,,5,0,10,11,7,1,0,0,,,,,,,
fh_9de6f2776a65,Puck,de Ruiter,20,4,,5,0,10,21,13,0,0,0,,,,,,,
fh_cd47ac021d81,Alex,Eagles,19,17,,2,5,9,13,7,1,0,0,,,,,,,
fh_706ec94ed5db,Lisa,Pasman,17,0,,3,3,9,15,10,0,0,0,,,,,,,
fh_890c66ddfe49,Bella,Viruet,20,17,,3,0,6,14,9,0,0,0,,,,,,,
fh_d6c3300a24a5,Piper,Patrick,20,0,,1,1,3,11,7,0,0,0,,,,,,,
fh_0fd26fa43bf0,Hannah,Schmittinger,20,20,,0,3,3,9,6,0,0,0,,,,,,,
fh_7b238b936b59,Kendall,Eggleston,19,7,,0,2,2,3,2,0,0,0,,,,,,,
fh_5bed1de9e60a,Sydney,Frantz,19,0,,1,0,2,4,3,0,0,0,,,,,,,
fh_1765ae89e52e,Kylie,Moore,4,0,,1,0,2,1,1,0,0,0,,,,,,,
fh_cbe78b29bdf9,Logan,Oswald,8,1,,1,0,2,4,2,1,0,0,,,,,,,
fh_bebbc7a5b648,Nicole,Conklin,3,0,,0,1,1,1,1,0,0,0,,,,,,,
fh_2c3f3380f4f3,Alyvia,Yatsko,7,0,,0,1,1,0,0,0,0,0,,,,,,,
fh_268acbd09805,Madyson,Baessler,2,0,,0,0,0,0,0,0,0,0,,,,,,,
fh_fba6f72dd905,Delaney,Greene,3,0,,0,0,0,0,0,0,0,0,,,,,,,
fh_1e539dd33555,Avery,McGinty,4,0,,0,0,0,1,1,0,0,0,,,,,,,
fh_cf140deb5529,Kayla,Minkon,20,15,,0,0,0,6,5,0,0,0,,,,,,,
fh_f4356de148ab,Caitlyn,Moseman,5,0,,0,0,0,1,1,0,0,1,,,,,,,
fh_85a6b9aba73d,Sydney,Pope,20,20,,0,0,0,0,0,0,0,0,,,14,1.19,36,0.72,0
fh_7dcec92c7d81,Charlotte,Simon,20,20,,0,0,0,3,1,0,0,0,,,,,,,
fh_59bbf2d53fbd,Grace,Staples,3,0,,0,0,0,1,1,0,0,0,,,,,,,
fh_ce53e9a0afe8,Jet,Vermeulen,17,0,,0,0,0,0,0,0,0,0,,,11,1.36,31,0.738,0
fh_62ce9d43e5e3,Aubrey,Wilinsky,3,0,,0,0,0,0,0,0,0,0,,,,,,,
fh_533af60f989a,Lily,Zavras,17,17,997,5,3,13,34,23,1,2,2,,,,,,,
fh_a8a8087a9902,Reese,Swanson,17,17,979,6,0,12,39,27,2,0,0,,,,,,,
fh_4707b6bb2dd7,Aria,Caputo,17,17,813,4,2,10,36,28,2,0,0,,,,,,,
fh_5966686d1ac5,Sydalia,Savage,17,17,901,4,1,9,36,21,0,0,0,,,,,,,
fh_e23232ede335,Puck,Wanders,17,10,533,3,1,7,31,16,1,0,0,,,,,,,
fh_8cbe416ebb34,Sage,Clukey,17,14,777,3,0,6,16,12,0,0,0,,,,,,,
fh_332cdf608fab,Abigail,Tarka,17,6,454,3,0,6,24,13,0,0,0,,,,,,,
fh_548063b6fd73,Delaney,Condon,17,16,846,1,2,4,18,9,1,0,0,,,,,,,
fh_4652704eccbb,Cece,Keller,15,1,359,1,2,4,16,14,0,0,0,,,,,,,
fh_08dca93a1bd5,Jennifer,Frost,6,0,61,1,0,2,1,1,0,0,0,,,,,,,
fh_497730872a70,Nina,Depew,17,17,941,0,1,1,6,2,0,0,0,,,,,,,
fh_a344b3feeb91,Carys,Colby,10,0,91,0,0,0,0,0,0,0,0,,,,,,,
fh_0d7b826f8832,Kendall,Gates,16,1,228,0,0,0,1,0,0,0,0,,,,,,,
fh_59107ec6d062,Cadence,Goulet,1,0,27,0,0,0,0,0,0,0,0,,,3,6.0,5,0.625,0
fh_f0a55cd7c3dd,Audrey,Leonard,11,0,158,0,0,0,1,0,0,0,0,,,,,,,
fh_5de8a4795db0,Cynthia,Morales,14,6,548,0,0,0,2,2,0,0,0,,,,,,,
fh_b1c8ee614840,Zoe,Noorlag,17,17,1000,0,0,0,0,0,0,0,0,,,47,2.83,181,0.794,2
fh_e2900282f800,Olivia,O'Brien,16,16,921,0,0,0,2,0,0,0,0,,,,,,,
fh_a2868a122f0f,Megan,Raymond,16,15,668,0,0,0,2,1,0,0,0,,,,,,,
fh_96ad7e2e8d2b,Paige,Leitzel,18,16,677,8,3,19,53,34,1,1,1,,,,,,,
fh_5b3f4655d547,Mikyla,Rineer,16,15,545,5,1,11,19,15,0,0,0,,,,,,,
fh_48af3de3b764,Emma,Price,17,14,478,5,0,10,17,13,1,0,0,,,,,,,
fh_3ae18af83efa,Caroline,Earnshaw,18,16,691,3,1,7,11,10,0,0,0,,,,,,,
fh_f618c71c2fc2,Rachel,Young,18,5,433,2,1,5,11,6,0,0,0,,,,,,,
fh_505d2f2f2712,Sofia,Boyle,15,8,633,1,2,4,6,4,0,0,0,,,,,,,
fh_da8c7a86073c,Makenna,Buffington,8,0,194,1,2,4,4,4,0,0,0,,,,,,,
fh_80d66464c661,Piper,Taylor,18,18,1069,1,2,4,4,2,0,0,0,,,,,,,
fh_27c422fc1465,Aubree,Dorsey,18,18,802,0,3,3,12,8,0,0,0,,,,,,,
fh_9633ad16baf8,Hannah,Haberkorn,12,12,365,1,1,3,3,2,1,0,0,,,,,,,
fh_ea6b83f60207,Avery,Hayden,13,1,298,1,1,3,3,3,0,0,0,,,,,,,
fh_f36f762817b8,Layla,Lagunas,8,3,196,1,1,3,3,3,0,0,0,,,,,,,
fh_fcc9a26929b6,Ava,Shorkey,15,1,326,1,0,2,3,3,0,0,0,,,,,,,
fh_85a741173fb3,Kenzie,Cummins,18,2,614,0,1,1,3,1,0,0,0,,,,,,,
fh_14512c88e914,Brianne,Macchia,18,13,614,0,1,1,4,1,0,0,0,,,,,,,
fh_957e0dacaf91,Brooke,Saul,16,0,409,0,1,1,6,5,0,0,0,,,,,,,
fh_2cde02a650d3,Zoe,Barnes,18,18,1045,0,0,0,0,0,0,0,0,,,70,4.02,162,0.698,2
fh_f597a176d0e3,Taylor,Korczynski,13,12,721,0,0,0,1,0,0,0,0,,,,,,,
fh_580313687ff0,Sabrina,Maldonado,14,10,591,0,0,0,0,0,0,0,0,,,,,,,
fh_23776ca42910,Leah,Maliszewski,2,0,31,0,0,0,0,0,0,0,0,,,1,2.0,1,0.5,0
fh_08c6458385c8,Jillian,Mayes,9,1,177,0,0,0,0,0,0,0,0,,,,,,,
fh_bb6d4bd5c277,Morgan,Sparks,12,10,608,0,0,0,0,0,0,0,0,,,,,,,
fh_42dc3e054fe1,Sydney,Spivey,13,0,262,0,0,0,2,2,0,0,0,,,,,,,
fh_596d5af249fc,Jess,Davidson,16,16,,12,11,35,63,40,4,0,0,,,,,,,
fh_774717d0a2cb,Lilly,Fringer,16,16,,5,2,12,26,19,2,1,1,,,,,,,
fh_dae923d7e7f3,Hayven,Mumma,16,5,,5,1,11,21,17,0,0,0,,,,,,,
fh_ef25a47cd99c,Maura,van de Plas,15,5,,3,1,7,10,7,0,0,0,,,,,,,
fh_764417039c7a,Lauren,Horning,16,4,,3,0,6,18,6,1,0,0,,,,,,,
fh_a42d111843d0,Grace,McGeehan,16,14,,3,0,6,25,21,1,0,0,,,,,,,
fh_021aa648cd40,Sydney,Schmouder,16,16,,1,2,4,3,2,0,0,0,,,,,,,
fh_f7db6b260239,Celeste,Gorria Rial,16,14,,1,1,3,4,3,0,0,0,,,,,,,
fh_89711fee18af,Nora,Kirkwood,12,0,,1,0,2,1,1,0,0,0,,,,,,,
fh_7974acdafa11,Mia,Gerick,15,15,,0,1,1,9,6,0,0,0,,,,,,,
fh_c162da10bb56,Amira,Lux,15,7,,0,1,1,10,7,0,0,0,,,,,,,
fh_d75fb965767b,Ella,Talladay,16,16,,0,1,1,8,7,0,0,0,,,,,,,
fh_690e00e62726,Lucia,Cisilino,12,5,,0,0,0,6,4,0,0,0,,,,,,,
fh_d3f0f89f9c86,Naomi,Dawe,16,7,,0,0,0,2,1,0,0,0,,,,,,,
fh_cf645556417a,Meghan,Fritter,7,0,,0,0,0,0,0,0,0,0,,,0,0.0,0,0.0,
fh_bd039df57a6c,Nia,Mountis,10,0,,0,0,0,1,1,0,0,0,,,,,,,
fh_263802af30d2,Kayla,Mullin,7,0,,0,0,0,0,0,0,0,0,,,,,,,
fh_046aa1046911,Celeste,Pagliaroli,16,16,,0,0,0,0,0,0,0,0,,,19,1.16,50,0.725,
fh_fa0a1f617705,Maddy,Shtino,16,10,,0,0,0,2,1,0,0,0,,,,,,,
fh_518f45ab1a4b,Leah,Stuck,6,0,,0,0,0,0,0,0,0,0,,,,,,,
fh_16afe67d60b6,Alaina,Tarnoci,7,0,,0,0,0,0,0,0,0,0,,,,,,,
fh_163687ea6565,Erin,Gonzalez,22,22,,17,8,42,74,56,5,0,1,,,,,,,
fh_6dd02acaddf6,Marissa,Rice,22,22,,14,7,35,47,38,2,0,0,,,,,,,
fh_edd3d2ed20fa,Ellie,Myers,22,21,,11,2,24,40,30,2,0,0,,,,,,,
fh_46bda66cac79,Grace,Harrold,22,22,,5,12,22,37,22,1,0,0,,,,,,,
fh_0f377524be5a,Jessica,Traynor,22,22,,10,2,22,27,21,5,0,0,,,,,,,
fh_2d393298d042,Julia,Traynor,20,1,,7,6,20,18,15,1,0,0,,,,,,,
fh_8f961af81c0e,Olivia,Kirkpatrick,22,22,,7,5,19,28,19,2,4,4,,,,,,,
fh_fe228acfc8c1,Marlee,Fetrow,13,5,,5,4,14,25,18,0,0,0,,,,,,,
fh_4b65539d023b,Taylor,Vaccaro,22,21,,6,2,14,39,23,1,0,0,,,,,,,
fh_c09ae73421de,Sierra,Jester,22,1,,4,3,11,14,11,0,0,0,,,,,,,
fh_a25f9921548a,Rachel,Galasso,22,22,,2,5,9,15,7,0,0,0,,,,,,,
fh_f9f279e44107,Bree,Zoccolo,16,0,,4,0,8,19,14,0,0,0,,,,,,,
fh_07f055e00a57,Kaylee,Zellers,11,0,,3,1,7,9,5,0,0,0,,,,,,,
fh_343b8f95a8c3,Jade,Traynor,22,0,,2,2,6,22,15,1,0,0,,,,,,,
fh_df359d0b98b8,Olivia,Vaccari,22,15,,1,2,4,13,9,0,0,0,,,,,,,
fh_4a6f335363d8,Emma,Yeager,21,1,,1,2,4,9,6,0,0,0,,,,,,,
fh_72dacff25ecd,Paige,Bucher,22,22,,0,3,3,4,4,0,0,0,,,,,,,
fh_01f982978db3,Katie,Lawless,8,0,,1,0,2,3,3,0,0,0,,,,,,,
fh_d24ef31cec07,Meryl,Mesenbrink,22,0,,1,0,2,17,15,0,0,0,,,,,,,
fh_201337a8d8f5,Olivia,Osborne,14,1,,0,1,1,4,3,0,0,0,,,,,,,
fh_eabbff5dacde,Tess,Adolf,21,21,,0,0,0,0,0,0,0,0,,,12,0.66,45,0.789,
fh_cce6ae3ad892,Kiera,Gallagher,10,0,,0,0,0,0,0,0,0,0,,,,,,,
fh_3b9cc1ae1f57,Lexy,Hengst,8,0,,0,0,0,0,0,0,0,0,,,,,,,
fh_22d9eb7f0a7b,Lorelai,Lehenky,2,0,,0,0,0,0,0,0,0,0,,,0,0.0,0,0.0,
fh_496601a094de,Hannah,Shiffer,2,0,,0,0,0,0,0,0,0,0,,,,,,,
fh_2e33879f8734,Jordan,Stroup,14,0,,0,0,0,1,1,0,0,0,,,,,,,
fh_ff859f0ab764,Alaina,Telenko,8,1,,0,0,0,0,0,0,0,0,,,3,0.88,5,0.625,
fh_27ef2b8aa64b,Bella,Thompson,4,0,,0,0,0,0,0,0,0,0,,,,,,,
fh_75ff2cf882de,Evie,Wolters,14,0,,0,0,0,5,5,0,0,0,,,,,,,
fh_e504afdef107,Nienke,Meima,19,14,760,8,5,21,45,26,1,0,0,,,,,,,
fh_224d200f88a7,Victoria,Hulst,19,19,1093,8,2,18,58,37,5,0,0,,,,,,,
fh_cd2465ca0160,Dusty-Rose,Miller,19,14,673,7,3,17,39,20,1,0,0,,,,,,,
fh_f96a4c21d77e,Lauren,Punt,19,16,599,7,3,17,29,20,3,0,0,,,,,,,
fh_4658ae26f85e,Julia,Matthijssen,19,19,1071,4,6,14,13,8,0,0,0,,,,,,,
fh_2f14683b700c,Leira,Van Tilburg,19,19,1028,2,4,8,44,33,1,0,0,,,,,,,
fh_340f2331b04f,Puck,Hoenderdos,18,10,460,2,1,5,18,10,0,0,0,,,,,,,
fh_4c6cebc80064,Ruby,Van Den Sigtenhorst,17,6,537,2,0,4,8,6,1,0,0,,,,,,,
fh_d95063c99d93,Justina,Bossa,18,5,597,1,0,2,12,9,1,0,0,,,,,,,
fh_56a47aaa5147,Mare,Huizer,11,2,206,1,0,2,2,2,0,0,0,,,,,,,
fh_7cc3bad61854,Mikyla,Bond,19,15,774,0,1,1,6,4,0,0,0,,,,,,,
fh_60cabdf4ff68,Meredith,Wong,15,3,276,0,1,1,3,2,0,0,0,,,,,,,
fh_43c49a5f048f,Lily,Ardito,19,2,505,0,0,0,3,1,0,0,0,,,,,,,
fh_b88410c33809,Isabel,Elenga,18,14,905,0,0,0,0,0,0,0,0,,,12,0.85,31,0.721,3
fh_6e04f8170a6a,Mekenzie,McCann,1,0,0,0,0,0,0,0,0,0,0,,,,,,,
fh_13fd0e4d8944,Talia,Packham,19,4,701,0,0,0,6,3,0,0,0,,,,,,,
fh_11f028dd2179,Mirte,Van Roosebeke,19,19,1103,0,0,0,0,0,0,0,0,,,,,,,
fh_bd3c9eaa38c9,Avery,Tworkoski,13,5,240,0,0,0,0,0,0,0,0,,,6,1.17,10,0.625,0
fh_86397c361762,Jimena,Loustalot,18,18,,4,4,12,37,20,1,0,0,,,,,,,
fh_cc55768a62dd,Jolie,Plaisier,18,17,,5,1,11,21,14,1,0,0,,,,,,,
fh_d09b041aa675,Lise,Holla,18,17,,2,3,7,18,12,1,0,0,,,,,,,
fh_edcb1a0c42ca,Olivia,Rosini,18,17,,3,1,7,10,6,0,0,0,,,,,,,
fh_72c9151c92f9,Guadalupe,Montaldo,13,13,,1,3,5,14,12,0,0,0,,,,,,,
fh_e1dfdbed4934,Kiara,Aleskovich,3,3,,2,0,4,5,5,1,0,0,,,,,,,
fh_3505020c5655,Naomi,Spangler,7,2,,2,0,4,3,3,0,0,0,,,,,,,
fh_c92a9eed6363,Kelsey,Beauchamp,18,18,,1,1,3,15,5,1,0,0,,,,,,,
fh_9ece0b0d080f,Lainey,Hockersmith,18,7,,1,1,3,6,2,0,0,0,,,,,,,
fh_64a7a83ca85a,Rosa,Duivenvoorden,18,11,,1,0,2,3,2,1,0,0,,,,,,,
fh_caf28f428d80,Brooke,Foster,16,16,,0,1,1,6,4,0,0,0,,,,,,,
fh_7c01dd7d34c5,Fiepke,Bente De Jong,18,12,,0,0,0,7,3,0,0,0,,,,,,,
fh_08d7db82ab04,Sterre,Van Hoesel,16,1,,0,0,0,0,0,0,0,0,,,,,,,
fh_df8dcb0b038c,Michelle,Kopp,12,2,,0,0,0,0,0,0,0,0,,,,,,,
fh_9953c6a67030,Didintle,Mogane,17,4,,0,0,0,1,0,0,0,0,,,,,,,
fh_b7dcc1e738c1,Sofia,Toyos,18,18,,0,0,0,10,5,0,0,0,,,,,,,
fh_57a7720ce9b8,Cayla,Wiggins,18,18,,0,0,0,0,0,0,0,0,,,51,2.81,126,0.712,2
fh_4da9eac4c44b,Jessica,Evans,16,14,669,12,3,27,35,27,3,0,0,,,,,,,
fh_38a2e22d6259,Charlotte,Sabert,17,17,887,8,3,19,67,46,0,0,0,,,,,,,
fh_5a2b2f9f7594,Madison,Brefka,17,17,1013,3,3,9,29,20,0,1,1,,,,,,,
fh_121557bab5e1,Alyssa,Benvengo,17,13,649,3,0,6,9,9,1,0,0,,,,,,,
fh_8c4ae60281ef,Gwendolyn,Smith,17,17,995,1,4,6,12,7,1,0,0,,,,,,,
fh_c73108c9ecdc,Samantha,Trickel,17,17,1008,1,2,4,4,3,0,0,0,,,,,,,
fh_3eda4b697331,Kate,Lynne Conklin,17,17,997,0,2,2,0,0,0,0,0,,,,,,,
fh_85de5caaa33f,Madison,Preston,8,0,214,1,0,2,8,6,0,1,1,,,,,,,
fh_18daa936eff5,Gianna,Bevacqua,1,0,44,0,0,0,0,0,0,0,0,,,,,,,
fh_08b95af2fe93,Gianna,Felice,13,2,246,0,0,0,1,0,0,0,0,,,,,,,
fh_8c6283b69d48,Reagan,Lane,17,17,1020,0,0,0,0,0,0,0,0,,,,,,,
fh_cee284ee7fe0,Kaylise,McClure,14,11,724,0,0,0,0,0,0,0,0,,,35,2.89,142,0.802,1
fh_59115b3ec3fc,Rebecca,McClure,9,6,311,0,0,0,0,0,0,0,0,,,21,4.1,53,0.716,0
fh_2c520beba863,Eunice,Santiago,17,17,1026,0,0,0,0,0,0,0,0,,,,,,,
fh_862dab0ba47a,Camryn,Shea,4,0,14,0,0,0,0,0,0,0,0,,,,,,,
fh_1493b1ba592a,Jaime,Stella,17,3,448,0,0,0,7,6,0,0,0,,,,,,,
fh_f8b381f63127,Adrianna,Taynor,17,17,1017,0,0,0,0,0,0,0,0,,,,,,,
fh_fa279001fd7c,Lilliauna,Tepper,8,0,37,0,0,0,1,0,0,0,0,,,,,,,
fh_d97b94dae941,Izzy,Walther,4,0,10,0,0,0,0,0,0,0,0,,,,,,,
fh_b9f466528d6d,Samantha,Naples,15,15,936,2,2,6,12,8,0,2,2,,,,,,,
fh_3f75eff98258,Katie,Ogurick,16,12,620,3,0,6,24,21,0,0,0,,,,,,,
fh_7fb309cde929,Gianna,Mastrocco,16,16,896,2,0,4,25,18,1,0,0,,,,,,,
fh_81650b764bbf,Farah,Amarando,14,13,845,1,0,2,15,7,0,0,1,,,,,,,
fh_67b259543ebe,Catherine,Amini,16,16,889,1,0,2,8,3,0,0,0,,,,,,,
fh_bc1828f17dc9,Lauren,Brodowsky,16,15,990,0,1,1,10,8,0,0,0,,,,,,,
fh_324dc9f01411,Nikki,Longhitano,16,16,894,0,1,1,25,19,0,0,0,,,,,,,
fh_fcf95fb721fb,Kayla,Balsamo,12,11,596,0,0,0,0,0,0,0,0,,,39,3.74,122,0.758,1
fh_efeff4964a81,Caley,Caleca,13,12,655,0,0,0,0,0,0,0,0,,,,,,,
fh_d703a859f884,Catherine,Dispirito,6,0,47,0,0,0,0,0,0,0,0,,,,,,,
fh_df59bdd2d7cb,Sophia,Hammond,16,8,493,0,0,0,2,2,0,0,0,,,,,,,
fh_540193879182,Kayla,Monique Lipscomb,7,5,400,0,0,0,0,0,0,0,0,,,29,4.7,64,0.688,0
fh_80ea7ab9bb85,Andy,Newell,2,0,14,0,0,0,0,0,0,0,0,,,,,,,
fh_f096415b52bf,Dayanna,Ortiz-More,16,16,861,0,0,0,5,3,0,0,0,,,,,,,
fh_4dd6ab0901c8,Catherine,Sasso,15,15,936,0,0,0,0,0,0,0,0,,,,,,,
fh_f84a4b00e4dd,Lauren,Schmitz,14,5,432,0,0,0,0,0,0,0,0,,,,,,,
fh_8438b0cd0d28,Molly,Walton,13,0,226,0,0,0,1,0,0,0,0,,,,,,,
fh_cc28f3f25753,Parker,Keeler,21,18,1012,19,20,58,90,64,7,2,3,,,,,,,
fh_8dbd60127b0b,Emma,Westbrook,21,21,962,23,3,49,82,56,5,0,0,,,,,,,
fh_869bb6e80b64,Wibien,Dahmen,21,11,804,17,10,44,71,45,4,0,0,,,,,,,
fh_7c55cd5b8f73,Payton,Keeler,21,21,1147,12,8,32,51,37,0,1,1,,,,,,,
fh_6945a63ca09d,Lieke,Varenkamp,21,21,955,8,9,25,32,17,1,0,0,,,,,,,
fh_9a74aef4de76,Amber,Tozana,21,11,802,10,4,24,46,34,1,0,0,,,,,,,
fh_78359fc57b96,Emma,Hulsmeyer,21,21,1217,6,0,12,34,15,0,0,0,,,,,,,
fh_5f7989fa79bf,Finet,Heemskerk,17,10,540,3,2,8,22,15,2,0,0,,,,,,,
fh_78088c14d9af,Agustina,Montserrat,21,21,1039,1,5,7,6,6,0,0,0,,,,,,,
fh_27e8e006fbfa,Zoe,Barker,18,0,237,1,3,5,3,1,0,0,0,,,,,,,
fh_d3aa25bcb61a,Ella,Allardice,14,1,302,1,0,2,1,1,0,0,0,,,,,,,
fh_5edc837386d7,Karlijn,Frenken,20,8,409,0,2,2,1,0,0,0,0,,,,,,,
fh_490e8eccc7c6,Mia,Pancoast,11,0,104,1,0,2,3,3,0,0,0,,,,,,,
fh_558fcc54c50d,Katie,Sharron,15,0,230,0,2,2,6,3,0,0,0,,,,,,,
fh_46cc026a30b3,Olivia,Smith,14,0,226,1,0,2,1,1,0,0,0,,,,,,,
fh_ffb420b982d0,Jazmin,Allen-Gregory,4,0,37,0,0,0,2,0,0,0,0,,,,,,,
fh_1184ef4768a8,Emme,Beck,1,0,6,0,0,0,0,0,0,0,0,,,,,,,
fh_66dcf9be51ef,Hannah,Chalmers,4,1,21,0,0,0,0,0,0,0,0,,,,,,,
fh_98c302a94710,Kensley,Harris,10,1,120,0,0,0,0,0,0,0,0,,,2,0.62,4,0.667,0
fh_3494fb9f4612,Jewel,Keels,2,0,8,0,0,0,0,0,0,0,0,,,,,,,
fh_d26d87efa78e,Georgia,Langley,5,0,43,0,0,0,0,0,0,0,0,,,,,,,
fh_1229b6bfa039,Abby,Langlois,7,0,47,0,0,0,0,0,0,0,0,,,,,,,
fh_65b8087ac7ef,Savana,Lippe,6,0,41,0,0,0,0,0,0,0,0,,,,,,,
fh_6f3428d15458,Ayanda,Mangenah,20,20,1121,0,0,0,0,0,0,0,0,,,13,0.77,53,0.803,4
fh_2374980e82c8,Cassandra,Mauck,4,0,44,0,0,0,0,0,0,0,0,,,,,,,
fh_69f99bba21f8,Charlotte,Putnam,7,0,72,0,0,0,1,0,0,0,0,,,,,,,
fh_8744f2def31d,Emma,Ray,2,0,21,0,0,0,0,0,0,0,0,,,,,,,
fh_efb239c861e6,Olivia,Schrecker,3,0,17,0,0,0,0,0,0,0,0,,,,,,,
fh_830201534fb6,Emma,Swatski,21,20,1050,0,0,0,0,0,0,0,0,,,,,,,
fh_b23ad8cfab19,Sofia,Urzillo,21,21,1078,0,0,0,1,0,0,0,0,,,,,,,
fh_2819f06215cd,Ella,Weinhold,4,0,31,0,0,0,0,0,0,0,0,,,,,,,
fh_284feac34e9c,Graysen,Wright,6,0,72,0,0,0,0,0,0,0,0,,,,,,,
fh_f4da8ca51ed3,Gab,Zachary,2,1,25,0,0,0,0,0,0,0,0,,,,,,,
fh_942472530cab,Olivia,Zavacki,4,0,30,0,0,0,0,0,0,0,0,,,1,1.0,2,0.667,0
fh_1d00503755aa,Kyleigh,Kearney,19,19,934,9,5,23,55,38,2,0,0,,,,,,,
fh_b829d8805e9e,Feline,Rook,19,18,910,7,5,19,76,45,0,0,0,,,,,,,
fh_4dbc9b711f78,Sydney,Sims,19,19,1051,5,1,11,27,19,3,0,0,,,,,,,
fh_f45560884bd1,Anne,Kopec,17,8,752,4,1,9,33,23,0,2,2,,,,,,,
fh_1ad21143c299,Romy,Manditsera,18,2,431,2,2,6,24,13,1,0,0,,,,,,,
fh_ff14ffc719f4,Grace,Francis,15,11,615,2,1,5,15,9,1,0,0,,,,,,,
fh_7c7c2400e2fc,Enya,Manzanera,19,14,767,2,1,5,26,21,0,0,0,,,,,,,
fh_824c49dde03a,Ella,Tamweber,14,1,234,2,1,5,4,3,0,0,0,,,,,,,
fh_eee008976380,Olivia,Martinez,17,16,946,1,2,4,14,8,0,0,0,,,,,,,
fh_bd2d01a22f4d,Carlotta,Oschmann,19,19,956,0,4,4,17,12,0,0,0,,,,,,,
fh_983f9a56e0cd,Josefina,Villa Alonso,19,12,609,1,1,3,5,4,0,0,0,,,,,,,
fh_c97c24a44d3c,Katelyn,Fairhurst,19,2,359,1,1,3,15,11,0,0,0,,,,,,,
fh_318f4f4b1bd8,Elsa,Nelken,10,1,221,1,1,3,7,7,0,0,0,,,,,,,
fh_d0a7771400a3,Molly,Paterson,19,19,1154,1,1,3,15,10,0,0,0,,,,,,,
fh_29abaf8aecf1,Nadia,Pavlik,19,2,423,1,1,3,3,2,1,0,0,,,,,,,
fh_1b10a3f6ea52,Hayley,Allwood,5,0,70,1,0,2,2,2,0,0,0,,,,,,,
fh_08a084af1d31,Cadey,Mienie,17,15,859,0,1,1,6,6,0,0,0,,,,,,,
fh_3dda581694f8,Devin,Arnold,5,0,44,0,0,0,2,2,0,0,0,,,,,,,
fh_80616745c294,Kylan,Clair,12,0,156,0,0,0,0,0,0,0,0,,,,,,,
fh_a65285f70526,Ava,Gile,13,0,75,0,0,0,2,2,0,0,0,,,,,,,
fh_3840ecfbea97,Patience,Mares,12,7,558,0,0,0,1,1,0,0,0,,,,,,,
fh_8c870a46e4d3,Morgan,Strecker,18,18,1073,0,0,0,0,0,0,0,0,,,38,2.15,102,0.729,3
fh_96141e13d799,Caitlyn,Zabko,4,1,110,0,0,0,0,0,0,0,0,,,4,2.51,7,0.636,0
fh_b1aa7728fc74,Natalee,Lawrence,15,15,705,7,0,14,22,16,3,0,0,,,,,,,
fh_88ac9650cedc,Makena,Tooley,15,15,859,6,2,14,34,22,0,2,3,,,,,,,
fh_490b4d17a61a,Gabby,Croniser,15,15,832,2,0,4,20,15,1,0,0,,,,,,,
fh_6f1bc8387162,Julia,Lukasik,15,15,800,2,0,4,10,6,1,2,2,,,,,,,
fh_00f44b501a81,Peyton,Ayer,15,12,630,1,1,3,5,3,0,0,0,,,,,,,
fh_646636a05c40,Ava,Barker,15,15,765,1,1,3,5,2,0,0,0,,,,,,,
fh_eabc72d2b3fc,Avery,Carinci,15,15,761,0,3,3,6,3,0,0,0,,,,,,,
fh_d6f5a62d1ec6,Mia,Robinson,15,2,348,0,2,2,5,4,0,0,0,,,,,,,
fh_6523d0e9415a,Justine,Laverty,15,15,840,0,1,1,5,4,0,0,0,,,,,,,
fh_523d2b10eac9,Ava,Trzepacz,11,0,145,0,1,1,5,3,0,0,0,,,,,,,
fh_e0af66edb3d1,Annie,Barsch,14,14,761,0,0,0,0,0,0,0,0,,,,,,,
fh_37bda7d555ff,Topeaka,Covelusky,13,0,244,0,0,0,0,0,0,0,0,,,,,,,
fh_98eb04414fd5,Dariyan,DeWeese,6,1,109,0,0,0,0,0,0,0,0,,,,,,,
fh_b48a31130b7d,Abigail,Henderson,1,0,5,0,0,0,0,0,0,0,0,,,0,0.0,0,0.0,0
fh_cebc06900fe8,Avery,Richardson,15,15,906,0,0,0,0,0,0,0,0,,,41,2.71,99,0.707,2
fh_5ef9bc52651a,Lyla,Robertson,4,0,16,0,0,0,1,0,0,0,0,,,,,,,
fh_cd2e0f18c9ce,Breanna,Shorey,22,0,,7,7,21,18,12,2,0,0,,,,,,,
fh_874c301f41a9,Meghan,Smith,22,22,,8,4,20,60,37,3,0,0,,,,,,,
fh_44ab1019f5ea,Marissa,Politano,22,22,,5,7,17,49,40,2,0,0,,,,,,,
fh_8b71f778441d,Meghan,Carey,22,22,,7,1,15,41,25,2,0,0,,,,,,,
fh_53cec31069f5,Kelly,Holmes,21,0,,6,2,14,27,16,1,0,0,,,,,,,
fh_295d1f4e6f81,Ruby,Reid,22,0,,5,3,13,33,22,1,0,0,,,,,,,
fh_1905a0283dea,Millie,Forster,22,22,,5,2,12,59,36,1,1,2,,,,,,,
fh_7f3ed0b57928,Leila,Härtel,22,22,,6,0,12,39,28,2,0,0,,,,,,,
fh_07123a3e3ecc,Maggie,Burchill,22,22,,3,3,9,44,23,1,0,1,,,,,,,
fh_e34b54167ade,Bella,DiFiore,21,0,,3,2,8,22,20,0,0,0,,,,,,,
fh_47a2476d8316,Ayla,Lagasse,15,0,,3,1,7,22,12,0,0,0,,,,,,,
fh_f09a61894b6a,Laurentien,van den Akker,21,21,,2,2,6,16,9,1,0,0,,,,,,,
fh_ca338a45070b,Maggie,McCready,22,21,,2,2,6,13,8,0,0,0,,,,,,,
fh_8a7777d3a032,Audrey,Payeur,22,0,,1,4,6,26,14,0,0,0,,,,,,,
fh_399e0fe1375c,Ellie,Brothers,22,22,,1,3,5,25,6,0,0,0,,,,,,,
fh_855cf6e06020,Olivia,Baran,6,0,,1,1,3,5,1,0,0,0,,,,,,,
fh_924520a3f88e,Alexa,Garthee,14,0,,1,1,3,19,16,0,0,0,,,,,,,
fh_86d1198600c8,Sophie,Smith,8,0,,1,1,3,7,6,0,0,0,,,,,,,
fh_df9936b439da,Layla,Cameron,5,5,,0,0,0,0,0,0,0,0,,,9,2.37,24,0.727,
fh_25c82c0ef3e8,Eliza,Doyon,14,1,,0,0,0,0,0,0,0,0,,,,,,,
fh_3fec19945b03,Lindsay,Ducharme,22,22,,0,0,0,0,0,0,0,0,,,,,,,
fh_0ab3da8171c3,Brooke,Fallon,6,0,,0,0,0,2,1,0,0,0,,,,,,,
fh_30e1d090cee9,Colleen,Stankiewicz,6,0,,0,0,0,0,0,0,0,0,,,,,,,
fh_f188d73c8141,Mackenzie,Wehrum,19,17,,0,0,0,0,0,0,0,0,,,14,0.74,53,0.791,
fh_56d9707b4725,Lilly,Cantabene,20,16,,10,9,29,65,40,3,0,0,,,,,,,
fh_f1119fac3bdf,Kelly,Naudé,23,23,,10,4,24,37,25,3,0,0,,,,,,,
fh_3976870356a5,McKenna,Boyle,23,17,,8,4,20,64,36,3,0,0,,,,,,,
fh_a0fedffe74bc,Elaina,Fragassi,23,23,,8,4,20,34,27,2,0,0,,,,,,,
fh_f97d7745d7b2,Agus,Garibaldi,19,11,,7,3,17,81,46,2,0,0,,,,,,,
fh_d4d47417325c,Carme,Caracotche Picone,23,23,,6,3,15,24,14,2,0,0,,,,,,,
fh_eae98ccfe1a7,Anne,Gardner,23,11,,6,1,13,49,32,1,0,0,,,,,,,
fh_21a59be7a1e0,Kayla,Snyder,23,23,,5,0,10,14,7,3,4,4,,,,,,,
fh_3689260c7892,Hannah,White,23,23,,2,3,7,23,15,0,0,0,,,,,,,
fh_7c47327b46e8,Annika,Madeja,16,2,,2,1,5,12,10,1,0,0,,,,,,,
fh_3fafa25fd7e7,Savannah,Silvestre,23,23,,2,1,5,13,7,0,0,0,,,,,,,
fh_c4e96048ab8a,Emily,Bitters,22,9,,1,1,3,4,2,0,0,0,,,,,,,
fh_f2a756329eba,Madison,Fissel,21,10,,0,1,1,1,0,0,0,0,,,,,,,
fh_bb4497930c38,Gabby,Wameling,10,2,,0,1,1,4,3,0,0,0,,,,,,,
fh_92c11e9e013f,Emma,Albee,23,23,,0,0,0,0,0,0,0,0,,,18,0.76,87,0.829,11
fh_534e71d2dcf7,Avery,Austin,3,0,,0,0,0,1,0,0,0,0,,,,,,,
fh_a4fd4498c511,Gracie,Hivner,12,7,,0,0,0,1,1,0,0,0,,,,,,,
fh_e64afad79138,Lucy,Hutchinson,13,9,483,5,0,10,18,9,3,0,0,,,,,,,
fh_6a98a8320cc2,Hilary,Hoffman,9,7,357,2,2,6,15,7,0,0,0,,,,,,,
fh_89941e4a047a,Grace,Williams,17,6,637,2,2,6,17,11,0,0,0,,,,,,,
fh_409c0f24df34,Coral,Piramo,17,14,575,2,1,5,13,9,1,0,0,,,,,,,
fh_3988cd1fef27,Roz,Mikulak,17,16,832,0,4,4,22,16,0,0,1,,,,,,,
fh_1865548c2840,Maddie,Orrson,17,9,475,2,0,4,7,5,1,0,0,,,,,,,
fh_0eb339a3c928,Madison,Shomo,17,17,757,2,0,4,15,10,0,0,0,,,,,,,
fh_a8e39a59ecb2,Riley,Cloude,17,17,619,1,1,3,15,6,0,0,0,,,,,,,
fh_c51373ba3806,Julia,Boettler,17,7,555,0,1,1,1,0,0,0,0,,,,,,,
fh_6d8aecb83c47,Sammy,Graci,8,8,327,0,1,1,1,1,0,0,1,,,,,,,
fh_581f84f371a2,Christina,Clymer,17,10,568,0,0,0,8,2,0,0,0,,,,,,,
fh_1fe9464a6ea6,Sydney,Hudak,4,0,26,0,0,0,0,0,0,0,0,,,,,,,
fh_83670b1fe2dc,Payton,Kane,2,0,9,0,0,0,0,0,0,0,0,,,,,,,
fh_a6cebb3b98de,Amaly,Klock,2,0,11,0,0,0,1,1,0,0,0,,,,,,,
fh_d1808955893e,Ava,Masorti,17,12,794,0,0,0,0,0,0,0,0,,,,,,,
fh_7ca8c22e38a4,Avery,McCann,16,4,505,0,0,0,0,0,0,0,0,,,,,,,
fh_b3e4ec70b8ff,Brooke,Page,11,4,233,0,0,0,1,0,0,0,0,,,,,,,
fh_25aa488114a2,Leah,Riegling,12,11,630,0,0,0,0,0,0,0,0,,,27,2.57,63,0.7,2
fh_d891be483706,Megan,Rude,17,17,950,0,0,0,4,2,0,0,0,,,,,,,
fh_af6cd0af1191,Paige,Shannon,16,0,252,0,0,0,0,0,0,0,0,,,,,,,
fh_6423d87d07dd,Haylie,Sucharski,17,8,522,0,0,0,0,0,0,0,0,,,,,,,
fh_c0df5e147c94,Hanna,Thomas,17,5,547,0,0,0,0,0,0,0,0,,,,,,,
fh_7630f90a4474,Taylor,Leckey,19,19,1130,11,10,32,81,46,3,1,2,,,,,,,
fh_aa99c644503f,Isabella,Fölster,18,18,916,9,7,25,44,33,3,0,0,,,,,,,
fh_280f90c3a284,Natalia,Fiato,19,19,978,7,4,18,41,28,0,0,0,,,,,,,
fh_603355def600,Keana,Criscuolo,19,18,893,6,3,15,39,35,0,0,0,,,,,,,
fh_100e3cae1b49,Lindsey,Onofrio,19,19,1092,4,6,14,41,25,1,0,0,,,,,,,
fh_ca32c70de28a,Ruby,Webb,19,18,1079,3,5,11,28,19,0,0,0,,,,,,,
fh_3edec59ff02b,Kaiya,Mercier,16,2,371,1,1,3,15,13,0,0,0,,,,,,,
fh_0dc74e72ff87,McKenzie,Fairfax,19,19,1131,1,0,2,1,1,0,1,1,,,,,,,
fh_7d6079516f7e,Jessica,Nodell,4,0,14,1,0,2,1,1,0,0,0,,,,,,,
fh_6ed6dc5dc19a,Kate,Salvador,12,1,148,1,0,2,7,5,0,0,0,,,,,,,
fh_5445d2f89032,Isabella,Taylor,13,0,300,1,0,2,8,7,0,0,0,,,,,,,
fh_dc4a0c607387,Avery,Vaccaro,19,19,923,0,1,1,5,4,0,0,0,,,,,,,
fh_cb0b91702b4e,Sofia,Frassinelli,13,12,633,0,0,0,0,0,0,0,0,,,,,,,
fh_58609249279d,Kyla,Hart-Perron,19,19,1091,0,0,0,1,1,0,0,0,,,,,,,
fh_ab719fcaa48a,Cambelle,Jacobson,11,1,252,0,0,0,0,0,0,0,0,,,,,,,
fh_764e1563eebe,Lark,Johnson,13,6,397,0,0,0,0,0,0,0,0,,,,,,,
fh_29ca7cdf8b4d,Rachel,Miller,18,16,862,0,0,0,0,0,0,0,0,,,37,2.9,92,0.713,1
fh_533f832d0cc4,Lyla,O'Connor,6,0,27,0,0,0,0,0,0,0,0,,,3,2.28,3,0.5,0
fh_ca5ea8369c62,Lyndsay,Troisi,8,3,225,0,0,0,0,0,0,0,0,,,14,2.8,31,0.689,0
fh_7a187479dba6,Zoe,Demers,19,19,874,11,2,24,61,42,1,0,0,,,,,,,
fh_2303d2daff01,Kim,Dull,19,18,752,7,8,22,64,44,2,1,1,,,,,,,
fh_52d5f885029f,Amelia,Crocombe,19,17,855,6,5,17,33,21,2,0,0,,,,,,,
fh_2e5ea3b10746,Minke,van de Poll,17,17,771,8,1,17,64,35,2,0,0,,,,,,,
fh_46e6618ea4c7,Jade,Hendriks,19,19,1151,4,6,14,61,28,2,0,1,,,,,,,
fh_aa67f93e4954,Abby,Forbes,18,1,500,3,5,11,12,9,2,0,0,,,,,,,
fh_312835b92198,Sophie,Bilodeau,19,18,707,3,2,8,28,21,1,0,0,,,,,,,
fh_fdad6b0616b7,Natalie,Paradzick,19,19,833,4,0,8,11,10,0,1,1,,,,,,,
fh_b8a4c10b389d,Julia,Giampietro,19,17,529,1,4,6,18,12,0,0,1,,,,,,,
fh_f10dc895cc13,Addi,Roy,19,0,591,2,2,6,13,12,0,0,0,,,,,,,
fh_d1e9a58a35fc,Addison,Battis,19,0,444,1,0,2,7,5,0,0,0,,,,,,,
fh_0bdb95045098,Kendall,Dubois,16,1,461,1,0,2,4,3,0,0,0,,,,,,,
fh_d0d11246d2b9,Olivia,Andersen,19,2,642,0,0,0,3,2,0,0,0,,,,,,,
fh_e454f767b800,Margaux,de Bievre,6,0,84,0,0,0,0,0,0,0,0,,,4,1.64,16,0.8,0
fh_a868a7bbde77,Rylee,Constant,12,2,316,0,0,0,0,0,0,0,0,,,,,,,
fh_79c2efc1771f,Maxine,Morse,19,19,1042,0,0,0,0,0,0,0,0,,,,,,,
fh_ea2b9b2718ce,Lyla,Pearlo,9,0,73,0,0,0,0,0,0,0,0,,,,,,,
fh_4f64e76761f1,Ella,Tucker,19,18,879,0,0,0,1,1,0,0,0,,,,,,,
fh_27815df086de,Agustina,Miranda Waigand,19,19,1068,0,0,0,0,0,0,0,0,,,31,1.85,91,0.746,5
fh_3d89cdf7f586,Veerle,Hersman,21,21,1038,16,4,36,96,61,5,2,3,,,,,,,
fh_bf0b7feb8b82,Caitlynn,Szarko,21,21,1217,7,6,20,64,44,2,0,0,,,,,,,
fh_f1c75f1d9196,Nina,Scott,19,17,763,5,6,16,41,24,1,0,0,,,,,,,
fh_b8d1de1669e4,Sofia,Brown,21,21,1103,4,7,15,15,7,0,0,0,,,,,,,
fh_05f9b9ab2f62,Erin,O'Donnell,21,3,609,6,2,14,22,17,2,0,0,,,,,,,
fh_0e1d57be311e,Gianna,Funari,21,21,1167,3,2,8,30,15,1,0,0,,,,,,,
fh_b5c72323f8b9,Alexa,Lehman,21,20,986,3,2,8,32,17,1,0,0,,,,,,,
fh_bc875c0cff53,Ella,Shockley,21,21,1291,3,2,8,19,14,2,0,0,,,,,,,
fh_b25bd9933013,Laura,Rogers,21,10,767,0,4,4,0,0,0,0,0,,,,,,,
fh_7e1df5f1fe9d,Allison,Patel,21,19,989,1,1,3,12,6,0,0,0,,,,,,,
fh_2d246ef1ebeb,Mikenna,Price,21,18,838,0,2,2,7,2,0,0,0,,,,,,,
fh_cd17c884009b,Lana,Hughes,21,1,450,0,1,1,1,1,0,0,0,,,,,,,
fh_698952dfaa26,Bella,Aulisio,15,0,92,0,0,0,2,1,0,0,0,,,,,,,
fh_ea9f6766b674,Gabrielle,Brightbill,2,0,7,0,0,0,0,0,0,0,0,,,,,,,
fh_f66ab21d2ab8,Alina,Burger,6,3,246,0,0,0,0,0,0,0,0,,,7,1.71,31,0.816,1
fh_5f68ced7af31,Emma,Coombs,9,0,63,0,0,0,0,0,0,0,0,,,,,,,
fh_ba6f568c1aa3,Lily,Coombs,8,0,46,0,0,0,0,0,0,0,0,,,,,,,
fh_9517ef4e010e,Victoria,Geissler,4,0,30,0,0,0,1,0,0,0,0,,,,,,,
fh_583e5ba4bdc2,Kennedy,Graham,19,16,1009,0,0,0,1,1,0,0,0,,,,,,,
fh_c60aa27c4bf7,Gianna,Jaszczak,4,0,24,0,0,0,0,0,0,0,0,,,,,,,
fh_3300c48e5af3,Isabella,Schute,4,0,14,0,0,0,0,0,0,0,0,,,,,,,
fh_2f2aaaea436d,Mira,Smolij,1,0,15,0,0,0,0,0,0,0,0,,,,,,,
fh_0b4ab44cff03,Audra,Szymborski,19,18,1053,0,0,0,0,0,0,0,0,,,30,1.71,88,0.746,3
fh_ba4a5ddb0217,Sarah,Zamrowski,2,0,5,0,0,0,0,0,0,0,0,,,,,,,
fh_070fe9095393,Laela,Brown,18,16,672,6,8,20,22,14,3,0,0,,,,,,,
fh_c6b143f949c2,Erika,Neuhoff,17,10,555,6,4,16,29,15,1,0,0,,,,,,,
fh_ea4093b94b2c,Grace,Gerner,14,10,543,6,3,15,18,10,3,1,2,,,,,,,
fh_7c37ef989a01,Kayleigh,Haines,18,7,474,6,0,12,18,12,0,0,0,,,,,,,
fh_247892344000,Lauren,Montgomery,18,15,714,5,2,12,34,18,1,0,0,,,,,,,
fh_118ddfc918cf,Samantha,Pearson,18,9,482,1,6,8,18,7,0,0,0,,,,,,,
fh_375703e62f3e,Emma,George,17,4,284,3,1,7,9,6,1,0,0,,,,,,,
fh_4d6fb15af57e,Riley,Robinson,18,13,693,2,2,6,16,8,1,0,0,,,,,,,
fh_fb744a80e9e6,Jenna,Derouaux,16,1,188,1,0,2,12,4,1,0,0,,,,,,,
fh_96da02018478,Maggie,Lane,12,0,109,1,0,2,4,1,0,0,0,,,,,,,
fh_285c1387ce65,Mary,Muller,16,2,208,1,0,2,7,4,0,0,0,,,,,,,
fh_c383f99b69e2,Jordyn,Bunting,16,10,543,0,1,1,4,1,0,0,0,,,,,,,
fh_1f17bbdb2d45,Audrey,Proulx,17,3,204,0,1,1,7,2,0,0,0,,,,,,,
fh_111e543b6e25,Alex,Bevan-Xenelis,18,16,962,0,0,0,1,0,0,0,0,,,,,,,
fh_85d2c5ee41c5,Svenja,Brandt,10,8,538,0,0,0,0,0,0,0,0,,,17,2.14,37,0.685,2
fh_d3b463aa71f6,Grace,Corsetti,1,1,5,0,0,0,0,0,0,0,0,,,,,,,
fh_d1f29f54c7f3,Molly,Ducharme,18,16,968,0,0,0,0,0,0,0,0,,,,,,,
fh_0ff01280c06a,Colleen,Emanuele,11,10,582,0,0,0,0,0,0,0,0,,,23,2.39,38,0.623,3
fh_6d375f1e5485,Ava,Fasolo,2,0,19,0,0,0,0,0,0,0,0,,,0,0.0,0,0.0,0
fh_cd756262243d,Alex,Muscillo,18,18,996,0,0,0,6,2,0,0,0,,,,,,,
fh_3705f98522b5,Hannah,Naylor,10,2,146,0,0,0,0,0,0,0,0,,,,,,,
fh_9eb389a02a0b,Joanna,Nesbitt,5,0,52,0,0,0,0,0,0,0,0,,,,,,,
fh_48752410be2d,Emily,Nunemaker,12,1,112,0,0,0,2,0,0,0,0,,,,,,,
fh_ab0ca9120bca,Madison,Ott,6,1,45,0,0,0,0,0,0,0,0,,,,,,,
fh_6d115fba4a59,Amy,Rossam,4,1,49,0,0,0,1,1,0,0,0,,,,,,,
fh_d87e54404f9d,Tori,Smith,4,1,46,0,0,0,1,1,0,0,0,,,,,,,
fh_b4ecd446ab1a,Charne,Steyn,10,4,330,0,0,0,4,2,0,0,0,,,,,,,
fh_daf943032b2d,Ava,Stunder,4,2,138,0,0,0,0,0,0,0,0,,,,,,,
fh_77e512a7c639,Makenna,West,17,16,883,0,0,0,1,0,0,0,0,,,,,,,
fh_f64f10fc4361,Bobbie,Van Oordt,16,16,,5,1,11,30,21,1,0,0,,,,,,,
fh_d24dc584217b,Rayven,Muller,17,11,,2,1,5,12,8,0,0,0,,,,,,,
fh_8c616684f54a,Keliah,Santiago,17,17,,2,1,5,11,8,1,0,0,,,,,,,
fh_b881b036f807,Rebecca,Geiger,17,17,,2,0,4,14,10,1,0,0,,,,,,,
fh_db87b82c517d,Lillian,Tuffy,17,16,,2,0,4,6,3,0,0,0,,,,,,,
fh_8a90c3fa31bb,McKena,Cox,17,17,,0,1,1,14,7,0,0,0,,,,,,,
fh_16696fe77e8d,Mackenzie,Bunn,17,16,,0,0,0,0,0,0,0,0,,,53,3.71,86,0.619,2
fh_657450183931,Jessica,Butz,17,17,,0,0,0,9,2,0,0,0,,,,,,,
fh_83f59acfbc5a,Kaila,Clark,5,3,,0,0,0,1,1,0,0,0,,,,,,,
fh_009462beb0b7,Sophia,Dalyai,6,4,,0,0,0,0,0,0,0,0,,,,,,,
fh_19f68d9cf558,Zoe,Dicks,7,5,,0,0,0,0,0,0,0,0,,,,,,,
fh_1a472eda1f73,Natalie,Hoffman,9,9,,0,0,0,0,0,0,0,0,,,,,,,
fh_e43a37907416,Emma,Massie,4,1,,0,0,0,0,0,0,0,0,,,,,,,
fh_5e8eb2e86b47,Hannah,Mitchell,17,17,,0,0,0,4,4,0,0,0,,,,,,,
fh_691ad98ba0d8,Devon,Sonzogni,9,0,,0,0,0,0,0,0,0,0,,,,,,,
fh_fee405b5ccc5,Charissa,Yerger,17,16,,0,0,0,1,0,0,0,0,,,,,,,
fh_659c96c8af4f,Annie,Smith,17,17,968,1,0,2,6,4,0,0,0,,,,,,,
fh_54275395fca0,Sydney,Angelo,17,17,947,0,1,1,6,5,0,0,0,,,,,,,
fh_98c8e9e37e8f,Valérie,Borg du Prie,14,13,633,0,1,1,4,3,0,0,0,,,,,,,
fh_7ccfd64e2151,Paula,Altschaft,16,11,593,0,0,0,0,0,0,0,0,,,,,,,
fh_0525121050ea,Claire,Bialas,16,2,434,0,0,0,0,0,0,0,0,,,,,,,
fh_d45a35669476,Isabella,Casalinova,16,12,742,0,0,0,0,0,0,0,0,,,,,,,
fh_b33494ed3ace,SadieLyn,Combs,14,14,615,0,0,0,0,0,0,0,0,,,29,6.11,40,0.58,0
fh_9893828d87a9,Harper,Cutting,14,14,809,0,0,0,0,0,0,0,0,,,,,,,
fh_c70dadac2f1a,Julia,Fournier,17,17,961,0,0,0,0,0,0,0,0,,,,,,,
fh_311132f42b48,Victoria,Hladik,17,8,695,0,0,0,3,2,0,0,0,,,,,,,
fh_50a687b25b18,Molly,Howlett,17,15,913,0,0,0,0,0,0,0,0,,,83,6.78,189,0.695,0
fh_45b6c4357c86,Savanna,Kearns,16,9,573,0,0,0,0,0,0,0,0,,,,,,,
fh_0037508cbc8a,Mika,Larrison,14,14,740,0,0,0,1,1,0,0,0,,,,,,,
fh_90f44e89fffc,Izzy,Santella,17,16,796,0,0,0,0,0,0,0,0,,,,,,,
fh_254d4568587a,Caroline,Smith,14,14,832,3,4,10,46,31,0,0,0,,,,,,,
fh_99530a90f7e7,Maddy,Keenan,12,12,715,1,4,6,13,8,0,0,0,,,,,,,
fh_fa02ceab6b1b,Jamie,Marchewka,14,13,766,3,0,6,22,10,2,0,0,,,,,,,
fh_841bb442764b,Megan,Seymour,14,13,759,2,2,6,18,14,1,0,0,,,,,,,
fh_d6dbbf845b4a,Bryce,Watford,14,14,890,2,0,4,16,10,2,0,1,,,,,,,
fh_52dfd634acee,Eva,Cucinell,11,1,155,1,0,2,2,2,0,0,0,,,,,,,
fh_3740c27cb9ba,Mallory,Furgal,14,13,708,1,0,2,4,3,0,0,0,,,,,,,
fh_1adb239aa908,Naomi,Krull,14,13,797,1,0,2,4,4,0,0,0,,,,,,,
fh_b1426a56d0ff,Samantha,Mura,7,7,385,1,0,2,4,3,0,0,0,,,,,,,
fh_4e179567e779,Emily,Robles,13,7,389,1,0,2,14,11,0,0,0,,,,,,,
fh_d96cbd9abe80,Taylor,Fordyce,14,3,293,0,1,1,4,3,0,0,0,,,,,,,
fh_163baf5b1a24,Emily,Jackson,14,14,856,0,1,1,1,0,0,0,0,,,,,,,
fh_937b454484aa,Lorna,Becker,7,0,88,0,0,0,2,2,0,0,0,,,,,,,
fh_5d894f8f4997,Elaina,Cacchiotti,6,0,12,0,0,0,0,0,0,0,0,,,,,,,
fh_bdf82aa32375,Clare,Grimm,1,0,25,0,0,0,0,0,0,0,0,,,,,,,
fh_6a0fccf874d8,Cora,Miranda,13,1,226,0,0,0,1,1,0,0,0,,,,,,,
fh_0b6f47dad2f8,Rowan,O'Toole,14,14,893,0,0,0,0,0,0,0,0,,,25,1.68,103,0.805,3
fh_2ac01ae04203,Rhyan,Rish,14,14,862,0,0,0,9,6,0,0,0,,,,,,,
fh_b9b84a34b5ce,Abby,Robords,14,1,169,0,0,0,2,1,0,0,0,,,,,,,
fh_b7009218a3bd,Nadya,Shenk,6,0,11,0,0,0,0,0,0,0,0,,,,,,,
fh_4c2e81c75c99,Ava,Michael,19,19,1141,18,5,41,67,44,5,2,2,,,,,,,
fh_dc435cccc6c4,Caroline,Martin,18,18,972,11,3,25,48,31,0,0,0,,,,,,,
fh_421f799746ea,Kelsy,McClintock,19,19,1154,8,5,21,64,24,2,0,0,,,,,,,
fh_5f7c03aece40,Sofia,Mollura,19,19,1158,2,5,9,9,3,0,0,1,,,,,,,
fh_78033a1cb9df,Matisyn,Derkacs,19,2,399,2,2,6,7,6,0,0,0,,,,,,,
fh_8eb534f0a534,Alessandra,Stevens,18,0,436,2,2,6,11,6,0,0,0,,,,,,,
fh_683a7f2e9981,Lillian,Case,19,19,1163,1,1,3,12,6,1,0,0,,,,,,,
fh_18ebc0a2928d,Jennah,Hershberger,19,19,1090,0,1,1,3,2,0,0,0,,,,,,,
fh_adbe08f08fc2,Hadley,Lewicki,19,15,734,0,1,1,8,4,0,0,0,,,,,,,
fh_fef5edce129c,Carley,Mackert,15,3,264,0,1,1,1,0,0,0,0,,,,,,,
fh_5fcfd9482ec3,Sarah,Schaffer,19,19,1179,0,1,1,7,2,0,0,1,,,,,,,
fh_8eae7973a820,Kiera,Anspach,5,0,58,0,0,0,0,0,0,0,0,,,,,,,
fh_1b4530d2460a,Zoe,Caloviras,16,15,932,0,0,0,0,0,0,0,0,,,24,1.58,79,0.767,0
fh_50c77e10b6a6,Jaden,Fox,8,0,68,0,0,0,2,1,0,0,0,,,,,,,
fh_236afc5121d4,Katelyn,Goodwin,19,19,1000,0,0,0,4,0,0,0,0,,,,,,,
fh_22985a67ac01,Ana,Jones,19,19,1054,0,0,0,2,2,0,0,0,,,,,,,
fh_7db19b3c68c1,Jazmin,Mayfield,7,4,247,0,0,0,0,0,0,0,0,,,10,2.24,27,0.73,0
fh_e10d40cefacf,Natalie,Parent,13,0,194,0,0,0,5,2,0,0,0,,,,,,,
fh_51ba0dcd0bea,Mackenzie,Clark,18,17,,7,2,16,42,21,1,0,0,,,,,,,
fh_18e55e365221,Kyra,Moyer,18,18,,4,1,9,24,12,1,1,1,,,,,,,
fh_6963dbdb83a6,Addison,Cieri,12,9,,1,2,4,6,5,0,0,0,,,,,,,
fh_aa93c92db4c9,Megan,Sladish,15,9,,2,0,4,3,3,0,0,0,,,,,,,
fh_75ee0c1913e7,Ashley,Avington,15,6,,1,1,3,3,2,0,0,0,,,,,,,
fh_c24c22ba9919,Gianna,Shirlow,12,9,,1,1,3,5,3,1,0,1,,,,,,,
fh_5e1fc45981cd,Dylan,Snyder,9,9,,1,1,3,6,3,0,0,0,,,,,,,
fh_7350da4ec88f,Sophia,Dwyer,18,15,,1,0,2,3,2,1,0,0,,,,,,,
fh_3321d469776b,Ava,O'Connor,18,18,,0,2,2,11,5,0,0,0,,,,,,,
fh_e84b1dbaeca9,Lindsey,Beattie,12,4,,0,1,1,4,3,0,0,0,,,,,,,
fh_20249643f217,Breyona,Velez,15,9,,0,1,1,0,0,0,0,0,,,,,,,
fh_ab35d3b3d780,Mackenzie,Connell,7,0,,0,0,0,0,0,0,0,0,,,,,,,
fh_300c8709fa4c,Anna,Doblovosky,18,15,,0,0,0,0,0,0,0,0,,,45,3.49,125,0.735,2
fh_dfbea7e1bdaa,Molly,Durkin,3,0,,0,0,0,0,0,0,0,0,,,,,,,
fh_ce83e01ce779,Callie,Falzone,16,12,,0,0,0,8,2,0,0,0,,,,,,,
fh_0efd6b21213b,Sophia,Hathaway,18,18,,0,0,0,1,0,0,0,0,,,,,,,
fh_f17066fbdf2d,Madison,Kubicz,12,3,,0,0,0,0,0,0,0,0,,,17,3.41,34,0.667,0
fh_7e08f59b1410,Samantha,Marrone,8,0,,0,0,0,0,0,0,0,0,,,,,,,
fh_d63b1db2cfa2,Audrey,Moreno,1,0,,0,0,0,0,0,0,0,0,,,,,,,
fh_5d37a38a1260,Erin,Parrett,2,0,,0,0,0,0,0,0,0,0,,,3,23.89,0,0.0,0
fh_62d1d5041982,Avery,Patterson,17,8,,0,0,0,8,6,0,0,0,,,,,,,
fh_a0715d09d0a9,A'Brianna,Smith,4,0,,0,0,0,0,0,0,0,0,,,,,,,
fh_cb3b48ea32d4,Jenna,Talbot,1,0,,0,0,0,0,0,0,0,0,,,,,,,
fh_3ae8ee6ffbe8,Elaina,Washburn,18,18,,0,0,0,5,4,0,0,0,,,,,,,
fh_4130b5890070,Caroline,DiGiovanni,24,24,1366,25,0,50,127,79,8,0,0,,,,,,,
fh_1be8a2882089,Penny,Baroni,23,23,1410,11,7,29,97,48,5,4,4,,,,,,,
fh_d65d797df446,Grace,Mullaney,22,21,1281,4,8,16,14,12,1,0,0,,,,,,,
fh_b7145d116a07,Laney,Reed,21,21,1211,6,0,12,29,22,5,0,0,,,,,,,
fh_e38cf654d09a,Ashley,Braren,23,2,199,5,1,11,17,13,0,0,0,,,,,,,
fh_232ec1df9855,Alex,Michelotti,24,24,1399,3,5,11,18,11,1,0,0,,,,,,,
fh_2038f4533f27,Charlotte,Roe,24,11,706,1,5,7,8,3,0,0,0,,,,,,,
fh_81bbc9d752df,Helen,DiGiovanni,24,0,65,2,1,5,12,10,1,0,0,,,,,,,
fh_d7a4a27d2267,Anna,Bonazzoli,24,24,1476,1,2,4,21,11,0,0,0,,,,,,,
fh_effc9bc76215,Lauren,Golden,24,24,1463,2,0,4,2,2,0,1,1,,,,,,,
fh_d69872ebd8b5,Emma,Smith,23,23,1390,2,0,4,16,3,1,0,0,,,,,,,
fh_ba0de0b20d4e,Lauren,Knight,14,1,99,1,1,3,12,8,0,0,0,,,,,,,
fh_213ea05a31d8,Ally,Antonacci,11,0,94,1,0,2,3,2,0,0,0,,,,,,,
fh_06fd35e7132f,Lilly,Goettsche,9,0,75,1,0,2,2,1,0,0,0,,,,,,,
fh_c0ffa68f4020,Aurielle,Wolf,4,0,4,1,0,2,1,1,0,0,0,,,,,,,
fh_704b234b3854,Jenny,Purtell,5,0,43,0,1,1,1,1,0,0,0,,,,,,,
fh_3478124d79a1,Taylor,Shoflick,23,15,971,0,1,1,10,4,0,0,0,,,,,,,
fh_e82c989fedda,Josie,Ashton,3,1,60,0,0,0,0,0,0,0,0,,,3,1.5,2,0.4,0
fh_542618ed714e,Sanne,van der Goes,24,24,1470,0,0,0,6,3,0,0,0,,,,,,,
fh_ef1fbc754ec1,Brooke,Jankowski,5,0,0,0,0,0,0,0,0,0,0,,,,,,,
fh_56eba316c118,Samantha,Kelly,4,0,14,0,0,0,0,0,0,0,0,,,,,,,
fh_0e92ca014f24,Kate,Milbourn,2,0,2,0,0,0,0,0,0,0,0,,,,,,,
fh_d0ea7c4a40cb,Caroline,Powell,6,0,0,0,0,0,1,1,0,0,0,,,,,,,
fh_b46a906672e6,Kayla,Rice,7,1,71,0,0,0,0,0,0,0,0,,,,,,,
fh_ba727aba3a3c,Leesie,Sohn,1,0,0,0,0,0,0,0,0,0,0,,,,,,,
fh_61f22180282a,Madison,Tibbals,23,23,1416,0,0,0,0,0,0,0,0,,,19,0.84,76,0.8,9
fh_2ff693b19d2c,Betty,Weber,3,1,64,0,0,0,0,0,0,0,0,,,,,,,
fh_7331f51460e9,Brooke,Willey,3,0,2,0,0,0,1,1,0,0,0,,,,,,,
fh_351e8fa50185,Emily,Ferguson,18,18,,15,10,40,56,46,3,2,3,,,,,,,
fh_daebebdf25a1,Mackay,Bommer,18,18,,10,3,23,36,25,3,0,0,,,,,,,
fh_88518550c493,Hannah,Balmelli,18,18,,9,1,19,36,26,1,0,0,,,,,,,
fh_b159046254aa,Maddie,Mrva,18,18,,3,6,12,51,29,0,0,0,,,,,,,
fh_a7e27c5435eb,Clara,Noyes,18,18,,2,5,9,29,18,1,0,0,,,,,,,
fh_bc48e872d78c,Ella,Davies,15,10,,3,2,8,7,4,1,0,0,,,,,,,
fh_fc92abc79db7,Fei,Yang-Sady,18,0,,3,2,8,12,7,0,0,0,,,,,,,
fh_38dec53b9b2f,Andrea,DiTeodoro,18,18,,1,1,3,7,3,1,0,0,,,,,,,
fh_5d314321fe33,Katie,Athanasoulas,14,0,,1,0,2,6,6,0,0,0,,,,,,,
fh_4dc194303d3f,Charlotte,Crawford,18,18,,0,2,2,5,4,0,0,0,,,,,,,
fh_779a47753a3c,Celino,Eto,17,0,,1,0,2,4,3,0,0,0,,,,,,,
fh_19d6e19483cb,Lily,Clifford,18,18,,0,1,1,2,2,0,0,0,,,,,,,
fh_3dc1befbf5c7,Daisy,Botkin,8,5,,0,0,0,0,0,0,0,0,,,,,,,
fh_df2e0a1144d7,Evelyn,Clemens,7,0,,0,0,0,1,0,0,0,0,,,,,,,
fh_d6575ce63178,Eva,Filipponi,6,0,,0,0,0,0,0,0,0,0,,,0,0.0,2,1.0,0
fh_e530d304da33,Elizabeth,Kent,2,0,,0,0,0,0,0,0,0,0,,,,,,,
fh_0f4c2939cf52,Jayna,Khatti,13,3,,0,0,0,0,0,0,0,0,,,,,,,
fh_19e7506d6b90,Izzy,Kittredge,1,0,,0,0,0,0,0,0,0,0,,,,,,,
fh_6d66146dd657,Victoria,Lynn,7,0,,0,0,0,0,0,0,0,0,,,,,,,
fh_7d031ebf1f45,Lauren,O'Donald,18,18,,0,0,0,0,0,0,0,0,,,30,1.71,79,0.725,2
fh_b829581ed7cc,Isabella,Packard,1,0,,0,0,0,0,0,0,0,0,,,,,,,
fh_afe6ace15417,Melissa,Shunk,18,18,,0,0,0,0,0,0,0,0,,,,,,,
fh_4372d47f26da,Allie,Straub,6,0,,0,0,0,1,1,0,0,0,,,,,,,
fh_bb8b4ba75b69,Kylie,Amberger,18,17,,5,5,15,26,13,3,0,0,,,,,,,
fh_eba18b7d39a7,Mollie,Best,18,18,,5,0,10,17,12,1,0,0,,,,,,,
fh_3cd80beebf26,Carynn,Klingler,18,18,,2,3,7,51,22,0,0,1,,,,,,,
fh_6d77f100ea16,Jade,Buckles,17,17,,2,2,6,10,7,0,1,1,,,,,,,
fh_cf21486f0941,Lexi,Francis,17,8,,3,0,6,22,14,0,0,0,,,,,,,
fh_45b5f471d61b,Autumn,Just,18,5,,3,0,6,10,8,1,0,0,,,,,,,
fh_c7ba28ff0e40,Abigail,Mundhenk,17,3,,3,0,6,7,5,1,0,0,,,,,,,
fh_807a56784cb9,Maylynn,Watson,18,6,,2,2,6,13,10,0,0,0,,,,,,,
fh_5f8554045869,Olivia,Ohleger,17,10,,2,0,4,7,6,0,0,0,,,,,,,
fh_897335d0878e,Casey,Grell,18,17,,1,1,3,8,4,0,0,0,,,,,,,
fh_808c1959e8e8,Natalie,Stock,18,10,,1,1,3,8,4,1,0,0,,,,,,,
fh_24e924277936,Emily,Dickinson,6,0,,1,0,2,7,5,0,0,0,,,,,,,
fh_afdfa0890ef4,Sara,Lesnik,9,1,,1,0,2,3,3,0,0,0,,,,,,,
fh_24669ed1c5c6,Kiley,Parker,17,7,,1,0,2,11,3,1,0,0,,,,,,,
fh_e0614f3feac0,Mackenzie,Buckley,12,3,,0,0,0,1,0,0,0,0,,,,,,,
fh_5e442a6cb8de,Riley,Chandler,18,18,,0,0,0,4,1,0,0,0,,,,,,,
fh_f83b05359145,Destiny,Joseph,15,14,,0,0,0,0,0,0,0,0,,,,,,,
fh_1c0da1f54ea7,Carly,Lindley,17,8,,0,0,0,2,0,0,0,0,,,,,,,
fh_7f9dff82a136,Madalyn,Miller,18,3,,0,0,0,0,0,0,0,0,,,17,1.77,64,0.79,0
fh_47c7310e4ac9,Ashley,Nau,18,15,,0,0,0,0,0,0,0,0,,,13,1.44,49,0.79,0
fh_57517814d240,Josie,Wilson,5,0,,0,0,0,0,0,0,0,0,,,,,,,
fh_8a0ebd620506,Lucie,Burgess,18,18,,6,1,13,38,27,1,0,0,,,,,,,
fh_ccde782a4709,Maggie,Barilla,18,18,,5,2,12,40,27,1,2,2,,,,,,,
fh_8374b6afef40,Leya,Patel,18,18,,4,4,12,30,23,2,0,0,,,,,,,
fh_676ea6eef35f,Carrie,Povich,18,15,,3,3,9,8,6,1,0,0,,,,,,,
fh_5388d41fff1d,Annick,van Blerkom,18,18,,2,4,8,17,13,1,0,0,,,,,,,
fh_e9bb2e94af6d,Rachel,Ofner,16,7,,2,1,5,6,5,1,0,0,,,,,,,
fh_92badf5bbc92,Delia,Angulo Chen,17,15,,1,2,4,9,6,0,0,0,,,,,,,
fh_47e3ac55d284,Mary,Stronach,18,2,,1,2,4,9,5,0,0,0,,,,,,,
fh_cfe332724ebf,Lauren,Barlow,8,3,,1,1,3,9,6,0,0,0,,,,,,,
fh_29f3494a4d88,Ilona,Bender,18,0,,1,1,3,6,6,0,0,0,,,,,,,
fh_cdd702c76c48,Addison,Graupensperger,18,15,,1,1,3,21,14,0,0,0,,,,,,,
fh_ed17625e1321,Noor,Werndlij,18,17,,0,3,3,6,5,0,0,0,,,,,,,
fh_4ce9d662e3d8,Camille,Heynen,18,0,,1,0,2,5,2,0,0,0,,,,,,,
fh_05cfcb991251,Charlene,Basque,18,18,,0,0,0,0,0,0,0,0,,,29,1.6,108,0.788,2
fh_43473f5bc3e5,Sophie,Chung,18,18,,0,0,0,1,1,0,0,0,,,,,,,
fh_4dda63615e20,Natasha,Ring,14,1,,0,0,0,0,0,0,0,0,,,,,,,
fh_b4bd693f1249,Claire,Stolarski,18,0,,0,0,0,3,1,0,0,0,,,,,,,
fh_28a7e82e3dd8,Julia,Ward,14,0,,0,0,0,0,0,0,0,0,,,,,,,
fh_74c5ea70a170,Zoe,Woon,17,15,,0,0,0,0,0,0,0,0,,,,,,,
fh_3527f8624171,Olivia,Wanner,13,13,762,3,2,8,28,21,1,0,0,,,,,,,
fh_0fb2db8acad3,Olivia,Horninger,16,16,965,2,2,6,23,15,0,0,0,,,,,,,
fh_5df35664a61a,Gracie,Domingo-Whitfield,16,11,751,2,0,4,11,7,0,0,0,,,,,,,
fh_9a814b1acea3,Maddie,Farace,14,9,619,2,0,4,9,8,1,0,0,,,,,,,
fh_0e529123ef3c,Olivia,Moyer,16,14,650,2,0,4,7,4,1,0,0,,,,,,,
fh_9fdfbb7e5972,Sarah,Westphal,12,4,414,1,0,2,2,2,0,0,0,,,,,,,
fh_b93da6503b10,Taylor,Dotter,16,15,894,0,1,1,3,3,0,0,0,,,,,,,
fh_ae5f0c928be7,Reagan,Ferst,16,16,984,0,0,0,7,3,0,0,0,,,,,,,
fh_724978596e04,Courtney,Gibbons,16,16,916,0,0,0,1,1,0,0,0,,,,,,,
fh_4f1480f733bd,Shelby,Heater,16,16,989,0,0,0,0,0,0,0,0,,,42,2.55,138,0.767,2
fh_b71dbfdf7e58,Sydney,Jeker,16,16,974,0,0,0,21,8,0,0,0,,,,,,,
fh_62a2983133f6,Carly,Piciullo,16,16,979,0,0,0,6,2,0,0,0,,,,,,,
fh_34e04bb47344,Zoe,Roth,14,14,810,0,0,0,1,1,0,0,0,,,,,,,
fh_d8b9e21fe892,Alison,Kopec,19,19,1135,7,10,24,91,39,1,0,0,,,,,,,
fh_985ef97722b8,Olivia,Bass,19,19,1125,9,3,21,30,24,2,0,0,,,,,,,
fh_67ea658572a8,Jenna,Beauchain,18,18,1080,8,2,18,10,9,1,4,4,,,,,,,
fh_291757777abf,Morgan,Brown,19,19,1062,9,0,18,72,40,3,0,0,,,,,,,
fh_78a87a699741,Elizabeth,Cacciapaglia,19,19,1129,7,4,18,84,40,1,0,0,,,,,,,
fh_bfc6dc811023,Sedona,Lee,19,19,1080,5,3,13,28,20,1,0,0,,,,,,,
fh_f0b2a4054b70,Katelyn,Towne,19,19,1135,1,1,3,18,8,1,0,0,,,,,,,
fh_66d233f5d368,Cassidy,Cloutier,17,17,970,0,2,2,5,5,0,0,0,,,,,,,
fh_1a820baa7062,Carys,Mitchell,19,19,1099,1,0,2,15,7,0,0,0,,,,,,,
fh_8face027b4e0,Kelsey,Gallaway,13,3,337,0,0,0,3,1,0,0,0,,,,,,,
fh_cc4967637a3b,Lily,Gill,4,0,47,0,0,0,0,0,0,0,0,,,,,,,
fh_eaaac0d204d1,Camilla,Lennon,3,0,34,0,0,0,0,0,0,0,0,,,,,,,
fh_7e68b2dac1a0,Emma,Macintire,19,19,1091,0,0,0,0,0,0,0,0,,,,,,,
fh_62ec30a1f42e,Rachel,Reiter,16,11,750,0,0,0,0,0,0,0,0,,,38,2.81,117,0.755,1
fh_359d4c57c5d2,Karyna,Rondeau,5,0,82,0,0,0,0,0,0,0,0,,,,,,,
fh_fcdf25cb9c67,Loren,Root,8,8,450,0,0,0,0,0,0,0,0,,,2,0.36,30,0.938,2
fh_1cbe120c773b,Brooke,Farquhar,19,19,1096,28,13,69,94,55,5,0,0,,,,,,,
fh_9ad3fa30154a,Jillian,Fredette,19,19,1024,12,15,39,48,38,1,0,0,,,,,,,
fh_e692f7f1402d,Cecilia,Ponzini,19,19,1147,9,4,22,41,29,2,0,0,,,,,,,
fh_6ae19f7a3410,Abby,Olden,19,18,718,6,9,21,36,27,1,0,0,,,,,,,
fh_c63b333ffc0d,Zoe,Dries,17,2,376,7,0,14,12,10,0,0,0,,,0,0.0,0,0.0,0
fh_1d096019ccf5,Taylor,Gaudette,15,15,741,4,3,11,14,10,1,0,0,,,,,,,
fh_ca5f2a759714,Kylie,Walden,19,16,758,3,3,9,7,5,0,0,0,,,,,,,
fh_9c97f62d032f,Ava,Bennett,16,14,857,2,1,5,7,5,1,0,0,,,,,,,
fh_5d9f5707fb69,Reese,Holcomb,17,2,406,2,1,5,5,3,0,0,0,,,,,,,
fh_ad0a448b3f09,Mikayla,Thornton,16,15,868,2,1,5,8,5,1,1,2,,,,,,,
fh_7e6aed43fbf5,Luci,Walden,16,0,274,0,3,3,9,5,0,0,0,,,,,,,
fh_a5ee5349dc35,Olivia,Watson,7,0,86,1,0,2,2,2,0,0,0,,,,,,,
fh_c11e9f60cd82,Aili,Carney,16,16,862,0,1,1,2,1,0,0,0,,,,,,,
fh_d7466e4ca796,Sophia,McAdams,19,6,469,0,1,1,1,0,0,0,0,,,,,,,
fh_eaa9c89f1ab2,Grey,McDonald,13,6,316,0,1,1,2,1,0,0,0,,,,,,,
fh_a760a550c502,Ashley,Pelletier,10,0,112,0,1,1,3,1,0,0,0,,,,,,,
fh_8c98be1fedff,Addy,Araneo,10,6,403,0,0,0,0,0,0,0,0,,,7,1.04,45,0.865,3
fh_37b7993e5870,Ashlee,Blashock,13,12,718,0,0,0,0,0,0,0,0,,,22,1.88,85,0.794,0
fh_269813d6688b,Claire,Stroshine,9,1,77,0,0,0,1,0,0,0,0,,,,,,,
fh_0be8012c0f0a,Aubrey,Fischer,2,0,7,0,0,0,0,0,0,0,0,,,,,,,
fh_27fac1693b0a,Reagan,Fischer,4,0,30,0,0,0,1,1,0,0,0,,,,,,,
fh_71de70cbbfa8,Emily,Fredette,2,0,20,0,0,0,0,0,0,0,0,,,,,,,
fh_f99973594853,Brianna,Ter Horst,2,0,4,0,0,0,0,0,0,0,0,,,,,,,
fh_89435e05a43d,Sophie,Krauss,2,0,15,0,0,0,0,0,0,0,0,,,0,0.0,2,1.0,0
fh_7e09e892b9b7,Jocelyne,Lampron,10,6,390,0,0,0,0,0,0,0,0,,,,,,,
fh_6c9a2986345b,Paige,Trombly,18,15,962,0,0,0,1,0,0,0,0,,,,,,,
fh_b313571170ad,Charlie,Coln,15,13,785,2,1,5,10,9,2,0,0,,,,,,,
fh_94b2d8ea03fa,Kaitlin,Baylen,13,13,727,2,0,4,22,13,1,0,0,,,,,,,
fh_d4b1c89eb52b,Maddie,Rider,15,9,602,2,0,4,5,4,0,0,0,,,,,,,
fh_e722c16e14bf,Katelyn,Cardinale,15,15,931,0,3,3,17,9,0,0,0,,,,,,,
fh_8488b56eb23d,Hannah,Lawson,14,9,644,1,0,2,2,1,0,0,0,,,,,,,
fh_43b30685513d,Katie,Quirke,13,13,764,1,0,2,13,10,1,0,0,,,,,,,
fh_2c8b654ca8b0,Bente,Scheeres,14,3,226,0,1,1,3,2,0,0,0,,,,,,,
fh_5eb7dd898c6b,Anna,Washburn,14,14,858,0,1,1,1,0,0,0,0,,,,,,,
fh_fb4a072f6dc6,Carlijn,van der Bend,9,4,362,0,0,0,0,0,0,0,0,,,19,3.02,49,0.721,1
fh_aa88c6a770cb,Parks,Cawthray,13,11,569,0,0,0,0,0,0,0,0,,,29,3.14,91,0.758,1
fh_cf96fc28678b,Naomi,Little,15,14,912,0,0,0,16,6,0,0,0,,,,,,,
fh_9548935280af,Leah,Mouganis,15,15,931,0,0,0,3,3,0,0,0,,,,,,,
fh_3cbd13272e04,Emily,Robertson,15,15,925,0,0,0,6,2,0,0,0,,,,,,,
fh_f5246c637acd,Bella,Vandeloecht,15,15,931,0,0,0,7,5,0,0,0,,,,,,,
fh_7f3f2a276327,Bridget,McGann,15,15,875,9,1,19,55,30,2,0,1,,,,,,,
fh_60e04f2f9662,Katie,Dolan,15,15,848,5,1,11,13,10,1,2,3,,,,,,,
fh_6b181f4801c5,Elizabeth,Bonner,15,15,730,4,2,10,26,17,1,0,0,,,,,,,
fh_939dca074245,Sadie,Gearan,14,10,479,2,5,9,36,17,0,0,0,,,,,,,
fh_7d618f4ae5d6,Margaret,Sadak,13,3,258,3,2,8,7,5,0,0,0,,,,,,,
fh_19b6e3170d31,Serena,Moore,15,15,852,2,3,7,6,6,0,0,0,,,,,,,
fh_e9ceecdc06c3,Maddie,Mason,13,12,642,2,2,6,22,10,0,0,0,,,,,,,
fh_2f7b95be54fc,Meredith,du Four,15,15,800,1,3,5,3,2,1,0,0,,,,,,,
fh_77f2568d07f6,Kellyn,Scheel,14,8,571,2,0,4,25,12,0,0,0,,,,,,,
fh_c79be964c921,Megan,Pons,15,15,874,1,1,3,3,3,1,0,0,,,,,,,
fh_c8e8f8eb95fe,Alex,Flynn,11,0,210,1,0,2,4,3,0,0,0,,,,,,,
fh_b4f3b9dea70e,Sophia,Stevens,5,0,79,1,0,2,6,4,0,0,0,,,,,,,
fh_3db9eee936be,Frances,Brisbane,4,0,54,0,0,0,0,0,0,0,0,,,,,,,
fh_26df261762dd,Isabella,Carnall,15,15,909,0,0,0,0,0,0,0,0,,,39,2.58,87,0.69,0
fh_5ef11f7b571b,Ellie,Costanza,1,0,7,0,0,0,0,0,0,0,0,,,,,,,
fh_383429cb8768,Emily,Kulpa,4,0,62,0,0,0,0,0,0,0,0,,,,,,,
fh_16ba03fa15ee,Holly,Levasseur,7,0,127,0,0,0,0,0,0,0,0,,,,,,,
fh_969edab3d6cd,Lilly,Moore,15,15,829,0,0,0,0,0,0,0,0,,,,,,,
fh_57cb7ad33e99,Isabelle,Steiner,11,8,508,0,0,0,3,3,0,0,0,,,,,,,
fh_907673cf6bff,Reese,Ziegler,14,3,257,0,0,0,4,3,0,0,0,,,,,,,
fh_3fdb2a631a9c,Sydnee,Ramos,24,24,1389,26,10,62,171,99,2,0,0,,,,,,,
fh_986f075f7fa7,Emily,Yazzetti,24,24,1393,20,22,62,128,71,4,2,2,,,,,,,
fh_605f1086b1c0,Emma,Gragen,15,10,731,10,6,26,34,22,3,0,0,,,,,,,
fh_5a7946926651,Katrina,Lee,24,22,1135,11,4,26,26,22,5,0,0,,,,,,,
fh_cd589d3bc7f1,Emily,Kilpatrick,24,24,1402,8,4,20,22,19,1,0,0,,,,,,,
fh_d2a9600f684a,Shea,Cassani,22,21,1270,3,1,7,8,6,0,1,1,,,,,,,
fh_bb15de10c6c1,Jadyn,Crowell,24,23,1208,1,2,4,10,5,0,0,0,,,,,,,
fh_b143be827f8d,Emma,Mock,17,16,883,2,0,4,3,3,0,1,1,,,,,,,
fh_a10d7654826c,Kelsey,Blair,24,21,1243,1,1,3,7,3,0,0,0,,,,,,,
fh_ff4dbe70a76a,Alexyss,Baird,10,0,125,1,0,2,6,4,1,0,0,,,,,,,
fh_0bd39fe26c4f,Jordan,Boelig,24,24,1288,0,2,2,7,5,0,0,0,,,,,,,
fh_e63b502295c3,Ella,Belanger,11,0,99,0,0,0,2,0,0,0,0,,,,,,,
fh_77df3c71c7fa,Sara,Gardner,21,16,1019,0,0,0,0,0,0,0,0,,,38,2.31,147,0.795,2
fh_2e2b81538e3d,Keira,Houdegbe,24,21,1301,0,0,0,2,2,0,0,0,,,,,,,
fh_2be119f202d5,Sophia,Klanchesser,11,0,179,0,0,0,2,0,0,0,0,,,,,,,
fh_13b2ec354c75,Emma,McNamara,22,7,657,0,0,0,1,0,0,0,0,,,,,,,
fh_73c6c2ed9390,Allie,Stockwell,12,7,345,0,0,0,0,0,0,0,0,,,12,1.92,24,0.667,0
fh_8c62aa587e80,Hailey,Sykes,3,1,90,0,0,0,0,0,0,0,0,,,1,0.67,4,0.8,1
fh_c249bed240cb,Emma,Gebhart,19,19,962,22,9,53,90,61,5,0,0,,,,,,,
fh_37c348632db7,Lulu,Keil,19,19,888,11,5,27,42,30,5,0,0,,,,,,,
fh_c95bf13f7a38,Helen,Breen,19,18,719,4,2,10,20,11,1,0,0,,,,,,,
fh_eedc82250c04,Lila,Smith,19,18,845,4,2,10,24,17,1,0,2,,,,,,,
fh_7762dc2bb4da,Reilly,Desmond,17,10,592,4,1,9,13,10,0,0,0,,,,,,,
fh_613e09d5ab1c,Madden,Phelps,17,0,326,4,1,9,11,8,0,0,0,,,,,,,
fh_9bffb4837b60,Maddie,Gaines,17,6,487,3,2,8,10,9,0,0,0,,,,,,,
fh_d207f6ae76c6,Rachel,Gilio,19,19,992,2,2,6,6,4,0,0,0,,,,,,,
fh_4e3941a12452,Slater,Boos,4,0,61,2,1,5,3,2,0,0,0,,,,,,,
fh_738d7821d4d1,Katherine,Flanagan,18,3,546,2,1,5,13,9,0,0,0,,,,,,,
fh_f37d4bb9e29c,Nina,Casingal,19,19,699,1,2,4,11,7,0,1,2,,,,,,,
fh_74fbdc81f020,Claire,Willoughby,13,0,295,1,0,2,11,9,0,0,0,,,,,,,
fh_202801424733,Tabitha,Chandler,19,19,1119,0,1,1,5,4,0,0,0,,,,,,,
fh_5294646c4732,Carter,Davis,19,18,1042,0,1,1,0,0,0,0,0,,,,,,,
fh_627cbfd8485b,Caroline,Struzziero,10,0,156,0,1,1,2,1,0,0,0,,,,,,,
fh_b484bb6b44ad,Bella,Thoms,19,19,1030,0,1,1,3,2,0,0,0,,,,,,,
fh_b1edde4c41d4,Lillian,Boes,4,0,73,0,0,0,0,0,0,0,0,,,,,,,
fh_f1bb8c9beb45,Megan,Edwards,18,2,548,0,0,0,1,0,0,0,0,,,,,,,
fh_3d2d9071b4e3,Therese,Lucian,19,19,1150,0,0,0,0,0,0,0,0,,,22,1.15,68,0.756,8
fh_0af0e119fa9a,Jasmijn,van Wijk,3,0,48,0,0,0,0,0,0,0,0,,,,,,,
fh_05be125c16ed,Hailey,Nowak,17,17,972,19,8,46,80,45,7,1,2,,,,,,,
fh_4fb8ddd2b6b5,Ellie,Lochhead,17,17,860,6,5,17,33,18,0,1,1,,,,,,,
fh_8962acc51eb8,Rosie,Ondrla,17,3,402,5,3,13,20,17,1,0,0,,,,,,,
fh_dd7d6f89f911,Maggie,Volpe,17,17,944,2,6,10,51,28,1,0,0,,,,,,,
fh_e98b82b861b7,Ashley,Appleby,16,3,379,4,0,8,6,5,0,0,0,,,,,,,
fh_b9c0b52788de,Ella,Morris,17,17,993,2,4,8,7,4,0,0,0,,,,,,,
fh_e024b438a172,Ella,Mickey,17,17,782,2,3,7,13,5,0,0,0,,,,,,,
fh_646213db61cb,Hannah,Zaiser,16,0,183,3,0,6,5,5,0,0,0,,,,,,,
fh_27949a9663e1,Ella,Harms,17,16,772,2,1,5,7,5,1,0,0,,,,,,,
fh_d43b47b0d38a,Ava,Gallagher,12,0,106,2,0,4,6,4,0,0,0,,,,,,,
fh_ef1c5dc39da0,Tiala,Ortega,17,13,677,2,0,4,9,9,0,0,0,,,,,,,
fh_82fc1e20ab83,Sophie,Flynn,17,7,318,0,2,2,11,6,0,0,0,,,,,,,
fh_6392ca3c1d40,Helen,Harpenau,17,16,852,1,0,2,1,1,0,1,1,,,,,,,
fh_4db3778fb248,Anna,Marks,17,17,808,0,1,1,2,2,0,0,0,,,,,,,
fh_c7acd8e0f871,Sophie,Schirmacher,8,0,36,0,1,1,1,0,0,0,0,,,,,,,
fh_a43728638f92,Sydney,Commo,6,0,4,0,0,0,3,3,0,0,0,,,,,,,
fh_0e5fa8d8c7cf,Claire,Dixon,4,0,27,0,0,0,0,0,0,0,0,,,,,,,
fh_29f7e7946c20,Jane,Fishback,12,0,114,0,0,0,1,0,0,0,0,,,,,,,
fh_93261421883d,Charlotte,Hood,16,9,709,0,0,0,0,0,0,0,0,,,,,,,
fh_7bbaf2ed7fc7,Tea,Jerro,13,2,279,0,0,0,0,0,0,0,0,,,9,1.31,26,0.743,0
fh_59fddbd824e4,Sally,Leithauser,9,0,83,0,0,0,1,1,0,0,0,,,,,,,
fh_3242d7635778,Lauren,McGauley,13,0,187,0,0,0,0,0,0,0,0,,,,,,,
fh_c9c3ff058eef,Brooke,Morgan,7,0,50,0,0,0,0,0,0,0,0,,,,,,,
fh_0fef4233b557,Olivia,Streifel,15,15,779,0,0,0,0,0,0,0,0,,,19,1.9,31,0.62,0
fh_c20f71ed637d,Brynn,Balliet,19,19,917,10,5,25,41,32,3,0,0,,,,,,,
fh_e98eaf402364,Stephanie,Pallante,19,18,897,7,3,17,45,28,0,0,2,,,,,,,
fh_2804d58a4456,Morgan,Benner,19,19,1158,5,1,11,13,11,1,2,2,,,,,,,
fh_1fca1eb566f4,Brooke,Sodl,19,4,626,4,1,9,27,18,0,0,0,,,,,,,
fh_e6843a3590fd,Mia,Carder,19,17,952,1,5,7,24,12,1,0,1,,,,,,,
fh_8a8c850f1b89,Abigail,Antipas,19,19,964,2,1,5,47,26,0,1,2,,,,,,,
fh_eaff66773916,Alina,Culver,18,18,989,2,0,4,33,18,2,0,1,,,,,,,
fh_4b01dd615e7b,Sierra,Margut,19,17,1001,2,0,4,9,5,1,0,0,,,,,,,
fh_984918bd0f85,Jordyne,Stong,19,19,1135,1,1,3,27,15,0,0,0,,,,,,,
fh_458ef6dea87d,Nikki,Chiaradia,19,19,1136,1,0,2,13,9,0,0,0,,,,,,,
fh_ada5522103c8,Megan,McLain,19,2,486,1,0,2,8,5,0,0,0,,,,,,,
fh_1199165217a4,Aliyah,Negron,11,0,151,1,0,2,9,7,1,0,0,,,,,,,
fh_168f35f6059d,Meghan,Dahl,17,13,615,0,1,1,3,1,0,0,0,,,,,,,
fh_9e8b134e85aa,Melanie,Bimmer,2,0,24,0,0,0,0,0,0,0,0,,,,,,,
fh_6de1ccc9cc36,Gianna,Franceschino,9,6,422,0,0,0,0,0,0,0,0,,,,,,,
fh_d9b59111670d,Arianna,Renninger,3,0,14,0,0,0,0,0,0,0,0,,,,,,,
fh_dcd8e5becfd4,Alyssa,Schlossman,19,19,1022,0,0,0,0,0,0,0,0,,,40,2.35,111,0.735,
fh_b36ba47d542a,Lily,Trocki,5,0,134,0,0,0,0,0,0,0,0,,,2,0.9,4,0.667,
fh_cc2cc43dd15e,Amelia,Wehr,1,0,6,0,0,0,0,0,0,0,0,,,,,,,
fh_257dc3d32291,Nicole,Uebele,23,23,1145,9,6,24,58,40,2,0,2,,,,,,,
fh_396421e232de,Megan,McClure,23,23,1207,10,2,22,35,22,3,0,0,,,,,,,
fh_7f73105fe5df,Gillian,Rosenstock,23,21,1079,8,4,20,41,27,2,0,0,,,,,,,
fh_5ffc4a307a3f,Maggie,Carson,23,23,1372,7,3,17,16,14,4,0,0,,,,,,,
fh_9b7eebc253ec,Sophia,Pereira,23,23,1055,5,5,15,38,22,1,0,0,,,,,,,
fh_babf6770c414,Alex,Hackett,22,3,458,5,2,12,18,13,3,0,0,,,,,,,
fh_2488028fb31d,Erin,Liggio,21,20,1123,4,4,12,44,21,1,0,0,,,,,,,
fh_81e2fd2a2783,Natalie,Slusser,23,23,1409,2,8,12,28,12,1,2,3,,,,,,,
fh_86989425ec1e,Alexandra,Hockwitt,23,22,1297,2,6,10,33,15,0,0,0,,,,,,,
fh_b02c1c6be943,Ella,McTeague,6,0,56,1,0,2,3,2,0,0,0,,,,,,,
fh_4fed70b280eb,Calyn,Clements,22,22,1198,0,1,1,1,0,0,0,0,,,,,,,
fh_73b664307346,Caroline,Kirkpatrick,23,23,1252,0,1,1,7,5,0,0,0,,,,,,,
fh_ef8282bec5dd,Lucy,Brown,13,0,246,0,0,0,3,1,0,0,0,,,,,,,
fh_e5793fafbcb0,Kayla,Capuzzi,3,0,44,0,0,0,0,0,0,0,0,,,0,0.0,1,1.0,0
fh_54c7bb451d3c,Emmy,Chazen,5,0,128,0,0,0,1,1,0,0,0,,,,,,,
fh_305b469e8f06,Devon,Damminger,1,0,0,0,0,0,0,0,0,0,0,,,,,,,
fh_e59a4b716b34,Malena,Malka Goldman,21,1,348,0,0,0,4,3,0,0,1,,,,,,,
fh_49e8fab5a82d,Keira,Manning,3,0,66,0,0,0,0,0,0,0,0,,,,,,,
fh_67f976bb78a4,Taylor,Morrow,23,23,1365,0,0,0,0,0,0,0,0,,,25,1.1,97,0.795,8
fh_067b72b36053,Riley,Oakes,13,2,324,0,0,0,0,0,0,0,0,,,,,,,
fh_4778cadd10f9,Bella,Fini,19,19,1101,14,5,33,81,64,6,0,0,,,,,,,
fh_8640da3e4452,Emily,Caporrino,19,19,993,11,4,26,42,32,4,0,0,,,,,,,
fh_50ddf4219716,Chandler,Straub,19,19,785,7,4,18,17,12,0,0,0,,,,,,,
fh_863cba515a16,Liriana,Seferovic,19,19,1151,8,1,17,13,10,2,0,0,,,,,,,
fh_2db8ed203761,Karine,Johnson,19,0,524,3,3,9,18,12,0,0,0,,,,,,,
fh_239dfb13a372,Ellie,Kopec,19,19,1157,2,4,8,58,28,1,1,3,,,,,,,
fh_c652ddc06cfc,Zyen,Haynesworth,19,3,604,2,0,4,2,2,0,2,2,,,,,,,
fh_c50e8d9d1d4f,Emily,Monaco,17,17,830,0,4,4,18,10,0,0,0,,,,,,,
fh_c255d94e9950,Emma,Rider,19,19,1157,1,2,4,20,13,0,0,0,,,,,,,
fh_825ec5c45d2a,Elizabeth,Harbeson,19,4,657,0,1,1,6,2,0,0,0,,,,,,,
fh_f5f190fbe2f7,Caroline,Larsen,10,0,55,0,1,1,0,0,0,0,0,,,,,,,
fh_e1140bb11a63,Carolyn,Brown,18,16,955,0,0,0,1,0,0,0,0,,,,,,,
fh_9da47773ef25,Mackenzie,Cavalieri,5,0,34,0,0,0,0,0,0,0,0,,,,,,,
fh_794ae8b0de00,Natalie,D'Onofrio,19,17,664,0,0,0,1,0,0,0,0,,,,,,,
fh_338f0ce9edf3,Dominique,Flores,3,0,24,0,0,0,0,0,0,0,0,,,4,6.23,3,0.429,0
fh_6ad4e26f9d8b,Samantha,Izzo,19,19,802,0,0,0,0,0,0,0,0,,,,,,,
fh_5aba722d4edf,Beth,Kelly,19,19,1134,0,0,0,0,0,0,0,0,,,43,2.31,131,0.753,3
fh_c280a0196898,Julia,Stoff,6,0,42,0,0,0,1,1,0,0,0,,,,,,,
fh_adde04e9d274,Jada,Gibson,16,2,171,1,0,2,4,3,0,0,0,,,,,,,
fh_d72a344ad857,Jocelyn,Allanson,17,8,416,0,0,0,2,2,0,0,0,,,,,,,
fh_78df96fd88ce,Kristen,Andersen,16,4,339,0,0,0,3,0,0,0,0,,,,,,,
fh_9fb0ad5cb9ca,Sophia,Armato,17,17,1019,0,0,0,0,0,0,0,0,,,,,,,
fh_13628831b459,Terranie,Bennett,13,13,779,0,0,0,0,0,0,0,0,,,,,,,
fh_351a25fe685b,Eve,Detter,17,17,932,0,0,0,2,1,0,0,0,,,,,,,
fh_8a6209c8076b,Shay,Gough,17,17,1019,0,0,0,2,1,0,0,0,,,,,,,
fh_b5bc5ddc1c0c,Carter,Griffin,13,12,713,0,0,0,0,0,0,0,0,,,,,,,
fh_8a7c64b8a1de,Emma,Huante,17,17,1019,0,0,0,0,0,0,0,0,,,83,4.89,170,0.672,0
fh_f5b0f7be7702,Camryn,Lohr,16,16,916,0,0,0,13,5,0,0,0,,,,,,,
fh_04779ce10102,Nala,Nichols,2,0,30,0,0,0,0,0,0,0,0,,,,,,,
fh_ae655cba96e4,Kaylin,Ozuna,17,17,1007,0,0,0,3,0,0,0,0,,,,,,,
fh_d07d7aeeda6b,Ari,Smart,17,17,957,0,0,0,0,0,0,0,0,,,,,,,
fh_5b6dbba07b91,Katie,Tanous,13,12,711,0,0,0,3,0,0,0,0,,,,,,,
fh_0acd61e4e934,Joni,Wiederman,17,17,1017,0,0,0,10,4,0,0,0,,,,,,,
fh_5491123295e9,CJ,Summa,18,18,964,10,2,22,61,33,4,2,2,,,,,,,
fh_1bd7a32266c9,Karlee,Howard,17,17,825,9,3,21,57,31,2,0,0,,,,,,,
fh_5c21b62e594b,Morgan,Unruh,18,17,928,7,4,18,41,31,1,0,0,,,,,,,
fh_64cae51d771a,Kara,Frantz,17,17,979,2,4,8,17,7,1,0,0,,,,,,,
fh_3fa1712ae38b,Jenna,Reider,17,17,915,3,2,8,10,6,0,0,0,,,,,,,
fh_43637939436c,Ryhanna,Ridgeway,18,3,709,2,2,6,23,13,0,0,0,,,,,,,
fh_baa18c8aae84,Abby,Hakes,18,17,755,0,5,5,0,0,0,0,0,,,,,,,
fh_ab566f9e19b7,Braeley,DiGregorio,18,18,899,2,0,4,24,16,0,0,0,,,,,,,
fh_362731b7c4a7,Angelina,Ellis,7,0,72,1,0,2,3,3,0,0,0,,,,,,,
fh_6a4e44ffcf3b,Kacie,Agnew,18,18,887,0,1,1,5,3,0,0,0,,,,,,,
fh_8eeb8f31e3fc,Cameron,Brancato,11,0,243,0,1,1,3,0,0,0,0,,,,,,,
fh_bcabfd5babe7,Grace,Barnett,7,0,120,0,0,0,0,0,0,0,0,,,,,,,
fh_03834a4d9db1,Paige,Brouse,18,18,1018,0,0,0,1,1,0,0,0,,,,,,,
fh_a65d79c1732e,Alyssa,Caldini,16,9,566,0,0,0,1,0,0,0,0,,,,,,,
fh_8b58bf42bf66,Angelina,Catania,18,18,1028,0,0,0,0,0,0,0,0,,,51,3.08,159,0.757,1
fh_58e923a8ad95,Nevaeh,Greene,11,7,356,0,0,0,2,0,0,0,0,,,,,,,
fh_e97dcaa8d3f0,Madison,Groetsch,6,0,116,0,0,0,1,1,0,0,0,,,,,,,
fh_8a6cf4fe897f,Caitlyn,Kowalski,1,0,15,0,0,0,0,0,0,0,0,,,,,,,
fh_5317b31dd9a4,Grace,LoBiondo,5,0,46,0,0,0,0,0,0,0,0,,,,,,,
fh_15d445dc81ae,Gloria,Perez,5,0,83,0,0,0,0,0,0,0,0,,,,,,,
fh_28d4a0034319,Megan,Possinger,5,0,98,0,0,0,0,0,0,0,0,,,,,,,
fh_b97bab5a5e09,Julia,Potter,18,3,627,0,0,0,0,0,0,0,0,,,,,,,
fh_5a5ed47e29e6,Ayianna,Ridgeway,2,0,25,0,0,0,0,0,0,0,0,,,8,13.57,10,0.556,0
fh_b9bbef82a5a5,Christina,Unger,4,0,60,0,0,0,0,0,0,0,0,,,2,1.4,7,0.778,0
fh_706409465828,Caitlin,Ehlenfield,15,15,897,6,4,16,39,27,1,0,0,,,,,,,
fh_1747aa196a3e,Talia,Nash,15,15,914,6,2,14,35,25,2,2,2,,,,,,,
fh_138d5d71196b,Nicole,Luther,15,14,897,5,3,13,26,18,0,0,0,,,,,,,
fh_332959fdba10,Madison,Fleming,15,15,913,3,6,12,38,21,0,0,0,,,,,,,
fh_47c921ba27b2,Joah,Byers,10,1,144,1,0,2,1,1,0,0,0,,,,,,,
fh_f9a09756ce3d,Angelina,Caban,15,15,914,0,0,0,0,0,0,0,0,,,69,4.53,113,0.621,1
fh_ad583ecaa4a8,Peyton,DeMaio,15,15,905,0,0,0,12,9,0,0,0,,,,,,,
fh_ceeb462a80cf,Madilyn,Detschner,15,15,914,0,0,0,0,0,0,0,0,,,,,,,
fh_95b75fe090bf,Ashlee,Donahue,14,14,747,0,0,0,0,0,0,0,0,,,,,,,
fh_2309c0822d3f,Riley,Dutcher,15,15,906,0,0,0,12,7,0,0,0,,,,,,,
fh_ed039fc13c66,Haley,Henderson,15,15,824,0,0,0,5,3,0,0,0,,,,,,,
fh_ee8ae5a96b4f,Annabelle,Munz,15,15,902,0,0,0,1,0,0,0,0,,,,,,,
fh_0eceb9324f3b,Paige,Simonds,9,0,92,0,0,0,0,0,0,0,0,,,,,,,
fh_b3f3353193b2,Emma,Ward,9,1,116,0,0,0,0,0,0,0,0,,,,,,,
fh_d3aa787cd783,Julianna,Medina,18,18,1062,11,2,24,75,40,3,2,3,,,,,,,
fh_20f02424b646,Gianna,Ercolani,18,18,1005,3,4,10,36,14,3,0,0,,,,,,,
fh_b005bab1057f,Emma,Dombrowski,18,15,856,4,0,8,13,9,0,0,0,,,,,,,
fh_a979e522423d,Shirley,Munoz,18,18,953,3,1,7,10,8,1,0,0,,,,,,,
fh_87db26568058,Katie,Blair,18,12,829,1,0,2,15,13,0,0,0,,,,,,,
fh_511df2f37414,Lindsey,Pampalone,18,17,1074,1,0,2,16,6,0,0,0,,,,,,,
fh_41c19e238568,Michalynn,Castone,15,15,699,0,1,1,5,1,0,0,0,,,,,,,
fh_485ffb52de35,Mariana,Lopez,15,2,343,0,1,1,5,4,0,0,0,,,,,,,
fh_585c9982638a,Kaitlyn,Devlin,5,0,38,0,0,0,0,0,0,0,0,,,,,,,
fh_e30b895bd61a,Sidney,Figueroa,18,18,1049,0,0,0,0,0,0,0,0,,,,,,,
fh_83955e14dc4e,Adrianna,Goodwin,18,18,1060,0,0,0,0,0,0,0,0,,,35,2.06,162,0.822,4
fh_da95cc8cc2fb,Lauren,Hetherington,18,18,1026,0,0,0,0,0,0,0,0,,,,,,,
fh_4835e5312fad,Amy,Krysa,3,0,50,0,0,0,0,0,0,0,0,,,2,3.09,7,0.778,0
fh_b3fc85625b26,Megan,Mongare,14,0,200,0,0,0,3,1,0,0,0,,,,,,,
fh_25a0a29ef5d4,Lauren,Pescatore,18,15,720,0,0,0,3,1,0,0,0,,,,,,,
fh_335e120bc9a2,Janeen,Rukab,14,6,410,0,0,0,3,2,0,0,0,,,,,,,
fh_1c69bd0682b3,Emma,Tomlin,2,0,15,0,0,0,0,0,0,0,0,,,4,12.33,3,0.429,0
fh_1c592c02fd38,Leah,Ulmer,17,8,556,0,0,0,1,1,0,0,1,,,,,,,
fh_5e60c238e595,Drew,Bridges,20,20,,23,11,57,128,88,3,0,0,,,,,,,
fh_512c55565824,Hannah,Long,20,20,,11,10,32,72,45,2,0,1,,,,,,,
fh_1dcc1bc77b6d,Sara,Watson,20,16,,9,2,20,33,23,2,0,0,,,,,,,
fh_8ee2d881f3bd,Hailey,Meyer,20,14,,5,5,15,33,24,1,0,0,,,,,,,
fh_11e06331dce9,Sophie,Myers,20,19,,3,6,12,26,18,1,0,0,,,,,,,
fh_344d4767b24b,Meadow,Keet,20,9,,4,1,9,19,11,0,0,0,,,,,,,
fh_1e3fb9bb56d9,Mia,Fino,20,18,,2,3,7,5,4,0,0,0,,,,,,,
fh_48b248789e5c,Abbie,Heckman,19,14,,2,0,4,8,5,0,0,0,,,,,,,
fh_0ece74495141,Rachel,Troutman,20,20,,2,0,4,10,5,0,2,4,,,,,,,
fh_b81c058b0c6a,Kaylie,Noel,18,18,,1,1,3,19,8,1,0,0,,,,,,,
fh_a6e5dc26fd50,Calleigh,Hoy,20,12,,1,0,2,4,3,0,0,0,,,,,,,
fh_6ba0e507434c,Lily,DeBlasio,12,8,,0,0,0,0,0,0,0,0,,,26,2.73,44,0.629,1
fh_68e757f515ce,Emma,Dupes,12,11,,0,0,0,0,0,0,0,0,,,20,1.88,64,0.762,0
fh_39bbae79a32a,Lillian,Hoover,3,0,,0,0,0,0,0,0,0,0,,,,,,,
fh_b0138eae4f5b,Tyrne,Keeney,13,1,,0,0,0,0,0,0,0,0,,,,,,,
fh_eddd26ffa5fa,Ava,Ruggiero,9,0,,0,0,0,0,0,0,0,0,,,,,,,
fh_8c7a09fd4e6b,Sydney,Sinko,20,19,,0,0,0,0,0,0,0,0,,,,,,,
fh_1273afa80e06,Caitlin,Hoover,19,19,1135,24,8,56,123,77,7,3,4,,,,,,,
fh_2cf05e5f37fa,Hannah,Fitzgerald,19,19,1132,9,10,28,59,43,0,0,0,,,,,,,
fh_9a50666d28b9,Megan,Dadio,19,19,1159,6,6,18,36,23,1,0,0,,,,,,,
fh_c1a5ab2c3eb4,Ava,Lofgren,19,8,508,6,5,17,21,12,0,0,0,,,,,,,
fh_7a5a69b887c0,Keira,Boensch,19,19,1133,3,4,10,33,19,2,0,0,,,,,,,
fh_c38f3b53e187,Bella,Konchar,4,0,0,4,0,8,5,5,3,3,3,,,,,,,
fh_f10cf212f6ee,Molly,Donadoni,19,19,1089,3,1,7,8,6,1,0,0,,,,,,,
fh_70790062dcdd,Caroline,Roschen,18,12,706,3,0,6,7,4,0,3,4,,,,,,,
fh_7edabf6fb3d8,Sophia,Sarbanes,19,0,29,3,0,6,10,7,1,0,0,,,,,,,
fh_ac9cb05d6761,Isabelle,Allen,11,11,624,0,3,3,11,7,0,0,0,,,,,,,
fh_385978ab0bd8,Brynn,Harrison,18,0,68,1,0,2,6,4,0,0,0,,,,,,,
fh_173273f226de,Caroline,Krisko,12,0,30,1,0,2,1,1,0,0,0,,,,,,,
fh_f91781cec83f,Maya,Rorick,19,19,1146,0,1,1,9,4,0,0,0,,,,,,,
fh_645cd57721e4,Brianna,Coolican,7,0,12,0,0,0,3,2,0,0,0,,,,,,,
fh_cc62d607f351,Sara,Davis,2,0,13,0,0,0,0,0,0,0,0,,,0,0.0,0,0.0,
fh_7b6e6854ab2e,Meghan,Dole,19,19,1146,0,0,0,0,0,0,0,0,,,23,1.21,60,0.723,
fh_5ad92d14c66d,Grace,Fitzgerald,5,0,10,0,0,0,0,0,0,0,0,,,,,,,
fh_0e3467f173a6,Meghan,Fly,5,0,9,0,0,0,0,0,0,0,0,,,,,,,
fh_bd10ae4525a6,Ella,Healey,2,0,6,0,0,0,0,0,0,0,0,,,,,,,
fh_a5e343cae925,Aoife,Nerz,6,0,10,0,0,0,0,0,0,0,0,,,,,,,
fh_583776eadb29,Sonia,Roberto,5,0,13,0,0,0,0,0,0,0,0,,,,,,,
fh_ac1f9364d51c,Melissa,Sessler,14,7,436,0,0,0,0,0,0,0,0,,,,,,,
fh_0780d0b04ce3,Maddie,Takahashi,1,0,4,0,0,0,0,0,0,0,0,,,,,,,
fh_d38de902a205,Kat,Thistlewaite,19,19,1159,0,0,0,0,0,0,0,0,,,,,,,
fh_a98bbfb692f7,Ally,Walk,16,0,14,0,0,0,5,2,0,0,0,,,,,,,
fh_56740e083872,Sarah,Weitzman,19,19,1147,0,0,0,1,0,0,0,0,,,,,,,
fh_6a07dc73b2ea,Sabrina,Post,18,18,,7,2,16,42,33,2,0,0,,,,,,,
fh_8074c3f473ff,Jillian,Somers,17,16,,5,5,15,51,26,1,0,0,,,,,,,
fh_d5b988bfe7ce,Cassie,DeBlieck,18,18,,3,5,11,25,16,0,0,0,,,,,,,
fh_38bc18b0d4fa,Margaret-Ann,Graves,18,17,,4,2,10,18,9,1,0,0,,,,,,,
fh_81f8b8dbdc67,Cianna,Miranda,18,15,,5,0,10,33,24,3,0,0,,,,,,,
fh_7e336e492ce9,Sydney,Yaw,13,0,,4,1,9,10,8,0,0,0,,,,,,,
fh_fb9489222d57,Allie,McCaffrey,7,0,,3,1,7,3,3,0,0,0,,,,,,,
fh_46f34798ce13,Angie,Flocco,18,6,,2,0,4,6,4,0,2,2,,,,,,,
fh_ff68639b201c,Jane,Mezzanotte,16,1,,2,0,4,10,5,0,0,0,,,,,,,
fh_99f80540def2,Eleanor,Ragan,18,15,,1,2,4,6,4,1,0,0,,,,,,,
fh_82112f9ce14d,Lauren,Rudick,18,4,,0,2,2,10,2,0,0,0,,,,,,,
fh_9083e2c9a333,Sam,Woolery,18,18,,1,0,2,4,4,0,0,0,,,,,,,
fh_7db30819c15f,Colleen,Ragan,18,12,,0,1,1,9,4,0,0,0,,,,,,,
fh_dd95468ce525,Elizabeth,Terranova,11,2,,0,1,1,0,0,0,0,0,,,,,,,
fh_171d81a4b45c,Sloane,Witkowski,17,9,,0,1,1,10,4,0,0,0,,,,,,,
fh_0d9655d4938d,Emma,DeBolt,4,0,,0,0,0,0,0,0,0,0,,,,,,,
fh_b299d46ce918,Delaney,Ellsworth,11,5,,0,0,0,0,0,0,0,0,,,9,1.66,36,0.8,0
fh_8f5e1b1b57c8,Taylor,Foley,1,0,,0,0,0,0,0,0,0,0,,,,,,,
fh_7bd09b3c36c0,Elise,Krock,15,12,,0,0,0,1,0,0,0,0,,,,,,,
fh_5ec89dcf4b5b,Caroline,Ragan,1,0,,0,0,0,0,0,0,0,0,,,,,,,
fh_db25e922961f,Caitlin,Rubsamen,4,0,,0,0,0,0,0,0,0,0,,,,,,,
fh_875af7acfc40,Emilia,Saccento,17,13,,0,0,0,0,0,0,0,0,,,26,1.99,63,0.708,1
fh_5208f3e8090c,Sofia,Scalzo,18,16,,0,0,0,4,3,0,0,0,,,,,,,
fh_5d09bcad701a,Ava,Spear,4,0,,0,0,0,0,0,0,0,0,,,0,0.0,2,1.0,0
fh_328813d246a2,Maya,Viscardi-Carelse,5,0,,0,0,0,0,0,0,0,0,,,,,,,
fh_729e7d303736,Sarah,Bourk,19,19,850,2,1,5,13,6,1,1,1,,,,,,,
fh_f027abfd3948,Kaitlyn,Carlsen,19,19,830,2,1,5,6,5,0,0,0,,,,,,,
fh_d411e7e883ff,Maddie,Ellrod,19,19,1086,2,0,4,4,3,0,0,0,,,,,,,
fh_72a3552904c3,LilyAnna,Hopkins,19,19,882,1,1,3,6,3,0,0,0,,,,,,,
fh_618ce860a371,MJ,Larocchia,18,2,492,1,0,2,1,1,1,0,0,,,1,0.97,0,0.0,0
fh_1dd270e54174,Presley,Beal,17,16,797,0,1,1,0,0,0,0,0,,,,,,,
fh_a3b0b2516763,Hannah,Amadon,19,17,896,0,0,0,0,0,0,0,0,,,,,,,
fh_1cb867cadc83,Kayla,Davidson,14,2,350,0,0,0,1,0,0,0,0,,,,,,,
fh_ede86c3565e0,Josie,Gayer,19,19,715,0,0,0,2,1,0,0,0,,,,,,,
fh_4312a8daba8d,Grace,Hanlon,14,0,233,0,0,0,0,0,0,0,0,,,,,,,
fh_c02776eda7e5,Tillie,Hutton,13,0,288,0,0,0,1,0,0,0,0,,,,,,,
fh_6a353968902c,Rachel,Korwan,19,19,698,0,0,0,1,1,0,0,0,,,,,,,
fh_52d13c479f3a,Emma,Kyes,19,19,866,0,0,0,4,1,0,0,0,,,,,,,
fh_5281d4fa37cc,Anna,Bryan Marquardt,15,0,228,0,0,0,0,0,0,0,0,,,,,,,
fh_22aa3a7d100e,Maressa,Oliveira,19,1,452,0,0,0,0,0,0,0,0,,,,,,,
fh_e05008c846d0,Abbie,Reynolds,19,19,1056,0,0,0,4,2,0,0,0,,,,,,,
fh_81d2212e8e5d,Allyson,Stauffer,18,18,1086,0,0,0,0,0,0,0,0,,,92,5.08,234,0.718,0
fh_d8723e49fb43,Sophia,Tomassoni,19,0,464,0,0,0,0,0,0,0,0,,,,,,,
fh_5bde236d8656,Jasmine,Yoo,17,0,306,0,0,0,0,0,0,0,0,,,,,,,
fh_cec02def826c,Mackenzie,Reed,14,14,,4,2,10,42,21,1,0,0,,,,,,,
fh_0c4a63187d5a,Lillie,Uttenreither,16,16,,2,3,7,18,7,1,0,0,,,,,,,
fh_34f455db8b4f,Morgan,Hoban,16,16,,1,2,4,17,7,0,0,0,,,,,,,
fh_286a6f603944,Rhyan,Poole,15,3,,2,0,4,8,7,0,0,0,,,,,,,
fh_963270b39892,Gianna,Radcliffe,16,16,,2,0,4,40,26,0,0,0,,,,,,,
fh_35650b2de732,Allyssa,Seifert,14,14,,2,0,4,8,7,0,0,0,,,,,,,
fh_1d6637cf3fe4,Abby,LePage,16,16,,1,1,3,18,8,0,1,2,,,,,,,
fh_d8cde6b9a30e,Christine,Aemisegger,1,0,,0,0,0,0,0,0,0,0,,,,,,,
fh_caa043820ac8,Rylee,Baird,12,0,,0,0,0,0,0,0,0,0,,,,,,,
fh_4736ffe209ea,Molly,Botthof,4,0,,0,0,0,0,0,0,0,0,,,,,,,
fh_0c8a88f1dbcc,Keleigh,Clausius,16,16,,0,0,0,2,0,0,0,0,,,,,,,
fh_433ebf15f831,Emma,Dodd,16,16,,0,0,0,4,1,0,0,0,,,,,,,
fh_31796be572a0,Sarah,Lindsay,14,3,,0,0,0,7,5,0,0,0,,,,,,,
fh_4222db81e97c,Ayana,Lyons,16,14,,0,0,0,0,0,0,0,0,,,,,,,
fh_71ccbb084184,Amanda,Minteer,16,16,,0,0,0,1,0,0,0,0,,,,,,,
fh_ccedd6986c98,Kelly,Weaver,6,4,,0,0,0,0,0,0,0,0,,,12,3.21,28,0.7,1
fh_73c0d33027b4,Nikki,Williams,13,12,,0,0,0,0,0,0,0,0,,,40,3.24,92,0.697,1
fh_0b34073b70de,Kyra,Benard,15,15,756,7,2,16,25,20,2,0,0,,,,,,,
fh_f7f2409cb620,Ava,Lipson,13,12,701,4,2,10,20,9,1,0,0,,,,,,,
fh_73c223fcd682,Ashley,Taylor,15,14,787,2,4,8,9,7,0,0,0,,,,,,,
fh_2fa9021f9140,Catie,Melchiorre,14,10,499,1,1,3,4,4,0,0,0,,,,,,,
fh_dc7efc6dbe35,Kyra,Evans,13,1,338,1,0,2,2,1,0,0,0,,,,,,,
fh_c498ca2f5c3a,Jaylene,Soto,15,15,689,1,0,2,3,2,0,0,0,,,,,,,
fh_cd425bd3da1a,Sara,Costa,15,15,883,0,1,1,19,12,0,0,1,,,,,,,
fh_3ddb79974b95,Mikayla,Mathews,15,15,905,0,1,1,9,3,0,0,0,,,,,,,
fh_2de9a04e1c44,Nicole,Ciampa,7,3,245,0,0,0,0,0,0,0,0,,,9,2.08,46,0.836,0
fh_973cbc26d162,Carolyn,Ducharme,13,2,283,0,0,0,2,1,0,0,0,,,,,,,
fh_fe5167425a53,Natalie,Haluch,15,15,917,0,0,0,5,2,0,0,0,,,,,,,
fh_c8918723d55a,Bogi,Lendvai,13,0,140,0,0,0,1,1,0,0,0,,,,,,,
fh_242731948c69,Eva,Nasse,14,5,397,0,0,0,3,2,0,0,0,,,,,,,
fh_bc1eed2e651b,Molly,O'Donnell,14,13,777,0,0,0,0,0,0,0,0,,,,,,,
fh_45b7966db0c3,Ava,Passon,2,0,52,0,0,0,0,0,0,0,0,,,,,,,
fh_7c8a0c1bf855,Aubrey,Paul,6,1,120,0,0,0,0,0,0,0,0,,,10,4.29,33,0.767,0
fh_647e8ea3bc5a,Lauren,Santos,2,0,33,0,0,0,1,1,0,0,0,,,,,,,
fh_e1968c131259,Lorelai,Shippee,15,15,913,0,0,0,0,0,0,0,0,,,,,,,
fh_d2480637136e,Carolyn,Somers,11,11,561,0,0,0,0,0,0,0,0,,,43,4.91,99,0.697,0
fh_cda82f8a6cd0,Katelyn,Klotz,17,17,,16,5,37,45,37,2,4,5,,,,,,,
fh_9dd18223d7dc,Hope,Angioletti,17,17,,8,11,27,61,33,2,0,0,,,,,,,
fh_1183787b95a9,Kayla,Kinkel,15,12,,9,8,26,32,25,3,0,0,,,,,,,
fh_a9cf58072496,Kendal,Woolley,17,15,,6,1,13,13,13,1,0,0,,,,,,,
fh_c1640efb5765,Makayla,Bales,17,16,,5,1,11,24,19,1,0,0,,,,,,,
fh_f34fd2f87f8c,Caroline,Aspuru,17,17,,3,3,9,15,11,0,0,0,,,,,,,
fh_f7d3adf41023,Dani,Hand,17,17,,3,3,9,52,33,2,0,1,,,,,,,
fh_f2550e7f3210,Erica,Leeson,16,1,,3,0,6,13,10,0,0,0,,,,,,,
fh_3d58c285e400,Lexi,Cheeseman,12,4,,2,0,4,7,7,0,0,0,,,,,,,
fh_f61b461c9f73,Natalie,O'Malley,6,6,,1,2,4,10,6,0,0,0,,,,,,,
fh_00bc57b09fa0,Mackenzie,Hubbard,16,16,,0,3,3,0,0,0,0,0,,,,,,,
fh_7feaa2192030,Brianna,Cottrell,16,16,,1,0,2,1,1,0,1,1,,,,,,,
fh_681a391f4921,Kylie,Krawiec,10,0,,1,0,2,3,1,0,0,0,,,,,,,
fh_d9286529171c,Molly,Schoenfeldt,10,4,,0,1,1,1,0,0,0,0,,,,,,,
fh_786a33511790,Zoe,Wagner,8,1,,0,1,1,4,2,0,0,0,,,,,,,
fh_652b5ff5d50b,Tessa,Cox,2,0,,0,0,0,0,0,0,0,0,,,,,,,
fh_52c119752530,Jordan,Jarvi,4,0,,0,0,0,1,1,0,0,0,,,,,,,
fh_513a8283b56b,Audrey,McDonnell,5,0,,0,0,0,0,0,0,0,0,,,,,,,
fh_c8d510f49070,Ava,Reynolds,17,17,,0,0,0,0,0,0,0,0,,,22,1.41,114,0.838,
fh_4c6cdcda413c,Sydney,Thomas,4,0,,0,0,0,0,0,0,0,0,,,1,0.57,2,0.667,
fh_a8e83acd6073,Erica,Pardón,20,20,,8,10,26,53,36,3,0,0,,,,,,,
fh_7bbcd8ef34e6,Naomi,York,20,20,,11,2,24,36,22,4,0,0,,,,,,,
fh_c0f7bb3e7b89,Alice,Stein,20,19,,10,1,21,41,32,2,0,0,,,,,,,
fh_368bae399add,Louisa,Coughlin,20,20,,7,2,16,27,14,3,3,3,,,,,,,
fh_fc32eb229edb,Holly,Vincent,20,20,,2,7,11,55,35,1,0,0,,,,,,,
fh_d71593575ab9,Abigail,Trapp,20,20,,2,4,8,7,6,0,0,0,,,,,,,
fh_39e0ac49a5f2,Lily,Gover,20,17,,1,0,2,20,8,0,0,0,,,,,,,
fh_59714423f433,Poppy,Swallow,20,1,,0,2,2,7,4,0,0,0,,,,,,,
fh_d41e59f616a4,Kendall,Fleet,20,5,,0,1,1,4,1,0,0,1,,,,,,,
fh_d27af47b8776,Alya,Bakir,6,0,,0,0,0,0,0,0,0,0,,,,,,,
fh_83894eeec6ae,Brynn,Bickel,17,9,,0,0,0,0,0,0,0,0,,,,,,,
fh_b02c6cb2504b,Lindsey,Darby,1,0,,0,0,0,0,0,0,0,0,,,1,2.0,1,0.5,0
fh_39ad4e4f755d,Reese,Dewhirst,4,0,,0,0,0,0,0,0,0,0,,,,,,,
fh_721ffbf998e9,Caroline,Frost,16,1,,0,0,0,7,6,0,0,0,,,,,,,
fh_492ceb4bd0ed,Ava,Giardino,3,0,,0,0,0,0,0,0,0,0,,,,,,,
fh_7ccabb22f26e,Steph,Ionescu,20,20,,0,0,0,0,0,0,0,0,,,21,1.05,89,0.809,6
fh_92af8e76835f,Talie,Kaag,2,0,,0,0,0,0,0,0,0,0,,,,,,,
fh_ccd808a76e45,Mena,Kazista,5,0,,0,0,0,0,0,0,0,0,,,,,,,
fh_fda83c2d6eae,Anna,Keneally,19,8,,0,0,0,0,0,0,0,0,,,,,,,
fh_be5981089bd8,Joelle,McElroy,20,20,,0,0,0,2,0,0,0,0,,,,,,,
fh_810b8a0c39ec,Mei-Li,Mikos,3,0,,0,0,0,0,0,0,0,0,,,,,,,
fh_62feeb1303d4,Morgan,Reis,2,0,,0,0,0,0,0,0,0,0,,,,,,,
fh_d57d53ea7244,Carolina,Sanchez,20,20,,0,0,0,1,1,0,0,0,,,,,,,
fh_5346507a52d5,Lindsey,Turner,10,0,,0,0,0,1,1,0,0,0,,,,,,,
fh_4dd506657f9a,Kate,Haufe,19,19,988,9,1,19,50,31,0,3,4,,,,,,,
fh_02762c0d5c34,Sydney,Fleming,19,8,669,2,8,12,14,8,1,0,0,,,,,,,
fh_040a88a32c3c,Madeline,Moreno,15,15,966,6,0,12,41,22,2,0,1,,,,,,,
fh_7b7506d0df4c,Kylie,Roessler,19,19,973,4,3,11,22,14,0,0,0,,,,,,,
fh_4e365e99a736,Ellie,Dainton,19,19,1051,2,4,8,32,13,1,1,1,,,,,,,
fh_509e3ef00264,Morgan,Hackett,16,13,659,2,4,8,32,17,1,0,0,,,,,,,
fh_73e3e1873791,Bianca,Scally,13,12,635,3,1,7,17,14,1,0,0,,,,,,,
fh_eff8537d67a9,Emma,Numme,19,19,1137,2,2,6,5,4,0,0,0,,,,,,,
fh_e54dbb41b64e,Ava,Snelsire,19,10,781,2,2,6,25,11,1,0,0,,,,,,,
fh_c5d6ec6c19f4,Lillie,Kodrin,17,7,485,1,1,3,7,5,0,0,0,,,,,,,
fh_aa4c8600223f,Elizabeth,Buohl,9,1,151,1,0,2,2,2,0,0,0,,,,,,,
fh_b901325db8d8,Nora,Bachtel,11,5,424,0,1,1,1,1,0,0,0,,,,,,,
fh_e09d669d07ca,Natalie,Badour,19,18,915,0,1,1,4,2,0,0,0,,,,,,,
fh_60949a9e846d,Abby,Chiavetta,19,19,1204,0,1,1,3,2,0,0,0,,,,,,,
fh_3b5aebda6cda,Hayden,Avery,9,0,188,0,0,0,0,0,0,0,0,,,,,,,
fh_9abec6c7f1e0,Shyann,Carlson,1,0,0,0,0,0,0,0,0,0,0,,,,,,,
fh_4273d6fc07c2,Lindsay,DeLauder,13,1,217,0,0,0,3,3,0,0,0,,,,,,,
fh_bb43e2ca6dc5,Grace,Guy,14,13,833,0,0,0,0,0,0,0,0,,,24,1.75,88,0.786,3
fh_34b6c9643144,Becca,Medina,7,2,130,0,0,0,1,0,0,0,0,,,,,,,
fh_79a932b540be,Laura,Tatman,7,1,91,0,0,0,0,0,0,0,0,,,,,,,
fh_422bad324400,Allie,Wallin,9,6,373,0,0,0,0,0,0,0,0,,,21,3.32,28,0.571,0
fh_41f2ed74af7c,Grace,de Wit,1,0,0,0,0,0,0,0,0,0,0,,,,,,,
fh_44c471389c17,Kylee,Barshinger,16,16,961,14,5,33,63,37,1,0,0,,,,,,,
fh_65ca0af50d38,Adria,Hartzler,16,16,956,12,5,29,41,25,2,0,0,,,,,,,
fh_699aa1e9b2e4,Lilyana,Good,16,16,965,10,2,22,48,32,4,1,1,,,,,,,
fh_2e6eab96a0e1,Olivia,Ocker,16,16,965,3,3,9,20,12,1,0,0,,,,,,,
fh_e1d557c7e3c6,Lauren,Thurber,16,15,782,3,3,9,13,7,1,0,0,,,,,,,
fh_2d744a298741,Campbell,Bowers,16,16,965,3,2,8,6,4,1,1,1,,,,,,,
fh_0bd85cba0c23,Ava,Kramp,12,12,725,2,4,8,22,8,0,0,0,,,,,,,
fh_9bed21a85aba,Davannah,Dunn,10,1,178,3,0,6,11,5,0,0,0,,,,,,,
fh_0948f31e849b,Courtney,Walbridge,16,12,587,2,2,6,19,12,0,0,0,,,,,,,
fh_439d4bcb01db,Elizabeth,Medford,12,1,177,1,1,3,3,2,0,0,0,,,,,,,
fh_03069227162f,Elena,Roberts,7,0,37,1,0,2,3,2,0,0,0,,,,,,,
fh_6ea391e2fbd4,Katie,Berghorn,16,16,950,0,1,1,3,3,0,0,0,,,,,,,
fh_f48e39f03629,Ashley,Quinnett,15,14,716,0,1,1,10,4,0,0,0,,,,,,,
fh_92ad81eec9c8,Amber,Cribbs,3,0,15,0,0,0,0,0,0,0,0,,,5,4.0,6,0.545,0
fh_3dea1838c5f1,Annika,Galen,16,16,950,0,0,0,0,0,0,0,0,,,28,1.89,77,0.733,5
fh_13ab148e5fc4,Adelle,Hunter,16,9,594,0,0,0,3,2,0,0,0,,,,,,,
fh_f84206b87ef5,Alexis,Andrada,20,20,1022,12,1,25,81,42,2,0,0,,,,,,,
fh_2766ef406fe2,Morgan,Barnes,16,13,641,4,3,11,28,12,0,0,0,,,,,,,
fh_8184e3c8405e,Maria,Freeman,20,20,1103,1,3,5,12,7,0,0,0,,,,,,,
fh_f44a02f10ded,Abby,Fekete,20,20,1077,2,0,4,16,9,1,0,0,,,,,,,
fh_1df4609ba385,Gabrielle,O'Brien,18,11,643,1,2,4,16,12,1,0,0,,,,,,,
fh_45d627ec0145,Emilyn,Bivens,20,8,537,1,1,3,24,10,0,0,0,,,,,,,
fh_ef04d5f17eff,Alexa,Marczak,17,8,528,1,1,3,5,2,1,0,0,,,,,,,
fh_149472b15d3b,Maria,Berenato,19,8,599,1,0,2,31,13,1,0,0,,,,,,,
fh_bfd78c8f8729,Taylor,Eagan,20,9,720,1,0,2,5,5,0,0,0,,,,,,,
fh_cd5419673640,Gigi,Fox,19,6,467,1,0,2,13,8,1,0,0,,,,,,,
fh_0583c72e6a25,Samari,Rodriguez,4,0,30,1,0,2,1,1,0,0,0,,,,,,,
fh_5de78f3f0a35,Kayla,Ledbetter,11,8,388,0,1,1,0,0,0,0,0,,,,,,,
fh_5384109ef197,Jillian,Vandenbraak,20,18,1028,0,1,1,14,6,0,0,0,,,,,,,
fh_11291a391e95,Victoria,Atkinson,20,20,1050,0,0,0,2,0,0,0,0,,,,,,,
fh_773cbfbe72b8,Olivia,DiBona,19,11,639,0,0,0,4,1,0,0,0,,,,,,,
fh_bad263502d8f,Natalie,Dodd,4,0,51,0,0,0,0,0,0,0,0,,,,,,,
fh_4b998ab8c9dd,Abby,Jones,6,1,46,0,0,0,2,0,0,0,0,,,,,,,
fh_ee8a4dc6bfaf,Bri,Kolodij,3,0,23,0,0,0,0,0,0,0,0,,,,,,,
fh_37e3335f6950,Rachel,Madden,20,17,994,0,0,0,0,0,0,0,0,,,,,,,
fh_0b3272a39488,Ella,Miller,10,3,264,0,0,0,0,0,0,0,0,,,14,3.01,26,0.65,0
fh_1498a210168a,Gabrielle,Munge,2,1,16,0,0,0,0,0,0,0,0,,,,,,,
fh_48f541bed83a,Bailee,Neitz,11,1,261,0,0,0,0,0,0,0,0,,,,,,,
fh_8dccd18967ee,Sydney,Saxton,15,0,216,0,0,0,2,1,0,0,0,,,,,,,
fh_3a1989ca2101,Mackenzie,Schrack,19,17,925,0,0,0,0,0,0,0,0,,,38,2.46,90,0.703,3
fh_3640151e4913,Izzie,Thomas,2,0,32,0,0,0,0,0,0,0,0,,,,,,,
fh_921f3cd08c4c,Brenna,Schoenfeld,19,19,,5,5,15,14,12,3,0,0,,,,,,,
fh_1259b65d7b26,Audrey,McMahon,18,0,,6,2,14,17,11,1,0,0,,,,,,,
fh_e6921fc6da74,Payton,Yahner,19,19,,3,8,14,44,19,1,0,0,,,,,,,
fh_ebda5dd6d1d1,Eliza,Ballaro,19,19,,4,3,11,39,24,2,0,0,,,,,,,
fh_f25de0322b9a,Toni,Ierardi,19,5,,3,2,8,24,14,1,0,0,,,,,,,
fh_b4e471d1426a,Ainsley,Grant,18,15,,3,1,7,24,15,0,0,0,,,,,,,
fh_54210d048dfe,Breeah,Shaw,19,14,,3,1,7,15,10,1,0,0,,,,,,,
fh_d038e4d4a282,Brooke,Snider,19,3,,2,1,5,17,11,1,0,0,,,,,,,
fh_caa002fe18cf,Delaney,Szwast,5,0,,2,0,4,2,2,0,0,0,,,,,,,
fh_627612910552,Mia,Woodard,19,4,,2,0,4,17,10,1,0,0,,,,,,,
fh_ce2ff68c069b,Abby,Hennessy,19,19,,0,3,3,20,11,0,0,1,,,,,,,
fh_4375ad85de37,Caroline,Folan,19,15,,1,0,2,27,14,0,0,0,,,,,,,
fh_acabf5e622d6,Addison,Heuck,2,0,,1,0,2,1,1,0,0,0,,,,,,,
fh_7fa742160892,Sadie,Ruiz,18,1,,1,0,2,10,7,1,0,0,,,,,,,
fh_181e8f31bcf8,Brady,Sullivan,19,3,,1,0,2,8,6,0,0,0,,,,,,,
fh_4cc171e64fb8,Ella,Carwile,3,0,,0,1,1,2,0,0,0,0,,,,,,,
fh_62b3d5731808,Jaclyn,Gilroy,5,0,,0,1,1,0,0,0,0,0,,,,,,,
fh_4c082d8f9cff,Margaret,Lansley,17,0,,0,1,1,2,0,0,0,0,,,,,,,
fh_c0d920e6254d,Amelia,MacDonald,18,6,,0,1,1,2,0,0,0,0,,,,,,,
fh_7e1502964c92,Reese,Abrahamson,19,18,,0,0,0,0,0,0,0,0,,,,,,,
fh_013aac030d0d,Abby,Cannon,4,2,,0,0,0,0,0,0,0,0,,,0,0.0,10,1.0,
fh_0011503bf1fc,Maeve,Clark,17,17,,0,0,0,0,0,0,0,0,,,15,0.93,62,0.805,
fh_31933d88f19a,Ellie,Gipe,17,10,,0,0,0,4,3,0,0,0,,,,,,,
fh_4a5eb3e52b91,Emma,Hudson,1,0,,0,0,0,0,0,0,0,0,,,0,0.0,2,1.0,
fh_603b4b9b299c,Nicole,Kornweiss,14,3,,0,0,0,1,0,0,0,0,,,,,,,
fh_db2bc5adc08e,Anne,Leach,19,16,,0,0,0,3,0,0,0,0,,,,,,,
fh_c62d0d9d270a,Taylor,McKinnon,12,0,,0,0,0,1,0,0,0,0,,,,,,,
fh_b5102e5d5fd2,Elizabeth,Rumble,11,0,,0,0,0,3,1,0,0,0,,,,,,,
fh_bb0ab9545cba,Shannon,Conroy,18,18,1007,5,4,14,86,39,2,0,0,,,,,,,
fh_e45f6d282552,Madison,Brege,18,18,1005,5,3,13,27,18,2,1,1,,,,,,,
fh_adf6c5b66815,Jazmyne,Frack,18,17,823,5,3,13,59,28,1,0,0,,,,,,,
fh_e8d3f5ec24fd,Sophia,Candeloro,15,15,823,4,1,9,22,15,2,0,0,,,,,,,
fh_24f21533817a,Emmah,Devlin,17,1,407,4,0,8,26,13,0,0,0,,,,,,,
fh_74644f78da9d,Joslin,Cain,18,16,804,3,0,6,19,13,1,0,0,,,,,,,
fh_f5e8d4d63c9d,Lilly,Fried,16,12,776,2,2,6,9,6,0,0,0,,,,,,,
fh_73a5f30eac1e,Adrianna,Duda,18,18,982,2,1,5,14,8,1,0,0,,,,,,,
fh_87b625c9bd80,Kelseigh,Sargent,13,0,192,1,0,2,4,2,0,0,0,,,,,,,
fh_38a883fdfefa,Danni,Sparacio,9,0,91,1,0,2,3,2,0,0,0,,,,,,,
fh_ddbccdd85b05,Hannah,Morris,12,8,388,0,1,1,1,1,0,0,0,,,,,,,
fh_f10f32fa7908,Morgan,Boyd,4,0,14,0,0,0,0,0,0,0,0,,,,,,,
fh_fe5bdcbac17c,Julianna,Cannizzaro,18,18,1047,0,0,0,0,0,0,0,0,,,,,,,
fh_6e29afe12ea1,Chloe,DeBonta,5,0,52,0,0,0,0,0,0,0,0,,,,,,,
fh_97bdd5ff91e9,Kylee,Durso,15,3,449,0,0,0,0,0,0,0,0,,,,,,,
fh_338834d6d560,Emma,Killeen,17,16,852,0,0,0,1,0,0,0,0,,,,,,,
fh_f5a1e9575b97,Karla,Lopez-Vivar,3,0,14,0,0,0,0,0,0,0,0,,,,,,,
fh_da642ac41c6c,Daniella,Maresca,18,17,856,0,0,0,0,0,0,0,0,,,28,1.97,80,0.741,4
fh_b1dd239ca8a5,Saraya,Nelson,7,1,207,0,0,0,0,0,0,0,0,,,9,2.52,28,0.757,0
fh_2774e434df5e,Karli,Pritchett,18,17,889,0,0,0,9,2,0,0,0,,,,,,,
fh_0e5f7b65cc8c,Julia,Schlinger,4,0,29,0,0,0,0,0,0,0,0,,,,,,,
fh_6cb369bdb29b,Megan,Chang,24,24,1245,10,8,28,42,24,3,0,0,,,,,,,
fh_2f27e2a660ac,Grace,Waldeck,24,24,1238,10,6,26,52,37,3,0,0,,,,,,,
fh_003a739a5b3d,Jenna,Halpin,24,24,1392,5,13,23,31,24,2,4,7,,,,,,,
fh_be5a09e6e98d,Caeli,Robinson,24,24,1355,7,6,20,68,29,0,0,0,,,,,,,
fh_c8d7c996e76d,Sophia,Albano,24,23,1184,6,3,15,36,26,4,0,0,,,,,,,
fh_f413889133e8,Evie,Hamm,24,0,166,5,2,12,22,17,1,0,0,,,,,,,
fh_bfb2894163fd,Sophia,Builione,24,0,255,4,2,10,13,10,0,0,0,,,,,,,
fh_05545199688d,Kaitlin,Coward,24,24,1251,4,1,9,14,10,1,0,0,,,,,,,
fh_a1bd4f39094d,Zoey,Bennett,24,24,1251,3,2,8,5,5,1,0,0,,,,,,,
fh_f2a8d4aaff89,Grace,Nockolds,18,1,180,3,1,7,18,10,1,0,0,,,,,,,
fh_30768de78e96,An,Tran,24,0,293,3,1,7,16,12,2,0,0,,,,,,,
fh_9b725fb6c48e,Deedee,Golla,22,0,118,3,0,6,8,7,1,0,0,,,,,,,
fh_c49e7805bd93,Eliza,Vander,24,0,246,3,0,6,5,4,1,0,0,,,,,,,
fh_8959adf0aa66,Julia,Widen,23,0,155,2,0,4,7,5,2,0,0,,,,,,,
fh_3573a3db9a8e,Ava,Zimmerman,22,0,153,1,2,4,10,8,0,0,0,,,,,,,
fh_51615d12dc13,Sienna,Noh,13,0,29,1,1,3,3,2,0,0,0,,,,,,,
fh_c65632451107,Sarah,Chilton,10,0,39,1,0,2,2,1,0,1,1,,,,,,,
fh_c3b15b3dac3d,Ada,Farmer,24,24,1449,0,2,2,15,7,0,0,0,,,,,,,
fh_37ecdbcdd696,Zoya,Iyer,18,0,104,1,0,2,8,4,0,0,0,,,,,,,
fh_f7fa4c55ec8e,Catherine,D'Arcy,8,0,65,0,0,0,1,0,0,0,0,,,,,,,
fh_c773edec06b3,Mia,Edmonds,24,24,1329,0,0,0,0,0,0,0,0,,,,,,,
fh_31bfc9061ee2,Leah,Froemming,3,0,0,0,0,0,0,0,0,0,0,,,,,,,
fh_f13f3e971dae,Emi,Hakutani,22,0,153,0,0,0,0,0,0,0,0,,,,,,,
fh_fe25b4dd6e68,Aubrey,Kilgore,24,24,1090,0,0,0,0,0,0,0,0,,,15,0.83,86,0.851,
fh_93153a524793,Jessica,Lapidus,23,0,401,0,0,0,0,0,0,0,0,,,4,0.62,18,0.818,
fh_a254de489026,Josephine,Rich,2,0,0,0,0,0,0,0,0,0,0,,,,,,,
fh_b78e71f001e8,Rosie,Rockell,8,0,34,0,0,0,0,0,0,0,0,,,,,,,
fh_e3facbbba842,Joyce,Tao,11,0,85,0,0,0,1,1,0,0,0,,,,,,,
fh_91c4fe9c4513,Cameron,Thiesing,24,24,1443,0,0,0,1,1,0,0,0,,,,,,,
fh_1c6a1807eb2a,Grace,Bazin,22,22,1293,37,9,83,150,108,7,4,5,,,,,,,
fh_d78c3cb95e02,Meghan,Daileanes,22,21,1150,11,4,26,58,35,3,0,0,,,,,,,
fh_dd03022ecd23,Grace,Seabury,22,20,1199,8,9,25,65,42,2,0,0,,,,,,,
fh_8d286eee79c3,Emma,Bazin,22,20,1184,6,2,14,63,34,0,0,0,,,,,,,
fh_464867c3da60,Kalina,Piasecki,21,2,241,4,1,9,34,25,0,0,0,,,,,,,
fh_678297cfbf73,Jennifer,Erikson,20,3,310,2,2,6,10,5,1,0,0,,,,,,,
fh_a8481a5cb9a1,Lucy,Dickenson,17,0,75,2,0,4,8,4,0,0,0,,,,,,,
fh_65598086999f,Belle,Hemond,22,22,1335,0,4,4,19,10,0,0,0,,,,,,,
fh_2405274b8ec2,Elyse,Picard,22,21,1282,2,0,4,27,13,1,0,0,,,,,,,
fh_538851fb843f,Kaitlyn,Castriotta,21,2,205,1,0,2,12,7,0,0,0,,,,,,,
fh_1f3c8fa69409,Sophia,Merenda,22,17,910,1,0,2,3,2,0,0,0,,,,,,,
fh_ddd7fe0013b1,Lilah,Carr,18,2,306,0,1,1,2,0,0,0,0,,,,,,,
fh_9b17bae52409,Elle,MacDonald,18,1,164,0,1,1,5,3,0,0,0,,,,,,,
fh_fec67bd8b30a,Grace,Murphy,22,22,1342,0,1,1,4,2,0,0,0,,,,,,,
fh_082b685aa49b,Alessandra,Vidal,22,22,1267,0,1,1,9,5,0,0,0,,,,,,,
fh_651ce419f7ea,Norah,Bargatti,14,0,67,0,0,0,2,1,0,0,0,,,,,,,
fh_d6434fcfbf4c,Addison,Collette,2,0,0,0,0,0,0,0,0,0,0,,,,,,,
fh_797b672391a4,Molly,Diamondstein,17,6,365,0,0,0,0,0,0,0,0,,,21,2.4,61,0.744,2
fh_b63f4133c430,Ella,DiMatteo,15,0,90,0,0,0,6,1,0,0,0,,,,,,,
fh_43575fd9e5c4,Mary,Firlings,3,0,0,0,0,0,0,0,0,0,0,,,,,,,
fh_2b956c6de751,Megan,Goodwin,22,19,985,0,0,0,4,2,0,0,0,,,,,,,
fh_5aca341220f8,Clara,Gorman,17,16,977,0,0,0,0,0,0,0,0,,,28,2.06,75,0.728,0
fh_fd22f86412c3,Quinn,Mailloux,20,1,107,0,0,0,1,1,0,0,0,,,,,,,
fh_3a762f67a055,Madeline,Silvester,11,1,75,0,0,0,1,0,0,0,0,,,,,,,
fh_83399f00f82d,Addy,Wernig,5,0,0,0,0,0,0,0,0,0,0,,,,,,,
fh_a8aadb2aa6c4,Tori,Nelson,16,16,939,4,7,15,21,9,0,2,2,,,,,,,
fh_51142f77d052,Alexis,McGregor,15,2,430,4,2,10,6,4,2,0,0,,,,,,,
fh_045943be90fd,Brianna,Broadwell,16,16,901,2,1,5,18,11,0,0,0,,,,,,,
fh_264d40459bf9,Anna,Dewey,16,16,964,2,1,5,13,5,0,0,0,,,,,,,
fh_239ce765ee11,Isabella,Dunn,7,0,165,2,0,4,2,2,0,0,0,,,,,,,
fh_f0d8843960b1,Alexis,Dodge,16,16,668,0,2,2,11,4,0,0,0,,,,,,,
fh_26e789385a31,Jaime,Harrigan,15,14,760,1,0,2,8,5,0,0,0,,,,,,,
fh_1c50c0b4a35b,Emma,Mantione,9,0,90,1,0,2,2,2,0,0,0,,,,,,,
fh_80ec574f2e3a,Cassidy,Scheftic,16,16,964,1,0,2,4,3,0,0,0,,,,,,,
fh_80ec7304140a,Skyler,Bishuk,7,0,184,0,0,0,0,0,0,0,0,,,,,,,
fh_11276418340a,Paige,Bull,16,16,951,0,0,0,2,1,0,0,0,,,,,,,
fh_66c3ae30939d,Erika,Coville,13,3,191,0,0,0,6,5,0,0,0,,,,,,,
fh_f11ec165665b,Emmah,Decker,4,0,15,0,0,0,0,0,0,0,0,,,,,,,
fh_3714731dbab4,Mackennah,Decker,15,12,555,0,0,0,6,4,0,0,0,,,,,,,
fh_cc06c5a6ab80,Sarah,O'Brien,16,16,956,0,0,0,2,1,0,0,0,,,,,,,
fh_ab817c2070a8,Ashley,Pospiech,16,16,957,0,0,0,0,0,0,0,0,,,,,,,
fh_9be14cc5843a,Khadeeja,Reed,13,12,672,0,0,0,0,0,0,0,0,,,48,4.34,81,0.628,0
fh_0a424d6c4f04,Nijeylie,Torres,8,4,292,0,0,0,0,0,0,0,0,,,17,3.39,48,0.738,0
fh_79e0b1226053,Riley,Danko,16,16,965,5,4,14,32,18,2,0,1,,,,,,,
fh_45f59d6b1ff1,Rebekah,Hoover,16,16,965,3,0,6,7,6,0,0,0,,,,,,,
fh_35ff3a1cf9ef,Bailey,Simmons,15,14,795,2,1,5,15,9,1,0,0,,,,,,,
fh_75950a3dba06,Ayla,Zwally,16,16,965,1,3,5,7,5,0,0,0,,,,,,,
fh_61db844fb99c,Gabby,Dunlap,15,14,719,2,0,4,4,4,0,0,0,,,,,,,
fh_cd5b44a8eca4,Julia,Petrie,14,7,628,1,0,2,4,3,0,0,0,,,,,,,
fh_341a54a95f79,Ellie,Bollinger,13,10,556,0,1,1,6,3,0,0,0,,,,,,,
fh_f4653f7c0689,Mira,Rineer,16,16,945,0,1,1,4,4,0,0,0,,,,,,,
fh_964991c9992e,Emma,Felpel,7,0,0,0,0,0,0,0,0,0,0,,,,,,,
fh_ef1eeed5c3bd,Amanda,Hoover,16,16,920,0,0,0,0,0,0,0,0,,,58,3.91,116,0.667,0
fh_dcbbf92c2a80,Amelia,Huey,10,0,45,0,0,0,0,0,0,0,0,,,7,5.6,9,0.563,0
fh_0ca69ac2816e,Alyssa,Pantoja,16,16,965,0,0,0,0,0,0,0,0,,,,,,,
fh_336c02d751ff,Hope,Swarey,16,16,965,0,0,0,0,0,0,0,0,,,,,,,
fh_2a9245410fa1,Hailey,Whitmoyer,16,16,935,0,0,0,0,0,0,0,0,,,,,,,
fh_6258e41fd1e3,Claire,Weidenhammer,18,18,,19,5,43,91,50,3,0,0,,,,,,,
fh_1e960b95d168,Rebecca,Lane,19,18,,7,10,24,40,22,2,1,1,,,,,,,
fh_4922020192d0,Gracie,Johnson,19,19,,7,2,16,30,17,0,0,0,,,,,,,
fh_1b7c51df87d7,Lauren,Foster,19,19,,6,3,15,41,20,1,0,0,,,,,,,
fh_669903aa6573,Jillian,Tait,19,10,,7,1,15,50,32,1,0,0,,,,,,,
fh_afd08d98ef7e,Danika,Setlock,15,15,,5,2,12,35,15,1,0,0,,,,,,,
fh_be6a0e880507,Lilah,Shaub,19,1,,5,2,12,14,12,1,0,0,,,,,,,
fh_0639d8d88525,Madison,Brewer,16,0,,3,1,7,15,12,0,0,0,,,,,,,
fh_fa5005041749,Joanna,Ehrhart,19,19,,1,3,5,16,10,1,0,0,,,,,,,
fh_1c9837b29f5e,Abby,Rodenberger,19,18,,0,5,5,30,15,0,0,0,,,,,,,
fh_32c96f7623bd,Maggie,McAteer,8,0,,1,0,2,7,7,0,0,0,,,,,,,
fh_3299a8d021d7,Reese,Arnold,19,19,,0,1,1,1,0,0,0,0,,,,,,,
fh_715f398e95c0,Olivia,Lobecker,16,14,,0,0,0,0,0,0,0,0,,,,,,,
fh_196b8b95d600,Emma,Mitchell,7,0,,0,0,0,0,0,0,0,0,,,0,0.0,1,1.0,0
fh_8f141cb99ede,Amelia,Taube,18,18,,0,0,0,5,4,0,0,2,,,,,,,
fh_5b548bd5ccb5,Ella,Weidenhammer,19,19,,0,0,0,0,0,0,0,0,,,17,0.94,88,0.838,1
fh_747f891ffb29,Maren,Lawrence,16,15,850,8,2,18,67,38,2,0,0,,,,,,,
fh_b4a894727fd0,Abby,Golub,16,13,715,4,0,8,14,11,0,1,1,,,,,,,
fh_f413c7d205a0,Henny,Maher,15,4,528,2,2,6,14,9,1,0,0,,,,,,,
fh_eaf94d0374c6,Ella,Adamec,16,7,404,2,1,5,13,7,1,0,0,,,,,,,
fh_5763a5a45202,Casey,Master,16,15,798,1,1,3,23,9,0,0,0,,,,,,,
fh_829c80ec332a,Gigi,Johnson,16,15,819,1,0,2,11,5,1,0,0,,,,,,,
fh_995d93bdd9a2,Olivia,Wangerow,16,15,723,1,0,2,4,3,0,0,0,,,,,,,
fh_1d6c05114e22,Rigby,Zentner,16,11,656,1,0,2,12,9,0,0,0,,,,,,,
fh_c2638e62027b,Zady,Hasse,16,14,770,0,1,1,4,1,0,0,0,,,,,,,
fh_89a3f1df5cc6,Lucy,Baker,13,7,439,0,0,0,0,0,0,0,0,,,25,2.71,86,0.775,0
fh_3d4de67c279b,Sofia,Chaves,12,9,549,0,0,0,0,0,0,0,0,,,12,1.66,37,0.755,3
fh_386494eea4b9,Riley,Chlupsa,16,11,793,0,0,0,1,1,0,0,0,,,,,,,
fh_c8b894f12eea,Alexandra,Dineen,14,0,186,0,0,0,2,1,0,0,0,,,,,,,
fh_e4f909956681,Ariana,Rowe,15,13,795,0,0,0,0,0,0,0,0,,,,,,,
fh_6876243d978f,Abby,Sher,16,11,621,0,0,0,5,3,0,0,0,,,,,,,
fh_9e1557a3bbc8,Ada,Wigfield,16,13,868,0,0,0,0,0,0,0,0,,,,,,,
fh_f628d7f0265a,Gabby,Vincentsen,16,14,699,5,4,14,19,14,0,0,0,,,,,,,
fh_e8f44b095d77,Mikayla,Wilcox,17,17,957,6,2,14,35,29,0,0,0,,,,,,,
fh_249540669335,Zoey,Pennell,17,17,915,4,3,11,31,20,1,0,0,,,,,,,
fh_208e8144684a,Bayley,Casavant,8,8,439,3,1,7,4,4,1,1,1,,,,,,,
fh_74eed6a1a420,Autumn,Freeman,17,16,937,2,2,6,15,12,0,0,0,,,,,,,
fh_cfb40d6f2107,Ann,Buffington,16,13,804,1,2,4,4,4,0,0,0,,,,,,,
fh_742e777e44c5,Abby,Hanson,16,5,298,2,0,4,10,9,0,0,0,,,,,,,
fh_0600a206db86,Elizabeth,Kendall,14,14,777,1,2,4,7,2,0,0,0,,,,,,,
fh_f7bb9d5f795f,Izzy,Derosby,17,14,838,1,1,3,9,7,0,0,0,,,,,,,
fh_14894181e96f,Winter,Adams,8,0,40,0,0,0,0,0,0,0,0,,,,,,,
fh_f1352a475504,Lindsay,Boisvert,17,16,830,0,0,0,1,1,0,0,0,,,,,,,
fh_d4ee25525465,Kristyn,Brown,6,0,35,0,0,0,0,0,0,0,0,,,,,,,
fh_84121dbd8c8f,Emily,DeSimone,13,0,187,0,0,0,0,0,0,0,0,,,,,,,
fh_2c62d9897cad,Ella,Grant,15,14,780,0,0,0,0,0,0,0,0,,,63,5.04,89,0.586,0
fh_0c6f05c68c99,Bree,Griffin,6,1,216,0,0,0,1,1,0,0,0,,,,,,,
fh_b02a5589ad20,Elizabeth,Grondin,12,2,263,0,0,0,0,0,0,0,0,,,,,,,
fh_5908eb874db9,Hailey,Johnson,13,2,182,0,0,0,1,0,0,0,0,,,,,,,
fh_82dd1aac7561,Amelia,Larsen,8,0,78,0,0,0,0,0,0,0,0,,,,,,,
fh_378ac2f1437b,Elyse,Nadeau,17,12,696,0,0,0,4,3,0,0,0,,,,,,,
fh_b43bee99b2a4,Cadence,Peters,10,0,87,0,0,0,0,0,0,0,0,,,,,,,
fh_7a67accdc146,Ruby,Taylor,17,15,555,0,0,0,6,1,0,0,0,,,,,,,
fh_819c1d7299c6,Skylar,Wilson,7,3,199,0,0,0,0,0,0,0,0,,,18,4.71,21,0.538,0
fh_a98cd449b86d,Erin,Winship,4,0,19,0,0,0,0,0,0,0,0,,,,,,,
fh_37ad0b582331,Anna,Zimmerman,6,1,53,0,0,0,0,0,0,0,0,,,,,,,
fh_ac95d994c624,Fiona,Doherty,18,18,1054,5,5,15,42,17,0,2,3,,,,,,,
fh_bfdf5869618f,Keira,Guinan,18,16,760,4,6,14,32,17,2,0,0,,,,,,,
fh_3bbed178ae9f,Shannon,Keena,18,15,740,5,4,14,21,15,2,0,0,,,,,,,
fh_7bddf3be4645,Lulu,LePage,17,14,725,5,2,12,20,10,0,0,0,,,,,,,
fh_767360e7ca51,Emelina,Leccese,18,16,913,4,2,10,18,12,1,0,1,,,,,,,
fh_303c8a042a18,Emma,Masie,18,18,792,3,3,9,17,10,1,0,0,,,,,,,
fh_00342a265d38,Sabina,Cosmo,18,17,983,2,0,4,19,9,0,0,0,,,,,,,
fh_11b16342944e,Charlotte,Carroll,17,0,236,1,0,2,3,3,0,0,0,,,,,,,
fh_bc085647b6d8,Hannah,Revell,18,1,257,1,0,2,7,4,0,0,0,,,,,,,
fh_4bfc9b469a15,Frankie,Slippen,16,0,219,1,0,2,4,4,0,0,0,,,,,,,
fh_92c648e94a35,Makenzie,Mueller,18,18,807,0,1,1,5,2,0,0,0,,,,,,,
fh_22941e7af606,Charlotte,Batelic,6,0,80,0,0,0,1,0,0,0,0,,,,,,,
fh_3a555cafa258,Alyssa,Damore,15,5,502,0,0,0,0,0,0,0,0,,,,,,,
fh_babe4d3316cc,Hannah,Doherty,18,18,1103,0,0,0,0,0,0,0,0,,,46,2.59,109,0.703,2
fh_2a4ffa7bdc1e,Ashley,Ennis,17,5,597,0,0,0,0,0,0,0,0,,,,,,,
fh_9b7fc61bc52c,Aaliyah,Frank,17,10,451,0,0,0,0,0,0,0,0,,,,,,,
fh_fef4da06cbad,Braydan,Haas,1,0,0,0,0,0,0,0,0,0,0,,,0,0.0,0,0.0,0
fh_11b54fb5fd03,Julia,Huertas,17,9,656,0,0,0,1,1,0,0,0,,,,,,,
fh_4fb5172eb36e,Mariella,Manicchio,18,0,219,0,0,0,2,2,0,0,0,,,,,,,
fh_af506312154b,Alexandria,Maresca,17,14,977,0,0,0,3,3,0,0,0,,,,,,,
fh_fc993b8aa61f,Julia,Ward,2,0,0,0,0,0,0,0,0,0,0,,,0,0.0,0,0.0,0
fh_50d22b85b275,Jikke,Biemans,17,16,939,13,2,28,76,54,4,0,0,,,,,,,
fh_aeab2ed6db49,Charlotte,Touw,17,17,1033,10,7,27,58,36,3,0,0,,,,,,,
fh_a14d8e3cf59f,Allyson,Nichols,17,17,1042,6,3,15,34,26,1,1,1,,,,,,,
fh_126d34043b55,Shaelyn,Klassen,17,17,1044,4,5,13,17,13,2,0,0,,,,,,,
fh_7b7525d29968,Clara,Guivernau Ragghianti,15,12,720,3,2,8,23,17,1,0,0,,,,,,,
fh_2cf3cdaa9481,Angelene,Castro,17,17,990,0,4,4,17,5,0,0,0,,,,,,,
fh_448dcbabb938,Bernardita,Antunez,12,1,268,1,0,2,5,2,0,0,0,,,,,,,
fh_fe9d06d808d1,Merel,Nagelkerke,14,6,317,1,0,2,5,2,0,0,0,,,,,,,
fh_a03ae32b59ca,Chloe,Yanez,16,8,570,1,0,2,4,3,0,0,0,,,,,,,
fh_77c876c3436c,Emilee,Clarey,16,15,897,0,0,0,0,0,0,0,0,,,20,1.38,66,0.767,0
fh_122742abea66,Addelyn,Gross,5,0,77,0,0,0,0,0,0,0,0,,,,,,,
fh_1b244fa354d1,Allison,Hauptmann,2,0,0,0,0,0,0,0,0,0,0,,,,,,,
fh_123269022bab,Roos,van Kerkhoven,14,0,166,0,0,0,4,4,0,0,0,,,,,,,
fh_e0ac44b33fa8,Jordan,Lim,4,0,2,0,0,0,0,0,0,0,0,,,,,,,
fh_a04309452373,Nora,McDowell,17,17,985,0,0,0,0,0,0,0,0,,,,,,,
fh_54b9b82beb00,Tamar,Molenaar,6,1,99,0,0,0,0,0,0,0,0,,,1,0.3,10,0.909,1
fh_5dfbbaf774cc,Emma,Nadeau,6,0,19,0,0,0,0,0,0,0,0,,,,,,,
fh_bd7aa6d77fb4,Haylie,Ochoa,14,0,212,0,0,0,13,8,0,0,0,,,,,,,
fh_a54a7cae9586,Macenzie,Rosenberger,17,16,934,0,0,0,3,2,0,0,0,,,,,,,
fh_a979a55b7ca8,Teresa,Rubio,17,17,1068,0,0,0,1,0,0,0,0,,,,,,,
fh_e3c821dfc8e8,Maggie,Volkmar,10,5,323,0,0,0,2,2,0,0,0,,,,,,,
fh_1fa4d94dec86,Dariane,Jones,21,21,,15,6,36,76,52,6,1,1,,,,,,,
fh_9e6526b824c2,Brooke,Barwick,21,20,,13,8,34,102,59,3,0,0,,,,,,,
fh_5b66398c35db,Lany,Straub,21,21,,6,2,14,44,31,0,0,0,,,,,,,
fh_1ac124c28ff1,Emma,Toth,21,12,,4,1,9,21,12,0,0,0,,,,,,,
fh_d2664e8a3c22,Olivia,Seidel,21,9,,3,1,7,20,13,0,0,1,,,,,,,
fh_0ce63ae4ee69,Addison,Marcin,21,21,,2,2,6,15,8,1,1,1,,,,,,,
fh_b8aaa3e89001,Whitney,Berge,21,21,,1,3,5,13,7,1,0,1,,,,,,,
fh_8b160a43af48,Amelia,Niven,15,0,,1,1,3,7,3,0,0,0,,,,,,,
fh_826970f41975,Sophia,Barilla,7,0,,1,0,2,2,2,0,0,0,,,,,,,
fh_438f2005a7e7,Breanna,Landers,9,0,,1,0,2,1,1,0,0,0,,,,,,,
fh_1d9b1c722216,Jordan,Saybe,21,21,,0,2,2,12,3,0,0,0,,,,,,,
fh_b1e39cb3ba90,Ava,Peterson,11,0,,0,1,1,1,1,0,0,0,,,,,,,
fh_ded472964169,Phaedra,Day,19,18,,0,0,0,0,0,0,0,0,,,,,,,
fh_a266be199515,Sabrina,Frazer,10,8,,0,0,0,0,0,0,0,0,,,22,2.97,47,0.681,2
fh_76ab54150ce6,Hanna,Gardner,21,21,,0,0,0,4,0,0,0,0,,,,,,,
fh_9b88bdd4aa99,Cece,Good,4,0,,0,0,0,1,1,0,0,0,,,,,,,
fh_1631480b470d,Lianna,Horner,1,1,,0,0,0,0,0,0,0,0,,,0,0.0,0,0.0,0
fh_c419f442e14b,Pyper,Lechleitner,11,4,,0,0,0,0,0,0,0,0,,,,,,,
fh_bcd428883734,Tori,LoMonaco,1,0,,0,0,0,0,0,0,0,0,,,,,,,
fh_f03b3a0b736e,Livy,Mahoney,11,0,,0,0,0,1,1,0,0,0,,,,,,,
fh_9717bbd55f7c,Bre,Marchiano,16,12,,0,0,0,0,0,0,0,0,,,28,2.09,92,0.767,4
fh_79a6e1bc3959,Mary,Grace McCarvill,6,0,,0,0,0,1,1,0,0,0,,,,,,,
fh_25406520f22e,Liv,Rosengrant,20,20,,0,0,0,0,0,0,0,0,,,,,,,
fh_9fd497a61ff0,Tria,Rowland,1,0,,0,0,0,0,0,0,0,0,,,,,,,
fh_9ca909fee3b1,Mackenzie,Proffitt,20,20,1025,13,11,37,86,46,0,0,0,,,,,,,
fh_abd119558669,Grayson,Scott,20,20,868,14,0,28,104,67,4,0,0,,,,,,,
fh_d1213fcbeff4,Monique,Lipton,20,19,789,7,3,17,30,22,3,0,0,,,,,,,
fh_d3ead033da7f,Lauren,Boucher,20,19,763,4,5,13,16,9,1,0,1,,,,,,,
fh_400f84d51775,Kenzi,Reece,16,0,219,5,1,11,8,7,0,0,0,,,,,,,
fh_bdecdceee764,Katie,Royle,20,20,1058,2,6,10,13,8,2,0,0,,,,,,,
fh_3a80fddcd129,Anna,Reed,20,1,496,4,1,9,12,11,2,0,0,,,,,,,
fh_a4a23d3e8bea,Hannah,Jadgchew,20,20,787,4,0,8,18,10,0,1,2,,,,,,,
fh_88c9b77b8a35,Dyanela,Rivarola,20,20,821,4,0,8,17,13,0,0,0,,,,,,,
fh_687de252cfa4,Katie,Craddock,20,1,342,3,0,6,7,7,0,0,0,,,,,,,
fh_e1dec12e6b1a,Ally,Von Herbulis,10,0,112,2,1,5,2,2,0,0,0,,,,,,,
fh_29bd75d42153,Elizabeth,Stribling,20,9,655,2,1,5,6,6,1,0,0,,,,,,,
fh_82206f1ca62e,Makenzie,Tutone,20,0,531,1,3,5,11,9,0,0,0,,,,,,,
fh_fcab58df8008,Kalani,Moore,17,0,220,2,0,4,6,4,1,0,0,,,,,,,
fh_e9338094b719,Caroline,Porter,20,20,1079,1,1,3,15,11,0,0,0,,,,,,,
fh_8f668af1a31b,Olivia,Perrin,11,0,138,0,1,1,0,0,0,0,0,,,,,,,
fh_20bff3c71f81,Anne,Randall Berkeyheiser,10,0,147,0,0,0,0,0,0,0,0,,,,,,,
fh_f815d2a85e06,Kendall,Breslin,10,0,122,0,0,0,3,2,0,0,0,,,,,,,
fh_6e64e199554b,Caroline,Carns,7,0,77,0,0,0,1,1,0,0,0,,,,,,,
fh_b645116e7018,Lenna,Chandler,4,0,6,0,0,0,0,0,0,0,0,,,1,4.48,1,0.5,
fh_324afae30099,Ryan,Druhot,13,0,227,0,0,0,0,0,0,0,0,,,,,,,
fh_00dd40b74830,Emma,Lehman,20,20,1033,0,0,0,0,0,0,0,0,,,,,,,
fh_68e11fa5ed4b,Kailee,Morris,19,11,704,0,0,0,0,0,0,0,0,,,,,,,
fh_0e7b21213fc7,Erin,Roy,8,0,94,0,0,0,0,0,0,0,0,,,1,0.67,3,0.75,
fh_0734858f8418,Erin,Sutton,7,0,77,0,0,0,0,0,0,0,0,,,,,,,
fh_e0da783fcd86,Tori,Winans,20,20,1088,0,0,0,0,0,0,0,0,,,27,1.49,69,0.719,
fh_625b51a92266,Sophia,Bouffard,19,19,1146,4,3,11,24,18,2,2,2,,,,,,,
fh_41aa839ac418,Arlene,Johnson,19,16,720,5,1,11,28,17,0,0,0,,,,,,,
fh_f98497abfb25,Olivia,Palm,19,6,571,3,0,6,11,7,0,0,0,,,,,,,
fh_38d8548038da,Kelly,Bates,17,15,833,2,0,4,8,6,0,0,0,,,,,,,
fh_3894133886fd,Lillian,Bento,19,19,1064,1,2,4,6,3,0,0,0,,,,,,,
fh_ec5942b3eb22,Amelia,Keeler,19,16,757,1,1,3,6,5,0,0,0,,,,,,,
fh_3f9c45c9e037,Brooke,Lydon,19,19,1106,1,1,3,35,25,0,0,0,,,,,,,
fh_a1cbb8c3594a,Carly,Wang,19,19,1144,1,1,3,7,1,0,0,0,,,,,,,
fh_0c1118ebc2eb,Sam,King,19,8,607,0,1,1,16,10,0,0,0,,,,,,,
fh_e6b6bf10b075,Ava,Lozeau,16,15,685,0,1,1,31,21,0,0,0,,,,,,,
fh_7cfe4b6ef3f7,Shane,Cueman,19,19,1146,0,0,0,0,0,0,0,0,,,76,3.98,280,0.787,1
fh_133defd69e86,Sarah,Curry,14,0,188,0,0,0,2,0,0,0,0,,,,,,,
fh_c295fca48d26,Sam,Gacioch,19,19,1146,0,0,0,9,4,0,0,0,,,,,,,
fh_06714e6f6d90,Hayley,Pelletier,19,8,678,0,0,0,1,1,0,0,0,,,,,,,
fh_3ac870b82430,Abby,Perry,17,10,765,0,0,0,3,2,0,0,0,,,,,,,
fh_681db435d39c,Charley,Noah,17,16,771,7,0,14,95,39,2,0,0,,,,,,,
fh_400f1540b873,Kelsey,Jennings,17,16,698,3,3,9,20,15,0,0,0,,,,,,,
fh_5ce35a910046,Grace,Legacy,17,11,613,2,0,4,3,2,1,0,0,,,,,,,
fh_0b9bb1703b6f,Caydence,Stone,18,18,895,2,0,4,10,6,1,1,1,,,,,,,
fh_51b19b42560d,Samira,Morgan,17,7,487,1,0,2,6,4,0,0,0,,,,,,,
fh_d90d8d1736d4,Kathryn,Morin,18,18,960,0,2,2,11,5,0,0,0,,,,,,,
fh_f610d6eb2c8f,Jayda,Washburn,18,17,933,1,0,2,2,1,0,0,0,,,,,,,
fh_f0b348914e88,Julia,Dean,14,2,210,0,1,1,0,0,0,0,0,,,,,,,
fh_534da3d1f857,Summer,Gregory,16,11,604,0,1,1,10,6,0,0,0,,,,,,,
fh_88e1bb0ebc73,Justice,Washburn,18,18,960,0,1,1,1,1,0,0,0,,,,,,,
fh_4100a1b2e96b,Anna,Buyse,18,18,954,0,0,0,18,10,0,0,0,,,,,,,
fh_8e998bdbe298,Cassidy,Cashman,18,18,954,0,0,0,3,2,0,0,0,,,,,,,
fh_27f008479f60,Emma,Fresconi,14,9,507,0,0,0,0,0,0,0,0,,,,,,,
fh_3711942e11b3,Teaghen,Rieder,8,2,45,0,0,0,0,0,0,0,0,,,10,4.0,11,0.524,0
fh_df328e6e54c3,Lora,Scarangello,17,16,915,0,0,0,0,0,0,0,0,,,43,2.73,95,0.688,3
fh_6bca8f62692c,Janie,Thomas,20,20,,10,3,23,79,44,4,2,3,,,,,,,
fh_18e22b3c92e5,Bailey,McIntyre,19,18,,7,3,17,68,43,0,0,0,,,,,,,
fh_b9f8e373219b,Meredith,Wu,20,19,,4,7,15,17,14,3,0,0,,,,,,,
fh_12b262075018,Jane,Tortorella,20,15,,4,5,13,28,17,1,0,0,,,,,,,
fh_048bbf94b3f0,Drew,Hussar,20,19,,2,6,10,36,16,0,0,0,,,,,,,
fh_10dadbbf3c62,Shealy,Callahan,20,2,,3,2,8,10,8,1,0,0,,,,,,,
fh_a8fa7d985b7f,Sierra,Kim,20,20,,3,1,7,14,11,1,0,0,,,,,,,
fh_c7f0acda628d,Audrey,Oh,20,13,,3,1,7,14,8,2,0,0,,,,,,,
fh_a6824b584ab5,Sammi,Blocher,16,7,,1,1,3,1,1,0,0,0,,,,,,,
fh_5dc01c895069,Natasha,Parker,20,19,,1,1,3,6,6,0,0,0,,,,,,,
fh_4384dfe44c62,Grace,Chrapowitzky,19,14,,0,0,0,5,4,0,0,0,,,,,,,
fh_af522963ea23,Georgia,Doyle,6,1,,0,0,0,0,0,0,0,0,,,,,,,
fh_a6caa51722a0,Kayla,Han,10,1,,0,0,0,0,0,0,0,0,,,,,,,
fh_0b51f71e476f,Katie,Kim,10,3,,0,0,0,2,1,0,0,0,,,,,,,
fh_2a0e9857f7f7,Marisa,Montione,20,19,,0,0,0,2,1,0,0,0,,,,,,,
fh_f830609d9336,Alexia,Ninios,3,0,,0,0,0,0,0,0,0,0,,,1,3.33,0,0.0,0
fh_3d8cab3769a7,Rue,Suzuki,17,0,,0,0,0,1,1,0,0,0,,,,,,,
fh_4952f2eb57a9,Vaishali,Thakkar,17,3,,0,0,0,2,0,0,0,0,,,,,,,
fh_19e79911f2bb,Lucy,Vanderhoff,11,7,,0,0,0,2,1,0,0,0,,,,,,,
fh_431adbf5f0cc,Maeve,Zimmer,20,20,,0,0,0,0,0,0,0,0,,,28,1.36,117,0.807,3
fh_abfa2b3b748b,Aubrey,Clark,16,16,790,14,2,30,63,38,5,0,0,,,,,,,
fh_f53993b91338,Olivia,Zaskoda,19,0,529,9,1,19,25,17,1,0,0,,,,,,,
fh_1796d1b1ae0a,Ellie,Lefever,17,17,730,7,4,18,66,28,1,0,0,,,,,,,
fh_c059e493e9ce,Audrey,Weger,19,17,755,4,5,13,27,15,1,1,1,,,,,,,
fh_64892f15b081,Naomi,Lyter,19,12,679,2,2,6,24,14,0,0,0,,,,,,,
fh_036f4e8082a7,Caitlyn,Weatherill,19,17,795,2,2,6,19,11,1,0,0,,,,,,,
fh_58850f78649d,Kenzie,Feeney,16,0,401,2,1,5,4,3,0,0,0,,,,,,,
fh_0550b7cee382,Anna,Bea Koenig,19,19,892,0,3,3,18,9,0,0,0,,,,,,,
fh_566da41a23fa,Lindsey,Campione,12,12,511,0,2,2,9,4,0,0,0,,,,,,,
fh_1e4f0eaebd87,Casey,Tyrrell,19,19,1141,1,0,2,9,3,1,0,0,,,,,,,
fh_5a2513988f9f,Lexi,Hanlin,13,0,242,0,1,1,10,5,0,0,0,,,,,,,
fh_21a14773eaa3,Jayla,Arnold,5,0,85,0,0,0,0,0,0,0,0,,,,,,,
fh_08313b6300a9,Mattie,Hartzler,19,4,823,0,0,0,5,3,0,0,0,,,,,,,
fh_3e076a8cbf7b,Joy,Lippert,19,19,1200,0,0,0,0,0,0,0,0,,,22,1.1,65,0.747,7
fh_eed5103229c9,Addie,Musser,9,0,159,0,0,0,0,0,0,0,0,,,,,,,
fh_c8339f6235c3,Lillian,Peters,19,19,1186,0,0,0,0,0,0,0,0,,,,,,,
fh_dba3781b6f80,Rebekah,Wiley,19,19,1081,0,0,0,0,0,0,0,0,,,,,,,
fh_c243910b2b78,Lexie,Zaring,14,0,276,0,0,0,4,4,0,0,0,,,,,,,
fh_c22022341868,Megan,Ingenito,17,16,971,17,5,39,59,46,2,0,0,,,,,,,
fh_a00fc876512b,Charlotte,Dyer,17,17,899,6,12,24,60,30,0,0,0,,,,,,,
fh_5f764b41f8ed,Maya,Kirstein,17,16,890,10,4,24,50,33,1,1,2,,,,,,,
fh_277c76c4b245,Lydia,Smith,17,16,826,2,2,6,14,6,1,0,0,,,,,,,
fh_5982689b1c8b,Marissa,Tilgner,17,15,784,1,2,4,8,3,0,0,0,,,,,,,
fh_0d8ed30cad49,Natasha,Elder,17,17,1024,1,1,3,3,3,0,0,0,,,,,,,
fh_f7f410eaf647,Cambria,Chandler,17,5,530,1,0,2,16,5,0,0,0,,,,,,,
fh_d39c9f180fad,Sarah,Click,12,0,67,1,0,2,2,2,1,0,0,,,,,,,
fh_f3714b55a65e,Meika,Olsen,16,14,645,1,0,2,9,5,1,0,0,,,,,,,
fh_1d56b4b3de9a,Sophia,Frez,16,1,321,0,1,1,16,8,0,0,0,,,,,,,
fh_7d54c517c3db,Sierra,Grande,15,15,895,0,1,1,15,6,0,0,1,,,,,,,
fh_5ed21f454be8,Jordan,Brooks,11,2,159,0,0,0,1,1,0,0,0,,,,,,,
fh_28ad5d96de05,Molly,Click,7,3,240,0,0,0,0,0,0,0,0,,,17,4.63,32,0.653,0
fh_ac6ca8d682d7,Shannon,Curtis,12,0,79,0,0,0,1,0,0,0,0,,,,,,,
fh_bcab8a9f7c26,Hailey,Gass,17,17,1012,0,0,0,2,2,0,0,0,,,,,,,
fh_e37b6098d6fc,Evelyn,Pollitt,1,0,0,0,0,0,0,0,0,0,0,,,,,,,
fh_3e482f3169ef,Jasmin,Solar,16,15,799,0,0,0,0,0,0,0,0,,,33,2.46,78,0.703,2
fh_fcb2130e43b9,Megan,Fuqua,17,17,1044,14,2,30,84,45,3,5,6,,,,,,,
fh_23ad0d1b0266,Addie,Chandler,20,13,967,8,3,19,49,35,3,0,0,,,,,,,
fh_b7a3a2399326,Claire,McMichael,20,20,1231,6,6,18,23,16,3,0,0,,,,,,,
fh_ab6ceb48f680,Emma,McCann,19,18,1152,6,2,14,55,31,2,0,0,,,,,,,
fh_eac2f99ebcdf,Grace,Keefe,20,19,1238,4,4,12,51,25,0,1,1,,,,,,,
fh_6bc65befb29a,Hadley,Crowther,17,2,367,2,2,6,27,21,0,0,0,,,,,,,
fh_0b2c4a35f8e0,Shawna,Ferraro,6,0,74,3,0,6,9,8,0,0,0,,,,,,,
fh_467ef5aca350,Ellie,Harrison,20,19,1172,2,2,6,7,4,0,0,0,,,,,,,
fh_7d39c4902430,Emma,McNealy,20,19,1201,2,1,5,30,18,0,0,0,,,,,,,
fh_b3cb31da61d9,Sarah,Bona,17,2,261,1,1,3,7,5,0,0,0,,,,,,,
fh_506e76d6c53e,Abigail,Weidner,9,1,182,1,1,3,2,1,1,0,0,,,,,,,
fh_267478312c45,Georgianne,Defeo,20,20,933,0,2,2,28,13,0,0,1,,,,,,,
fh_cfca9dcfdf69,Tessa,Herbst,20,20,1336,0,2,2,22,11,0,0,0,,,,,,,
fh_65f925983788,Ally,Kennedy,15,4,468,0,2,2,1,0,0,0,0,,,,,,,
fh_f65cb7696476,Madaket,Rzepka,15,6,283,1,0,2,10,7,0,0,0,,,,,,,
fh_cc5a859942f7,Eliza,Cho,9,0,117,0,0,0,12,6,0,0,0,,,,,,,
fh_c4c60ffe6efb,Madeline,DiLemme,3,0,53,0,0,0,0,0,0,0,0,,,0,0.0,0,0.0,
fh_37cbfbbddbf8,Parker,Hanson,12,0,116,0,0,0,1,0,0,0,0,,,,,,,
fh_aa074f9915a6,Sofia,Klingbeil,4,0,52,0,0,0,0,0,0,0,0,,,,,,,
fh_632c25ffc461,Eliza,Larson,4,0,35,0,0,0,0,0,0,0,0,,,,,,,
fh_a7430b83ad91,Fiona,McSweeney,3,0,16,0,0,0,0,0,0,0,0,,,,,,,
fh_c965c2f0c31d,Izzy,Redzic,20,19,1270,0,0,0,0,0,0,0,0,,,21,1.02,63,0.75,
fh_1256a171f1ae,Thea,Rosenzweig,4,1,97,0,0,0,0,0,0,0,0,,,0,0.0,3,1.0,
fh_b4f68aabb108,Lily,Stockwell,20,20,1045,0,0,0,1,1,0,0,0,,,,,,,
fh_895423b897d0,Anna,Stuart,4,0,25,0,0,0,0,0,0,0,0,,,,,,,
fh_cc9dbf0a26cf,Madison,Winston,3,0,16,0,0,0,0,0,0,0,0,,,,,,,
fh_490882f627af,Madison,Lasinski,20,16,900,13,4,30,58,41,3,4,4,,,,,,,
fh_17f539ca0c07,Celeste,Hoffman,20,20,919,9,2,20,32,21,4,0,0,,,,,,,
fh_f14afff08920,Madison,Blauch,20,20,1035,8,3,19,22,15,2,0,0,,,,,,,
fh_8723f7528e61,Abigail,O'Donnell,20,20,1120,3,9,15,29,18,0,0,0,,,,,,,
fh_7d133ed3463c,Ava,Cirigliano,20,1,503,6,1,13,35,16,2,0,0,,,,,,,
fh_9e7bbc55dded,Ashleigh,Steele,20,3,448,4,1,9,23,15,2,0,0,,,,,,,
fh_7522bf10445f,Emily,Ervin,20,20,1214,2,2,6,29,10,1,0,1,,,,,,,
fh_e77a638fb0fc,Delaney,Miller,20,19,1048,1,3,5,25,10,0,0,0,,,,,,,
fh_5afd82a798d1,Riley,Dwyer,12,0,119,2,0,4,9,5,1,0,0,,,,,,,
fh_89fe078e4326,Ashley,Pitz,20,20,1207,2,0,4,16,10,1,0,0,,,,,,,
fh_6fbfe57ac186,McKenna,Ferris,11,0,51,1,0,2,2,2,0,0,0,,,,,,,
fh_a9869b22f596,Skylar,Kohler,20,20,966,0,1,1,4,0,0,0,0,,,,,,,
fh_82d06c8ec56c,Madi,Rowe,20,19,1087,0,1,1,0,0,0,0,0,,,,,,,
fh_66c29e841cbe,Sarah,Bogina,20,19,1199,0,0,0,0,0,0,0,0,,,22,1.09,58,0.725,10
fh_7f6f69402955,Samantha,Kwiatkowski,10,0,66,0,0,0,7,7,0,0,0,,,,,,,
fh_3737150e0382,Sydney,Taylor,20,20,1210,0,0,0,1,1,0,0,0,,,,,,,
fh_a7cd976934c7,Julia,Warren,9,1,70,0,0,0,1,1,0,0,0,,,,,,,
fh_cdb59b342ef2,Maggie,Woolslayer,7,0,9,0,0,0,0,0,0,0,0,,,,,,,
fh_0bdc96d20372,Natalie,Surma,17,17,809,5,2,12,35,18,3,0,0,,,,,,,
fh_0bf0d1ea02f0,Sadie,Eichlin,17,17,982,5,0,10,31,19,0,3,3,,,,,,,
fh_0bdf086d5cc9,Colleen,McGavin,14,8,416,3,0,6,8,7,0,0,0,,,,,,,
fh_a15408efda57,Emma,Bianco,17,17,1020,2,1,5,5,3,0,0,0,,,,,,,
fh_1b9b2a845695,Kelly,Westervelt,17,17,697,2,1,5,11,7,0,0,0,,,,,,,
fh_f754e40b1bb4,Anna,Donaldson,17,17,1020,1,1,3,1,1,0,1,1,,,,,,,
fh_b9f5360b1124,Bella,Heiser,17,16,887,1,1,3,21,12,0,0,0,,,,,,,
fh_2a6e36076369,Melissa,Bickford,15,0,362,1,0,2,4,4,1,0,0,,,,,,,
fh_e2076ed66a02,Marissa,Craig,17,4,357,1,0,2,6,4,1,0,0,,,,,,,
fh_eed860f7bb0c,Darby,Von Berg,16,14,684,0,1,1,19,14,0,0,0,,,,,,,
fh_c467538bfdee,Kasey,Watson,17,17,983,0,1,1,3,2,0,0,0,,,,,,,
fh_20bafb45c855,Karina,Cracchiolo,7,0,148,0,0,0,0,0,0,0,0,,,,,,,
fh_34da7727ccb2,Breanna,Fabi,17,17,988,0,0,0,1,1,0,0,0,,,,,,,
fh_f909f94c2add,Mani'a,Lacy,1,0,0,0,0,0,0,0,0,0,0,,,0,0.0,0,0.0,0
fh_279c599db980,Joey,Mayer,4,4,210,0,0,0,0,0,0,0,0,,,,,,,
fh_87cc3caae008,Julia,Ranski,17,3,456,0,0,0,1,0,0,0,0,,,,,,,
fh_5a348fe403c5,Sydney,White,17,15,900,0,0,0,0,0,0,0,0,,,38,2.3,162,0.81,2
fh_aad92f8df0f5,Abba,Diglio,18,18,981,13,8,34,53,43,2,0,0,,,,,,,
fh_6255052c4ac2,Erin,DiSandro,18,18,1082,10,5,25,62,35,3,0,1,,,,,,,
fh_7c6c82154fd8,Haley,Foster,18,11,624,4,4,12,14,10,1,0,0,,,,,,,
fh_d66382de9c3e,Danielle,Kapsak,18,18,945,2,2,6,10,4,0,0,0,,,,,,,
fh_7be5198daf31,Lily,Botta,18,18,1084,1,3,5,37,24,0,0,0,,,,,,,
fh_b142c44e746b,Grace,Koloras,18,9,587,1,2,4,9,5,0,0,0,,,,,,,
fh_850039777e5b,Maya,Schlegel,15,14,765,1,2,4,13,5,0,0,0,,,,,,,
fh_577d9e2d1817,Rachel,Hager,15,0,179,1,0,2,4,3,0,0,0,,,,,,,
fh_2ce48ce2b045,Molly,Woodward,16,6,457,1,0,2,2,2,0,0,0,,,,,,,
fh_3979acd0d331,Madison,Horvath,18,18,1013,0,1,1,0,0,0,0,0,,,,,,,
fh_ee643f4e5bd5,Ayla,Alon,8,0,33,0,0,0,0,0,0,0,0,,,,,,,
fh_52716783793e,Sarah,Ducoff,1,0,0,0,0,0,0,0,0,0,0,,,,,,,
fh_0b777b2b2a53,Brenna,Fitzpatrick,9,4,277,0,0,0,0,0,0,0,0,,,18,3.37,35,0.66,
fh_d07ce44dbc56,Kate,Lysaght,15,14,753,0,0,0,1,1,0,0,0,,,,,,,
fh_17bfb7ee8a6a,Greta,Marchildon,18,18,1086,0,0,0,0,0,0,0,0,,,,,,,
fh_e6abfd343a33,Isabella,Margolis,18,16,978,0,0,0,0,0,0,0,0,,,,,,,
fh_834d9f9df17b,Reece,Montano,9,0,18,0,0,0,0,0,0,0,0,,,,,,,
fh_12e7942ce419,Ava,Rahn,11,2,127,0,0,0,0,0,0,0,0,,,,,,,
fh_226f944484e6,Maddie,Schwartz,16,14,809,0,0,0,0,0,0,0,0,,,34,2.67,82,0.707,
fh_5c8016936064,Ashley,Szoc,2,0,4,0,0,0,0,0,0,0,0,,,,,,,
fh_d20e9e2d742b,Michaela,Cushman,19,19,,18,9,45,72,53,3,0,0,,,,,,,
fh_e88b622266cb,Hannah,Janes,20,19,,12,7,31,56,37,5,0,0,,,,,,,
fh_109b7d4d5a13,Audra,Mieczkowski,20,20,,12,4,28,38,25,2,0,0,,,,,,,
fh_b7865cc0b072,Isabel,Porterfield,20,20,,8,5,21,50,39,1,0,0,,,,,,,
fh_64094d82554f,Kristina,Fisher,20,20,,6,1,13,42,25,1,0,0,,,,,,,
fh_0902ea20dda5,Hanna,Barrett,18,0,,4,2,10,10,9,0,0,0,,,,,,,
fh_e8a23a07681b,Hailey,Dimao,20,20,,2,4,8,35,23,0,1,2,,,,,,,
fh_ded9b15f7dd5,MacKenzie,Dixson,17,1,,1,3,5,3,1,0,0,0,,,,,,,
fh_e00e98a35265,Brigh,Maczka,13,0,,2,1,5,5,4,0,0,0,,,,,,,
fh_d117f67d71d8,Chloe,Parsons,4,0,,2,1,5,2,2,0,0,0,,,,,,,
fh_fb623f4a35ac,Juliana,Dimao,19,19,,2,0,4,33,19,1,0,0,,,,,,,
fh_948aefd84ed1,Bella,Raymond,20,20,,1,0,2,17,8,0,0,0,,,,,,,
fh_54bed81eb029,Lily,Kunzman,7,0,,0,1,1,2,2,0,0,0,,,,,,,
fh_cf82125a0075,Lauren,Bachner,20,20,,0,0,0,0,0,0,0,0,,,29,1.55,149,0.837,5
fh_ff6769fb4e0a,Heather,Bliss,20,20,,0,0,0,1,1,0,0,0,,,,,,,
fh_b7f0fe3ca319,Kaitlyn,Green,9,0,,0,0,0,1,0,0,0,0,,,,,,,
fh_39f80e45db37,Jenna,Guzzo,4,0,,0,0,0,3,2,0,0,0,,,,,,,
fh_572d6323b3a1,Lucy,Hagan,5,0,,0,0,0,0,0,0,0,0,,,,,,,
fh_10d3f2d9e10a,Mackenzie,Halliday,4,0,,0,0,0,0,0,0,0,0,,,1,0.57,18,0.947,0
fh_0c6f5f9b99cf,Felicity,Lepine,3,0,,0,0,0,0,0,0,0,0,,,,,,,
fh_f72dfc841305,Xiomara,Rivera,13,0,,0,0,0,4,3,0,0,0,,,,,,,
fh_2fba7f958050,Avery,Tanton,20,20,,0,0,0,0,0,0,0,0,,,,,,,
fh_0b41c5e7f4d4,Kira,Geddes,20,20,1235,17,1,35,109,68,4,1,2,,,,,,,
fh_868242f7295a,Kacey,McClay,20,18,989,8,7,23,28,20,2,0,0,,,,,,,
fh_03ff73f0229a,Cristina,Manzi,20,20,1166,8,6,22,87,64,1,0,1,,,,,,,
fh_5b80a12e3f3f,Adelaide,Kelly,20,9,642,7,2,16,45,27,1,0,0,,,,,,,
fh_94495648f452,Tatum,Golis,20,15,880,5,0,10,22,15,0,1,1,,,,,,,
fh_513725c7435a,Kennedy,Overhoff,20,20,1231,3,3,9,40,17,1,0,0,,,,,,,
fh_0033bd2ff3e6,Martina,Hill,20,20,1243,4,0,8,7,5,0,0,0,,,,,,,
fh_0508a6478941,Isabella,Marzano,18,1,108,3,0,6,8,7,1,0,0,,,,,,,
fh_4c7c98136c09,Madison,Brown,12,0,20,2,1,5,3,3,0,0,0,,,,,,,
fh_1edd87b031e0,Leah,Bohling,8,0,23,0,1,1,1,0,0,0,0,,,,,,,
fh_6ced1bc0b84c,Neila,Jones,14,14,877,0,1,1,10,4,0,0,0,,,,,,,
fh_eb04b6b235f7,Conley,Ladabouche,19,16,979,0,1,1,3,0,0,0,0,,,,,,,
fh_85e8896d09a3,Isabelle,Toupin,17,3,280,0,1,1,0,0,0,0,0,,,,,,,
fh_12e10087cdb9,Makenzie,Anderson,20,20,1148,0,0,0,0,0,0,0,0,,,12,0.72,84,0.875,4
fh_9b4d109e3e3f,Elliott,Connor,1,0,0,0,0,0,2,2,0,0,0,,,,,,,
fh_fc24918a3109,Hannah,Fleming,4,0,13,0,0,0,0,0,0,0,0,,,,,,,
fh_0b1c5b209ef0,Sydney,Gallien,2,0,3,0,0,0,0,0,0,0,0,,,,,,,
fh_8d47e6c4f67c,Julianne,Guertin,2,0,3,0,0,0,0,0,0,0,0,,,,,,,
fh_263ef7a64a0a,Lauren,Hall,20,20,1222,0,0,0,1,0,0,0,0,,,,,,,
fh_e59920f29bd9,Kylee,Henriquez,20,15,859,0,0,0,2,1,0,0,0,,,,,,,
fh_f74099234fcc,Mairead,Kirby,4,0,11,0,0,0,0,0,0,0,0,,,,,,,
fh_b7ba60410f5d,Jaylen,Marsh,17,9,551,0,0,0,0,0,0,0,0,,,,,,,
fh_3c51e27948b1,Amy,Philbin,6,0,15,0,0,0,0,0,0,0,0,,,0,0.0,2,1.0,0
fh_99ecd1a382a9,Annie,Raduazzo,7,0,81,0,0,0,0,0,0,0,0,,,3,1.15,12,0.8,0
fh_17610fd6da25,Bryanna,Thurston,3,0,2,0,0,0,0,0,0,0,0,,,,,,,
fh_1f99874fc153,Marjorie,Young,5,0,9,0,0,0,3,0,0,0,0,,,,,,,
fh_03e5ffcfc795,Mackenzie,Hart,19,19,848,16,4,36,67,48,1,0,0,,,,,,,
fh_52a73710722d,Jadyn,Huff,19,19,1143,11,13,35,75,41,2,0,0,,,,,,,
fh_e81b7079fd77,Kara,Wilson,15,3,437,11,0,22,30,23,3,0,0,,,,,,,
fh_295159941777,Prisha,Dhruve,19,19,1143,3,8,14,20,11,1,0,0,,,,,,,
fh_3e8fb8da1589,Isabel,Maher,19,19,1158,5,0,10,15,13,3,0,0,,,,,,,
fh_a1b9f8d12900,Rachael,Tetzlaff,19,19,1114,2,5,9,25,19,0,0,1,,,,,,,
fh_38e0f7a9dcf2,Lindsey,Hoffman,15,8,507,2,4,8,5,5,0,0,0,,,,,,,
fh_528ca2832e78,Julia,Neff,19,8,475,3,2,8,20,17,0,0,0,,,,,,,
fh_8126da62ce67,Emma,Jordan,17,6,409,3,1,7,12,8,1,0,0,,,,,,,
fh_f0b862b69dcc,Codie,Sciacca,15,11,425,2,2,6,9,6,0,0,0,,,,,,,
fh_0a696361fde6,Ali,Simmons,14,1,168,3,0,6,4,3,1,0,0,,,,,,,
fh_c1a58ba61f20,Emma,McElroy,13,0,162,2,1,5,5,4,0,0,0,,,,,,,
fh_213d2e2a95c7,Avery,Vacca,19,19,1184,1,1,3,6,5,1,0,0,,,,,,,
fh_d805f1457ddc,Kendal,Justus,4,0,23,1,0,2,2,2,0,0,1,,,,,,,
fh_8005c8a5eb09,Allie,Baker,1,0,7,0,0,0,0,0,0,0,0,,,,,,,
fh_69500250f197,Elena,Bonfrisco,3,1,71,0,0,0,0,0,0,0,0,,,,,,,
fh_bb58e010596b,Madeleine,Cowan,6,0,75,0,0,0,0,0,0,0,0,,,,,,,
fh_c086cb3bbe69,Kayla,Crai,3,0,8,0,0,0,0,0,0,0,0,,,,,,,
fh_d05893037078,Lindsay,Fehir,3,0,21,0,0,0,1,1,0,0,0,,,,,,,
fh_fa92f2bea67c,Morgan,Hanna,1,0,13,0,0,0,0,0,0,0,0,,,,,,,
fh_242491a0f930,Abygail,Jamison,3,0,7,0,0,0,0,0,0,0,0,,,0,0.0,0,0.0,
fh_22f3b567faaa,Heather,Kimak,19,19,1193,0,0,0,0,0,0,0,0,,,,,,,
fh_7b3dfa816c12,Lila,Maggio,3,0,19,0,0,0,1,0,0,0,0,,,,,,,
fh_ce1f8c9a0fc4,Megan,McGavin,3,0,7,0,0,0,0,0,0,0,0,,,,,,,
fh_3bb6bc54ecf4,Evy,Orozco,1,0,2,0,0,0,0,0,0,0,0,,,,,,,
fh_3fdb1a4a4b30,Brigitte,Racey,19,19,1188,0,0,0,0,0,0,0,0,,,20,1.01,102,0.836,
fh_02b6dfb7dbd0,Taylor,Wielechowski,19,19,1176,0,0,0,9,5,0,0,0,,,,,,,
fh_22514cb4506a,Cadence,Conti,18,18,,11,2,24,30,22,2,3,3,,,,,,,
fh_7557ba06ef62,Gabriella,Cappelli,18,18,,8,4,20,63,30,3,0,0,,,,,,,
fh_c270806b1110,Meghan,Sheldrick,18,18,,7,1,15,31,21,2,0,0,,,,,,,
fh_3e1fe4a7221a,Ayla,Mergen,18,18,,3,3,9,27,14,1,0,0,,,,,,,
fh_e657caaf0417,Natalia,Thomas,18,18,,3,3,9,21,9,2,0,0,,,,,,,
fh_99e7b9c9f77f,Jess,Silver,17,16,,1,5,7,25,9,0,0,0,,,,,,,
fh_61bb9698026a,Natalie,Hackett,18,18,,2,2,6,8,6,0,0,0,,,,,,,
fh_9fe462217c8c,Rachel,Roane,18,18,,1,1,3,5,2,1,0,0,,,,,,,
fh_f39bc8e5c82f,Ashley,Bach,3,0,,0,0,0,0,0,0,0,0,,,,,,,
fh_334232d45d59,Lauren,Brown,4,0,,0,0,0,0,0,0,0,0,,,,,,,
fh_da4f9f5cb2e2,Jacki,Connolly,16,2,,0,0,0,1,1,0,0,0,,,,,,,
fh_da2cae042433,Lauren,Deibert,3,0,,0,0,0,0,0,0,0,0,,,,,,,
fh_0e257ab6a3f0,Caley,Gee,18,18,,0,0,0,0,0,0,0,0,,,34,1.91,67,0.663,2
fh_350ce461c57c,Erin,Gee,8,0,,0,0,0,2,2,0,0,0,,,,,,,
fh_350d8b6713cf,Kaylin,Graham,3,0,,0,0,0,0,0,0,0,0,,,,,,,
fh_657a80372a67,Kortney,Kaelin,3,0,,0,0,0,0,0,0,0,0,,,,,,,
fh_089698ac6b32,Casey,McGee,12,0,,0,0,0,0,0,0,0,0,,,,,,,
fh_30d9075011b6,Molly,McGee,14,3,,0,0,0,4,2,0,0,0,,,,,,,
fh_2c63fbdb0978,Torie,Millward,3,0,,0,0,0,1,1,0,0,0,,,,,,,
fh_f6563c1153ae,Ally,Pardue,1,0,,0,0,0,0,0,0,0,0,,,,,,,
fh_d84d61455906,Annhi,Phan,1,0,,0,0,0,0,0,0,0,0,,,,,,,
fh_22a67b799942,Jamie,Reed,18,18,,0,0,0,0,0,0,0,0,,,,,,,
fh_b133d697a3bd,Hope,Roberts,1,0,,0,0,0,0,0,0,0,0,,,,,,,
fh_2f02f44a4188,Shannon,Roberts,2,0,,0,0,0,0,0,0,0,0,,,0,0.0,0,0.0,0
fh_630c1781624a,Leany,Santana,8,2,,0,0,0,0,0,0,0,0,,,,,,,
fh_c520a9400718,Ariel,Sprague,2,0,,0,0,0,0,0,0,0,0,,,,,,,
fh_174337913882,Mikayla,Steger,1,0,,0,0,0,0,0,0,0,0,,,,,,,
fh_bbaf2208d3ed,Rachel,Straub,2,0,,0,0,0,0,0,0,0,0,,,,,,,
fh_cb3311fecede,Natalie,Zoffer,15,13,,0,0,0,17,11,0,0,0,,,,,,,
fh_7b2fc8d74f84,Adrienne,Mayes,19,17,,7,2,16,22,14,0,3,3,,,,,,,
fh_98c65b95758f,Gabriella,Gemelli,19,18,,2,5,9,9,6,1,0,0,,,,,,,
fh_f37d228bc6a5,Lillian,Morse,19,19,,4,1,9,38,23,0,0,0,,,,,,,
fh_58dbfad8599a,Tori,Peterson,16,0,,4,0,8,12,9,1,0,0,,,,,,,
fh_d3f4aa2c1482,Ava,Passante,19,14,,3,1,7,26,18,2,0,0,,,,,,,
fh_44cbe0094537,Kaylee,Hughen,19,19,,2,0,4,17,10,1,0,0,,,,,,,
fh_f7e2ef04b298,Anna,McCarthy,19,4,,1,2,4,12,8,1,0,0,,,,,,,
fh_0ba16d1d313e,Kerrin,Pettit,2,0,,2,0,4,3,2,0,0,0,,,,,,,
fh_76cbf74e2e14,Sadie,Hoffmann,19,19,,1,1,3,74,35,1,0,0,,,,,,,
fh_d4e07cf51514,Madison,Oliver,10,0,,1,0,2,8,6,0,0,0,,,,,,,
fh_8723cee7405d,Olivia,Specht,19,10,,1,0,2,16,8,1,0,0,,,,,,,
fh_1c97295bb59c,Sofia,Cannistraci,6,0,,0,0,0,0,0,0,0,0,,,4,2.25,10,0.714,
fh_64ad87072af9,Meaghan,Casey,17,15,,0,0,0,6,4,0,0,0,,,,,,,
fh_c89a62c2b7d4,Claire,Flanagan,17,17,,0,0,0,19,13,0,0,0,,,,,,,
fh_59f644c552d7,Lauren,Freudenberg,2,0,,0,0,0,1,1,0,0,0,,,,,,,
fh_344ac3fc85b2,Ruby,Hasbrouck,12,1,,0,0,0,0,0,0,0,0,,,,,,,
fh_9d62ae2dc4c5,Claire,McCarthy,18,18,,0,0,0,3,3,0,0,1,,,,,,,
fh_e3841a4fcd83,Emma,Morgan,19,19,,0,0,0,0,0,0,0,0,,,32,1.82,89,0.736,
fh_9f4ab75f165c,Emma,Rice,19,19,,0,0,0,0,0,0,0,0,,,,,,,
fh_d5a417db6202,Maggie,Sullivan,1,0,,0,0,0,0,0,0,0,0,,,,,,,
fh_6e881e5b2e3d,Ella,Greico,22,22,1135,28,11,67,93,73,7,4,5,,,,,,,
fh_55a5b9aa6203,Sam,Lewis,22,22,1234,10,13,33,94,55,1,0,0,,,,,,,
fh_9648a2cfbaa4,Aubree,Wenner,21,21,1136,14,5,33,60,40,5,0,0,,,,,,,
fh_28dd237b24c8,Ava,Harman,22,22,1145,9,9,27,63,44,2,0,1,,,,,,,
fh_170d05095366,Halle,Senfield,22,1,265,11,3,25,32,24,1,0,0,,,,,,,
fh_95673e938446,Shannon,Cunningham,22,22,1297,6,4,16,62,32,2,3,4,,,,,,,
fh_dd69f05cae42,Kyra,Giannelli,22,22,1162,3,6,12,21,10,1,0,0,,,,,,,
fh_19bbcc3f15ed,Sophia,Cox,15,0,113,2,3,7,7,5,0,0,0,,,,,,,
fh_f828f6bd3957,Meredith,Guertin,18,0,106,2,3,7,20,18,0,0,0,,,,,,,
fh_cbcaf9c6d8ae,Christianna,Clark,19,1,238,3,0,6,9,7,0,0,0,,,,,,,
fh_3e16b7773a87,Emma,Landers,21,9,582,3,0,6,11,8,0,0,0,,,,,,,
fh_0d51b5a01d2c,Molly,Videla,15,0,222,2,2,6,6,3,0,0,0,,,,,,,
fh_73a938f7e98a,Ella,Axelson,15,0,193,1,3,5,12,9,0,0,0,,,,,,,
fh_fb48cdb23b68,Sara,O'Donnell,22,22,1241,1,3,5,7,4,1,0,0,,,,,,,
fh_5b0a1003c213,Grace,Murphy,21,12,800,2,0,4,3,3,0,0,0,,,,,,,
fh_a380056f5bb6,Ella,Wade,7,0,35,2,0,4,6,4,0,0,0,,,,,,,
fh_433dfdd1d363,Maya,Costanza,9,0,127,1,0,2,4,2,0,0,0,,,,,,,
fh_9afd2bde9183,Caitlin,O'Malley,10,0,122,1,0,2,5,3,0,0,0,,,,,,,
fh_85cf201f9a65,Carmindy,Eckler,10,0,122,0,1,1,7,2,0,0,0,,,,,,,
fh_0e478a008ddd,Molly,Bathrick,22,21,1015,0,0,0,3,2,0,0,0,,,,,,,
fh_22ee9a6dd232,Alessandra,Burke,4,0,45,0,0,0,0,0,0,0,0,,,1,0.8,1,0.5,
fh_c3195b2e04ba,Abigail,Edsall,17,10,520,0,0,0,1,1,0,0,0,,,,,,,
fh_7c6e3a48cb07,Natalie,Riedy,22,12,796,0,0,0,8,1,0,0,0,,,,,,,
fh_59c2a2cce1c3,Marley,Runciman,5,0,90,0,0,0,0,0,0,0,0,,,2,1.0,2,0.5,
fh_1904f74ce1a3,Bridget,Schafer,22,22,1272,0,0,0,0,0,0,0,0,,,11,0.57,45,0.804,
fh_fbec60a58fa7,Rachel,Tama,19,19,1069,8,13,29,129,78,3,0,0,,,,,,,
fh_399d2733be78,Miranda,Britton,16,15,824,9,2,20,48,33,2,0,0,,,,,,,
fh_3c08a8cdf504,Ashley,McGough,19,19,981,9,2,20,50,32,2,2,2,,,,,,,
fh_82e2bdcf0f85,Maya,Okeefe,19,19,1088,5,0,10,17,10,2,0,0,,,,,,,
fh_8184912e3e3f,Meghan,Gunning,19,19,1140,2,5,9,26,19,0,0,0,,,,,,,
fh_22b9cfb88b67,Jenna,Bidwell,3,0,35,2,0,4,3,3,0,0,0,,,,,,,
fh_184919967d83,Joleigh,Kozack,18,2,466,1,1,3,4,3,0,0,0,,,,,,,
fh_499cd4b0788f,Elizabeth,Austin,16,16,916,0,2,2,14,9,0,0,0,,,,,,,
fh_8cedb6f88f5d,Mattie,Betts,17,4,349,1,0,2,9,7,1,0,0,,,,,,,
fh_039e8ea98027,Sophia,Bronzi,18,18,1086,1,0,2,8,5,0,0,0,,,,,,,
fh_6d0639c5e07d,Anna,Pogodzinski,3,0,47,1,0,2,4,4,0,0,0,,,,,,,
fh_fc2c6e3d8e5b,Madeline,Meyer,18,18,1058,0,1,1,3,2,0,0,0,,,,,,,
fh_f5798376f0a0,Katie,Singleton,6,1,121,0,1,1,2,1,0,0,0,,,,,,,
fh_3801a068c578,Samantha,Torres,2,2,61,0,1,1,1,0,0,0,0,,,,,,,
fh_dbdc1c5bb9b0,Gabriella,Barth,19,18,1103,0,0,0,0,0,0,0,0,,,,,,,
fh_02c9cd9d44e5,Carina,Bennardo,3,0,68,0,0,0,0,0,0,0,0,,,,,,,
fh_40c527b94598,Gail,Comiskey,17,15,775,0,0,0,0,0,0,0,0,,,23,1.57,95,0.805,2
fh_4ccbf24108d2,Ayden,Fleming,1,1,1,0,0,0,0,0,0,0,0,,,,,,,
fh_52838a739b71,Grace,Grant,7,2,230,0,0,0,0,0,0,0,0,,,6,1.31,18,0.75,1
fh_c649a671e168,Madelyn,Graves,19,18,991,0,0,0,0,0,0,0,0,,,,,,,
fh_076e6ce94a3f,Lil,Schaub,6,0,98,0,0,0,2,2,0,0,0,,,,,,,
fh_ab2990189573,Alexandra,Howell,17,17,875,11,10,32,73,56,3,0,0,,,,,,,
fh_0b7faa1fa540,Nina,Contrera,17,17,636,7,1,15,16,13,0,0,0,,,,,,,
fh_2619127ba906,Caitlyn,Caulfield,17,17,884,5,3,13,21,16,1,2,3,,,,,,,
fh_619e13de7a7b,Molly,Miller,17,17,752,5,3,13,34,28,2,0,0,,,,,,,
fh_2816fe2635f8,Abigail,Draper,17,17,951,1,7,9,24,10,1,0,0,,,,,,,
fh_dd676e45444e,Olivia,Bonelli,11,0,215,3,0,6,3,3,0,0,0,,,,,,,
fh_106716b5c61b,Maddie,Woodcock,8,0,213,2,1,5,3,2,0,0,0,,,,,,,
fh_e1a04db461d0,Sarah,Stadelmann,17,17,878,2,0,4,3,3,0,0,0,,,,,,,
fh_ea8308736a00,Marissa,Stephan,17,17,895,2,0,4,3,3,1,0,0,,,,,,,
fh_b1aed68585f7,Miranda,Colacchio,14,0,278,0,3,3,9,8,0,0,0,,,,,,,
fh_1f4819bc855b,Isabella,Cunha,17,17,892,1,1,3,7,7,1,0,0,,,,,,,
fh_7353040e4b69,Jessica,Owens,5,0,90,1,1,3,2,1,0,0,0,,,,,,,
fh_75decbe632e6,Nora,Trimarchi,17,17,879,0,2,2,7,6,0,0,0,,,,,,,
fh_35698bba0748,Gabby,Alfinito,17,17,936,0,0,0,0,0,0,0,0,,,,,,,
fh_f11025c0aade,Madi,Elliott,5,0,69,0,0,0,0,0,0,0,0,,,,,,,
fh_988ec65f7005,Lib,Hameed,7,0,124,0,0,0,0,0,0,0,0,,,,,,,
fh_ce775a4a621c,Lily,Haverkamp,5,0,67,0,0,0,0,0,0,0,0,,,,,,,
fh_682397dc0f3e,Maura,Leib,17,17,989,0,0,0,0,0,0,0,0,,,32,1.83,171,0.842,5
fh_fe6aaab4281f,Julia,Murphy,13,0,213,0,0,0,1,1,0,0,0,,,,,,,
fh_c6d29fab678f,Shannon,Nash,5,0,64,0,0,0,0,0,0,0,0,,,,,,,
fh_1371115ee140,Rylee,Trunko,3,0,10,0,0,0,0,0,0,0,0,,,,,,,
fh_0de8ab0ef4bb,Natalie,Shields,18,16,644,3,0,6,6,6,0,0,0,,,,,,,
fh_04c917ff1fcf,Gabby,Curtis,18,0,382,2,0,4,6,4,1,0,0,,,,,,,
fh_f7a9b5c47335,Ellie,Kazel,18,7,600,2,0,4,17,12,2,0,0,,,,,,,
fh_78921a78d94e,Carly,King,18,17,800,1,0,2,9,5,0,0,0,,,,,,,
fh_50e83e898057,Sophia,Prianti,18,10,550,1,0,2,8,4,1,0,0,,,,,,,
fh_af6d95b770a7,Alexa,Snyder,18,18,820,0,2,2,12,7,0,0,0,,,,,,,
fh_a29c414efe49,Mimi,Wozniczka,17,1,435,1,0,2,4,2,0,0,0,,,,,,,
fh_9850db31e383,Camila,Gallego,17,1,300,0,1,1,3,1,0,0,0,,,,,,,
fh_de0f6e990106,Meg,Kuebler,18,10,541,0,1,1,5,3,0,0,0,,,,,,,
fh_7c7fc19180bb,Madi,Stuckart,18,18,655,0,1,1,16,6,0,0,0,,,,,,,
fh_2eb6e63ccb5d,Julia,Unger,18,15,686,0,1,1,2,1,0,0,0,,,,,,,
fh_c2a26720058e,Julia,Alvey,18,16,1046,0,0,0,0,0,0,0,0,,,,,,,
fh_b01e95e9417e,Taylin,Bauer,4,2,15,0,0,0,0,0,0,0,0,,,,,,,
fh_0475137064d2,Holly,Brown,7,0,94,0,0,0,1,1,0,0,0,,,,,,,
fh_6c6bcb833dc5,Addyson,Carrier,17,11,794,0,0,0,1,1,0,0,0,,,,,,,
fh_b4aa11478260,Heather,Dent,18,18,1091,0,0,0,0,0,0,0,0,,,,,,,
fh_53c3a603e28e,Mia,Foer,4,0,30,0,0,0,0,0,0,0,0,,,4,5.35,7,0.636,0
fh_ef85259124bd,Harlie,Giliberti,1,0,19,0,0,0,0,0,0,0,0,,,,,,,
fh_bea0742435ff,Sam,Krautheim,18,18,1061,0,0,0,0,0,0,0,0,,,44,2.52,203,0.822,1
fh_57799324b263,Kaitlyn,O'Malley,5,0,61,0,0,0,0,0,0,0,0,,,,,,,
fh_7336e1582e4d,Lisa,Pawelek,2,2,10,0,0,0,0,0,0,0,0,,,,,,,
fh_6f3fa888b0a3,Maddie,Pflume,9,7,281,0,0,0,2,0,0,0,0,,,,,,,
fh_c99c6002ae6b,Sophia,Sacco,2,0,8,0,0,0,0,0,0,0,0,,,,,,,
fh_4c79bce19470,Karina,Thompkins,18,0,426,0,0,0,4,4,0,0,0,,,,,,,
fh_eba216bfceec,Lily,Gibson,20,11,703,6,5,17,25,18,1,0,0,,,,,,,
fh_e7ba5b5b2d5e,Emma,Bianculli,20,20,1015,5,4,14,53,31,2,0,0,,,,,,,
fh_d65c2af44e66,Sofia,Calabro,20,20,969,5,4,14,41,27,2,0,0,,,,,,,
fh_784361777f19,Merle,Steinau,19,19,1101,3,5,11,28,16,0,1,1,,,,,,,
fh_3301850f9815,Taylor,Breen,18,18,995,3,4,10,25,15,1,0,0,,,,,,,
fh_69cb9286223f,Kaelyn,Casper,19,19,864,4,2,10,33,15,0,0,0,,,,,,,
fh_e8d48ffef104,Katherine,Hearn,18,16,989,2,1,5,14,7,0,0,0,,,,,,,
fh_ba1478d2b194,Gabby,Couillard,20,20,1098,1,2,4,16,9,0,0,0,,,,,,,
fh_d44063c4274d,Spencer,Cameron,16,3,479,1,0,2,4,2,0,0,0,,,,,,,
fh_e32bed2ba65d,Asya,Osei-Opoku,18,16,841,0,2,2,8,4,0,0,0,,,,,,,
fh_44b354b822fc,Morgan,Belyea,15,5,458,0,1,1,1,1,0,0,0,,,,,,,
fh_f76adeb3ae78,Erin,Mahoney,8,0,97,0,1,1,1,0,0,0,0,,,,,,,
fh_9a528073dcb8,Brooke,Morin,20,19,1142,0,1,1,1,0,0,0,0,,,,,,,
fh_cd506c778974,Jessa,Altemose,19,15,906,0,0,0,0,0,0,0,0,,,53,3.41,105,0.665,2
fh_aff943047acd,Kaitlyn,Bedard,5,0,85,0,0,0,0,0,0,0,0,,,,,,,
fh_533de209c6aa,Fallyn,Belisle,8,5,300,0,0,0,0,0,0,0,0,,,20,4.4,33,0.623,0
fh_b5bb51516b28,Lilah,Dunn,12,0,161,0,0,0,0,0,0,0,0,,,,,,,
fh_e87d936c69ab,Amanda,Iannacone,2,0,16,0,0,0,0,0,0,0,0,,,,,,,
fh_a6914bc38547,Sarah,King,13,12,707,0,0,0,0,0,0,0,0,,,,,,,
fh_27c811c6c33b,Lily,Kitchin,1,0,21,0,0,0,0,0,0,0,0,,,,,,,
fh_bed22638fe0c,Evelyn,Linehan,4,0,67,0,0,0,3,0,0,0,0,,,,,,,
fh_6172ebcfddb0,Elly,Scheer,13,13,805,4,1,9,13,10,0,1,1,,,,,,,
fh_52628206a28e,Bella,Tilford,13,13,805,3,3,9,32,20,1,0,0,,,,,,,
fh_b18285271700,Shelby,Roth,13,13,790,2,1,5,19,6,0,0,0,,,,,,,
fh_74d209399bb7,Lucia,Grant,13,11,479,2,0,4,4,3,1,0,0,,,,,,,
fh_dfd3fb02a7dc,Clare,Kammeier,12,12,598,2,0,4,16,8,1,0,0,,,,,,,
fh_15df3bc0aab6,Leila,Burki,12,2,476,1,1,3,7,7,1,0,0,,,,,,,
fh_fd6a3d5f1cfa,Johana,Horvath,13,13,537,1,1,3,13,5,0,0,0,,,,,,,
fh_268fda191100,Kate,Maness,13,13,770,0,2,2,3,2,0,0,0,,,,,,,
fh_7abaf48b2618,Mary,Rodman,11,11,464,0,1,1,11,6,0,0,0,,,,,,,
fh_2c09bbded3f4,Sara,Baunoch,10,0,231,0,0,0,0,0,0,0,0,,,,,,,
fh_99b854d23621,Zoe,Eisen,6,0,72,0,0,0,0,0,0,0,0,,,,,,,
fh_022e8e0d860e,Samantha,Finkelberg,13,10,540,0,0,0,5,2,0,0,0,,,,,,,
fh_d77ac61d4ea7,Zoë,Hamilton,6,0,99,0,0,0,1,0,0,0,0,,,,,,,
fh_4fe06fcabb5f,Meaghan,Kramer,13,13,805,0,0,0,0,0,0,0,0,,,,,,,
fh_11d99306c983,Willow,Maniscalco,2,0,14,0,0,0,0,0,0,0,0,,,0,0.0,2,1.0,0
fh_2d7595a16ae7,Janny,McCormick,13,13,791,0,0,0,0,0,0,0,0,,,24,1.84,75,0.758,2
fh_5e76812394d0,Kiersten,Schilk,1,0,0,0,0,0,0,0,0,0,0,,,,,,,
fh_197792d227c2,Paloma,Szyfer,13,5,336,0,0,0,3,2,0,0,0,,,,,,,
fh_bbbf049a423d,Mary,Powers,17,15,,11,3,25,33,23,4,0,0,,,,,,,
fh_d540ab332615,Grace,Ammon,17,16,,8,4,20,54,24,3,0,0,,,,,,,
fh_169b740930bc,Emma,Wright,17,17,,6,5,17,56,28,2,0,0,,,,,,,
fh_51ae6d9318a0,Brogan,Heilig,15,0,,6,0,12,28,17,1,0,0,,,,,,,
fh_b573bc0a8821,Zoe,Smith,5,0,,4,0,8,6,5,1,4,6,,,,,,,
fh_8cc43801f7a9,Morgan,Leeper,14,8,,3,1,7,15,9,0,0,0,,,,,,,
fh_ba06f4f768b0,Mattison,Hyland,17,9,,1,4,6,29,16,0,0,0,,,,,,,
fh_a992489c419b,Emma,Reynolds,17,16,,1,2,4,15,8,0,0,0,,,,,,,
fh_053ffb80ad4b,Avery,Slucher,17,17,,1,1,3,46,24,0,0,0,,,,,,,
fh_14549b9e31b7,Ava,Zimmer,7,0,,1,1,3,5,3,0,0,0,,,,,,,
fh_d525aaeccab4,Violette,Alcantar,16,1,,1,0,2,15,9,0,0,0,,,,,,,
fh_bc8296cf07ed,Paige,Buchness,3,0,,1,0,2,1,1,0,0,0,,,,,,,
fh_59d2fc355db7,Maddie,Federico,6,0,,1,0,2,2,1,0,0,0,,,,,,,
fh_53cafee5c1f0,Alyssa,Markell,13,12,,0,2,2,5,4,0,0,0,,,,,,,
fh_f5ef8ab5fcc8,Emma,Morgeson,17,17,,0,2,2,5,1,0,0,0,,,,,,,
fh_1319082374a0,Quinn,Dachisen,13,6,,0,1,1,5,0,0,0,0,,,,,,,
fh_b3745840dfef,Susie,Benincasa,17,5,,0,0,0,1,0,0,0,0,,,,,,,
fh_9a807a5b1a68,Katie,Conway,17,17,,0,0,0,0,0,0,0,0,,,,,,,
fh_fba174a60b3f,Nova,Dekker,3,0,,0,0,0,0,0,0,0,0,,,,,,,
fh_a34e2e8f2461,Annabel,Fauver,15,8,,0,0,0,2,0,0,0,0,,,,,,,
fh_869b0a4fb0c8,Izzy,Fry,2,0,,0,0,0,0,0,0,0,0,,,,,,,
fh_15f79ed34753,Abbey,Gordon,5,0,,0,0,0,0,0,0,0,0,,,,,,,
fh_d546ed6d6030,Catherine,Kent,11,4,,0,0,0,0,0,0,0,0,,,,,,,
fh_c9fb33ad3420,Payton,Mindel,17,17,,0,0,0,0,0,0,0,0,,,17,1.02,59,0.776,7
fh_554fdfcbf9fb,Emma,Mohns,3,0,,0,0,0,0,0,0,0,0,,,,,,,
fh_373a5c051022,Jane,Shields,2,0,,0,0,0,0,0,0,0,0,,,0,0.0,4,1.0,0
fh_e7fe52d31406,Reagan,Shifflett,1,1,,0,0,0,0,0,0,0,0,,,,,,,
fh_6c1b26cfbce2,Katie,Porrello,17,16,886,8,6,22,59,33,0,0,0,,,,,,,
fh_f182c6c17f48,Sarah,Adamske,17,16,884,6,2,14,36,20,0,2,2,,,,,,,
fh_3fffc474c477,Ellie,Monahan,17,17,939,3,8,14,41,28,1,0,0,,,,,,,
fh_9c7915071fe1,Jen,Newick,17,16,791,6,0,12,20,16,4,0,0,,,,,,,
fh_96e4d1226261,Georgia,Coleman,17,16,823,4,2,10,37,24,0,0,0,,,,,,,
fh_083d70d07776,Claire,Toleman,16,1,257,2,2,6,14,7,0,0,0,,,,,,,
fh_45fa5f43a4df,Lexi,Berrettini,14,6,401,1,1,3,25,20,0,0,0,,,,,,,
fh_eb079c01b8ed,Abigale,Bsullak,17,17,897,0,3,3,37,23,0,0,0,,,,,,,
fh_9de29fe95492,Cassidy,Leger,17,16,929,1,1,3,4,1,0,0,0,,,,,,,
fh_33eeede985a0,Alex,Zaino,13,0,207,1,0,2,4,1,0,0,0,,,,,,,
fh_71cb7f65bc52,Hanalia,Dykstra,5,0,45,0,0,0,2,1,0,0,0,,,,,,,
fh_b61e3fd305a6,Caroline,Horn,10,8,449,0,0,0,0,0,0,0,0,,,,,,,
fh_23291f414dc4,Maddy,Lambert,17,11,644,0,0,0,3,2,0,0,0,,,,,,,
fh_92ad9db78239,Natalie,Lindahl,5,0,16,0,0,0,0,0,0,0,0,,,,,,,
fh_7156cde4b173,Makenna,Lord,6,1,49,0,0,0,0,0,0,0,0,,,,,,,
fh_a47955aebee9,Megan,McGinnity,1,0,0,0,0,0,0,0,0,0,0,,,,,,,
fh_11baab2e7348,Natalie,Merrick,17,17,967,0,0,0,1,1,0,0,0,,,48,2.8,179,0.789,2
fh_550c34f2dc87,Izabelle,Miranda,2,0,0,0,0,0,0,0,0,0,0,,,,,,,
fh_24243cc4b322,Kyla,Napolitano,17,17,964,0,0,0,0,0,0,0,0,,,,,,,
fh_76d0276d5160,Ginny,Smith,12,10,448,0,0,0,0,0,0,0,0,,,,,,,
fh_18ca514f0776,Ana,Plaia,16,15,868,6,7,19,44,35,1,0,0,,,,,,,
fh_3ab7855a67a3,Victoria,Chavez,16,16,913,5,2,12,17,11,0,2,2,,,,,,,
fh_4692ec46e608,Allison,Tanasy,16,16,922,4,4,12,38,18,0,1,2,,,,,,,
fh_7c7c0b08a2f7,Eliana,Momm,15,14,819,5,1,11,28,19,0,0,0,,,,,,,
fh_d1466f7ea37d,Abigail,DeYoung,16,16,928,3,2,8,33,17,1,0,0,,,,,,,
fh_bc2728636bcf,Kayla,Gray,16,16,909,1,5,7,18,5,0,0,0,,,,,,,
fh_963b2cb9ad93,Kelly,Zeman,15,2,431,3,0,6,7,6,0,0,0,,,,,,,
fh_3a99635b7e54,Isabella,Casale,16,14,817,2,1,5,13,9,2,0,0,,,,,,,
fh_ecd2a91ea5b1,Tessa,Pofahl,16,14,745,1,0,2,9,4,1,0,0,,,,,,,
fh_6353a49ed45c,Savannah,Davis,16,15,806,0,0,0,1,1,0,0,0,,,,,,,
fh_6a944ad3ab5c,Sam,Fried,11,9,542,0,0,0,0,0,0,0,0,,,24,2.68,68,0.739,1
fh_c722d1324a39,Emily,Getz,10,7,419,0,0,0,0,0,0,0,0,,,31,4.39,79,0.718,0
fh_97ecfce6f6f6,Maddie,Kulik,16,16,949,0,0,0,1,0,0,0,0,,,,,,,
fh_2d243c3437cf,Riley,Mills,16,5,482,0,0,0,0,0,0,0,0,,,,,,,
fh_3c2c11ff683d,Breea,Dresler,19,19,1028,8,3,19,43,30,3,0,0,,,,,,,
fh_912b56ac715b,Cali,Kujawa,19,19,1066,4,1,9,25,16,4,0,0,,,,,,,
fh_62799bb20de0,Brenna,McLean,19,16,867,4,0,8,22,12,3,0,0,,,,,,,
fh_7b5be57201de,Llana,Thach,19,16,962,4,0,8,34,17,1,0,0,,,,,,,
fh_a3953f6305ff,Kylee,Gorham,19,11,697,3,1,7,49,18,0,0,0,,,,,,,
fh_ed7fac3d1b93,Courtney,Moodie,19,19,1051,1,4,6,27,10,0,0,0,,,,,,,
fh_002caad412ad,Samantha,Major,15,0,87,2,0,4,6,5,0,0,0,,,,,,,
fh_04bd6bf12989,Sarah,Newman,13,0,73,1,2,4,17,11,0,0,0,,,,,,,
fh_a405971f52f2,Penelope,Trageser,8,0,46,2,0,4,5,5,0,0,0,,,,,,,
fh_1fefbd676489,Annie,Pruitt,19,1,221,1,1,3,4,2,0,0,0,,,,,,,
fh_c9279f6ad36a,Lynn,Giesken,19,18,938,0,2,2,3,0,0,0,0,,,,,,,
fh_7de22be9dfcb,Janne,Roelink,18,0,113,0,2,2,14,5,0,0,0,,,,,,,
fh_b1ac370abdef,McKayla,Clark,16,4,333,0,1,1,6,0,0,0,0,,,,,,,
fh_bb5096602c85,Ellee,McLean,7,0,36,0,1,1,5,1,0,0,1,,,,,,,
fh_1be69793aca7,Valentina,Ambrogi-Torres,19,19,1167,0,0,0,0,0,0,0,0,,,22,1.14,155,0.876,7
fh_e085332d2ef8,Irish,Azama,15,14,809,0,0,0,1,0,0,0,0,,,,,,,
fh_bc046d5d74f4,Caroline,Bassett,14,6,420,0,0,0,4,0,0,0,0,,,,,,,
fh_a6252ceee1dd,Natalee,Fortin,1,0,0,0,0,0,0,0,0,0,0,,,,,,,
fh_1fb9dcad9f3b,Olivia,Greene,16,4,276,0,0,0,9,5,0,0,0,,,,,,,
fh_ad59b5661f7b,Mackenzie,Halfon,2,0,0,0,0,0,0,0,0,0,0,,,,,,,
fh_d967ce0d8ba3,Nathalia,McIntyre,10,0,41,0,0,0,0,0,0,0,0,,,,,,,
fh_edbc3970ca15,Amelia,Myers,1,0,0,0,0,0,0,0,0,0,0,,,,,,,
fh_f0bbc0d1f14d,Grace,Oates,17,13,796,0,0,0,1,0,0,0,0,,,,,,,
fh_15443aaa1494,Caitlin,Porter,18,10,581,0,0,0,5,3,0,0,0,,,,,,,
fh_05d17db69fbf,Cathryn,Short,3,0,4,0,0,0,0,0,0,0,0,,,0,0.0,1,1.0,0
fh_8ad6f5e63633,Hailey,Swartzbaugh,14,5,305,0,0,0,1,1,0,0,0,,,,,,,
fh_d418445231ea,Neely,Winefordner,19,15,880,0,0,0,19,6,0,0,0,,,,,,,
fh_2d463db46970,Sophia,Brown,17,16,755,19,2,40,56,41,4,0,0,,,,,,,
fh_f7ad86285964,Ella,Pasquarelli,17,15,670,4,7,15,28,18,2,0,0,,,,,,,
fh_0b9ddba65975,Grace,Johnson,17,17,956,4,5,13,56,27,2,0,0,,,,,,,
fh_1aebad6d57b6,Katie,Galgay,17,16,678,5,2,12,26,16,0,0,0,,,,,,,
fh_7fc04c1d135f,Ria,Patel,17,17,888,3,6,12,30,18,0,0,0,,,,,,,
fh_acb4def8015f,Khushi,Saini,14,0,90,5,1,11,12,11,0,2,4,,,,,,,
fh_d141820f946e,Emily,Dubord,17,17,1006,2,4,8,38,16,0,0,0,,,,,,,
fh_0550df2e5bd2,Lindsay,Dunbar,17,1,359,2,2,6,12,10,0,0,0,,,,,,,
fh_24e8f77855d0,Kennedy,Campbell,15,14,651,2,1,5,9,4,0,0,0,,,,,,,
fh_984f364d7ace,Kylie,Secker,17,2,372,2,1,5,7,6,0,0,0,,,,,,,
fh_7bd3abdcda77,Val,Palmiotti,12,0,197,2,0,4,5,3,0,0,0,,,,,,,
fh_3c0fae5508fb,Lauren,Savino,15,10,539,2,0,4,3,2,0,0,0,,,,,,,
fh_187004edf9e0,Julie,Thomas,16,14,834,1,0,2,13,5,0,0,0,,,,,,,
fh_04de0fad5866,Isabella,Bolinger,13,1,200,0,1,1,1,1,0,0,0,,,,,,,
fh_73567e3e9220,Molly,Atkinson,10,3,236,0,0,0,3,1,0,0,0,,,,,,,
fh_4877030aae1d,Olivia,Brovak,6,1,175,0,0,0,0,0,0,0,0,,,5,1.72,11,0.688,1
fh_21f42b6702b9,Sophie,Clancy,7,0,49,0,0,0,0,0,0,0,0,,,,,,,
fh_cf864fef6ac7,Ella,Downing,6,0,58,0,0,0,0,0,0,0,0,,,,,,,
fh_9b14ec25da37,Kendell,Erlwein,8,1,156,0,0,0,0,0,0,0,0,,,,,,,
fh_716f023ac94c,Emily,Frey,16,1,344,0,0,0,10,5,0,0,0,,,,,,,
fh_1172cd910f24,Tess,Garchinsky,16,15,802,0,0,0,0,0,0,0,0,,,29,2.01,74,0.718,0
fh_b71df40a226f,Marin,Kupfer,6,0,13,0,0,0,2,0,0,0,0,,,,,,,
fh_830f85c77e7b,Jaidyn,Pufky,10,5,327,0,0,0,1,0,0,0,0,,,,,,,
fh_9798eb6337b9,Ryan,Spagnolo,17,16,943,0,0,0,1,0,0,0,0,,,,,,,
fh_e82eaa1468fa,Natalie,Yu,7,3,204,0,0,0,0,0,0,0,0,,,,,,,
fh_324d138d94fd,Alder,Dickey,14,13,599,7,2,16,55,32,4,0,0,,,,,,,
fh_91b5da055c93,Bella,Spina,14,14,761,6,3,15,37,18,2,0,0,,,,,,,
fh_f6842f8dc41e,Maria,Zaporozhski,13,9,625,4,3,11,45,23,1,0,1,,,,,,,
fh_ef1f682cb9a7,Abbie,Wallace,13,2,181,3,2,8,7,6,1,0,0,,,,,,,
fh_2342090de8d8,Zoë,Dzialowski,13,8,645,1,1,3,12,6,0,0,0,,,,,,,
fh_29231e08c437,Lucy,Frederick,14,12,652,1,1,3,12,7,0,0,0,,,,,,,
fh_7077c7a49b4b,Lora,Chandler,14,14,824,1,0,2,4,2,0,0,0,,,,,,,
fh_62ff2cacf722,MaCaelan,Rahn,14,14,677,0,2,2,1,0,0,0,0,,,,,,,
fh_47039fccfb2f,Meredith,Dunn,14,12,586,0,1,1,14,9,0,0,0,,,,,,,
fh_ebbe9858c0ec,Ellie,Pratka,14,14,797,0,1,1,0,0,0,0,0,,,,,,,
fh_aaa606a85b65,Virginia,Shuff,14,13,617,0,1,1,11,5,0,0,0,,,,,,,
fh_e69df29c0207,Layla,Anderson,14,6,386,0,0,0,3,2,0,0,0,,,,,,,
fh_23ffb34efa98,Audrey,Danz,7,0,12,0,0,0,0,0,0,0,0,,,,,,,
fh_f4e7ef1a52c1,Emily,Forman,1,0,1,0,0,0,0,0,0,0,0,,,,,,,
fh_eb5fb3499675,Molly,Gmur,11,3,104,0,0,0,0,0,0,0,0,,,,,,,
fh_c319678c449a,Sam,Holke,2,0,30,0,0,0,0,0,0,0,0,,,,,,,
fh_08e9e4efee8c,Addison,Jones,13,1,303,0,0,0,4,4,0,0,0,,,,,,,
fh_3ca8183395e9,Rose,Martin,1,0,0,0,0,0,0,0,0,0,0,,,0,0.0,0,0.0,0
fh_1c3471898c57,Caroline,Naifeh,14,14,852,0,0,0,0,0,0,0,0,,,19,1.36,68,0.782,6
fh_6ae93bbd0c7c,Summer,Silverman,13,1,182,0,0,0,3,2,0,0,0,,,,,,,
fh_58ec845545cc,Taylor,Slutzky,12,1,289,0,0,0,1,1,0,0,0,,,,,,,
fh_f4c3088adc3a,Corinne,Orlando,18,16,967,5,5,15,31,21,0,0,0,,,,,,,
fh_0722a1181ea6,Maddy,Holmes,17,16,880,5,1,11,37,24,1,0,0,,,,,,,
fh_7e7207225607,Kaitlyn,Robertson,18,12,788,5,0,10,21,15,2,0,0,,,,,,,
fh_246edcba262f,Elyse,Cosgrave,17,6,398,1,1,3,15,8,1,0,0,,,,,,,
fh_ada8223e9acd,Danielle,Crabtree,18,15,551,1,0,2,3,3,0,1,1,,,,,,,
fh_3f693b287154,Leanne,Pezzuti,14,0,108,1,0,2,6,5,0,0,0,,,,,,,
fh_a28971f5ec69,Maggie,Beach,14,3,251,0,1,1,10,9,0,0,0,,,,,,,
fh_4a8e3f842097,Brooke,Garcia,16,0,378,0,1,1,6,6,0,0,0,,,,,,,
fh_6a68c26336c9,Ashley,Mountcastle,18,14,770,0,1,1,9,4,0,0,0,,,,,,,
fh_8154e785e4b8,Katherine,Seal,18,18,1097,0,1,1,13,5,0,0,0,,,,,,,
fh_abdc4b4a857b,Ellemijn,van Wijk,18,8,376,0,1,1,10,5,0,0,0,,,,,,,
fh_a92c320e135d,Sophie,Baker,18,18,1086,0,0,0,12,6,0,0,0,,,,,,,
fh_0ed29ec66a94,Savannah,Bolte,8,0,62,0,0,0,3,0,0,0,0,,,,,,,
fh_c72b39ced478,Kennedy,Boyce,18,18,1100,0,0,0,2,2,0,0,0,,,,,,,
fh_4a3dd815a95a,MaKenzie,Branch,4,0,75,0,0,0,0,0,0,0,0,,,,,,,
fh_2d4376133152,Kaitlyn,Damron,12,0,355,0,0,0,0,0,0,0,0,,,,,,,
fh_d152cf5ef687,Megan,Keller,2,1,35,0,0,0,0,0,0,0,0,,,4,5.61,5,0.556,0
fh_10851f763744,Chloe,Miller,18,17,1077,0,0,0,0,0,0,0,0,,,38,2.13,102,0.729,4
fh_56ea19bf43da,Grayson,Raiford,18,18,998,0,0,0,0,0,0,0,0,,,,,,,
fh_16cf95b6ab8e,Elizabeth,Tamaro,18,16,847,0,0,0,2,2,0,0,0,,,,,,,
fh_9b50a3079770,Brianna,Spinelli,19,19,1137,15,3,33,79,63,0,0,0,,,,,,,
fh_11ec7bea441c,Reilly,Swislosky,19,19,1148,9,8,26,65,35,3,0,1,,,,,,,
fh_ae9df4f51fbf,Kelsey,Bain,19,19,1102,7,5,19,49,29,0,0,0,,,,,,,
fh_e354d917b784,Mary,Kelley,19,19,1148,7,4,18,28,17,1,1,1,,,,,,,
fh_3c9e80b63978,Shaelyn,Burke,19,19,1144,4,1,9,20,11,1,0,0,,,,,,,
fh_c7c0c9851fc0,Lexi,Davies,19,19,1148,1,6,8,17,10,0,0,0,,,,,,,
fh_d7e6b563a89f,Kallie,Frechette,16,8,577,2,0,4,12,12,0,0,0,,,,,,,
fh_66d207c761ae,Sophia,Quinlan,19,19,1148,1,0,2,1,1,0,0,0,,,,,,,
fh_10213c2c880d,Cali,Andriski,18,11,656,0,0,0,1,0,0,0,0,,,,,,,
fh_898e46eb8a89,Olivia,Faro,4,0,45,0,0,0,0,0,0,0,0,,,3,2.66,1,0.25,0
fh_1042e888fe37,Lily,Gifford,19,19,1103,0,0,0,0,0,0,0,0,,,72,4.0,96,0.571,2
fh_b89dc1510933,Erin,McCormick,16,15,889,0,0,0,0,0,0,0,0,,,,,,,
fh_76e0c1cab75d,Colleen,Smith,16,12,769,0,0,0,3,2,0,0,0,,,,,,,
fh_d1e102822758,Callie,Toupin,10,10,552,0,0,0,5,1,0,0,0,,,,,,,
fh_7d9990d09d4d,Erin,Foley,20,16,780,6,2,14,42,27,2,0,0,,,,,,,
fh_ecd07984171e,Grayson,Honig,20,19,1018,6,1,13,55,34,3,0,0,,,,,,,
fh_88fb1474a6c3,Sophia,Cuneo,20,20,1301,2,7,11,18,10,0,0,0,,,,,,,
fh_c380fd93e77b,Cassidy,Romano,20,20,1281,4,3,11,27,16,1,0,2,,,,,,,
fh_c1f8e5bf2c80,Anya,Arseneau,20,20,1195,2,3,7,60,31,0,0,0,,,,,,,
fh_5ea934d5a445,Molly,Newbold,20,19,1029,3,0,6,11,6,2,0,0,,,,,,,
fh_3e526667f5d4,Sophia,Marcotte,19,8,592,2,1,5,10,7,0,0,0,,,,,,,
fh_955eb0bd4245,Kyla,Byer,20,20,1203,1,2,4,23,5,0,0,0,,,,,,,
fh_616833c90998,Sofia,LaFalce,20,14,435,2,0,4,7,4,1,1,1,,,,,,,
fh_9f0a68d97aa9,Elena,Mendoza,15,3,306,1,2,4,7,4,0,0,0,,,,,,,
fh_8c87edd49cbd,Emilia,Parrado,17,1,142,1,1,3,4,4,0,0,0,,,,,,,
fh_f066ec168d3f,Kristina,Fedorova,18,3,361,1,0,2,27,11,1,0,0,,,,,,,
fh_af75ce540f79,Ella,Krauss,20,12,665,1,0,2,14,7,0,0,0,,,,,,,
fh_b8e9010bd6ff,Sofia,Mianzo,17,1,242,1,0,2,9,8,1,1,1,,,,,,,
fh_207cc353ab36,Reiley,Murphy,12,0,78,1,0,2,4,2,0,0,0,,,,,,,
fh_90e19749100f,Cori,Freundlich,13,1,82,0,1,1,3,1,0,0,0,,,,,,,
fh_570900a7aa4e,Maddy,Colangelo,16,0,175,0,0,0,4,3,0,0,0,,,,,,,
fh_ef635935da45,Kara,Houston,20,20,1257,0,0,0,0,0,0,0,0,,,19,0.91,122,0.865,
fh_00fff5876b2d,Katherine,Jensen,3,0,45,0,0,0,0,0,0,0,0,,,0,0.0,0,0.0,
fh_ebb79ecc0c0d,Rachel,Louie,8,0,60,0,0,0,0,0,0,0,0,,,,,,,
fh_17d25ff74d14,Maggie,Martin,1,1,1,0,0,0,0,0,0,0,0,,,,,,,
fh_81249808da2d,Abigal,Mateer,20,20,1307,0,0,0,3,1,2,0,1,,,,,,,
fh_e1164de6c2dd,Madeline,Mitchell,1,0,7,0,0,0,0,0,0,0,0,,,0,0.0,0,0.0,
fh_42f6e0799564,Erica,Rawson,11,1,125,0,0,0,3,1,0,0,0,,,,,,,
fh_5e97e2a11404,Alexandra,Robillard,9,1,142,0,0,0,0,0,0,0,0,,,,,,,
fh_3ba218bc2c8f,Maya,Ullrich,13,0,62,0,0,0,1,1,0,0,0,,,,,,,
fh_9c84fa497180,Cassie,Ward,9,0,61,0,0,0,5,4,0,0,0,,,,,,,
fh_481d7930b167,Sydney,Kowalczyk,22,21,1137,19,6,44,83,58,5,0,0,,,,,,,
fh_d7ee63b9afea,Mia,Foti,22,16,732,10,0,20,34,22,2,0,0,,,,,,,
fh_73a1a4152594,Alexa,Ronning,22,22,1068,6,5,17,51,26,1,1,5,,,,,,,
fh_4e943766d136,Tess,Herman,22,22,1246,3,8,14,35,21,0,0,0,,,,,,,
fh_775ce9703e82,Lily,Bataloni,22,18,548,4,3,11,40,26,0,0,0,,,,,,,
fh_e040b10bafcf,Gracie,Merrick,22,19,1123,3,5,11,27,15,2,0,0,,,,,,,
fh_fe10dae2a0be,Sophia,Weisler,22,18,840,5,1,11,21,16,0,0,0,,,,,,,
fh_460b3704a3e7,Kaylee,Wenzel,22,1,395,5,1,11,22,20,2,0,0,,,,,,,
fh_76eb7a292956,Aurelia,McManis,22,19,1210,1,7,9,15,5,0,0,0,,,,,,,
fh_8bc81b3fd4e7,Riley,McClelland,20,0,376,3,1,7,11,9,0,0,1,,,,,,,
fh_b871106daeec,Jenna,Gray,7,7,269,2,2,6,11,8,0,0,0,,,,,,,
fh_cddf615853a7,Paige,Gray,18,17,941,1,3,5,4,2,1,0,0,,,,,,,
fh_3d27528f93ee,Kylie,Elwell,21,0,320,2,0,4,14,10,0,0,0,,,,,,,
fh_6392b9316642,Abby,Goblirsch,16,0,292,2,0,4,10,6,1,1,2,,,,,,,
fh_1ba32021dbe2,Olivia,Griffin,16,0,316,2,0,4,8,6,0,0,0,,,,,,,
fh_cb70d5521bbd,Ava,Thomas,19,0,204,2,0,4,10,7,0,0,0,,,,,,,
fh_3aee1e8440f3,Peyton,Ryan,11,0,234,1,1,3,11,7,1,0,0,,,,,,,
fh_3293f02d0960,Victoria,Tullio,13,0,229,1,1,3,2,1,0,0,0,,,,,,,
fh_fbce2d29c2bf,Grace,Angelo,4,0,34,1,0,2,2,1,0,0,0,,,,,,,
fh_57e5d26db9f2,Katie,Meehan,2,0,28,1,0,2,3,3,0,0,0,,,,,,,
fh_b5282e97dd29,Taylor,Prendergast,17,10,542,0,1,1,0,0,0,0,0,,,,,,,
fh_be1a8b31e915,Kasey,Abbott,22,17,1045,0,0,0,0,0,0,0,0,,,,,,,
fh_227641e2c501,Kelley,Crescenzo,2,0,30,0,0,0,0,0,0,0,0,,,1,2.0,1,0.5,0
fh_80279d147674,Mariah,Juiliano,20,20,1173,0,0,0,0,0,0,0,0,,,30,1.56,96,0.762,4
fh_ff1893513385,Riley,McSweeney,2,0,38,0,0,0,0,0,0,0,0,,,,,,,
fh_b8f7f991ab52,Ella,Morton,4,2,151,0,0,0,0,0,0,0,0,,,7,2.78,10,0.588,0
fh_878ada0109d2,Tess,Strittmatter,6,1,88,0,0,0,1,1,0,0,0,,,,,,,
fh_f5d1243d8802,Ella,Toll,22,9,666,0,0,0,6,4,0,0,0,,,,,,,
fh_4fc3dac18237,Delfina,Vanelli,1,0,15,0,0,0,0,0,0,0,0,,,0,0.0,1,1.0,0
fh_0a62bd024e5f,Paige,Yocum,6,0,57,0,0,0,3,3,0,0,0,,,,,,,
fh_d9452f11f522,Chelsea,King,21,21,,28,10,66,93,75,4,1,1,,,,,,,
fh_93c952531a25,Maddy,Monahan,21,21,,7,11,25,81,52,4,0,0,,,,,,,
fh_34a1303b9377,Hannah,Timbrouck,21,21,,10,4,24,42,32,2,0,0,,,,,,,
fh_6908ea0b27cc,Eva,Wood,21,19,,6,3,15,24,17,1,0,0,,,,,,,
fh_53c0b9335944,Anna,Kruggel,21,21,,3,7,13,18,7,0,0,0,,,,,,,
fh_e5e1ce5e7cad,Lily,Tobin,15,1,,5,3,13,12,9,2,0,0,,,,,,,
fh_89370ea5e584,Elizabeth,Duquette,20,19,,6,0,12,43,29,1,3,3,,,,,,,
fh_8b428ddae4f1,Lexi,Yost,20,0,,5,1,11,26,18,0,0,0,,,,,,,
fh_22fe073b6e1e,Brodie,Loveland,14,0,,5,0,10,11,10,0,0,0,,,,,,,
fh_bb3eaad6ddd7,Grace,Rocheleau,21,21,,2,4,8,22,11,0,0,0,,,,,,,
fh_b184fa4b08b8,Emma,Sheldon,20,13,,3,1,7,14,8,1,0,0,,,,,,,
fh_3565becc5f53,Libby,Corsetti,20,8,,1,4,6,23,15,0,0,0,,,,,,,
fh_55321deefc23,Katie,Flanagan,8,0,,1,1,3,8,6,0,0,0,,,,,,,
fh_b3b27aec1b61,Emiley,Vinciguerra,8,0,,1,1,3,5,4,0,0,0,,,,,,,
fh_95242df46117,McKenzie,Foley,21,21,,0,1,1,8,3,0,0,0,,,,,,,
fh_022dd925d333,Hannah,Brazil,21,21,,0,0,0,0,0,0,0,0,,,24,1.36,81,0.771,2
fh_84daaf68375a,Ava,Hogenkamp,16,0,,0,0,0,5,0,0,0,0,,,,,,,
fh_78a8964588aa,Shae,O'Neill,7,0,,0,0,0,0,0,0,0,0,,,2,0.8,0,0.0,0
fh_fc9b1a38a5b0,Ally,Orlofski,21,21,,0,0,0,3,0,0,0,0,,,,,,,
fh_41deed9557d1,Meili,Raspante,4,0,,0,0,0,0,0,0,0,0,,,2,1.91,2,0.5,0
fh_7d4eeca6ef54,Lexi,Robicheau,14,1,,0,0,0,0,0,0,0,0,,,,,,,
fh_fe07e165a59d,Bella,Rosa,8,0,,0,0,0,0,0,0,0,0,,,,,,,
fh_7c2294a0757a,Karli,Schulken,6,0,,0,0,0,0,0,0,0,0,,,,,,,
fh_0a4db27426bc,Avery,McLaughlin,18,16,770,12,8,32,40,34,2,0,0,,,,,,,
fh_f0bed27dd6de,Mary,Kate McPhee,18,17,905,11,8,30,67,40,3,1,1,,,,,,,
fh_f8003f1786a4,Sam,Current,18,17,846,9,2,20,28,25,4,3,4,,,,,,,
fh_adc58ba45aaa,Katie,Schirrmacher,17,1,278,5,1,11,10,7,0,0,0,,,,,,,
fh_50f29c1b353f,Sydney,Byrns,18,15,795,3,3,9,20,16,0,0,0,,,,,,,
fh_5e923611a25e,Jordan,Kauffman,18,18,1035,0,6,6,15,10,0,0,0,,,,,,,
fh_b375d0914923,Teresa,Smith,13,1,261,3,0,6,13,11,0,0,0,,,,,,,
fh_5ea3c6017b03,Alison,Taplin,18,18,951,2,2,6,27,17,1,0,0,,,,,,,
fh_09d2f533252c,Morgan,Gregory,17,8,461,2,1,5,11,6,0,0,0,,,,,,,
fh_536faa60ba89,Emma,Muchow,16,9,405,2,1,5,5,5,0,0,0,,,,,,,
fh_a51d8d4ff8c3,Callie,Smith,2,0,33,2,1,5,3,3,0,0,0,,,,,,,
fh_3a3ecc44e325,Holly,Stuart,14,13,658,2,1,5,9,5,0,0,2,,,0,0.0,4,1.0,1
fh_8bf59cf0cc8e,Haley,Acevedo,18,18,946,1,0,2,2,1,0,0,0,,,,,,,
fh_44e1f6771aa4,Lily,Humphrey,16,6,541,0,1,1,9,6,0,0,0,,,,,,,
fh_a1931aeda1ec,Caitlyn,Mahoney,13,4,384,0,1,1,0,0,0,0,0,,,,,,,
fh_9be762889930,Lauren,Fracy,18,14,782,0,0,0,8,4,0,0,0,,,,,,,
fh_368ec0f445c6,Leeah,Herbert,13,1,306,0,0,0,0,0,0,0,0,,,,,,,
fh_542d46ed6b2a,Sophia,Melfi,15,2,392,0,0,0,0,0,0,0,0,,,,,,,
fh_b2d81aef625e,Morgan,Parrinello,16,15,905,0,0,0,0,0,0,0,0,,,35,2.28,74,0.679,3
fh_e8c78974b682,Teagan,Rosencranse,2,2,121,0,0,0,0,0,0,0,0,,,7,4.06,21,0.75,0
fh_f8a5ea45da39,Lena,Schiavo,1,0,3,0,0,0,0,0,0,0,0,,,,,,,
fh_97e872e0e7d5,Maya,Waryas,20,18,999,22,9,53,114,83,2,0,0,,,,,,,
fh_39ebadf29d8c,Kienna,Haley,20,20,933,22,2,46,63,49,4,2,2,,,,,,,
fh_b664f80d235f,Ava,Markham,20,20,1126,7,15,29,51,36,3,2,2,,,,,,,
fh_1b4ae080e69c,Zoey,Lailer,20,17,829,2,7,11,8,7,0,0,0,,,,,,,
fh_ae2f2297b570,Myia,SeeHusen,20,3,559,5,0,10,15,14,1,0,0,,,,,,,
fh_5fc712ead829,Sadie,Tirrell,20,20,1190,3,4,10,29,16,0,0,0,,,,,,,
fh_ded27ffb4f99,Emilia,Galimberti,15,14,726,1,3,5,10,6,0,0,0,,,,,,,
fh_4bab952ec556,Katie,Yeaton,20,20,1051,0,4,4,6,5,0,0,0,,,,,,,
fh_67f8352b384d,Gabriella,Thomas,17,14,707,1,1,3,4,3,0,0,0,,,,,,,
fh_7396ce05d251,Alex,Graf,18,6,539,1,0,2,3,3,0,0,0,,,,,,,
fh_db76050dda6a,Anna,Abruzzese,11,0,72,0,0,0,0,0,0,0,0,,,,,,,
fh_32d858991cf0,Emma,Casale,18,0,298,0,0,0,0,0,0,0,0,,,,,,,
fh_0efb8fa3bae3,Paige,DeMascio,3,0,49,0,0,0,0,0,0,0,0,,,0,0.0,4,1.0,0
fh_89b28604ff87,Richelle,Girard,13,0,184,0,0,0,1,1,0,0,0,,,,,,,
fh_7569d781c011,Chloe,Grosso,20,20,1082,0,0,0,0,0,0,0,0,,,,,,,
fh_0f3549b52b3e,Jordan,Hurrell,20,14,695,0,0,0,0,0,0,0,0,,,,,,,
fh_12ed9ac7d47e,Ella,Labbe,9,0,50,0,0,0,0,0,0,0,0,,,,,,,
fh_dc071445f460,Sydney,Lacombe,19,5,523,0,0,0,0,0,0,0,0,,,,,,,
fh_00f09b276a6e,Kimberley,McLaughlin,19,19,1093,0,0,0,0,0,0,0,0,,,42,2.37,114,0.731,2
fh_3b02e24764ca,Olivea,Miller,20,6,598,0,0,0,5,1,0,0,0,,,,,,,
fh_211ed76b0e0e,Lexi,Pelkey,10,0,130,0,0,0,0,0,0,0,0,,,,,,,
fh_572e6276f4e0,Gabrielle,Wright,3,1,90,0,0,0,0,0,0,0,0,,,2,1.33,2,0.5,0
fh_c419c6e198e1,Brenna,Ziegler,19,19,992,15,8,38,83,54,4,0,0,,,,,,,
fh_6b3eac8f62f6,Emma,Watkins,19,19,955,13,2,28,38,27,7,0,0,,,,,,,
fh_f8ccf0249eed,Briana,Allen,19,19,909,9,6,24,56,36,0,0,0,,,,,,,
fh_eb71da92a88f,Josie,Shermeyer,19,19,1149,5,7,17,32,19,1,0,0,,,,,,,
fh_00fbccb21f67,Jena,Vanskiver,19,19,1155,4,2,10,40,19,0,2,4,,,,,,,
fh_4dbfb5e4510b,Sofia,Lopez,19,19,945,4,1,9,24,15,1,0,0,,,,,,,
fh_7e6d8e888bae,Olivia,Schwendeman,11,0,118,4,1,9,19,15,0,0,0,,,,,,,
fh_d6dc67315415,Elena,Pasko,18,15,826,2,3,7,21,10,0,0,0,,,,,,,
fh_4d5f7ed732ee,Tori,Hampton,19,18,982,1,3,5,18,8,0,0,0,,,,,,,
fh_e0dd8a7fec5b,Fiona,Kortyna,18,5,339,2,0,4,16,7,0,0,0,,,,,,,
fh_32edabf49317,Josie,Mascolo,9,0,69,1,2,4,11,3,0,0,0,,,,,,,
fh_3584fec8b64d,Kristina,Wujciak,7,1,141,2,0,4,3,3,0,0,0,,,,,,,
fh_cb8c509c792e,Morgan,Knott,18,0,293,1,1,3,25,14,0,0,0,,,,,,,
fh_7c6310cea334,Safi,Stimely,19,19,1140,1,1,3,4,3,0,1,1,,,,,,,
fh_5dda79e2204f,Julie,Presgraves,17,4,374,0,2,2,4,2,0,0,0,,,,,,,
fh_47247adcbdcb,Shelby,Wurzburger,8,0,62,0,1,1,2,1,0,0,0,,,,,,,
fh_c681dd4283fe,Sophia,Kent,18,17,1033,0,0,0,0,0,0,0,0,,,22,1.38,96,0.814,5
fh_b104fe52a653,Abigail,Lum,17,0,211,0,0,0,1,0,0,0,0,,,,,,,
fh_061957509b42,Bella,Marson,4,0,9,0,0,0,0,0,0,0,0,,,,,,,
fh_05856e5e7d5b,Emma,Mastrangelo,9,0,51,0,0,0,1,0,0,0,0,,,,,,,
fh_8d64b9cfab4e,Caroline,McDonald,8,1,107,0,0,0,0,0,0,0,0,,,2,0.72,9,0.818,0
fh_d2bc0b41adca,Katherine,O'Brien,7,0,18,0,0,0,1,1,0,0,0,,,,,,,
fh_102786c95b0f,Ally,Rice,13,1,130,0,0,0,1,0,0,0,0,,,,,,,
fh_3d4a924133aa,Alyssa,Riggleman,19,13,583,0,0,0,3,2,0,0,0,,,,,,,
fh_c6faa6313c00,Victoria,Shoe,2,0,5,0,0,0,0,0,0,0,0,,,,,,,
fh_da25bec89d4e,Abi,Wise,8,0,60,0,0,0,0,0,0,0,0,,,,,,,
fh_dff3399b52c7,Alexa,Yingling,2,0,15,0,0,0,0,0,0,0,0,,,0,0.0,0,0.0,0
fh_115110ed33f9,Caroline,Hamilton,14,13,,5,3,13,16,13,1,0,0,,,,,,,
fh_fbc43a341b61,Sydney,LeClair,14,14,,6,0,12,16,10,1,0,0,,,,,,,
fh_ba3320f078bf,Lily,Gubbins,14,4,,4,2,10,16,15,1,0,0,,,,,,,
fh_da6fa914cb61,Mayson,Blondek,14,14,,3,3,9,20,14,1,0,0,,,,,,,
fh_99073f5a3b18,Maja,Helmer,14,14,,0,5,5,17,8,0,0,0,,,,,,,
fh_35d94698ee59,Charlotte,Lehr,14,12,,2,1,5,24,16,0,0,0,,,,,,,
fh_06196b59f305,Maggie,Spire,14,13,,1,2,4,5,3,0,0,0,,,,,,,
fh_5c90c3164e54,Maddy,Shaw,13,12,,1,1,3,15,7,0,0,0,,,,,,,
fh_797360bd3cce,Sawyer,Bailey,11,0,,1,0,2,6,6,1,0,0,,,,,,,
fh_838fd45aff77,Hannah,Gubbins,14,0,,0,1,1,10,8,0,0,0,,,,,,,
fh_c9cb4fc2d6df,Morgan,Barnard,14,14,,0,0,0,1,0,0,0,0,,,,,,,
fh_12cc4f914f2e,Jane,Bartlett,11,0,,0,0,0,4,3,0,0,0,,,,,,,
fh_8f4d6bac6f12,Ali,Card,7,0,,0,0,0,0,0,0,0,0,,,,,,,
fh_8471dda24c58,Petra,Gamage,7,0,,0,0,0,0,0,0,0,0,,,0,0.0,8,1.0,0
fh_7cb845344444,Cait,Garrity,4,0,,0,0,0,0,0,0,0,0,,,,,,,
fh_3451e2d9e5e2,Kate,Hughes,14,14,,0,0,0,0,0,0,0,0,,,,,,,
fh_c87c09ebdc67,Lindsey,Johansen,7,0,,0,0,0,0,0,0,0,0,,,,,,,
fh_5b5c0997b743,Maeve,O'Brien,2,0,,0,0,0,0,0,0,0,0,,,,,,,
fh_864e9a58d7bd,Sofia,Passalacqua,5,0,,0,0,0,2,2,0,0,0,,,,,,,
fh_7a7a5bdf5dff,Annaka,Pierce,2,0,,0,0,0,0,0,0,0,0,,,,,,,
fh_6aabccff5e15,Emma,Rosher,14,14,,0,0,0,0,0,0,0,0,,,,,,,
fh_311ff16947dc,Ava,Stoddard,6,0,,0,0,0,0,0,0,0,0,,,,,,,
fh_abd8df024388,Elizabeth,Walsh,14,14,,0,0,0,0,0,0,0,0,,,32,2.39,121,0.791,1
fh_ec28a04550c4,Gracen,Ward,2,0,,0,0,0,0,0,0,0,0,,,,,,,
fh_f3e149af70db,Marli,McDorman,22,22,1160,18,14,50,107,68,3,0,0,,,,,,,
fh_ca458c27ca29,McKenna,Horner,22,22,1117,16,4,36,61,41,4,0,0,,,,,,,
fh_276d0496bd07,Morgan,Bradford,22,22,976,11,7,29,72,50,4,0,0,,,,,,,
fh_9abf5b537972,Kaitlyn,DeModna,22,22,1176,9,6,24,47,31,2,3,3,,,,,,,
fh_3e98ad53b226,Alex,Kupper,22,19,894,8,4,20,44,35,0,0,0,,,,,,,
fh_a6ef377d896e,Madelyn,Reed,22,22,1244,4,8,16,22,15,2,0,0,,,,,,,
fh_f5b5d7d9615f,Caroline,Pusey,22,20,1123,4,7,15,33,23,0,0,0,,,,,,,
fh_6fd4e7e735cc,Tessa,Gray,21,0,229,6,1,13,30,19,2,0,0,,,,,,,
fh_4f0480b0858c,Ramsey,Coffman,16,2,207,2,1,5,9,5,0,1,1,,,,,,,
fh_be356eb31436,Morgan,Davis,8,0,76,2,1,5,6,4,0,0,0,,,,,,,
fh_49862b5f00b3,Kelly,Webber,21,2,402,2,1,5,20,14,0,0,0,,,,,,,
fh_36abfa132861,Emma,Abromavage,20,0,185,1,2,4,7,4,0,0,0,,,,,,,
fh_197a5c72c53e,Regan,Nacrelli,22,22,1162,1,2,4,10,8,0,0,0,,,,,,,
fh_e167b0ab749f,Elena,Weychert,14,0,164,1,2,4,7,5,0,0,0,,,,,,,
fh_504bdbf47070,Devon,DeGregory,22,22,1238,1,0,2,2,2,0,1,1,,,,,,,
fh_9621d00c0fd2,Aubrey,Jackson-Bowen,14,0,203,1,0,2,9,8,0,0,0,,,,,,,
fh_45eb74ace6d9,Mauren,Krauser,16,0,191,0,1,1,6,3,0,0,0,,,,,,,
fh_916a03b54e4f,Sydney,Block,11,0,125,0,0,0,7,4,0,0,0,,,,,,,
fh_0d73dea9cbdb,Kelly,Davis,22,22,1269,0,0,0,0,0,0,0,0,,,11,0.58,40,0.784,
fh_4347afb97af7,Maddie,Fuller,16,0,165,0,0,0,4,3,0,0,0,,,,,,,
fh_f7b3c8c90422,Ava,Getty,10,0,86,0,0,0,2,1,0,0,0,,,,,,,
fh_210276267116,Merfie,Lawson,7,0,30,0,0,0,0,0,0,0,0,,,0,0.0,2,1.0,
fh_8f8ee361a717,Abbey,McIlvain,9,0,90,0,0,0,0,0,0,0,0,,,0,0.0,3,1.0,
fh_a5a3146d4062,Peyton,Miller,8,0,93,0,0,0,0,0,0,0,0,,,,,,,
fh_6cbe200c0554,Mia,Moody,2,0,0,0,0,0,0,0,0,0,0,,,0,0.0,0,0.0,
fh_9dd531d3eef1,Lily,Viscusi,2,0,0,0,0,0,0,0,0,0,0,,,0,0.0,0,0.0,
fh_63078e276b97,Regan,Worley,22,22,1273,0,0,0,2,0,0,0,0,,,,,,,
fh_0d2020af4f22,Julia,Decker,19,19,1015,19,6,44,89,66,2,0,0,,,,,,,
fh_47673bf35c13,Georgia,Costello,19,19,1047,15,9,39,106,60,3,0,0,,,,,,,
fh_fc43697dd5ce,Elliot,Lund,19,18,997,8,7,23,54,32,0,0,0,,,,,,,
fh_beea4035bf63,Jordyn,Pineau,19,19,1063,4,8,16,36,20,0,0,0,,,,,,,
fh_bbcea0b29df1,Bella,Gannon,19,19,1064,5,3,13,13,10,4,2,3,,,,,,,
fh_a039b6e72096,Angelina,Regels,19,19,1055,2,5,9,42,22,1,0,0,,,,,,,
fh_e85b5104051f,Molly,Kearney,19,0,242,2,1,5,22,13,1,0,0,,,,,,,
fh_d0c9feaf044a,Sage,Mauro,10,0,72,2,1,5,6,4,0,0,0,,,,,,,
fh_b6d7a9efbed4,Reese,Interrante,19,0,210,1,2,4,11,7,0,0,0,,,,,,,
fh_61f9058c1783,Adelaide,Baird,19,18,849,1,0,2,17,9,0,0,0,,,,,,,
fh_e01dcf29d611,Natalie,Vaughan,19,19,1003,1,0,2,10,9,0,0,0,,,,,,,
fh_0872ac438bd7,Grace,Bender,7,0,21,0,0,0,0,0,0,0,0,,,,,,,
fh_fe23bf2c182c,Julia,Caron,1,0,0,0,0,0,0,0,0,0,0,,,1,6.13,0,0.0,0
fh_efdb97f214ea,Payton,England,6,0,54,0,0,0,2,0,0,0,0,,,,,,,
fh_67bf8139e422,Julianne,Gilchrist,4,0,4,0,0,0,0,0,0,0,0,,,,,,,
fh_8d6eb84c830f,Ashley,Harvey,19,19,1132,0,0,0,1,1,0,0,0,,,,,,,
fh_343e4e3203aa,Sofia,Irish,10,0,69,0,0,0,5,3,0,0,0,,,,,,,
fh_64495f6cdd2f,Jillian,Lydon,4,0,6,0,0,0,0,0,0,0,0,,,,,,,
fh_5d4e937240a3,Siany,Ortez,19,19,1153,0,0,0,0,0,0,0,0,,,35,1.86,115,0.767,3
fh_fbd62dcc5e85,Sadie,Papamechail,18,0,168,0,0,0,1,1,0,0,0,,,,,,,
fh_52bd22f0216a,Ava,Santa,7,0,66,0,0,0,1,0,0,0,0,,,,,,,
fh_ef686d5cd61f,Grace,Warnick,19,19,1150,0,0,0,0,0,0,0,0,,,,,,,
fh_bc631de59c16,Annie,Shaw,21,21,999,19,4,42,73,54,5,0,0,,,,,,,
fh_200de8513eeb,Maggie,Keys,21,21,1164,10,18,38,103,46,1,0,1,,,,,,,
fh_ac978ae476c2,Shana,Goldsmith,18,18,792,12,5,29,47,36,4,0,0,,,,,,,
fh_c851b6adbd13,Lydia,Bechtel,21,21,1053,5,6,16,35,23,1,0,0,,,,,,,
fh_cf272f5c2d07,Olivia,Dougherty,21,15,652,6,4,16,23,17,0,0,0,,,,,,,
fh_9f17f3020c64,Ava,De Natale,14,6,433,7,2,16,24,16,2,0,0,,,,,,,
fh_506241bfdb61,Kiera,Lamb,20,20,1205,1,7,9,4,4,0,0,0,,,,,,,
fh_dc2d6ae5c886,Olivia,Burdo,20,2,532,3,2,8,13,10,0,0,0,,,,,,,
fh_a5d84e4a1a2b,Gracie,Buchholz,21,21,1178,2,2,6,7,5,0,0,0,,,,,,,
fh_c1e6312d715d,Annie,Coll,21,21,638,3,0,6,20,11,2,1,1,,,,,,,
fh_1340b2319ada,Emily,Gallagher,21,21,1018,1,4,6,11,7,0,0,0,,,,,,,
fh_1117bd351993,Maddie,Slavin,21,0,655,2,0,4,8,4,0,0,0,,,,,,,
fh_e46fef0210e7,Annie,Hohl,18,0,378,1,0,2,2,2,1,0,0,,,,,,,
fh_cb791d3a54e2,Gabi,Horn,21,21,1281,1,0,2,3,2,0,0,0,,,,,,,
fh_8cdf4ad8cd35,Liz,Ferrara,5,0,28,0,1,1,1,1,0,0,0,,,,,,,
fh_7e3ed619d9c5,Maggie,Burkholder,5,0,31,0,0,0,0,0,0,0,0,,,,,,,
fh_c155bf7e761c,Mariselle,Camillone,4,4,241,0,0,0,0,0,0,0,0,,,11,3.25,11,0.5,0
fh_5d1e62c4ea56,Maggie,Cantrell,5,0,39,0,0,0,0,0,0,0,0,,,,,,,
fh_23ef1e097d8d,Anna,Capelli,2,0,104,0,0,0,0,0,0,0,0,,,,,,,
fh_24b7dc49428f,Angela,Cavallaro,11,0,136,0,0,0,2,0,0,0,0,,,,,,,
fh_42bb8e9808a6,Josie,Coffey,4,0,13,0,0,0,0,0,0,0,0,,,,,,,
fh_ead8391d021b,Courtney,Devers,2,0,11,0,0,0,0,0,0,0,0,,,,,,,
fh_6e6a850cf546,Sara,Godleski,1,0,6,0,0,0,0,0,0,0,0,,,,,,,
fh_272d3454ead2,Reilly,House,7,0,58,0,0,0,0,0,0,0,0,,,,,,,
fh_f2a5355f8a54,Abby,Kucera,4,0,35,0,0,0,0,0,0,0,0,,,,,,,
fh_9e66f70ecc3a,Kate,McKillop,10,1,314,0,0,0,6,2,0,0,0,,,,,,,
fh_6766b3f6e5d4,Olivia,Piasecki,1,0,4,0,0,0,0,0,0,0,0,,,,,,,
fh_555a7a10d712,Maia,Lo Sasso,7,0,42,0,0,0,0,0,0,0,0,,,,,,,
fh_fa606ac47a15,Ruby,Sorber,2,0,0,0,0,0,0,0,0,0,0,,,0,0.0,0,0.0,0
fh_beadf4fe3e23,MacLean,Thuermer,18,17,1040,0,0,0,0,0,0,0,0,,,17,0.99,53,0.757,5
fh_49b6768038cd,Angelina,Veve,16,0,337,0,0,0,2,1,0,0,0,,,,,,,
fh_18c42e092819,Catherine,Crane,18,18,964,13,3,29,58,37,3,0,1,,,,,,,
fh_b41dc06b9be2,Shepard,Ramsey,18,18,1074,10,4,24,47,28,2,2,3,,,,,,,
fh_92cf468f4566,Keagan,Southall,18,18,1013,5,4,14,27,19,0,0,0,,,,,,,
fh_4931e20bef22,Caroline,Bridges,15,13,740,4,2,10,22,11,1,0,0,,,,,,,
fh_01ff2b193f6f,Natalie,BeVier,18,18,955,4,0,8,14,12,1,0,0,,,,,,,
fh_b97659265c00,Molly,Haskell,18,18,1074,2,4,8,38,23,0,0,0,,,,,,,
fh_df95375d607c,Abigail,Lee,17,16,895,3,0,6,13,9,1,0,0,,,,,,,
fh_5bfd46ac520e,Mary,Blair Tankard,17,5,406,3,0,6,11,7,0,0,0,,,,,,,
fh_84321517a594,Eva,Stoilovich,16,2,369,2,1,5,13,9,0,0,0,,,,,,,
fh_5d9b43faa66e,Kennedy,Harcourt,18,18,1083,0,1,1,4,3,0,0,0,,,,,,,
fh_077f25a921f6,Patty,Arwine,18,18,1053,0,0,0,2,1,0,0,0,,,,,,,
fh_d4872f7e59c5,Ryleigh,Cabral,5,1,143,0,0,0,0,0,0,0,0,,,3,1.09,2,0.4,1
fh_272dd74c9860,Kylie,Carter,16,15,888,0,0,0,2,0,0,0,0,,,,,,,
fh_b2d2c49e2ef2,Miriam,Hussaini,17,14,828,0,0,0,0,0,0,0,0,,,39,2.59,69,0.639,1
fh_7e361c7c90b3,Hudson,Pugh,5,1,111,0,0,0,0,0,0,0,0,,,,,,,
fh_d8485b85ebf2,Grace,Torrey,6,2,130,0,0,0,3,1,0,0,0,,,,,,,
fh_fcb5537a0ac0,Reagan,Flory,19,18,935,17,5,39,61,38,7,0,0,,,,,,,
fh_eee460e1eea9,Claudia,Lenahan,19,19,1090,9,16,34,78,43,3,0,0,,,,,,,
fh_9add9e37bc4d,Madison,Short,19,19,1163,7,4,18,16,13,1,2,3,,,,,,,
fh_d448dc83fa7f,Camryn,DeLeva,19,19,1163,6,4,16,37,20,2,0,1,,,,,,,
fh_69296edd8864,Ellie,Quinn,19,18,830,6,4,16,38,24,0,0,0,,,,,,,
fh_f633e70d8e0f,Kierney,Weigle,19,18,1020,7,2,16,39,33,1,0,0,,,,,,,
fh_ceeb6d6d66a1,Mallory,Holup,19,19,1124,4,2,10,23,13,0,0,0,,,,,,,
fh_8ffb73f877fd,Mackenzie,Watkins,19,13,824,2,2,6,8,5,0,1,1,,,,,,,
fh_7554925da2f4,Kayleigh,Vodvarka,19,19,1158,2,1,5,24,9,0,0,0,,,,,,,
fh_fd0d9b65baab,Emily,Swartzbaugh,17,0,275,2,0,4,14,7,0,0,0,,,,,,,
fh_1f6987499583,Catherine,Groszkowski,18,6,489,1,1,3,9,5,0,0,0,,,,,,,
fh_48ff149cdff6,Lily,Kyvelos,13,1,248,1,1,3,7,3,0,0,0,,,,,,,
fh_e03618776d4d,Ava,Fields,19,19,1115,1,0,2,10,5,0,0,0,,,,,,,
fh_75f7464ace1f,Cassidy,Alexander,18,17,984,0,0,0,0,0,0,0,0,,,30,1.8,74,0.712,
fh_3658c5cf7c2d,Regan,Fields,3,0,8,0,0,0,1,1,0,0,0,,,,,,,
fh_df8cf2ea9345,Maia,Fissel,2,0,33,0,0,0,0,0,0,0,0,,,,,,,
fh_77fa1bbc02db,Autumn,Goldsberry,2,0,15,0,0,0,0,0,0,0,0,,,0,0.0,1,1.0,
fh_c4a40c46c4d4,Jordan,Ivey,4,1,90,0,0,0,0,0,0,0,0,,,0,0.0,3,1.0,
fh_ec8c18e674e6,Emma,Meissner,2,0,15,0,0,0,0,0,0,0,0,,,0,0.0,0,0.0,
fh_34072e8b8041,Kaitlyn,Mogar,9,0,86,0,0,0,0,0,0,0,0,,,,,,,
fh_4400f978e644,Natalie,Opatovsky,4,0,28,0,0,0,0,0,0,0,0,,,,,,,
fh_0777868af294,Emily,Schorr,2,0,0,0,0,0,0,0,0,0,0,,,,,,,
fh_5fccd61546a2,Sidney,Tucci,2,0,28,0,0,0,0,0,0,0,0,,,,,,,
fh_9facfcf69126,Mary,Weaver,3,0,20,0,0,0,1,1,0,0,0,,,,,,,
fh_eb65f7830ff1,Callahan,Day,18,18,,12,7,31,59,51,4,0,0,,,,,,,
fh_d4a65d493a26,Anouk,Bosket,17,16,,4,4,12,58,44,2,0,0,,,,,,,
fh_21e0981d4f54,Annika,Peterson,18,18,,4,1,9,24,19,1,1,2,,,,,,,
fh_2babe141c378,Halie,Yung,18,17,,3,2,8,32,20,0,0,0,,,,,,,
fh_eeb579ae1409,Maya,Zager,7,1,,4,0,8,6,6,1,0,0,,,,,,,
fh_b53a83925799,Gracie,Hylton,18,18,,2,0,4,13,7,0,0,0,,,,,,,
fh_9d55b0e4b8e8,Grace,Irizarry,18,17,,1,1,3,11,7,0,0,0,,,,,,,
fh_fe73cb398a5b,Sam,Sparling,18,18,,0,3,3,9,5,0,0,0,,,,,,,
fh_56201dce5c4a,Nyla,Flamer,8,0,,1,0,2,4,3,0,0,0,,,,,,,
fh_fd764bafd46a,Isabel,Johnson,18,18,,1,0,2,8,6,0,0,0,,,,,,,
fh_a95d689bc6d7,Lucia,Kim,7,0,,1,0,2,4,2,0,0,0,,,,,,,
fh_3b2169bdc64c,Nikki,Tridico,13,0,,1,0,2,5,3,0,0,0,,,,,,,
fh_a09b1cb8de42,Aiden,Arrington,2,0,,0,0,0,0,0,0,0,0,,,2,2.67,4,0.667,0
fh_1eb7a904ec7e,Ada,Hendrickson,13,1,,0,0,0,4,4,0,0,0,,,,,,,
fh_f43487211ac5,Maeve,Huit,10,1,,0,0,0,0,0,0,0,0,,,,,,,
fh_e17cc879acfb,Malia,Lockhart,16,14,,0,0,0,0,0,0,0,0,,,,,,,
fh_aaa4475894c1,Iseul,Park,18,18,,0,0,0,0,0,0,0,0,,,40,2.26,114,0.74,5
fh_29f2cc376991,Gemma,Polino,10,0,,0,0,0,0,0,0,0,0,,,,,,,
fh_719534067c9b,Mimi,Siegel,11,4,,0,0,0,0,0,0,0,0,,,,,,,
fh_2e8035557ba0,Ellie,Szostalo,18,18,,0,0,0,6,3,0,0,0,,,,,,,
fh_77a0a64d5a64,Mia,Angwin,19,19,942,7,7,21,29,18,0,0,0,,,,,,,
fh_0cca61366b43,Ella,Costa,19,19,959,5,8,18,25,20,2,0,1,,,,,,,
fh_667fbeff7c95,Colby,Paul,19,16,741,9,0,18,26,19,1,2,3,,,,,,,
fh_6cbf74cfc984,Emma,Houff,19,8,690,6,1,13,24,19,2,2,2,,,,,,,
fh_43f1232f9338,Erin,Ohlenbusch,15,15,785,3,5,11,43,24,1,0,0,,,,,,,
fh_137ca2797f0a,Abby,Ezickson,19,19,942,3,4,10,27,21,1,0,0,,,,,,,
fh_df073b8bc313,Gianna,DiGioacchino,19,19,1136,3,2,8,29,16,1,0,0,,,,,,,
fh_37bb213698a3,Brooke,Golden,19,19,1165,3,2,8,33,19,1,0,0,,,,,,,
fh_ae8061ea51ab,Molly,Van Vranken,19,0,531,3,1,7,23,14,0,0,0,,,,,,,
fh_fb57dca406b5,Anna,D'Amore,18,18,847,0,2,2,7,5,0,0,0,,,,,,,
fh_8ee86a462e87,Auriel,Gonzalez,19,18,983,1,0,2,4,3,0,0,0,,,,,,,
fh_cc959fa0017f,Margaret,Heim,19,0,442,0,1,1,8,6,0,0,0,,,,,,,
fh_17d7daabfb42,Brynn,Charron,19,18,988,0,0,0,2,0,0,0,0,,,,,,,
fh_47d42cf8b3b6,Emma,Coggins,9,0,129,0,0,0,0,0,0,0,0,,,,,,,
fh_915363e75da6,Elena,Cucci,14,0,171,0,0,0,1,0,0,0,0,,,,,,,
fh_d111c864da50,Lily,Mae Dreyfuss,5,0,44,0,0,0,0,0,0,0,0,,,2,2.73,1,0.333,
fh_8641e57d26cb,Rachel,Longbrake,11,0,111,0,0,0,3,2,0,0,0,,,,,,,
fh_173dbf267bf3,Sophie,Martel,1,0,0,0,0,0,0,0,0,0,0,,,,,,,
fh_8c84498ac77d,Allison,Morgan,11,5,257,0,0,0,0,0,0,0,0,,,15,3.39,23,0.605,
fh_79d7f3e83768,Nicole,Sylvestri,16,14,880,0,0,0,0,0,0,0,0,,,22,1.51,82,0.788,
fh_46468a256dac,Bri,Townsend,22,22,1098,12,3,27,93,62,6,0,0,,,,,,,
fh_3a47cc0c9895,Maddie,Niles,22,22,1174,8,4,20,48,38,0,0,0,,,,,,,
fh_3485eb6c1887,HJ,Tuplin,16,10,638,4,4,12,27,17,2,0,0,,,,,,,
fh_2b7aff363170,Mackenzie,Hall,22,19,898,5,0,10,28,21,3,0,0,,,,,,,
fh_bca9dd89aa73,Leah,Thibodeau,22,22,971,3,1,7,26,13,0,0,0,,,,,,,
fh_d82ed28d9981,Dylan,Barr,22,22,918,1,3,5,28,21,0,0,0,,,,,,,
fh_ac222174603c,Jaigan,Boudreau,18,18,917,2,1,5,8,6,1,2,3,,,,,,,
fh_bf7c07b0e01a,Addison,Hawthorne,15,1,234,2,0,4,8,5,0,0,0,,,,,,,
fh_1cbe2b7e4ab1,Taylor,Leclerc,18,14,771,1,2,4,8,4,0,0,0,,,,,,,
fh_534d7f7dc107,Julia,Elie,22,22,1165,1,0,2,5,3,0,0,0,,,,,,,
fh_d43fc785e67d,Danica,Hebert,21,1,444,1,0,2,4,3,0,0,0,,,,,,,
fh_10ec76b3f62a,Ivory,Spaulding,19,0,297,1,0,2,4,2,0,0,0,,,,,,,
fh_84f1dbf36795,Olivia,Staggs,22,21,939,0,1,1,0,0,0,0,0,,,,,,,
fh_348fdbb44c8e,Sunny,Bache,2,0,30,0,0,0,0,0,0,0,0,,,1,2.0,1,0.5,0
fh_df2260b83091,Eleanor,Folsom,22,22,1244,0,0,0,0,0,0,0,0,,,36,1.74,146,0.802,3
fh_58a7569b15c4,Jayla,Gentry,21,14,947,0,0,0,1,0,0,0,0,,,,,,,
fh_36b108b10e6a,Ava,Gerrity,20,1,422,0,0,0,0,0,0,0,0,,,,,,,
fh_3b6c844c836e,Annie,Jackson,16,1,191,0,0,0,0,0,0,0,0,,,,,,,
fh_e2228983709f,Kaya,Joseph,1,1,41,0,0,0,0,0,0,0,0,,,,,,,
fh_e90170c46e32,Allison,Marines,5,0,75,0,0,0,0,0,0,0,0,,,1,0.75,4,0.8,0
fh_aae333c40d5c,Kasey,Mushlit,16,2,259,0,0,0,3,2,0,0,0,,,,,,,
fh_2654332143e3,Bella,Pierce,14,0,319,0,0,0,1,1,0,0,0,,,,,,,
fh_409879a70615,Eliza,Rogers,22,7,691,0,0,0,9,6,0,0,0,,,,,,,
fh_4c25df3a5dae,Carlee,Thompson,20,20,,12,8,32,60,40,4,1,2,,,,,,,
fh_8c33fe993a18,Kirsten,Bailey,20,20,,9,8,26,90,55,1,2,4,,,,,,,
fh_8cd587f86d91,Brooke,Ruiz,17,9,,9,3,21,39,28,2,0,0,,,,,,,
fh_25a2cbe1f7e0,Riley,DeMarco,18,18,,8,4,20,47,31,0,0,0,,,,,,,
fh_bfc6b3347093,Jessica,Bruther,20,20,,6,3,15,40,28,2,0,0,,,,,,,
fh_0c5f0e2d9520,Makayla,Alessi,20,20,,5,1,11,15,8,1,0,0,,,,,,,
fh_baaf6e85af6f,Maura,Somers,20,20,,2,4,8,27,15,0,0,0,,,,,,,
fh_af1c2b6321ac,Olivia,Catalano,19,0,,2,1,5,13,6,0,0,0,,,,,,,
fh_2792fd6a91a5,Leah,Bruchansky,10,0,,2,0,4,3,3,0,0,0,,,,,,,
fh_7731913e5148,Mia,Collins,16,9,,2,0,4,13,8,0,0,0,,,,,,,
fh_a1aae4bc6605,Kylee,Donegan,19,2,,1,1,3,3,3,0,0,0,,,,,,,
fh_22fe4a554675,Meghan,Phillips,20,3,,0,2,2,12,4,0,0,0,,,,,,,
fh_df0113051747,EB,Rafferty,20,20,,1,0,2,5,2,1,0,0,,,,,,,
fh_9b0cac1d0450,Miana,Alessandroni,20,18,,0,1,1,5,3,0,0,0,,,,,,,
fh_46e6e49f9224,Rylie,Doster-Zearfoss,7,0,,0,1,1,1,1,0,0,0,,,,,,,
fh_032c2b3f48b3,Hailee,Ladu,5,0,,0,1,1,4,3,0,0,0,,,,,,,
fh_e42680ddfc0e,MaKenzie,Baggstrom,8,1,,0,0,0,0,0,0,0,0,,,,,,,
fh_a92836216577,Shayne,Carfano,7,0,,0,0,0,0,0,0,0,0,,,,,,,
fh_607b1e1b1141,Kallie,Christy,5,0,,0,0,0,0,0,0,0,0,,,,,,,
fh_7990ced6b277,Abby,D’Arcangelo,5,0,,0,0,0,0,0,0,0,0,,,,,,,
fh_2cc2edd9c192,Natalie,Doman,6,1,,0,0,0,5,3,0,0,0,,,,,,,
fh_96b5c3a4ebf2,Paige,Freas,4,0,,0,0,0,2,1,0,0,0,,,,,,,
fh_4d4573f33a74,Melany,Mosier,20,19,,0,0,0,3,2,0,0,0,,,,,,,
fh_1cb6bcceb162,Brielle,Romano,5,0,,0,0,0,0,0,0,0,0,,,,,,,
fh_e6fb103727f1,Erika,Roura,20,20,,0,0,0,0,0,0,0,0,,,40,1.97,99,0.712,5
fh_667dfdec22b0,Rachel,Simkewicz,20,19,1057,16,4,36,60,48,3,0,0,,,,,,,
fh_d349504ac84a,Hailey,Gaydos,20,20,1129,11,9,31,55,48,3,0,0,,,,,,,
fh_cd44f1de47f4,Nicolette,Morlock,19,19,1135,6,7,19,11,9,1,5,5,,,,,,,
fh_a4041ce9591a,Clare,Moore,20,20,1210,7,4,18,48,28,2,0,0,,,,,,,
fh_2f4be456f11b,Amber,Wolkner,20,20,1210,2,4,8,22,13,0,0,0,,,,,,,
fh_105395e0d47c,Ava,Coppola,20,0,109,2,3,7,10,10,0,0,0,,,,,,,
fh_756df6bfd786,Sarah,Healy,19,3,260,3,1,7,20,14,1,0,0,,,,,,,
fh_b3cfa3b0853d,Sarah,Goldstein,20,0,145,2,2,6,13,12,0,0,0,,,,,,,
fh_2164cc527b15,Audrey,Hayes,20,18,917,2,0,4,9,5,1,0,0,,,,,,,
fh_8655ce4227ad,Bethie,Boone,7,0,7,1,1,3,5,5,0,0,0,,,,,,,
fh_a018b1b9d745,Camdyn,Despres,6,0,0,1,1,3,2,1,0,0,0,,,,,,,
fh_115364dd020f,Emma,Spagnolo,15,0,88,1,1,3,5,3,0,0,0,,,,,,,
fh_64a91eba8218,Kaelin,Cerasuolo,20,20,1138,1,0,2,4,3,0,0,0,,,,,,,
fh_d88d24fd0c7e,Emily,Gorsuch,4,0,0,1,0,2,1,1,0,0,0,,,,,,,
fh_579f839a5908,Kate,O'Connor,13,0,62,1,0,2,5,5,1,0,0,,,,,,,
fh_d91fe0ce03a4,Samara,Skully,20,10,626,1,0,2,3,3,0,0,0,,,,,,,
fh_c8e5f4f4e58c,Maggie,Horn,20,17,922,0,1,1,2,1,0,0,0,,,,,,,
fh_d0e2a9aa46ba,Kristyn,Vasselin,19,19,1107,0,1,1,3,3,0,0,0,,,,,,,
fh_bedb99c52d32,Alyssa,Forget,2,0,0,0,0,0,0,0,0,0,0,,,,,,,
fh_3beeef0987a4,Natalie,Gower,6,1,64,0,0,0,1,1,0,0,0,,,,,,,
fh_1f5b072547fd,Emma,Kibbe,19,12,800,0,0,0,1,1,0,0,0,,,,,,,
fh_aed4a6b9cdba,Rory,McGinley,4,0,0,0,0,0,0,0,0,0,0,,,,,,,
fh_e90e54252c2e,Maddie,O'Brien,5,0,0,0,0,0,0,0,0,0,0,,,,,,,
fh_4da43ab61bff,Sam,Orcutt,20,19,1135,0,0,0,0,0,0,0,0,,,31,1.6,115,0.788,4
fh_42dd8655efa2,Kaitlyn,Parent,3,1,70,0,0,0,0,0,0,0,0,,,0,0.0,4,1.0,0
fh_0257f7e4539d,Katie,Rhodes,2,0,5,0,0,0,0,0,0,0,0,,,0,0.0,0,0.0,0
fh_ba8a399811b1,Sophia,Sares,7,0,5,0,0,0,1,1,0,0,0,,,,,,,
fh_0ffac91319b7,Maya,Wresien,8,2,141,0,0,0,0,0,0,0,0,,,,,,,
fh_b5808582533c,Gracyn,Catalano,22,21,758,12,3,27,65,40,1,0,0,,,,,,,
fh_fab7a864179d,Kailen,Hibshman,22,21,935,10,6,26,57,27,4,2,2,,,,,,,
fh_b3f12fadfc08,Shae,Bennett,22,22,970,9,3,21,31,23,4,0,2,,,,,,,
fh_217e622441fc,Coco,Wallace,22,20,788,6,7,19,29,21,3,0,0,,,,,,,
fh_19c3704a0b28,Hailey,Mertz,20,20,819,5,3,13,27,17,2,0,0,,,,,,,
fh_6b56a2c28e74,Lauren,Schulz,22,22,1016,3,7,13,11,8,1,0,0,,,,,,,
fh_00fdf84113d7,Lauren,Tobin,22,21,848,4,2,10,36,19,2,0,0,,,,,,,
fh_11ed988014fb,Abry,Klinger,21,0,382,4,1,9,11,10,0,0,0,,,,,,,
fh_f773ad7e9487,Monica,Druckemiller,22,22,941,3,1,7,26,14,1,0,0,,,,,,,
fh_28c0552fa665,Taylor,Valoczki,21,0,426,3,1,7,22,10,0,0,0,,,,,,,
fh_0135ad29fad2,Tori,Martz,21,0,480,2,0,4,11,6,0,0,0,,,,,,,
fh_247dbfae8c9f,Vivian,Merry,7,1,155,2,0,4,2,2,0,0,0,,,,,,,
fh_7d109a380b4e,Ava,DiBonaventura,12,0,262,1,1,3,4,4,0,0,0,,,,,,,
fh_b7f20a4c5aa2,Annie,Ingersoll,13,1,224,1,1,3,7,5,0,0,0,,,,,,,
fh_e18256cecd68,Stella,Khazen,5,0,76,1,1,3,3,2,0,0,0,,,,,,,
fh_decf48aaa764,Emilie,Rankin,21,3,738,0,3,3,9,3,0,0,0,,,,,,,
fh_f18571054b66,Sydney,Aylward,22,22,1252,0,2,2,15,5,0,0,0,,,,,,,
fh_dd819bc96096,Molly,Parker,17,0,386,0,2,2,4,2,0,0,0,,,,,,,
fh_abe7021e5dd0,Brenna,Benson,13,1,162,0,1,1,4,1,0,0,0,,,,,,,
fh_c100c1ed9132,Sarah,Bisson,22,22,1162,0,1,1,1,0,0,0,0,,,,,,,
fh_c9e225c325b7,Marie,Conway,6,0,85,0,1,1,0,0,0,0,0,,,,,,,
fh_477c6de5af5b,Addie,Brandt,21,0,520,0,0,0,0,0,0,0,0,,,,,,,
fh_7d013fdfde86,Kaia,Crossley,7,0,171,0,0,0,0,0,0,0,0,,,,,,,
fh_412498e55024,Sarah,Englehardt,10,0,249,0,0,0,0,0,0,0,0,,,,,,,
fh_21820a194f70,Emma,Hittle,2,0,15,0,0,0,0,0,0,0,0,,,,,,,
fh_666d80876c72,Alanna,Jones,1,0,30,0,0,0,0,0,0,0,0,,,,,,,
fh_59f965278d31,Francisca,Bustos Picot,2,0,14,0,0,0,1,1,0,0,0,,,,,,,
fh_04f0d8d11eca,Lindsey,Soistman,3,0,65,0,0,0,0,0,0,0,0,,,,,,,
fh_b3b9ea83a590,Jordan,Vradenburgh,22,22,1227,0,0,0,0,0,0,0,0,,,12,0.62,48,0.8,6
fh_2bf44f2e2168,Ollie,Winterle,6,0,135,0,0,0,0,0,0,0,0,,,1,0.36,8,0.889,0
fh_946622c27bb5,Emma,Campitelli,21,21,,11,5,27,87,49,5,0,0,,,,,,,
fh_12a9af3d844e,Taylor,Rothermel,21,21,,8,3,19,43,27,1,0,0,,,,,,,
fh_bf15bd6b3d70,Haley,Dreisbach,21,14,,7,0,14,24,20,0,0,0,,,,,,,
fh_b3229c77f500,Hannah,Garlin,21,21,,4,6,14,19,15,1,2,2,,,,,,,
fh_5932182d7689,Mady,Quigley,21,21,,3,8,14,37,26,2,0,0,,,,,,,
fh_cb0f5294fcc6,Kiara,Koeller,21,21,,4,4,12,26,15,1,0,0,,,,,,,
fh_9c0741f41d51,Gracie,Roush,19,13,,3,3,9,22,10,1,0,0,,,,,,,
fh_30abf2839c2c,Jada,Thompson,16,0,,4,1,9,8,5,2,0,0,,,,,,,
fh_6768d71a80ab,Isa,Napoli,19,2,,3,1,7,5,5,0,0,0,,,,,,,
fh_effa4518397e,Lauren,Leibensperger,21,10,,3,0,6,15,11,0,0,0,,,,,,,
fh_97bbc52d1233,Riley,Corbett,20,5,,2,1,5,17,9,0,0,0,,,,,,,
fh_d1c17cc21c16,Samara,Campenni,18,4,,1,2,4,3,2,0,0,0,,,,,,,
fh_717706d93641,Ella,DeFazio,15,3,,0,2,2,1,1,0,0,0,,,,,,,
fh_1ccaf9831fb4,Alise,Althouse,19,8,,0,1,1,5,1,0,0,0,,,,,,,
fh_b2d4af6297dd,Lexi,Kresge,17,13,,0,1,1,1,0,0,0,0,,,,,,,
fh_c5c820421f2e,Casey,Bruchak,11,1,,0,0,0,2,2,0,0,0,,,,,,,
fh_03beafc41552,Kiana,Coulter,6,0,,0,0,0,0,0,0,0,0,,,,,,,
fh_990a0743fd35,Tessa,Cronin,14,1,,0,0,0,0,0,0,0,0,,,,,,,
fh_fe344dece218,Asia,Daskalakis,14,2,,0,0,0,4,3,0,0,0,,,,,,,
fh_cefda97a3eaf,Lily,Fay,7,0,,0,0,0,1,0,0,0,0,,,,,,,
fh_b44567c36f17,Madison,Lilley,12,2,,0,0,0,0,0,0,0,0,,,,,,,
fh_59ddbd752425,Taytum,Lombardi,11,7,,0,0,0,0,0,0,0,0,,,18,2.9,23,0.561,0
fh_80040d950b2b,Elie,Lopez,7,0,,0,0,0,0,0,0,0,0,,,,,,,
fh_2dc6ff698f40,Mackenzie,Lopez,21,20,,0,0,0,3,1,0,0,0,,,,,,,
fh_643063ae89e1,Ava,O'Grady,7,0,,0,0,0,0,0,0,0,0,,,,,,,
fh_6b92ff1d5a7d,Kylie,Schmidt,18,14,,0,0,0,0,0,0,0,0,,,22,1.5,38,0.633,3
fh_6430c93457fe,Ella,Shimp,19,7,,0,0,0,10,6,0,0,0,,,,,,,
fh_3ff44e001213,Annika,Hoyer,19,17,909,9,1,19,25,21,4,0,0,,,,,,,
fh_4d72d3289d91,Liza,Semenenko,19,19,1079,5,6,16,84,44,1,0,0,,,,,,,
fh_2b6146665a8f,Magdelana,Jordan,19,19,1124,5,4,14,34,19,1,0,0,,,,,,,
fh_0ee1d27fd0ce,Amelia,Landry,19,19,1172,6,0,12,20,17,2,0,0,,,,,,,
fh_e3acf18e1104,Erin,Coyle,19,13,709,5,1,11,30,20,2,0,0,,,,,,,
fh_079f99730ea3,Sarah,Cooper,19,18,996,3,2,8,17,13,0,1,1,,,,,,,
fh_fba19b9fdb99,Gabriella,Vasquez,19,2,263,1,4,6,14,11,0,0,0,,,,,,,
fh_915a8375509d,Hayley,Harris,19,3,315,1,3,5,11,7,0,0,0,,,,,,,
fh_aeceba89b8cc,Avery,Bloom,19,13,760,1,2,4,12,8,0,0,0,,,,,,,
fh_57b7c602562c,Zoe,Larsen,19,18,1004,0,2,2,7,4,0,0,0,,,,,,,
fh_97b0d8988348,Emma,Duffield,17,17,1047,0,1,1,2,2,0,0,0,,,,,,,
fh_fe1a91a3c06d,Kayla,Fink,19,19,1166,0,1,1,1,0,0,0,0,,,,,,,
fh_1441854b1fc8,Cassandra,Conklin,19,18,1099,0,0,0,0,0,0,0,0,,,29,1.51,62,0.681,8
fh_15d4c976556e,EmmaKate,Derrick,1,0,0,0,0,0,0,0,0,0,0,,,,,,,
fh_ef8d6b7c94a8,Abigail,Fagersten,4,0,8,0,0,0,1,0,0,0,0,,,,,,,
fh_09a46c9e5295,Ananya,Leahy,6,0,15,0,0,0,0,0,0,0,0,,,,,,,
fh_0e80cd3b2d64,Anna,Pendse,2,0,0,0,0,0,0,0,0,0,0,,,,,,,
fh_685a0d0435e8,Julia,Powell,19,9,677,0,0,0,0,0,0,0,0,,,,,,,
fh_ce68a91394c5,Caroline,Vos,4,1,60,0,0,0,0,0,0,0,0,,,,,,,
fh_86582c5917a7,Nina,Wiggins,19,3,287,0,0,0,5,2,0,0,0,,,,,,,
fh_a674d020125d,Kara,Richards,20,20,902,16,4,36,86,59,3,2,3,,,,,,,
fh_9666f9b40d42,Samantha,Thebarge,20,20,1165,13,5,31,113,66,3,1,1,,,,,,,
fh_4a8ff84b1ff9,Maci,Freeman,20,20,1161,5,13,23,18,14,2,0,0,,,,,,,
fh_37b7a23c5399,Leah,Knight,20,20,1017,6,3,15,48,25,2,0,0,,,,,,,
fh_333246e6ba0b,Tatiana,Roque,20,20,779,6,1,13,25,17,3,0,0,,,,,,,
fh_da1f6bb20303,Paige,Gilbert,20,20,1156,2,6,10,19,13,0,0,0,,,,,,,
fh_a894ad76b28b,Caroline,Hendrickson,20,20,1012,3,1,7,29,14,0,0,0,,,,,,,
fh_ec474bc8c34a,Celia,Stinson,20,0,554,3,1,7,16,8,1,0,0,,,,,,,
fh_da3e5c5b14a4,Emily,Battisti,12,0,110,0,0,0,3,2,0,0,0,,,,,,,
fh_bacc8bf4381e,Arianna,Brawn,7,0,45,0,0,0,0,0,0,0,0,,,,,,,
fh_d5398c8706d1,McKenzie,Clay,20,20,1166,0,0,0,1,1,0,0,0,,,,,,,
fh_e542470b5b8d,Rylee,Cooper,4,0,14,0,0,0,0,0,0,0,0,,,,,,,
fh_119363509619,Eliya,Drummond,16,16,851,0,0,0,0,0,0,0,0,,,16,1.09,71,0.816,3
fh_c5feeb23ff6c,Isabel,Kramer,20,20,1123,0,0,0,3,2,0,0,0,,,,,,,
fh_7388cb0ea473,Avery,LaBua,10,0,102,0,0,0,3,2,0,0,0,,,,,,,
fh_dd7f5f57dcfc,Abbie,Law,3,0,39,0,0,0,0,0,0,0,0,,,3,2.63,1,0.25,0
fh_53bf7340b81c,Isabella,Pelletier,20,20,1166,0,0,0,0,0,0,0,0,,,,,,,
fh_74d4675cf1bc,Madi,Ross,1,0,4,0,0,0,0,0,0,0,0,,,0,0.0,0,0.0,0
fh_5f5d78b1b820,Mackenzie,Toner,8,4,302,0,0,0,0,0,0,0,0,,,6,1.32,12,0.667,1
fh_36fb777fd97c,Lucy,Cohen,15,15,897,5,3,13,16,10,0,0,0,,,,,,,
fh_71c5f223703c,Charlotte,Thompson,15,15,719,2,1,5,5,5,0,0,0,,,,,,,
fh_f8e5b78f08cc,Avery,Hoover,15,15,900,1,0,2,5,3,0,0,0,,,,,,,
fh_20e98634307b,Caroline,Seaward,15,15,745,0,1,1,8,3,0,0,0,,,,,,,
fh_8367ad7d1056,Anna,Donadio,15,12,762,0,0,0,0,0,0,0,0,,,,,,,
fh_cbcd74bec695,Ellie,Falk,13,12,684,0,0,0,0,0,0,0,0,,,,,,,
fh_536772422312,Sofie,Garrett,12,2,481,0,0,0,2,2,0,0,0,,,,,,,
fh_e52e848225a8,Audrey,Greenberg,15,14,760,0,0,0,2,1,0,0,0,,,,,,,
fh_2e0ea3795b2b,Ruby,Himes,14,7,570,0,0,0,0,0,0,0,0,,,65,7.03,65,0.5,0
fh_06e5ed48f133,Aidan,Keegan,6,0,167,0,0,0,0,0,0,0,0,,,,,,,
fh_ba0ba70c432e,Maddie,Livers,15,15,812,0,0,0,0,0,0,0,0,,,,,,,
fh_cf37010362ed,Kailey,McClure,15,15,704,0,0,0,5,4,0,0,0,,,,,,,
fh_a40da8aa432a,Peyton,Steinriede,1,1,60,0,0,0,0,0,0,0,0,,,1,1.33,4,0.8,0
fh_378cf54dd001,Hannah,Waterson,15,15,900,0,0,0,3,0,0,0,0,,,,,,,
fh_2eff5a9441cd,Hannah,Biccard,22,22,968,17,6,40,87,55,2,0,0,,,,,,,
fh_6b5152e2665b,Eleanor,Helm,22,15,903,13,7,33,50,34,3,0,0,,,,,,,
fh_668af2ea728e,Claire,Casey,22,22,1311,8,5,21,39,19,3,4,4,,,,,,,
fh_22c39f0eb212,Lilly,Ragusa,22,22,1111,8,4,20,20,15,4,0,0,,,,,,,
fh_e1052e4805e8,Hannah,Murray,22,0,495,7,3,17,43,26,3,1,2,,,,,,,
fh_4e4dc0cfac8a,Sophie,Brants,17,7,440,6,3,15,17,13,0,0,0,,,,,,,
fh_85fe46361e16,Reagan,Malo,22,22,936,5,2,12,34,26,1,0,0,,,,,,,
fh_0e9acf3e867d,Riley,Schmidt,20,0,286,4,1,9,10,9,1,0,0,,,,,,,
fh_17a61dd343e7,Katarina,Villa,20,20,995,2,4,8,24,12,1,0,0,,,,,,,
fh_d675e1822cbe,Eleanor,Luft,22,22,1091,1,3,5,22,10,0,0,0,,,,,,,
fh_ba38d6d1455d,Gabby,Sousa,22,22,1163,1,1,3,11,5,0,0,0,,,,,,,
fh_8da1eff4570a,Ainsley,Allen,11,0,145,0,2,2,7,3,0,0,0,,,,,,,
fh_6dc4e5b6f96d,Scarlett,Carpenter,14,0,119,1,0,2,3,2,0,0,0,,,,,,,
fh_18bcc12489a7,Camille,Clarke,22,22,1232,0,2,2,2,2,0,0,0,,,,,,,
fh_2ebed509f703,Ellie,Wilkins,21,2,619,0,2,2,10,4,0,0,0,,,,,,,
fh_769ad9eeec35,Ruby,Pearson,21,20,1033,0,1,1,3,2,0,0,0,,,,,,,
fh_c968cce3f8da,Tanya,Dev,7,0,63,0,0,0,3,3,0,0,0,,,,,,,
fh_70240dc9fc07,Lydia,Eastburn,22,22,1282,0,0,0,0,0,0,0,0,,,20,0.98,66,0.767,4
fh_ce29804c2a60,Isabel,Ginns,5,0,60,0,0,0,0,0,0,0,0,,,2,1.0,6,0.75,0
fh_7868baf3a04e,Jordan,Pittignano,11,0,126,0,0,0,3,1,0,0,0,,,,,,,
fh_59ec546d00e2,Kate,Wahler,22,1,580,0,0,0,1,1,0,0,0,,,,,,,
fh_085e14428eea,Kirsten,Johnson,18,18,1033,6,6,18,42,28,2,0,0,,,,,,,
fh_d018ed6b8f57,Marie,Brainard,15,15,650,6,5,17,57,32,2,0,0,,,,,,,
fh_a8cd83671669,Ava,Mikulski,18,17,633,4,3,11,25,21,1,0,0,,,,,,,
fh_a634a8ff0bb0,Gigi,Testa,18,18,1013,4,1,9,16,12,1,0,0,,,,,,,
fh_ef089e61138e,Remi,Lloyd,11,6,243,3,1,7,7,5,2,0,0,,,,,,,
fh_3c000c062f53,Katie,Studzinski,17,3,423,3,0,6,11,10,1,0,0,,,,,,,
fh_fb066f0ee326,Rachel,Buono,18,18,1009,2,0,4,20,13,0,0,1,,,,,,,
fh_a3c5f6fe0431,Lauren,Sieczkowski,18,18,1072,1,2,4,28,14,0,0,0,,,,,,,
fh_2f5027beb32c,Rachel,Fosbenner,18,18,957,1,0,2,6,4,0,0,0,,,,,,,
fh_be7c74bb4040,Ava,Wood,14,0,294,1,0,2,7,6,0,0,0,,,,,,,
fh_63925dee15c5,Lauren,Breisch,18,18,929,0,1,1,3,1,0,0,0,,,,,,,
fh_7d846461f408,TT,Barends,1,0,0,0,0,0,0,0,0,0,0,,,,,,,
fh_e84f627fd17b,Lauren,Habakus,5,0,14,0,0,0,0,0,0,0,0,,,,,,,
fh_c873ed6a08fc,Andi,Helphenstine,18,18,1070,0,0,0,0,0,0,0,0,,,,,,,
fh_38960d234da3,Monica,Herman,8,0,117,0,0,0,0,0,0,0,0,,,,,,,
fh_c6290ec059af,Bianca,Hessler,5,0,54,0,0,0,1,1,0,0,0,,,,,,,
fh_3d35d88e2b4e,Zoe,Horan,10,0,103,0,0,0,1,0,0,0,0,,,,,,,
fh_2a3ba4edfc36,Hailey,Johnson,16,1,346,0,0,0,2,1,0,0,1,,,,,,,
fh_29ab67e9efb9,Marcella,Mangano,1,0,0,0,0,0,0,0,0,0,0,,,,,,,
fh_83de0b025332,Carlyn,McKendrick,12,0,194,0,0,0,0,0,0,0,0,,,,,,,
fh_543e0c8b2b7c,Susie,Miller,1,0,0,0,0,0,0,0,0,0,0,,,,,,,
fh_39ac04595099,Adriana,Palladinetti,18,17,1015,0,0,0,0,0,0,0,0,,,23,1.28,93,0.802,4
fh_fcad3ed2b11d,Sophia,Penza,1,0,0,0,0,0,0,0,0,0,0,,,,,,,
fh_97c3f99a73a8,Emma,Reinert,3,0,56,0,0,0,0,0,0,0,0,,,,,,,
fh_05e304c02539,Maddie,Rogers,16,10,558,0,0,0,4,2,0,0,0,,,,,,,
fh_770d633b258d,Hadley,Whitman,1,0,0,0,0,0,0,0,0,0,0,,,,,,,
fh_a932920e329d,Alanna,Fragapane,15,14,781,10,3,23,32,26,1,1,1,,,,,,,
fh_fc2fb27dd214,Jocelyn,Spiezio,15,15,829,8,3,19,27,21,2,0,0,,,,,,,
fh_8ca3c3dc10a8,Mia,Benincasa,15,15,853,5,3,13,55,43,0,0,0,,,,,,,
fh_655817a33d19,Lauren,Durfey,15,15,733,5,2,12,17,14,1,0,0,,,,,,,
fh_a519af647518,Samantha,Young,15,15,864,1,4,6,6,4,0,0,0,,,,,,,
fh_4332228aca5a,Deanna,Jackson,15,13,590,2,1,5,10,7,0,0,0,,,,,,,
fh_7691dfcf97e4,Izzy,Acee,6,0,46,1,2,4,2,1,0,0,0,,,,,,,
fh_709cfe16c609,Delaney,Stephan,13,5,479,1,1,3,4,3,0,0,0,,,,,,,
fh_a89601ea647b,Sydney,Baptie,10,0,160,1,0,2,4,3,0,0,0,,,,,,,
fh_5705321b6b00,Ryleigh,Johnson,15,15,827,1,0,2,1,1,0,0,0,,,,,,,
fh_ef9424f82625,Kassidy,Gloude,15,15,867,0,1,1,5,1,0,0,0,,,,,,,
fh_da6b6ad44ff8,Emma,Parker,15,0,202,0,1,1,3,1,0,0,0,,,,,,,
fh_8ce8b5f20aa9,Makayla,Arnold,11,1,236,0,0,0,0,0,0,0,0,,,,,,,
fh_a906543ef7c1,Ismiah,ChinQuee,15,15,811,0,0,0,0,0,0,0,0,,,51,3.81,93,0.646,
fh_68a8340b73ec,India,Insinga,4,0,27,0,0,0,0,0,0,0,0,,,,,,,
fh_12094aaa7f9a,Vanessa,Leon,15,11,652,0,0,0,1,1,0,0,0,,,,,,,
fh_fb0cd357f8a4,Mackenzie,Lyons,4,0,8,0,0,0,1,1,0,0,0,,,,,,,
fh_70d56cd8dfa3,Ryleigh,Marsh,4,0,23,0,0,0,0,0,0,0,0,,,,,,,
fh_eb0a480e328f,Alannah,Nole,3,0,4,0,0,0,0,0,0,0,0,,,0,0.0,0,0.0,
fh_397fbbd4dfcd,Keeley,Savona,15,14,636,0,0,0,9,6,0,0,0,,,,,,,
fh_7944c46b095d,Sophia,Weiss,5,0,85,0,0,0,0,0,0,0,0,,,6,3.9,15,0.714,
fh_d739e45a10ec,Zoe,Robinson,20,15,931,13,1,27,51,37,5,0,0,,,,,,,
fh_2084ecebab23,Karina,Hoffman,20,13,785,10,5,25,41,26,3,0,0,,,,,,,
fh_17c12039a0c0,Sofia,Beseth,19,19,868,7,4,18,29,20,1,1,1,,,,,,,
fh_f91627c01f29,Sophia,Jammar,20,2,518,6,1,13,42,22,1,0,0,,,,,,,
fh_db3fbc3d8d43,Julia,Morris,20,5,552,5,3,13,28,17,1,0,0,,,,,,,
fh_912af78419d0,Mackenzie,Allen,20,18,642,4,3,11,32,16,0,0,0,,,,,,,
fh_b84be5685eac,Sierra,Chow,20,9,625,4,3,11,15,10,0,0,0,,,,,,,
fh_600122929c45,Sydney,Yu,20,1,401,2,2,6,13,8,0,0,0,,,,,,,
fh_d2228809c0c6,Autumn,Dowiak,19,17,928,2,1,5,22,13,1,0,0,,,,,,,
fh_faa4aa864de8,Audrey,Izzo,20,3,663,1,3,5,12,7,1,0,0,,,,,,,
fh_b4f727f7bf65,Hannah,Lees,9,0,83,2,1,5,7,5,0,0,1,,,,,,,
fh_ce3474b2cc61,Sophie,Gono,14,1,230,0,2,2,5,3,0,0,0,,,,,,,
fh_d23a90a67cbb,Jessica,Pawloski,11,0,101,0,2,2,3,2,0,0,0,,,,,,,
fh_ba32930dfe2b,Margo,Gramiak,20,18,677,0,1,1,4,3,0,0,0,,,,,,,
fh_fd441651ecd9,Sydney,Day,11,0,164,0,0,0,6,3,0,0,0,,,,,,,
fh_2c6c5f51ac9f,Elena,Girault,3,0,52,0,0,0,0,0,0,0,0,,,,,,,
fh_a430344590b6,Anna,Hazewindus,19,19,1149,0,0,0,3,0,0,0,0,,,,,,,
fh_f265f262ab46,Gianna,Hoover,20,19,1057,0,0,0,0,0,0,0,0,,,,,,,
fh_59e2821429fc,Bailey,Mann,8,0,47,0,0,0,3,0,0,0,0,,,,,,,
fh_02622878ff7c,Ella,Martin,12,2,239,0,0,0,0,0,0,0,0,,,,,,,
fh_335fc41d6ebb,Ellie,Rosen,6,0,90,0,0,0,0,0,0,0,0,,,4,2.29,9,0.692,
fh_4eaad4688473,Sophie,Rosenblum,20,20,1221,0,0,0,2,0,0,0,0,,,,,,,
fh_6ab0fe5a02c6,Ava,Salvati,20,19,776,0,0,0,7,3,0,0,0,,,,,,,
fh_1977c53f10af,Kate,Taylor,6,0,30,0,0,0,0,0,0,0,0,,,,,,,
fh_4138a5906afd,Grace,Wiley,20,20,1156,0,0,0,1,1,0,0,0,,,23,1.23,63,0.733,
fh_a103aa8ac38a,Lily,Giering,16,16,,5,4,14,46,27,2,0,0,,,,,,,
fh_d40b60dc7de2,Lindsey,Blount,16,16,,2,3,7,16,6,0,0,0,,,,,,,
fh_61d30586eefc,Bailey,Miller,16,16,,2,2,6,12,6,0,0,0,,,,,,,
fh_ac3332c7d111,Joscelynn,Anglin,16,16,,2,0,4,15,10,2,0,0,,,,,,,
fh_d80ad57354a2,Sara,Schriver,16,16,,2,0,4,12,9,0,0,0,,,,,,,
fh_e8e4b98a364c,Capriana,Romano,15,0,,1,0,2,7,5,0,0,0,,,,,,,
fh_17d6ff84a83d,Emily,Bloom,16,16,,0,1,1,6,3,0,0,0,,,,,,,
fh_66a529e45a78,Megan,Brackney,13,1,,0,0,0,2,2,0,0,0,,,,,,,
fh_f03a3ea7ec8c,Riley,Dortenzo,16,16,,0,0,0,1,0,0,0,0,,,,,,,
fh_a9dca7061814,Grace,Erhard,14,14,,0,0,0,0,0,0,0,0,,,33,2.34,91,0.734,2
fh_07fd3408c513,Angelina,Fontana,16,16,,0,0,0,0,0,0,0,0,,,,,,,
fh_9b7dfee4c0c1,Jessica,Nakanishi,16,15,,0,0,0,10,5,0,0,1,,,,,,,
fh_cf0b3fe31d5b,Julianna,Paronish,16,16,,0,0,0,1,1,0,0,0,,,,,,,
fh_2785a90fe1b0,Bella,Updyke,10,0,,0,0,0,6,3,0,0,0,,,,,,,
fh_75992c2df632,Kaitlyn,Wildermuth,4,2,,0,0,0,0,0,0,0,0,,,3,1.33,8,0.727,0
fh_52f3c47884e2,MaryCate,Anson,18,18,1050,9,7,25,45,28,1,2,2,,,,,,,
fh_6739b1b1c9c4,Samantha,McMahon,18,18,905,5,1,11,41,27,3,0,0,,,,,,,
fh_3da8fde230c5,Tara,Radebaugh,18,17,891,3,3,9,27,12,1,0,0,,,,,,,
fh_90a872a6d865,Emma,Campbell,18,18,978,3,1,7,23,15,0,0,0,,,,,,,
fh_ca3d2c332108,Tyler,Rice,18,17,906,3,0,6,12,8,0,0,0,,,,,,,
fh_a33dd2d55fa5,Natalie,Watkinson,18,18,970,2,2,6,26,11,0,0,0,,,,,,,
fh_5c430ce78228,Ashley,Swan,17,4,334,2,0,4,6,5,0,0,0,,,,,,,
fh_c902acd071b0,Kendal,Thomson,18,18,1121,0,3,3,2,0,0,0,0,,,,,,,
fh_4b345065b764,Erin,Houlihan,18,0,200,1,0,2,8,6,0,0,0,,,,,,,
fh_a1add5ece0d5,Madison,Maguire,18,1,324,1,0,2,7,5,0,0,0,,,,,,,
fh_ab7427c629d6,Julia,Weglarz,17,14,807,0,1,1,4,2,0,0,0,,,,,,,
fh_914b27c11ef9,Colleen,Anson,7,0,47,0,0,0,0,0,0,0,0,,,,,,,
fh_019f5e76f453,Jamie,Baldwin,6,0,75,0,0,0,0,0,0,0,0,,,,,,,
fh_9791f4ea81a9,Abby,Coppolella,3,0,30,0,0,0,0,0,0,0,0,,,2,2.62,1,0.333,0
fh_a51d3ae45f3b,Laney,Errickson,18,0,260,0,0,0,4,1,0,0,0,,,,,,,
fh_c73bfc47270b,Jam,Hutt-Robles,18,18,1112,0,0,0,1,0,0,0,0,,,,,,,
fh_e5be4b2e5369,Lindsey,Leone,3,0,45,0,0,0,0,0,0,0,0,,,,,,,
fh_b70ac383c79a,Celia,Long,8,1,159,0,0,0,1,1,0,0,0,,,,,,,
fh_226429e790f3,Emily,Marson,18,18,1110,0,0,0,0,0,0,0,0,,,,,,,
fh_16f3e70f1028,Charlotte,Schurman,18,18,1080,0,0,0,0,0,0,0,0,,,33,1.83,108,0.766,0
fh_92ad93f0ea55,Grace,Walsh,8,0,62,0,0,0,0,0,0,0,0,,,,,,,
fh_7485acd9ebcd,Margaret,Scheurer,19,19,1076,11,4,26,83,41,3,0,0,,,,,,,
fh_05cea3eaf1f0,Sydney,Baggett,19,18,902,10,4,24,53,31,2,0,0,,,,,,,
fh_f22d3f82e164,Madeline,Lancione,19,19,1030,10,4,24,47,30,3,0,0,,,,,,,
fh_bb7d305cbd2c,Betty,Boatwright,19,19,961,11,1,23,39,20,1,0,0,,,,,,,
fh_5a2c1edff50c,Margaret,Cover,19,1,268,4,7,15,29,18,1,0,0,,,,,,,
fh_dc240f8c5449,Zoe,Dolfis,19,19,1045,4,4,12,40,23,2,0,0,,,,,,,
fh_2a0318feddbd,Charlotte,Dreany,19,19,1151,2,4,8,20,11,1,0,0,,,,,,,
fh_8a2b6c166c4e,Gracie,Kaspar,10,0,52,3,0,6,12,6,0,0,0,,,,,,,
fh_49a3c8056f90,Britty,Page,18,0,187,3,0,6,12,8,0,0,0,,,,,,,
fh_bcae432d309b,Cecilia,Hartford,17,0,114,2,0,4,12,8,0,0,0,,,,,,,
fh_b416a3c40864,Amanda,Tan,18,1,206,1,1,3,3,1,1,1,1,,,,,,,
fh_27f34365cc6c,Anne,Burns Fiveash,19,19,991,0,2,2,21,11,0,0,0,,,,,,,
fh_6d1d21559d5a,Emma,Wirth,19,0,131,0,2,2,4,4,0,0,0,,,,,,,
fh_4a621883975c,Libby,Bowers,19,0,227,0,1,1,4,1,0,0,0,,,,,,,
fh_fc065abf0ba0,Amanda,Brickner,19,19,922,0,1,1,2,0,0,0,0,,,,,,,
fh_ab8b14e07ec7,Noelle,Kokolis,12,0,71,0,1,1,8,3,0,0,0,,,,,,,
fh_71ebf525f343,Elaina,Bellone,19,18,1053,0,0,0,0,0,0,0,0,,,,,,,
fh_ef1f102dc99b,Sophie,Cover,8,0,35,0,0,0,3,1,0,0,0,,,,,,,
fh_4c3052d54b44,Noelle,Fogarty,5,0,17,0,0,0,2,0,0,0,0,,,,,,,
fh_aa4fd5d29b5e,Dory,Fosgate,2,0,18,0,0,0,0,0,0,0,0,,,0,0.0,0,0.0,0
fh_50e2dd8957d3,Jordan,Hoover,19,19,1131,0,0,0,2,0,0,0,0,,,,,,,
fh_f9656cdca947,Julia,McDonald,19,19,1132,0,0,0,0,0,0,0,0,,,22,1.18,66,0.75,6
fh_8c88485a1eae,Ayanna,Moore,3,0,1,0,0,0,0,0,0,0,0,,,,,,,
fh_d9a60168a484,Olivia,Schweiter,4,0,0,0,0,0,3,1,0,0,0,,,,,,,
fh_6f4154a9fc3e,Maeve,Zee,9,0,36,0,0,0,0,0,0,0,0,,,,,,,
fh_7f9add0222e8,Lauren,Zoota,3,0,0,0,0,0,0,0,0,0,0,,,,,,,
fh_346e64fad639,Claudia,Summers,19,18,,10,0,20,74,47,3,2,3,,,,,,,
fh_6971b4569c83,Annika,Schermerhorn,19,19,,4,7,15,43,24,2,0,0,,,,,,,
fh_24dfcec16373,Madeline,Hamstra,19,19,,2,1,5,26,13,0,0,0,,,,,,,
fh_75c6fc46038d,Alex,Butulis,18,15,,1,1,3,29,12,0,0,0,,,,,,,
fh_77e1c309b1de,Nicola,Murungi,19,7,,1,1,3,10,6,1,0,0,,,,,,,
fh_e5601706c0cd,Rachel,Carson,16,13,,0,1,1,3,1,0,0,0,,,,,,,
fh_45e4f2d4db0d,Gabi,Chen,19,19,,0,1,1,11,6,0,0,0,,,,,,,
fh_c6a0e7b377ec,Ceci,Miller,19,17,,0,1,1,6,5,0,0,0,,,,,,,
fh_facf85d9aad4,Claire,Dean,6,0,,0,0,0,0,0,0,0,0,,,,,,,
fh_17bc13ec39dc,Adriana,Eliopulos,18,1,,0,0,0,0,0,0,0,0,,,,,,,
fh_2b2f696af08f,Sophia,Fredericks,19,5,,0,0,0,9,6,0,0,0,,,,,,,
fh_050e87200add,Marguerite,Greene,19,19,,0,0,0,0,0,0,0,0,,,,,,,
fh_4b54f33514c2,Katelyn,Hurt,9,4,,0,0,0,0,0,0,0,0,,,10,1.95,26,0.722,0
fh_0d03291e7481,Sebastian,Limkakeng,19,19,,0,0,0,9,3,0,0,0,,,,,,,
fh_3dc296950614,DeeDee,McCarron,6,0,,0,0,0,1,0,0,0,0,,,,,,,
fh_94bba7d501d1,Maddie,Miller,2,1,,0,0,0,0,0,0,0,0,,,0,0.0,1,1.0,1
fh_1bdae10f8d50,Meera,Pandey,7,0,,0,0,0,0,0,0,0,0,,,,,,,
fh_19cbda1f5099,Hannah,Simmonds,15,14,,0,0,0,0,0,0,0,0,,,30,2.37,104,0.776,2
fh_8e0bf0c38fd7,Sophia,Sohigian,19,19,,0,0,0,0,0,0,0,0,,,,,,,
fh_7549804cb24d,Sam,Welin,10,0,,0,0,0,0,0,0,0,0,,,,,,,
fh_f5c95b16e0f0,Reagan,Schoen,18,18,1053,9,11,29,107,69,3,1,2,,,,,,,
fh_a41597765a2c,Alyssa,Montalvo,18,17,719,8,2,18,33,22,3,0,0,,,,,,,
fh_f5925804de99,Jaelyn,Moulton,18,15,864,6,2,14,54,32,1,0,0,,,,,,,
fh_1f66a27248e4,Andrea,Moulton,18,17,839,2,5,9,23,13,0,0,0,,,,,,,
fh_70a838074eca,Cassidy,Nordmann,18,18,829,4,1,9,13,11,0,0,0,,,,,,,
fh_8b66ae55eda3,Vanesa,Dominguez,17,2,351,3,1,7,9,8,0,0,0,,,,,,,
fh_34041b6f994b,Ellenoire,Schoen,18,9,740,2,3,7,16,11,0,0,0,,,,,,,
fh_0f180c1b705b,Miah,Ruiz,18,18,1024,1,4,6,19,9,0,0,0,,,,,,,
fh_3d1b57932f05,McKinley,Soto,12,3,258,3,0,6,7,7,0,0,0,,,,,,,
fh_29649ef40abc,Grace,Gundeck,5,0,17,1,0,2,1,1,0,0,0,,,,,,,
fh_234d6fdb6368,Nora,Tracy,18,12,863,1,0,2,1,1,0,0,0,,,,,,,
fh_a86afc716ded,Kylie,Dishaw,11,0,181,0,1,1,0,0,0,0,0,,,,,,,
fh_b17dfa453c2e,Zaina,Atique,1,0,4,0,0,0,0,0,0,0,0,,,,,,,
fh_844bebc84065,Stella,Bandak,7,1,19,0,0,0,0,0,0,0,0,,,,,,,
fh_cb84c0c34b18,Kaitlyn,Biase,16,16,880,0,0,0,1,1,0,0,0,,,,,,,
fh_b857b5d7e552,Madison,Clair,12,1,71,0,0,0,2,1,0,0,0,,,,,,,
fh_633ee3317806,Catlin,Dillinger,9,1,157,0,0,0,0,0,0,0,0,,,,,,,
fh_e33f2dd61b59,Eileen,Fernandes,11,5,352,0,0,0,0,0,0,0,0,,,,,,,
fh_c59ad3cd0cb6,Marina,Friedman,1,0,1,0,0,0,0,0,0,0,0,,,,,,,
fh_7360b93902d2,Jayne,Hughes,13,11,541,0,0,0,2,1,0,0,0,,,,,,,
fh_1b2987d46f80,Gabriella,Johnson,4,0,66,0,0,0,0,0,0,0,0,,,6,4.46,7,0.538,0
fh_d8ccdbdb9dcd,Jaden,Kilmer,18,17,998,0,0,0,0,0,0,0,0,,,51,3.07,115,0.693,1
fh_b6715b90cd17,Gisele,Martinez,5,0,32,0,0,0,0,0,0,0,0,,,,,,,
fh_4a2d18b68e28,Naveen,Milillo,2,0,2,0,0,0,0,0,0,0,0,,,,,,,
fh_ee3d413e60ae,Hailey,O'Reilly,17,0,230,0,0,0,2,1,0,0,0,,,,,,,
fh_73d231a250b8,Mikayla,Mrzywka,21,17,956,20,5,45,92,67,4,2,2,,,,,,,
fh_717d194a2261,Haley,Kaczka,21,21,1299,7,6,20,50,29,1,2,4,,,,,,,
fh_496164f54f55,Tessa,Ebreo,21,21,1253,6,5,17,20,14,1,0,0,,,,,,,
fh_f128543717cb,Kayla,Antonelli,21,20,864,5,3,13,22,16,2,0,0,,,,,,,
fh_0277ae6e0381,Mackenna,Cooke,21,15,817,4,3,11,43,18,2,0,0,,,,,,,
fh_aa664eeee703,Kara,Edwards,21,21,1225,2,6,10,21,13,1,0,0,,,,,,,
fh_f60cd2c9fe4b,Analise,Trani,21,21,1299,1,5,7,33,18,1,0,0,,,,,,,
fh_d3d89b2c5d24,Tania,Evans,21,11,683,1,3,5,17,12,0,0,0,,,,,,,
fh_126430636466,Jenna,Nigro,21,21,1246,2,1,5,13,6,0,0,0,,,,,,,
fh_688333a71917,Kayla,Surprenant,14,0,278,2,1,5,5,3,0,0,0,,,,,,,
fh_7e3444cb1454,Kameron,Marando,21,21,1109,1,2,4,15,10,0,0,0,,,,,,,
fh_31cf86563a6c,Maddie,Ripley,14,0,206,2,0,4,8,6,0,0,0,,,,,,,
fh_34d109c2b253,Paige,Remington,15,2,236,1,0,2,1,1,0,0,0,,,,,,,
fh_11e6348227de,Hannah,Curtis,16,10,561,0,0,0,2,2,0,0,0,,,,,,,
fh_d6a9f777c159,Tessa,Johnston,6,0,64,0,0,0,5,2,0,0,0,,,,,,,
fh_3edb959a36bc,Gemma,Kennedy,5,0,22,0,0,0,0,0,0,0,0,,,,,,,
fh_d634e3b1112e,Olivia,Lugo,20,9,777,0,0,0,0,0,0,0,0,,,,,,,
fh_e0c2cbf57efa,Alex,Tardugno,21,21,1299,0,0,0,0,0,0,0,0,,,32,1.48,129,0.801,6
fh_5e8e6a5a3ba3,Karly,Bervinchak,17,17,,11,10,32,68,39,1,0,0,,,,,,,
fh_f062c8b714d6,Anabella,Cenci,17,16,,12,4,28,33,21,3,0,0,,,,,,,
fh_c8e787d02b2b,Kayleigh,Armstrong,17,17,,6,2,14,49,18,2,3,6,,,,,,,
fh_16bdfc7730e1,Megan,Bryk,17,17,,3,5,11,10,6,0,0,0,,,,,,,
fh_e9587ee32738,Katie,Haye,17,17,,5,1,11,15,10,0,0,0,,,,,,,
fh_f156e80a2755,Brie,Mallozzi,17,17,,3,5,11,20,13,1,2,3,,,,,,,
fh_d97a19adc58a,Alex,Quartapella,17,16,,5,0,10,19,10,2,0,0,,,,,,,
fh_699fd0d7b2c4,Paula,Thompson,17,17,,2,0,4,8,5,0,0,0,,,,,,,
fh_f8063d55e272,Eleanor,Gieser,17,15,,1,0,2,4,3,0,0,0,,,,,,,
fh_64dc063f0429,Allyson,Hakes,12,1,,1,0,2,2,1,0,0,0,,,,,,,
fh_d411346304ff,Briana,Rocha,17,0,,0,2,2,9,6,0,0,0,,,,,,,
fh_5715b024fc3f,Kendall,Blankenship,17,0,,0,1,1,4,2,0,0,0,,,,,,,
fh_b6dee4c73b5f,Skylar,Bayard,9,0,,0,0,0,0,0,0,0,0,,,,,,,
fh_eb8f6f35c17f,Krista,Bervinchak,17,17,,0,0,0,3,2,0,0,0,,,,,,,
fh_04cae6964d5d,Arwen,Fithian,16,14,,0,0,0,0,0,0,0,0,,,21,1.52,78,0.788,3
fh_9c1c01564f83,Kayden,Geiter,16,2,,0,0,0,1,1,0,0,0,,,,,,,
fh_dd63e26b1e12,Lilly,Rejrat,9,3,,0,0,0,0,0,0,0,0,,,11,3.37,35,0.761,0
fh_4b997104401e,Gwen,Yeager,1,0,,0,0,0,0,0,0,0,0,,,1,11.84,1,0.5,0
fh_cc8fd1f1f06b,Maddie,Karp,21,21,994,12,5,29,62,46,3,0,0,,,,,,,
fh_a553c0d0d867,Taylor,Bower,21,20,974,5,5,15,33,20,2,0,0,,,,,,,
fh_27cb3a3e8f48,Lydia,Keppel,21,21,949,4,5,13,47,25,1,0,1,,,,,,,
fh_188f2b941b97,Emma,Lautenbacher,21,6,616,3,2,8,16,10,0,0,0,,,,,,,
fh_c33339ce2866,Taylor,Minick,21,7,611,4,0,8,22,14,1,0,0,,,,,,,
fh_f4a4e59022d8,Morgan,Hermanofski,21,21,856,3,1,7,11,5,1,0,0,,,,,,,
fh_e9d353962a86,Sage,Morgan,21,19,987,1,5,7,22,15,1,0,1,,,,,,,
fh_ecaa6611708f,Georgia,Baskett,21,3,611,3,0,6,8,5,0,0,0,,,,,,,
fh_97c626dbd65e,Olivia,Gayoski,21,20,1136,3,0,6,8,4,0,0,0,,,,,,,
fh_93432bcddb88,Shaelyn,Donnelly,21,20,937,1,2,4,5,3,1,0,0,,,,,,,
fh_c8ce616fe4cd,Elizabeth,Hodder,21,7,490,0,4,4,1,1,0,0,0,,,,,,,
fh_5efdf3c79aaa,Emily,Bramble,13,1,170,0,0,0,0,0,0,0,0,,,,,,,
fh_107340bca413,Emma,Dengler,21,10,600,0,0,0,1,0,0,0,0,,,,,,,
fh_94c7a2eb2a9b,Genesis,Duran,21,5,661,0,0,0,0,0,0,0,0,,,,,,,
fh_fbfd43a7d33a,Chloe,Gilroy,21,19,1201,0,0,0,0,0,0,0,0,,,31,1.54,164,0.841,2
fh_6b651dcf3fc6,Paige,Greco,17,2,314,0,0,0,0,0,0,0,0,,,,,,,
fh_8a6e5f74ce3b,Kenley,Jenks,12,1,150,0,0,0,0,0,0,0,0,,,,,,,
fh_beeb58a09eab,Cortney,Keim,21,21,1142,0,0,0,4,2,0,0,0,,,,,,,
fh_72acd743615b,Laila,Porterfield,1,0,0,0,0,0,0,0,0,0,0,,,,,,,
fh_c73cdde39a1f,Addyson,Swayne,7,1,10,0,0,0,0,0,0,0,0,,,2,4.85,3,0.6,0
fh_33be886317bf,Madalyn,Thomas,8,0,8,0,0,0,0,0,0,0,0,,,,,,,
fh_93ba11274ae0,Olivia,Wickel,9,1,67,0,0,0,0,0,0,0,0,,,2,2.49,3,0.6,0
fh_14d9aa1ad0c1,Ali,Stoner,16,16,,13,2,28,51,37,2,0,0,,,,,,,
fh_7bea0a47bfe7,Julia,Dennehy,17,17,,4,4,12,25,12,1,0,0,,,,,,,
fh_baa992301283,Kelly,Cammarata,15,15,,0,3,3,6,4,0,0,0,,,,,,,
fh_b68e1121f72c,Courtney,DiPrenda,17,17,,0,3,3,5,4,0,0,0,,,,,,,
fh_b5703413e55c,Giuliana,Pasquarella,17,17,,1,1,3,11,6,0,0,0,,,,,,,
fh_d40b7b85fdfc,Kelsey,Geurts,13,10,,1,0,2,3,2,0,0,0,,,,,,,
fh_4f02f658ca61,Allison,Ochs,9,1,,1,0,2,1,1,0,0,0,,,,,,,
fh_4cc8fe0f5a87,Sofia,Russell,17,17,,1,0,2,6,6,0,0,0,,,,,,,
fh_86277e8b6ce3,Jada,Jacobs,5,1,,0,1,1,0,0,0,0,0,,,,,,,
fh_8651eb659603,Noel,DeBonta,16,16,,0,0,0,0,0,0,0,0,,,,,,,
fh_a5ab15c6fe80,Carly,Horn,12,6,,0,0,0,2,1,0,0,0,,,,,,,
fh_29281a545099,Grace,Jenkins,17,17,,0,0,0,0,0,0,0,0,,,76,4.47,146,0.658,2
fh_a6999dc057c9,Lauren,Rennie,17,14,,0,0,0,1,1,0,0,0,,,,,,,
fh_25ba6047ae86,Kourtney,Scipio,12,11,,0,0,0,0,0,0,0,0,,,,,,,
fh_948309cd30cf,Morgan,Tolle,13,12,,0,0,0,0,0,0,0,0,,,,,,,
fh_c77301853faa,Kiki,Higgins,18,18,1029,13,7,33,84,49,3,1,1,,,,,,,
fh_3d22137d2cea,Claire,Colvin,11,9,558,6,4,16,26,17,3,0,0,,,,,,,
fh_41324d98c263,Pilar,Torres,18,18,1129,5,4,14,47,19,1,1,3,,,,,,,
fh_3c3770290f83,Anna,Miller,18,18,534,4,1,9,15,12,1,0,0,,,,,,,
fh_4823947ccd8d,Laura,Ryan,18,18,947,3,0,6,16,10,0,0,0,,,,,,,
fh_7464ed4a4ba5,Sawyer,Rowland,16,0,333,2,1,5,11,9,0,0,0,,,,,,,
fh_d7bb3c757afb,McKenna,Dwyer,9,0,103,2,0,4,5,3,0,0,0,,,,,,,
fh_883d2ea03b54,Haley,McAuslin,12,5,222,2,0,4,9,5,0,0,0,,,,,,,
fh_d07c6c067e0c,Katie,Sigrist,18,17,995,1,2,4,51,19,0,0,0,,,,,,,
fh_a7e5c334289e,Keira,Harder,18,18,1121,0,3,3,9,4,0,0,0,,,,,,,
fh_922f9575eae3,Sienna,Alday,18,0,441,0,2,2,5,2,0,0,0,,,,,,,
fh_95fb3feabbf7,Tess,Everett,9,0,121,0,2,2,1,1,0,0,0,,,,,,,
fh_148e8e17b64b,Ali,Meyer,18,16,1005,0,2,2,8,6,0,0,0,,,,,,,
fh_73d424e55434,Chloe,Bush,11,4,188,0,1,1,5,3,0,0,0,,,,,,,
fh_02ace69a8c11,Mikaela,Condran,4,0,52,0,0,0,5,3,0,0,0,,,,,,,
fh_0dddc1ce7d79,Leah,Hong,16,2,482,0,0,0,2,1,0,0,0,,,,,,,
fh_c36ddd95b312,Caroline,Kroh,2,0,10,0,0,0,1,0,0,0,0,,,,,,,
fh_de1870a12f74,Isabella,Mitreska,4,0,15,0,0,0,0,0,0,0,0,,,,,,,
fh_b917bbef4e5e,Kate,Morreale,2,0,10,0,0,0,0,0,0,0,0,,,,,,,
fh_b4b513bc0cd7,Natalia,Nolan,18,18,933,0,0,0,0,0,0,0,0,,,,,,,
fh_5f231524498b,Nola,Peressutti,1,0,6,0,0,0,0,0,0,0,0,,,,,,,
fh_bb11a6b1ed3c,Grace,Rebak,18,18,1083,0,0,0,0,0,0,0,0,,,,,,,
fh_1be2559483a9,Madeline,Rowland,18,1,409,0,0,0,4,3,0,0,0,,,,,,,
fh_47bc296e7b1d,Aggie,Ryan,4,0,46,0,0,0,0,0,0,0,0,,,,,,,
fh_fbadbe3fb135,Miriam,Silver,1,0,15,0,0,0,0,0,0,0,0,,,0,0.0,0,0.0,0
fh_5e228606870f,Ellie,Smith,18,18,1148,0,0,0,0,0,0,0,0,,,19,1.01,78,0.804,6
fh_f0a89c9bdb29,CeCe,Upton,2,0,9,0,0,0,0,0,0,0,0,,,,,,,
fh_b31e453a7953,Kate,Seymour,15,14,706,13,4,30,60,47,4,0,2,,,,,,,
fh_64e601101ce3,Lizzie,Landon,15,15,731,6,4,16,32,17,0,1,2,,,,,,,
fh_e2cb7e19a924,Payton,Kendall,15,15,843,3,1,7,13,7,0,0,0,,,,,,,
fh_9d6ba90733aa,Haley,Hamrick,15,13,701,2,1,5,15,4,0,0,0,,,,,,,
fh_8ffbbb60bcf5,Lenoree,Hoke,14,11,497,1,2,4,18,12,0,0,0,,,,,,,
fh_e3ff028acdfe,Mikayla,Petersen,15,14,705,1,2,4,5,3,1,0,0,,,,,,,
fh_2d26b5cb0ab7,Finley,Vandevander,13,1,335,2,0,4,8,6,0,0,0,,,,,,,
fh_fa7a33af63df,Mia,Brunet,15,9,399,1,1,3,2,1,0,0,0,,,,,,,
fh_f91595eb4ac9,Ginnah,Kendall,13,7,604,1,1,3,13,10,0,0,0,,,,,,,
fh_9721eb2900aa,Madison,Hamrick,15,15,779,0,2,2,0,0,0,0,0,,,,,,,
fh_9946826b4f88,Jordan,Blizzard,12,1,287,0,0,0,2,1,0,0,0,,,,,,,
fh_fecca94af54c,Hannah,Bost,15,14,762,0,0,0,0,0,0,0,0,,,,,,,
fh_fa0bbbadd3d2,Olivia,Dingzon,11,0,354,0,0,0,0,0,0,0,0,,,,,,,
fh_8d5a1e8ffe10,Danica,Frushour,13,1,457,0,0,0,3,1,0,0,0,,,,,,,
fh_b3d26c248b7a,Kenzi,Monn,13,1,313,0,0,0,0,0,0,0,0,,,,,,,
fh_c277facc3f89,Erin,Sullivan,14,14,739,0,0,0,0,0,0,0,0,,,34,3.07,63,0.649,0
fh_47be52ee3382,Jade,Syto,13,8,296,0,0,0,0,0,0,0,0,,,,,,,
fh_1d9b994613c7,Rebekah,Tuckey,14,7,563,0,0,0,3,2,0,0,0,,,,,,,
fh_38d16071aa53,Cassie,Vanbuskirk,13,1,304,0,0,0,1,0,0,0,0,,,,,,,
fh_f8b16b9c5403,Ashley,Welker,9,1,206,0,0,0,0,0,0,0,0,,,10,2.55,11,0.524,0
fh_25fbc4fd47b2,Lauren,Meinhold,21,21,1277,10,5,25,71,37,3,0,0,,,,,,,
fh_170f6bc0fc4b,Abbey,Powers,20,18,1003,9,3,21,36,26,2,0,0,,,,,,,
fh_cb109446fc63,Leah,Uglevich,21,19,1172,8,2,18,28,17,1,0,0,,,,,,,
fh_dd15b7dacbbc,Arie,Lang,20,18,974,4,4,12,24,17,3,0,0,,,,,,,
fh_baae364aa539,Emma,Barton,21,17,967,3,3,9,11,9,2,0,0,,,,,,,
fh_4582367e2f38,Chloe,Luongo,21,18,982,3,2,8,17,12,0,0,0,,,,,,,
fh_943da3835fa4,Eve,Martineau,21,21,1272,2,2,6,43,25,2,0,0,,,,,,,
fh_fd5527dd23a1,Madeline,Chase,21,21,1251,1,3,5,19,8,0,0,0,,,,,,,
fh_7cbb5aa92a02,Lauren,Coutu,21,2,289,1,1,3,7,5,1,0,0,,,,,,,
fh_7bf60382dcac,Kyra,Duane,21,10,672,1,1,3,7,1,0,0,0,,,,,,,
fh_2aa467ee2ab8,Tatiana,Nwosu,12,0,38,1,0,2,1,1,0,0,0,,,,,,,
fh_3f989f61c9eb,Ella,Reeners,21,21,1277,1,0,2,8,3,0,1,2,,,,,,,
fh_8946ae690796,Sanidi,Waduthanthiri,19,3,242,0,1,1,4,2,0,0,0,,,,,,,
fh_b12ed1acdf7b,Ava,Walker,15,0,64,0,1,1,2,2,0,0,0,,,,,,,
fh_db08552544a1,Lucia,Antonelli,4,0,5,0,0,0,0,0,0,0,0,,,,,,,
fh_3aa8daf50868,Nina,Van Ekelenburg,2,0,0,0,0,0,0,0,0,0,0,,,0,0.0,1,1.0,0
fh_c53f68e9046f,Myles,Lakin,21,21,1272,0,0,0,0,0,0,0,0,,,24,1.15,129,0.843,6
fh_15c0656863c6,Shannon,Miranda,21,18,1074,0,0,0,0,0,0,0,0,,,,,,,
fh_53bd8a5f36a1,Kaela,Robins,14,2,275,0,0,0,0,0,0,0,0,,,,,,,
fh_ed69cc967bba,Kelsey,Rouleau,7,0,7,0,0,0,0,0,0,0,0,,,,,,,
fh_4ff15d2abfac,Kelbie,Linebaugh,19,18,959,11,1,23,24,19,1,0,0,,,,,,,
fh_be137eb6229d,Claire,Burrows,19,19,940,9,4,22,48,38,4,0,0,,,,,,,
fh_0932820451d1,Katelyn,Landis,19,17,887,5,1,11,29,20,2,0,0,,,,,,,
fh_38fc4223b633,Hannah,Downs,19,17,971,1,6,8,9,6,1,0,0,,,,,,,
fh_301bd0b604b2,Olivia,Miller,19,18,1001,4,0,8,28,11,1,0,0,,,,,,,
fh_5004b22955fa,Kate,Egan,19,18,1041,3,0,6,39,23,1,0,0,,,,,,,
fh_3c57152ab6e1,Bella,Reiss,18,0,148,3,0,6,7,4,0,0,0,,,,,,,
fh_52e267db08b5,Jade,Haines,19,19,1160,0,5,5,11,7,0,0,0,,,,,,,
fh_e80948d73d3a,Haley,Boyarski,18,9,477,2,0,4,10,9,0,0,0,,,,,,,
fh_c5457e02cf0f,Ana,Kenst,18,1,226,2,0,4,3,2,0,0,0,,,,,,,
fh_13129f4db808,Becca,Olsen,18,18,1127,1,2,4,27,12,0,0,0,,,,,,,
fh_e800e6e2d80f,Emma,Pryor,16,0,222,1,2,4,12,7,0,0,0,,,,,,,
fh_bc91174297b8,Kelsey,Welsh,17,1,236,0,3,3,1,1,0,0,0,,,,,,,
fh_86978c4b08e1,Emma,Fowler,17,9,755,1,0,2,9,7,1,0,0,,,,,,,
fh_074f8cd77216,Kelsey,Shahan,10,0,51,1,0,2,4,2,0,0,0,,,,,,,
fh_779f875a0453,Sam,Ward,19,8,709,0,2,2,2,0,0,0,0,,,,,,,
fh_697a3fd5b828,Michaela,Cokinos,19,9,550,0,1,1,13,2,0,0,0,,,,,,,
fh_173daf78c6d0,Aliza,Staub,19,0,238,0,1,1,8,2,0,0,0,,,,,,,
fh_d5f827bf94e5,Alexis,Bear,5,0,63,0,0,0,0,0,0,0,0,,,,,,,
fh_f05317528829,Taylor,Botterbusch,2,0,0,0,0,0,0,0,0,0,0,,,,,,,
fh_cb833f7afbdc,Grace,Figueroa,3,0,3,0,0,0,0,0,0,0,0,,,,,,,
fh_0249f0c35c0c,Donnie,Gemignani,2,0,0,0,0,0,0,0,0,0,0,,,,,,,
fh_e3438a0285dc,Erin,Maher,1,0,0,0,0,0,0,0,0,0,0,,,0,0.0,0,0.0,0
fh_172bdab0f028,Hannah,Miller,19,1,248,0,0,0,2,2,0,0,0,,,,,,,
fh_1cea34072c4c,Paige,Pantano,1,0,0,0,0,0,0,0,0,0,0,,,,,,,
fh_c1c4febe2c36,Abby,Smith,19,19,1187,0,0,0,0,0,0,0,0,,,24,1.22,76,0.76,5
fh_be2dd008ed91,Lizzie,Hardy,13,13,826,5,1,11,50,20,3,0,0,,,,,,,
fh_f8fe967a48f6,Frankie,Zehnal,12,12,705,4,0,8,38,22,0,0,0,,,,,,,
fh_7cf7f9e11f7e,Coco,Rodríguez,12,12,717,2,1,5,6,4,0,0,0,,,,,,,
fh_4232e09cdc39,Brooke,Benjamin,12,12,723,1,2,4,15,7,0,0,0,,,,,,,
fh_9ec79ab08975,Natalie,Katzenmeyer,13,13,772,1,1,3,7,2,0,0,0,,,,,,,
fh_488de1a8ebf7,Cate,Barkdoll,13,12,718,0,0,0,0,0,0,0,0,,,28,2.38,96,0.774,1
fh_768b7bc9b74c,Joey,Beckerman,13,13,821,0,0,0,1,0,0,0,0,,,,,,,
fh_bc73174dae16,Addison,Fletcher,13,1,228,0,0,0,1,1,0,0,0,,,,,,,
fh_1bf8902d78b9,Naledi,Jani,1,0,0,0,0,0,0,0,0,0,0,,,,,,,
fh_7b838c7fef72,Noa,Kauffman,5,1,138,0,0,0,0,0,0,0,0,,,3,1.5,16,0.842,0
fh_f2f50fceaa0d,Izzie,Kline,13,4,413,0,0,0,2,0,0,0,0,,,,,,,
fh_2d2fab5eecff,Melinda,Lazenby,6,6,384,0,0,0,4,3,0,0,0,,,,,,,
fh_bdad07f1d768,Audrey,McKenna,13,13,802,0,0,0,13,4,0,0,0,,,,,,,
fh_199aa4193944,Allie,Toombs,13,11,547,0,0,0,9,5,0,0,0,,,,,,,
fh_e337fbed0b32,Emily,Wachowiak,12,12,748,0,0,0,0,0,0,0,0,,,,,,,
fh_630b11527efa,Maddie,Greco,21,21,670,16,8,40,64,53,4,0,0,,,,,,,
fh_87f614cc71f4,Megan,Dorsey,21,21,1102,6,7,19,48,24,2,1,2,,,,,,,
fh_fc34e52a60f7,Ellie,Innes,19,0,694,8,3,19,50,38,0,0,0,,,,,,,
fh_dd2be4d3dc7e,Amy,Vytopilova,21,21,585,7,4,18,46,40,1,0,0,,,,,,,
fh_d428920a152c,Katelyn,Birnbaum,20,0,466,5,7,17,12,7,0,1,1,,,,,,,
fh_e50504f9d558,Reese,Fendelet,21,12,529,8,0,16,32,26,1,0,0,,,,,,,
fh_376bcf2b9216,Rachel,Ostiguy,20,10,693,6,3,15,23,18,2,0,0,,,,,,,
fh_a1f9687a3ee3,Maggie,Monaghan,21,0,638,5,1,11,25,19,0,0,0,,,,,,,
fh_24b810e1da18,Rowan,Dapson,21,21,1098,2,4,8,28,14,1,0,0,,,,,,,
fh_66dc00d9723f,Lily,Durivage,20,6,669,4,0,8,14,10,2,0,0,,,,,,,
fh_035fafbbe110,Bobbi,Serino,21,14,709,1,5,7,15,7,0,0,0,,,,,,,
fh_9b3092184be6,Molly,Halliday,21,21,1028,1,1,3,19,12,0,0,0,,,,,,,
fh_719e281bdd5b,Macy,Goodwin,19,15,811,1,0,2,4,3,0,0,0,,,,,,,
fh_2c3282999412,Katie,Radzik,7,0,137,1,0,2,2,2,0,0,0,,,,,,,
fh_e8cdd98eef41,Aislin,Devaney,21,21,1115,0,1,1,0,0,0,0,0,,,,,,,
fh_45ae914590f7,Francesca,Sullivan,7,0,151,0,1,1,3,2,0,0,0,,,,,,,
fh_1e4a35979661,Sophie,Brady,19,16,797,0,0,0,0,0,0,0,0,,,21,1.52,60,0.741,0
fh_bda76a3d9a52,Kat,Bruun,17,1,503,0,0,0,0,0,0,0,0,,,,,,,
fh_328370f64967,Luna,Coronel,20,6,720,0,0,0,2,1,0,0,0,,,,,,,
fh_a64bd2cc6d7d,Kate,Nielsen,8,0,169,0,0,0,1,1,0,0,0,,,,,,,
fh_e34d8cd03e01,Tess,Parker,13,5,427,0,0,0,0,0,0,0,0,,,11,1.88,35,0.761,0
fh_df09dc351d59,Amelia,Stevens,21,20,1045,0,0,0,2,1,0,0,0,,,,,,,
fh_ea0d4e5224f5,Marion,Stuntz,4,0,60,0,0,0,0,0,0,0,0,,,2,1.33,4,0.667,0
fh_35a8566f2323,Melanie,Tlatenchi,18,18,1016,1,3,5,9,6,1,0,0,,,,,,,
fh_b666e9f01aef,Shaylee,Heffron,18,18,1086,1,2,4,15,7,0,0,0,,,,,,,
fh_91076f4a59da,Hannah,Chocallo,16,16,968,1,0,2,7,3,0,0,0,,,,,,,
fh_234da04d1ad4,Abbey,Grulke,16,15,714,1,0,2,1,1,0,0,0,,,,,,,
fh_97ac2a684280,Katey,Shoemaker,18,18,1079,1,0,2,2,1,0,0,0,,,,,,,
fh_df84e24ae681,Emily,Bollinger,9,9,550,0,0,0,0,0,0,0,0,,,32,3.49,74,0.698,1
fh_68940d6790bc,Allie,Chocallo,18,18,1089,0,0,0,1,0,0,0,0,,,,,,,
fh_1c27d541ae74,Megan,Harry,18,18,1071,0,0,0,3,1,0,0,0,,,,,,,
fh_ce9c7f795a7f,Ella,Hughes,14,12,643,0,0,0,2,2,0,0,0,,,,,,,
fh_89de8c3922f9,Reagan,Joiner,18,18,1010,0,0,0,4,3,0,0,0,,,,,,,
fh_72090d7d7d83,Davina,Krappa,16,16,911,0,0,0,16,8,0,0,1,,,,,,,
fh_abac0bccb116,Rowan,Murray,9,3,300,0,0,0,5,4,0,0,0,,,,,,,
fh_44bbe1efba69,Sophia,Pettinelli,14,5,507,0,0,0,3,1,0,0,0,,,,,,,
fh_8b74cc033901,Alyssa,Reeber,1,1,60,0,0,0,0,0,0,0,0,,,3,3.0,8,0.727,0
fh_0a01eff35e6a,Elizabeth,Samuel,15,10,620,0,0,0,0,0,0,0,0,,,40,5.0,49,0.551,0
fh_7c7e7d89d4f5,Tia,Sansone,14,13,704,9,8,26,44,32,1,0,0,,,,,,,
fh_191ab667fb35,Denise,Van der Spuy,13,13,764,12,1,25,41,27,3,0,0,,,,,,,
fh_dec250da89b7,Calista,Crocker,14,14,835,2,7,11,42,29,0,2,3,,,,,,,
fh_1312398595cd,Cloey,Turiello,14,11,561,3,3,9,16,9,0,0,0,,,,,,,
fh_6805526f6cd1,Delanie,Winkelmann,14,14,698,3,3,9,30,19,1,0,0,,,,,,,
fh_20445adc46b5,Consuelo,Torres Moore,8,2,101,3,2,8,20,14,0,0,0,,,,,,,
fh_29dbdd979de7,Jessie,Earley,14,14,778,1,5,7,6,3,0,0,0,,,,,,,
fh_43a44d0cb341,Andra,Alexander,14,6,548,1,3,5,9,5,0,0,0,,,,,,,
fh_09f53c3c92a9,Skyler,Turiello,14,7,467,2,1,5,6,5,1,0,0,,,,,,,
fh_10973bf27928,Riley,Monroe,14,14,849,2,0,4,4,3,1,0,0,,,,,,,
fh_56429270286f,Dorothy,Fife,14,14,849,1,1,3,1,1,0,0,0,,,,,,,
fh_d9e605964b9a,Grace,Austin,1,0,0,0,0,0,0,0,0,0,0,,,,,,,
fh_aa7d63dbad81,Jojo,Cox,14,13,824,0,0,0,0,0,0,0,0,,,21,1.53,78,0.788,4
fh_b1b8b56cb51a,Ava,Eiler,14,3,322,0,0,0,0,0,0,0,0,,,,,,,
fh_91de5e365927,Cypress,Guinn,11,0,94,0,0,0,1,0,0,0,0,,,,,,,
fh_3afcb66e6e71,Liz,Hind,1,0,18,0,0,0,0,0,0,0,0,,,0,0.0,1,1.0,0
fh_88c87984e4d7,Sophia,Newton,7,0,30,0,0,0,0,0,0,0,0,,,,,,,
fh_3562631d0a52,Lachlan,Sanders,14,12,686,0,0,0,9,3,0,0,0,,,,,,,
fh_b41520d274a0,Megan,Zalewski,1,0,0,0,0,0,0,0,0,0,0,,,,,,,
fh_84a1816afce0,Tiana,Nhamoinesu,18,16,805,6,1,13,37,27,1,1,1,,,,,,,
fh_06f9dd31646f,Sasha,Dikotla,18,18,897,4,2,10,18,12,1,0,0,,,,,,,
fh_f6bbc7b8fb29,Emily,Risser,18,18,1011,2,4,8,9,6,0,0,1,,,,,,,
fh_b86e15a18b38,Anouk,Plaehn,18,18,1074,3,1,7,31,14,1,0,0,,,,,,,
fh_346bd9b443c0,Katie,Cole,17,3,316,2,2,6,7,3,0,0,0,,,,,,,
fh_62f78aa3db80,Ava,Florence,17,8,583,2,2,6,3,2,0,0,0,,,,,,,
fh_68074570788d,Natalie,LaFleur,18,15,720,2,0,4,14,9,1,0,0,,,,,,,
fh_7fc97e1a5d3b,Karley,DuCoin,18,7,466,1,1,3,15,11,0,0,0,,,,,,,
fh_db630a97a855,Deborah,James,18,18,992,1,1,3,13,6,0,0,0,,,,,,,
fh_620d409c2024,Iona,Roderick,15,0,383,1,1,3,2,2,0,0,0,,,,,,,
fh_9e58540d7b3c,Emily,Beitzel,18,18,723,1,0,2,6,4,1,0,0,,,,,,,
fh_04c7db446ab3,Adi,Geer,18,1,297,1,0,2,14,5,0,0,0,,,,,,,
fh_c10688be598d,Marie,De Grande,17,13,499,1,0,2,11,5,0,0,0,,,,,,,
fh_e8a2ee07f5ad,Addy,Basile,16,5,376,0,0,0,2,0,0,0,0,,,,,,,
fh_640c4906e966,Rowan,Casey,18,8,513,0,0,0,1,0,0,0,0,,,,,,,
fh_91c594ef04c1,Zoe,Collins,8,0,68,0,0,0,2,2,0,0,0,,,,,,,
fh_d76ed6bf6951,Aaliyah,Edwards,1,1,6,0,0,0,0,0,0,0,0,,,,,,,
fh_3b01708c3fbe,Ava,Hershberger,12,0,227,0,0,0,0,0,0,0,0,,,,,,,
fh_ae85fdbec8aa,Gwen,Hershberger,5,5,334,0,0,0,0,0,0,0,0,,,,,,,
fh_a5253113c699,Tori,Miller,1,0,0,0,0,0,0,0,0,0,0,,,,,,,
fh_28bf0932130c,Annie,Ryan,15,4,314,0,0,0,0,0,0,0,0,,,,,,,
fh_e65d3acf865e,Hanna,Scheessele,11,0,174,0,0,0,0,0,0,0,0,,,,,,,
fh_ef566ba69649,Mia,Scheulen,15,2,315,0,0,0,4,3,0,0,0,,,,,,,
fh_e9c00c97e235,Ash,Stephenson,14,13,780,0,0,0,0,0,0,0,0,,,,,,,
fh_f9fcc6d707e8,Mattea,Vest,17,4,479,0,0,0,1,1,0,0,0,,,,,,,
fh_835ece2671f1,Brooke,Moloney-Kolenberg,20,19,1005,10,6,26,55,27,3,0,2,,,,,,,
fh_8a252e03da30,Elsa,Copeland,20,20,822,7,5,19,26,24,3,0,0,,,,,,,
fh_47fc4747e17a,Caroline,Nowak,20,20,1185,6,2,14,12,8,1,0,0,,,,,,,
fh_6b6f62951534,Sophia,Cordoni,19,0,407,4,0,8,12,9,1,0,0,,,,,,,
fh_811d058a5137,Lilly,Hogan,13,0,287,3,0,6,11,7,2,0,0,,,,,,,
fh_a0f88b4cc40b,Lucy,Norris,20,20,620,2,2,6,9,8,0,0,0,,,,,,,
fh_5c63dcddb2a3,Sophie,O'Sullivan,20,5,588,3,0,6,16,11,0,0,0,,,,,,,
fh_9fb5615747de,Haley,Dwight,19,19,1183,1,3,5,10,8,1,0,1,,,,,,,
fh_ac83a704e138,Rose,Gordon,20,20,1073,2,1,5,24,12,1,0,0,,,,,,,
fh_c72a39dddb5c,Amy,LaBelle,20,20,1203,2,1,5,21,10,2,0,0,,,,,,,
fh_dbd07353b239,Elena,Agosti,20,20,1027,1,2,4,17,7,0,0,0,,,,,,,
fh_5badf0235c78,Ali,Apigian,20,9,600,1,1,3,1,1,0,0,0,,,,,,,
fh_3bff4d8b5e01,Ciara,Geraghty,20,1,405,1,1,3,8,5,0,0,0,,,,,,,
fh_e16e7ad2855a,Ameera,Dhillon,10,2,174,0,1,1,0,0,0,0,0,,,,,,,
fh_af9e691ba8d3,Summer,Gordon,20,20,981,0,1,1,3,1,0,0,0,,,,,,,
fh_6349bc1de2cb,Alexa,Queen,14,0,251,0,1,1,4,3,0,0,0,,,,,,,
fh_a4ee835842bd,Emma,Queen,14,0,223,0,1,1,2,0,0,0,0,,,,,,,
fh_6c0c202eaf13,Bella,Bigelow,1,0,8,0,0,0,0,0,0,0,0,,,,,,,
fh_60b70c539998,Eva,Boucher,3,0,17,0,0,0,0,0,0,0,0,,,,,,,
fh_66e15e6f85a3,Ava,Donohue,20,20,1211,0,0,0,0,0,0,0,0,,,21,1.05,86,0.804,6
fh_da40625053ea,Kaili,Jacobsen,3,0,59,0,0,0,0,0,0,0,0,,,0,0.0,0,0.0,0
fh_1f263771768a,Sophie,Jullienne,4,0,44,0,0,0,0,0,0,0,0,,,,,,,
fh_dab47453b692,Molly,Rhatigan,2,0,12,0,0,0,0,0,0,0,0,,,,,,,
fh_d65c736729be,Catherine,Russell,20,5,496,0,0,0,1,0,0,0,0,,,,,,,
fh_68aeca524a21,Makena,Valentine,21,21,,11,9,31,49,30,3,4,4,,,,,,,
fh_101786e0be81,Kate,Kelso,21,18,,10,2,22,34,24,4,0,0,,,,,,,
fh_23ac00b2290e,Shelly,Tremblay,21,21,,5,9,19,36,15,3,0,0,,,,,,,
fh_e9c7009dcf42,Micaela,Jacobs,21,21,,7,0,14,20,14,0,0,0,,,,,,,
fh_88b0b926d422,Abby,Stevens,21,17,,4,5,13,22,16,0,0,0,,,,,,,
fh_9c64a33d16d4,Riley,Zielinski,21,17,,5,0,10,27,22,2,0,0,,,,,,,
fh_69e6b908f6da,Gianna,Korisianos,20,19,,3,3,9,20,11,0,0,0,,,,,,,
fh_709435e6cf5e,Ava,Wolverton,21,8,,2,2,6,23,17,0,0,0,,,,,,,
fh_63489c1a72fc,Isabel,Culver,21,19,,2,1,5,18,13,0,0,0,,,,,,,
fh_86edc3927d76,McKenzie,Berry,13,0,,1,0,2,5,5,0,0,0,,,,,,,
fh_bc0c56b22e59,Olivia,Dwyer,18,1,,1,0,2,8,5,0,0,0,,,,,,,
fh_d43af901d0ff,Chloe,Michaud,21,0,,0,2,2,3,1,0,0,0,,,,,,,
fh_47a5b981b05d,Halle,Powers,11,0,,1,0,2,2,2,0,0,0,,,,,,,
fh_b8f96697067e,Emma,Shuman,20,7,,1,0,2,3,3,0,0,0,,,,,,,
fh_fadf065b6fa3,Ella,Reeves,18,0,,0,1,1,10,3,0,0,0,,,,,,,
fh_4e86be312063,Francesca,Caccamo,21,20,,0,0,0,8,5,0,0,0,,,,,,,
fh_0618dd1e26c2,Savanna,Harvey,12,8,,0,0,0,0,0,0,0,0,,,18,2.11,32,0.64,1
fh_3f397dad85ee,Elizabeth,Hoadley,4,0,,0,0,0,1,0,0,0,0,,,,,,,
fh_a2fcabb49a62,Greta,Jennison,16,13,,0,0,0,0,0,0,0,0,,,35,2.73,56,0.615,2
fh_87c164b2e19b,Avia,Russo,4,0,,0,0,0,1,1,0,0,0,,,,,,,
fh_9a5f518f34c6,Norah,Slattery,5,0,,0,0,0,1,1,0,0,0,,,,,,,
fh_4d67e1f7a4a4,Ann,Young,21,21,,0,0,0,0,0,0,0,0,,,,,,,
fh_b45e2901d33a,Laurel,Fite,18,17,,8,4,20,34,25,1,0,0,,,,,,,
fh_aee75fc5b1b6,Lacy,Eckard,18,18,,6,6,18,30,19,0,0,0,,,,,,,
fh_86ea5e594b61,Tayah,Bauer,18,18,,7,1,15,35,18,1,0,0,,,,,,,
fh_2c36120248a5,Loghan,Shelly,18,17,,5,2,12,30,14,2,0,0,,,,,,,
fh_6c1dff09f8a0,Carmen,Hannon,14,10,,4,1,9,25,17,2,0,0,,,,,,,
fh_e178016b6c0b,Halie,Woodring,18,18,,2,5,9,30,20,0,0,0,,,,,,,
fh_c84ec50084b5,Katie,Loughran,18,17,,1,4,6,4,4,1,0,0,,,,,,,
fh_d7d28d119e4f,Riley,Marines,18,18,,1,2,4,18,10,0,0,1,,,,,,,
fh_87adbfab3833,Victoria,Burton,18,17,,0,2,2,14,8,0,0,0,,,,,,,
fh_e2c65c75c22e,Jordyn,Keffer,17,2,,1,0,2,3,2,0,0,0,,,,,,,
fh_bd366e88dda7,Autumn,Shahan,14,2,,1,0,2,7,4,0,0,0,,,,,,,
fh_25d4b9635a08,Ava,Daly,17,4,,0,1,1,7,5,0,0,0,,,,,,,
fh_537fe9bdceb7,Melanie,Langford,18,17,,0,1,1,4,3,0,0,0,,,,,,,
fh_e51206d78a5a,Isabella,Bobé,18,18,,0,0,0,1,0,0,0,0,,,34,1.88,145,0.81,2
fh_24c1a45143fe,Maria,DeRosa,1,0,,0,0,0,0,0,0,0,0,,,,,,,
fh_0ed435d4fe63,Alana,Finn,3,0,,0,0,0,0,0,0,0,0,,,,,,,
fh_63de281016ff,Kaley,Kerns,3,1,,0,0,0,0,0,0,0,0,,,,,,,
fh_9a5e913df07b,Annika,Klinefelter,2,0,,0,0,0,0,0,0,0,0,,,,,,,
fh_be04e4ebaa61,Ashlyn,Wolfe,6,1,,0,0,0,0,0,0,0,0,,,,,,,
fh_dde77abd8a96,Hailey,Brisson,18,18,1079,5,2,12,29,19,0,0,0,,,,,,,
fh_555f35202f6e,Nora,Desrosiers,16,13,738,6,0,12,35,26,0,0,0,,,,,,,
fh_273900a27bc0,Penelope,Long,18,15,837,5,2,12,20,13,1,0,0,,,,,,,
fh_eea5597311e6,Lilly,Taglieri,17,17,1052,4,3,11,33,21,1,2,2,,,,,,,
fh_e8a0b9d9fae8,Avery,Allaire,18,17,974,2,5,9,18,7,0,0,0,,,,,,,
fh_b2886275f372,Ainslee,Shrout,15,7,548,3,2,8,15,11,1,0,0,,,,,,,
fh_d767af03a3ab,Clio,Cook-Sharp,15,4,287,3,0,6,10,8,0,0,0,,,,,,,
fh_9c8b7086aeac,Katy,Paveglio,18,16,1016,2,1,5,25,21,1,0,0,,,,,,,
fh_2bc1cbcc7aa3,Alex,Wemple,18,18,998,1,2,4,18,7,0,0,0,,,,,,,
fh_85d7d39094db,Emma,Fissel,15,14,829,0,3,3,6,3,0,0,0,,,,,,,
fh_809c23395372,Ellie,Foss,13,3,269,1,1,3,5,4,0,0,0,,,,,,,
fh_68f3b88bfb5a,Haley,Bright,10,7,440,0,0,0,0,0,0,0,0,,,23,2.76,65,0.739,0
fh_fc11b13c03f1,Sam,Buck,4,2,165,0,0,0,0,0,0,0,0,,,3,1.2,5,0.625,1
fh_805547f938bb,Kaitlyn,Frye,18,10,748,0,0,0,2,2,0,0,0,,,,,,,
fh_dec64d3f8e99,Ava,Kahl,16,6,492,0,0,0,4,2,0,0,0,,,,,,,
fh_43f185178fe8,Olivia,Minotti,12,4,285,0,0,0,2,1,0,0,0,,,,,,,
fh_322cb8dc5343,Jamila,Mohamed,6,5,306,0,0,0,0,0,0,0,0,,,11,2.39,26,0.703,0
fh_c6f31ce4d9af,Piper,Rickman,18,14,876,0,0,0,3,2,0,0,0,,,,,,,
fh_aab4f0496d14,Zoe,Schmaling,5,4,227,0,0,0,7,3,0,0,0,,,,,,,
fh_3762df3b0486,Trinity,Williamson,3,3,180,0,0,0,0,0,0,0,0,,,12,4.0,30,0.714,0
fh_2701315775b8,Emmi,Burdine,12,12,739,5,0,10,14,11,1,0,0,,,,,,,
fh_a8f8cbb8ea26,Gigi,Hutman,14,14,850,2,0,4,16,12,2,1,1,,,,,,,
fh_a94fbc9f8c59,Elise,Palazzo,15,14,843,1,1,3,11,7,0,0,0,,,,,,,
fh_cedfc8f3649c,Reiyn,Hart,14,12,769,1,0,2,1,1,0,0,0,,,38,3.34,107,0.738,1
fh_e3dc1b80ec8a,Haley,Littlefield,14,13,791,1,0,2,2,2,1,0,0,,,,,,,
fh_1405826e4126,Megan,Newton,15,14,757,1,0,2,21,7,0,0,0,,,,,,,
fh_71581cf4e55d,Antonia,Supino,14,13,799,1,0,2,7,3,0,1,1,,,,,,,
fh_0b8a589cb96f,Carlina,Christy,14,13,791,0,1,1,12,5,0,0,0,,,,,,,
fh_2d31fd12c9a2,Bella,Perdue,14,12,692,0,1,1,1,1,0,0,0,,,,,,,
fh_b421c527dadb,Lyla,Burdine,13,6,404,0,0,0,0,0,0,0,0,,,,,,,
fh_88955c332cab,Bella,Cosden,11,7,443,0,0,0,0,0,0,0,0,,,10,3.33,11,0.524,0
fh_da735e1e6ffc,Aurora,Duffie,3,1,30,0,0,0,0,0,0,0,0,,,6,6.42,7,0.538,0
fh_42f75ef5f74d,Gianna,Guadagno,14,10,613,0,0,0,2,2,0,0,0,,,,,,,
fh_c33daf4e79e4,Allison,Kent,2,1,60,0,0,0,0,0,0,0,0,,,,,,,
fh_ceb32899f45e,Layla,Robinson,13,6,414,0,0,0,0,0,0,0,0,,,,,,,
fh_3a81c86a0fcc,Larkin,Shire,15,15,917,0,0,0,1,0,0,0,0,,,,,,,
fh_c7a1011211c2,Madisyn,Grawl,13,13,771,3,0,6,13,8,0,0,0,,,,,,,
fh_17dba8df21e5,Carter,Bower,13,13,771,1,0,2,5,2,1,0,0,,,,,,,
fh_d049c2ed6fcc,Ella,Darvalics,10,5,410,1,0,2,4,4,0,0,0,,,,,,,
fh_46a8888aad21,Sydney,Bolesta,13,13,784,0,1,1,7,1,0,0,0,,,,,,,
fh_5206dd34eff6,Nicole,Chapungu,13,12,636,0,1,1,4,2,0,0,0,,,,,,,
fh_1a98b3bf6fe7,Addyson,Trimbell,13,7,449,0,1,1,3,2,0,0,0,,,,,,,
fh_878d918589c4,Sydney,Baynes,2,0,15,0,0,0,0,0,0,0,0,,,,,,,
fh_5aa20023442d,Chloe,Burkhard,13,13,772,0,0,0,4,0,0,0,0,,,,,,,
fh_9ec91ef5bbc4,Isabella,Fazio,12,9,389,0,0,0,0,0,0,0,0,,,,,,,
fh_57dc59610948,Annabel,Holland,11,9,532,0,0,0,0,0,0,0,0,,,,,,,
fh_46a771712ca1,Victoria,Kile,4,0,58,0,0,0,0,0,0,0,0,,,,,,,
fh_d5d83434cda9,Maya,Lovelace,1,0,0,0,0,0,0,0,0,0,0,,,,,,,
fh_f10d5bef13e7,Olivia,McClaine,12,12,718,0,0,0,6,3,0,0,0,,,,,,,
fh_0f1b5ff56248,Sami,Neidhold,5,2,144,0,0,0,1,0,0,0,0,,,,,,,
fh_aa740f72a86c,Caroline,Pitarra,11,0,241,0,0,0,0,0,0,0,0,,,,,,,
fh_b4ee03a38437,Georgiana,Pool,3,2,103,0,0,0,0,0,0,0,0,,,11,6.43,10,0.476,0
fh_3cf0f934b303,Erica,Prible,13,13,717,0,0,0,10,7,0,0,0,,,,,,,
fh_8cd925ffdf65,Breanna,Puccia,2,0,6,0,0,0,0,0,0,0,0,,,,,,,
fh_5ea8e04a87ce,Sarah,Reifsnyder,11,11,639,0,0,0,0,0,0,0,0,,,49,4.6,135,0.734,1
fh_f630caa1c928,Hallie,Villavechia,1,0,30,0,0,0,0,0,0,0,0,,,5,10.0,1,0.167,0
fh_303450384a4d,Meeah,Wegrzynowski,12,9,421,0,0,0,5,2,0,0,0,,,,,,,
fh_4c645e42f4f1,Ruby,Harrington,18,18,1104,3,0,6,21,9,0,2,2,,,,,,,
fh_db57113dde33,Rebecca,Wallace-West,15,11,495,2,1,5,10,9,0,0,0,,,,,,,
fh_a414392e0745,Maddy,Wall,14,14,777,1,1,3,14,6,0,0,0,,,,,,,
fh_a30e690567b3,Sam,DeGeorge,14,13,738,1,0,2,13,10,0,0,0,,,,,,,
fh_6ba6b8a632da,Sophie,Noyes,18,16,936,1,0,2,9,6,0,0,0,,,,,,,
fh_155d29d9a2b7,Ashley,Boucher,9,7,494,0,0,0,0,0,0,0,0,,,,,,,
fh_828a0216e257,Joelle,Cameron,17,17,1048,0,0,0,0,0,0,0,0,,,85,4.86,429,0.835,0
fh_790fda5e0886,Sydney,Crombach,1,1,60,0,0,0,0,0,0,0,0,,,9,9.0,21,0.7,0
fh_8a71b7e524bf,Kathleen,Dean,18,18,1004,0,0,0,0,0,0,0,0,,,,,,,
fh_4594d19f46e9,Clara,Hershey,18,18,985,0,0,0,1,1,0,0,0,,,,,,,
fh_8282d33720f0,Jazmyn,McNamara,2,0,9,0,0,0,0,0,0,0,0,,,,,,,
fh_87000e042afe,Ceara,Murphy,18,11,623,0,0,0,6,5,0,0,0,,,,,,,
fh_23cef3139e46,Ellie,Newton,17,16,784,0,0,0,3,3,0,0,0,,,,,,,
fh_54e567939ab6,Grace,Nigolian,15,15,803,0,0,0,10,4,0,0,0,,,,,,,
fh_2067db2a659d,Megan,Ouellette,17,4,524,0,0,0,2,1,0,0,0,,,,,,,
fh_f74f3d7c3393,Melanie,Snell,18,1,456,0,0,0,1,1,0,0,0,,,,,,,
fh_166b1b65dd67,Lexi,Sylvia,10,0,97,0,0,0,0,0,0,0,0,,,,,,,
fh_b21e7735703b,Ava,Valle,18,18,1051,0,0,0,0,0,0,0,0,,,,,,,
