athlete_id,first_name,last_name,major,previous_school,height_raw,height_in,weight_raw,weight_lbs,sport,athletic_year,season,division,gender,conference,school,position_raw,position_group,class_year_raw,class_standing,hometown_raw,hometown_city,hometown_state,origin,high_school,high_school_is_academy,source_url
wp_b896490758ee,Talia,Fonseca,Media Studies,,6-0,72.0,,,water_polo,2025-26,2025,D1,Women,Atlantic Coast Conference,California,G,Goalkeeper,R-So.,So,"Lizella, Ga.",Lizella,GA,domestic,Mount de Sales Academy,1,https://calbears.com/sports/womens-water-polo/roster/2026
wp_399c644a8747,Lexi,Nelson,Media Studies,,5-9,69.0,,,water_polo,2025-26,2025,D1,Women,Atlantic Coast Conference,California,G,Goalkeeper,Fr.,Fr,"Menlo Park, Calif.",Menlo Park,CA,domestic,Menlo Atherton HS,0,https://calbears.com/sports/womens-water-polo/roster/2026
wp_f879631de5be,Julianne,Snyder,Integrative Biology,,5-6,66.0,,,water_polo,2025-26,2025,D1,Women,Atlantic Coast Conference,California,A,Attacker,Jr.,Jr,"Fresno, Calif.",Fresno,CA,domestic,Clovis West HS,0,https://calbears.com/sports/womens-water-polo/roster/2026
wp_4bd32808ed1f,Julia,Bonaguidi,Integrative Biology,,5-11,71.0,,,water_polo,2025-26,2025,D1,Women,Atlantic Coast Conference,California,A,Attacker,Jr.,Jr,"La Jolla, Calif.",La Jolla,CA,domestic,The Bishop's School,0,https://calbears.com/sports/womens-water-polo/roster/2026
wp_d61fcdc5f318,Nieve,Courtney,Interdisciplinary Studies,,5-5,65.0,,,water_polo,2025-26,2025,D1,Women,Atlantic Coast Conference,California,A,Attacker,R-Jr.,Jr,"San Clemente, Calif.",San Clemente,CA,domestic,San Clemente HS,0,https://calbears.com/sports/womens-water-polo/roster/2026
wp_4ac38286dfaf,Claire,Rowell,Master's: Real Estate Development - Finance,,5-6,66.0,,,water_polo,2025-26,2025,D1,Women,Atlantic Coast Conference,California,A,Attacker,R-Sr.,Sr,"Lafayette, Calif.",Lafayette,CA,domestic,Acalanes HS,0,https://calbears.com/sports/womens-water-polo/roster/2026
wp_62e3369983c1,Feline,Voordouw,Media Studies,,5-10,70.0,,,water_polo,2025-26,2025,D1,Women,Atlantic Coast Conference,California,C,Center,Jr.,Jr,"Neede, Netherlands",Neede,,international,Sint Joris College,0,https://calbears.com/sports/womens-water-polo/roster/2026
wp_f41c13fc2b89,Rosalie,Hassett,American Studies,,5-9,69.0,,,water_polo,2025-26,2025,D1,Women,Atlantic Coast Conference,California,A,Attacker,So.,So,"Orinda, Calif.",Orinda,CA,domestic,Miramonte HS,0,https://calbears.com/sports/womens-water-polo/roster/2026
wp_ab1d3e1341a2,Kate,Meyer,Integrative Biology,,5-6,66.0,,,water_polo,2025-26,2025,D1,Women,Atlantic Coast Conference,California,A,Attacker,Jr.,Jr,"Santa Barbara, Calif.",Santa Barbara,CA,domestic,San Marcos HS,0,https://calbears.com/sports/womens-water-polo/roster/2026
wp_e86f68395b3a,Eszter,Varró,Economics,,6-0,72.0,,,water_polo,2025-26,2025,D1,Women,Atlantic Coast Conference,California,C,Center,So.,So,"Budapest, Hungary",Budapest,,international,Városmajori Gimnázium,0,https://calbears.com/sports/womens-water-polo/roster/2026
wp_ee3cb46d5d0a,Gabby,Reichley,Media Studies,,5-10,70.0,,,water_polo,2025-26,2025,D1,Women,Atlantic Coast Conference,California,D,Driver,Fr.,Fr,"San Anselmo, Calif.",San Anselmo,CA,domestic,Marin Academy,1,https://calbears.com/sports/womens-water-polo/roster/2026
wp_b1fecde198e5,Despoina,Drakotou,Molecular and Cell Biology,,5-9,69.0,,,water_polo,2025-26,2025,D1,Women,Atlantic Coast Conference,California,U,Utility,Fr.,Fr,"Athens, Greece",Athens,,international,1st General HS of Kallipoli Piraeus,0,https://calbears.com/sports/womens-water-polo/roster/2026
wp_190a9c282594,Holly,Dunn,Media Studies,,6-1,73.0,,,water_polo,2025-26,2025,D1,Women,Atlantic Coast Conference,California,U,Utility,So.,So,"Auckland, New Zealand",Auckland,,international,St Cuthbert's College,0,https://calbears.com/sports/womens-water-polo/roster/2026
wp_df2f6719395e,Mackenzie,Walker,Molecular Environmental Biology,,5-10,70.0,,,water_polo,2025-26,2025,D1,Women,Atlantic Coast Conference,California,D,Driver,R-So.,So,"Davis, Calif.",Davis,CA,domestic,Davis Senior,0,https://calbears.com/sports/womens-water-polo/roster/2026
wp_422656ad9c43,Marina,Brown,Undeclared,,5-10,70.0,,,water_polo,2025-26,2025,D1,Women,Atlantic Coast Conference,California,C,Center,Fr.,Fr,"Santa Barbara, Calif.",Santa Barbara,CA,domestic,San Marcos HS,0,https://calbears.com/sports/womens-water-polo/roster/2026
wp_e6b983f9f6ed,Abby,Roder,Undeclared,,5-10,70.0,,,water_polo,2025-26,2025,D1,Women,Atlantic Coast Conference,California,D,Driver,So.,So,"Walnut Creek, Calif.",Walnut Creek,CA,domestic,Carondelet HS,0,https://calbears.com/sports/womens-water-polo/roster/2026
wp_9f66d5bf6916,Lindsey,Harris,Economics,,6-1,73.0,,,water_polo,2025-26,2025,D1,Women,Atlantic Coast Conference,California,C,Center,Sr.,Sr,"Rossmoor, Calif.",Rossmoor,CA,domestic,Los Alamitos HS,0,https://calbears.com/sports/womens-water-polo/roster/2026
wp_a70f4125a1af,Reece,Helsel,Undeclared,,5-7,67.0,,,water_polo,2025-26,2025,D1,Women,Atlantic Coast Conference,California,A,Attacker,Fr.,Fr,"Clovis, Calif.",Clovis,CA,domestic,Clovis East HS,0,https://calbears.com/sports/womens-water-polo/roster/2026
wp_2894c8b91706,Abbi,Magee,Political Economy,,5-8,68.0,,,water_polo,2025-26,2025,D1,Women,Atlantic Coast Conference,California,A,Attacker,Sr.,Sr,"Las Vegas, Nev.",Las Vegas,NV,domestic,American Heritage Academy,1,https://calbears.com/sports/womens-water-polo/roster/2026
wp_2cd9b01caf14,Maria,Bogachenko,Psychology,,5-9,69.0,,,water_polo,2025-26,2025,D1,Women,Atlantic Coast Conference,California,U,Utility,So.,So,"Petah Tikva, Israel",Petah Tikva,,international,Hof Hasharon,0,https://calbears.com/sports/womens-water-polo/roster/2026
wp_f36891ae834b,Harper,Price,Undeclared,,5-11,71.0,,,water_polo,2025-26,2025,D1,Women,Atlantic Coast Conference,California,D,Driver,Fr.,Fr,"Newport Beach, Calif.",Newport Beach,CA,domestic,Newport Harbor HS,0,https://calbears.com/sports/womens-water-polo/roster/2026
wp_a3125ebae5cf,Jackie,King,,,,,,,water_polo,2025-26,2025,D1,Women,Atlantic Coast Conference,Stanford,GK,Goalkeeper,Redshirt Sophomore,So,"Los Gatos, Calif.",Los Gatos,CA,domestic,Los Gatos,0,https://gostanford.com/sports/womens-water-polo/roster
wp_46d70f5fceed,Christine,Carpenter,,,,,,,water_polo,2025-26,2025,D1,Women,Atlantic Coast Conference,Stanford,GK,Goalkeeper,Junior,Jr,"Yucaipa, Calif.",Yucaipa,CA,domestic,Yucaipa,0,https://gostanford.com/sports/womens-water-polo/roster
wp_1c63113281b2,Izzy,Scott,,,,,,,water_polo,2025-26,2025,D1,Women,Atlantic Coast Conference,Stanford,GK,Goalkeeper,Sophomore,So,"Perth, Australia",Perth,,international,Presbyterian Ladies' College Perth,0,https://gostanford.com/sports/womens-water-polo/roster
wp_ac868332be56,Juliette,Dhalluin,,,,,,,water_polo,2025-26,2025,D1,Women,Atlantic Coast Conference,Stanford,DR,Driver,Redshirt Junior,Jr,"Mulhouse, France",Mulhouse,,international,Arizona State,0,https://gostanford.com/sports/womens-water-polo/roster
wp_bb3b019f4152,Claire,Minton,,,,,,,water_polo,2025-26,2025,D1,Women,Atlantic Coast Conference,Stanford,DR,Driver,Sophomore,So,"Clovis, Calif.",Clovis,CA,domestic,Clovis,0,https://gostanford.com/sports/womens-water-polo/roster
wp_bbe0865ea40a,Cici,De Luca,,,,,,,water_polo,2025-26,2025,D1,Women,Atlantic Coast Conference,Stanford,DR,Driver,Freshman,Fr,"Long Beach, Calif.",Long Beach,CA,domestic,Woodrow Wilson,0,https://gostanford.com/sports/womens-water-polo/roster
wp_104227758b4b,Maggie,Hawkins,,,,,,,water_polo,2025-26,2025,D1,Women,Atlantic Coast Conference,Stanford,2-M,Other,Senior,Sr,"Lafayette, Calif.",Lafayette,CA,domestic,Campolindo,0,https://gostanford.com/sports/womens-water-polo/roster
wp_df4ee699f6f0,Reagan,McEachen,,,,,,,water_polo,2025-26,2025,D1,Women,Atlantic Coast Conference,Stanford,2-M,Other,Junior,Jr,"Santa Barbara, Calif.",Santa Barbara,CA,domestic,San Marcos,0,https://gostanford.com/sports/womens-water-polo/roster
wp_22a27e5a5b65,Makenna,Stretz,,,,,,,water_polo,2025-26,2025,D1,Women,Atlantic Coast Conference,Stanford,DR,Driver,Sophomore,So,"Santa Barbara, Calif.",Santa Barbara,CA,domestic,San Marcos,0,https://gostanford.com/sports/womens-water-polo/roster
wp_ee5a331d46d0,Avery,Montiel,,,,,,,water_polo,2025-26,2025,D1,Women,Atlantic Coast Conference,Stanford,DR,Driver,Junior,Jr,"Newport Beach, Calif.",Newport Beach,CA,domestic,Newport Harbor,0,https://gostanford.com/sports/womens-water-polo/roster
wp_7219121ea4eb,Amber,Nowaczek,,,,,,,water_polo,2025-26,2025,D1,Women,Atlantic Coast Conference,Stanford,DR,Driver,Sophomore,So,"Shadow Hills, Calif.",Shadow Hills,CA,domestic,Harvard Westlake,0,https://gostanford.com/sports/womens-water-polo/roster
wp_5bf65bd85419,Kamryn,Barone,,,,,,,water_polo,2025-26,2025,D1,Women,Atlantic Coast Conference,Stanford,DR,Driver,Junior,Jr,"Mechanicsburg, Pa.",Mechanicsburg,PA,domestic,Santa Margarita Catholic,0,https://gostanford.com/sports/womens-water-polo/roster
wp_8b8ccac63f92,Quinn,Healy,,,,,,,water_polo,2025-26,2025,D1,Women,Atlantic Coast Conference,Stanford,2-MD,Other,Junior,Jr,"Capitola, Calif.",Capitola,CA,domestic,Soquel,0,https://gostanford.com/sports/womens-water-polo/roster
wp_cea94e0c7ce3,Sydney,Lowell,,,,,,,water_polo,2025-26,2025,D1,Women,Atlantic Coast Conference,Stanford,DR,Driver,Sophomore,So,"Menlo Park, Calif.",Menlo Park,CA,domestic,Castilleja School,0,https://gostanford.com/sports/womens-water-polo/roster
wp_45b6fc4b5147,Addison,Parrish,,,,,,,water_polo,2025-26,2025,D1,Women,Atlantic Coast Conference,Stanford,2-MD,Other,Freshman,Fr,"Santa Barbara, Calif.",Santa Barbara,CA,domestic,Dos Pueblos,0,https://gostanford.com/sports/womens-water-polo/roster
wp_039676a39a5c,Reagan,Weir,,,,,,,water_polo,2025-26,2025,D1,Women,Atlantic Coast Conference,Stanford,2-M,Other,Freshman,Fr,"Newport Beach, Calif.",Newport Beach,CA,domestic,Corona del Mar,0,https://gostanford.com/sports/womens-water-polo/roster
wp_c6a3d2144204,Sienna,Green,,,,,,,water_polo,2025-26,2025,D1,Women,Atlantic Coast Conference,Stanford,2-MD,Other,Redshirt Junior,Jr,"Mosman, Australia",Mosman,,international,SCEGGS Darlinghurst,0,https://gostanford.com/sports/womens-water-polo/roster
wp_263ce19883f5,Jenna,Flynn,,,,,,,water_polo,2025-26,2025,D1,Women,Atlantic Coast Conference,Stanford,DR,Driver,Redshirt Junior,Jr,"San Jose, Calif.",San Jose,CA,domestic,Leland,0,https://gostanford.com/sports/womens-water-polo/roster
wp_5055ba6a21f2,AliMarie,DePrez,,,,,,,water_polo,2025-26,2025,D1,Women,Atlantic Coast Conference,Stanford,2-MD,Other,Redshirt Freshman,Fr,"Upland, Calif.",Upland,CA,domestic,Claremont,0,https://gostanford.com/sports/womens-water-polo/roster
wp_3ccac4380653,Ella,Woodhead,,,,,,,water_polo,2025-26,2025,D1,Women,Atlantic Coast Conference,Stanford,2-M,Other,Redshirt Junior,Jr,"San Rafael, Calif.",San Rafael,CA,domestic,Sacred Heart Prep,1,https://gostanford.com/sports/womens-water-polo/roster
wp_df0f6f0686b5,Lucy,Haaland-Ford,,,,,,,water_polo,2025-26,2025,D1,Women,Atlantic Coast Conference,Stanford,2-MD,Other,Freshman,Fr,"Santa Barbara, Calif.",Santa Barbara,CA,domestic,San Marcos,0,https://gostanford.com/sports/womens-water-polo/roster
wp_ea642c73f13c,Natalia,Szczerba,,,,,,,water_polo,2025-26,2025,D1,Women,Atlantic Coast Conference,Stanford,DR,Driver,Freshman,Fr,"Palo Alto, Calif.",Palo Alto,CA,domestic,Sacred Heart Prep,1,https://gostanford.com/sports/womens-water-polo/roster
wp_045025cc2dc7,Serena,Browne,,,,,,,water_polo,2025-26,2025,D1,Women,Atlantic Coast Conference,Stanford,2-MD,Other,Redshirt Sophomore,So,"Montreal, Quebec, Canada",Montreal,,international,John Rennie,0,https://gostanford.com/sports/womens-water-polo/roster
wp_bd38e34f2ab9,Lily,Kirby,,,5-11,71.0,,,water_polo,2025-26,2025,D1,Women,Atlantic 10 Conference,La Salle,Goalkeeper,Goalkeeper,Jr.,Jr,"Stockton, Calif.",Stockton,CA,domestic,St. Mary's,0,https://goexplorers.com/sports/womens-water-polo/roster/2026
wp_0d4a5a0cd826,Avery,Rabago,,,5-4,64.0,,,water_polo,2025-26,2025,D1,Women,Atlantic 10 Conference,La Salle,Goalkeeper,Goalkeeper,Fr.,Fr,"Cypress, Calif.",Cypress,CA,domestic,Rosary Academy,1,https://goexplorers.com/sports/womens-water-polo/roster/2026
wp_63097aa801ef,Michaela,Burroughs,,,5-6,66.0,,,water_polo,2025-26,2025,D1,Women,Atlantic 10 Conference,La Salle,Goalkeeper,Goalkeeper,Fr.,Fr,"Dublin, Pa.",Dublin,PA,domestic,Pennridge,0,https://goexplorers.com/sports/womens-water-polo/roster/2026
wp_2d1f107fa0b0,Katelyn,Cuthbert,,,5-8,68.0,,,water_polo,2025-26,2025,D1,Women,Atlantic 10 Conference,La Salle,Goalkeeper,Goalkeeper,Jr.,Jr,"Perkasie, Pa.",Perkasie,PA,domestic,Pennridge,0,https://goexplorers.com/sports/womens-water-polo/roster/2026
wp_1ba5e2284f7a,Whitney,Wood,,Carroll Senior,5-3,63.0,,,water_polo,2025-26,2025,D1,Women,Atlantic 10 Conference,La Salle,Attacker,Attacker,Sr.,Sr,"Keller, Texas",Keller,TX,domestic,Carroll Senior,0,https://goexplorers.com/sports/womens-water-polo/roster/2026
wp_5cefd2aa39ff,Sara,Quirante Taali,,,5-8,68.0,,,water_polo,2025-26,2025,D1,Women,Atlantic 10 Conference,La Salle,Utility,Utility,So.,So,"Terrassa, Spain",Terrassa,,international,Natacio Terrassa,0,https://goexplorers.com/sports/womens-water-polo/roster/2026
wp_3b098ff9a322,Allie,Hollo,,Bishop Fenwick,5-5,65.0,,,water_polo,2025-26,2025,D1,Women,Atlantic 10 Conference,La Salle,Center,Center,Sr.,Sr,"Toledo, Ohio",Toledo,OH,domestic,Bishop Fenwick,0,https://goexplorers.com/sports/womens-water-polo/roster/2026
wp_3004a15e66f7,Nadya,Azzopardi,,,6-0,72.0,,,water_polo,2025-26,2025,D1,Women,Atlantic 10 Conference,La Salle,Attacker,Attacker,Fr.,Fr,"Swieqi, Malta",Swieqi,,international,Giovanni Curmi Higher Secondary School,0,https://goexplorers.com/sports/womens-water-polo/roster/2026
wp_5990035d9b78,Grace,Smith,,Clear Creek,5-8,68.0,,,water_polo,2025-26,2025,D1,Women,Atlantic 10 Conference,La Salle,Attacker,Attacker,Sr.,Sr,"Houston, Texas",Houston,TX,domestic,Clear Creek,0,https://goexplorers.com/sports/womens-water-polo/roster/2026
wp_fba07bfa6c96,Amanda,Fadil,,,5-2,62.0,,,water_polo,2025-26,2025,D1,Women,Atlantic 10 Conference,La Salle,Attacker,Attacker,Jr.,Jr,"East Greenville, Pa.",East Greenville,PA,domestic,Upper Perkiomen,0,https://goexplorers.com/sports/womens-water-polo/roster/2026
wp_fd4d0c3ee70f,Claire,McCulloch,,,5-10,70.0,,,water_polo,2025-26,2025,D1,Women,Atlantic 10 Conference,La Salle,Attacker,Attacker,Fr.,Fr,"Queensland, Australia",Queensland,,international,Matthew Flinders Anglican College,0,https://goexplorers.com/sports/womens-water-polo/roster/2026
wp_eee7f32ab621,Kíra,Braun,,,5-9,69.0,,,water_polo,2025-26,2025,D1,Women,Atlantic 10 Conference,La Salle,Utility,Utility,Fr.,Fr,"Pétervására, Hungary",Pétervására,,international,Egri Dobó István,0,https://goexplorers.com/sports/womens-water-polo/roster/2026
wp_30e69afd28ea,Piper,Brostrom,,,5-6,66.0,,,water_polo,2025-26,2025,D1,Women,Atlantic 10 Conference,La Salle,Attacker,Attacker,Fr.,Fr,"Sacramento, Calif.",Sacramento,CA,domestic,St. Francis,0,https://goexplorers.com/sports/womens-water-polo/roster/2026
wp_1933e7d9928c,Ella,Tice,,Governor Mifflin,5-7,67.0,,,water_polo,2025-26,2025,D1,Women,Atlantic 10 Conference,La Salle,Attacker,Attacker,Sr.,Sr,"Shillington, Pa.",Shillington,PA,domestic,Governor Mifflin,0,https://goexplorers.com/sports/womens-water-polo/roster/2026
wp_87d0a53d808e,Lauren,Ellis,,,5-5,65.0,,,water_polo,2025-26,2025,D1,Women,Atlantic 10 Conference,La Salle,Utility,Utility,So.,So,"Manteca, Calif.",Manteca,CA,domestic,Sierra,0,https://goexplorers.com/sports/womens-water-polo/roster/2026
wp_c16a69d12b27,Andi,Moriarity,,,5-10,70.0,,,water_polo,2025-26,2025,D1,Women,Atlantic 10 Conference,La Salle,Utility,Utility,So.,So,"Chicago, Ill.",Chicago,IL,domestic,Mother McAuley,0,https://goexplorers.com/sports/womens-water-polo/roster/2026
wp_e32b88e69911,Summer,Mo,,,5-5,65.0,,,water_polo,2025-26,2025,D1,Women,Atlantic 10 Conference,La Salle,Attacker,Attacker,Fr.,Fr,"San Jose, Calif.",San Jose,CA,domestic,Leigh,0,https://goexplorers.com/sports/womens-water-polo/roster/2026
wp_ddfa0f0b3393,Samantha,Richardson,,,5-5,65.0,,,water_polo,2025-26,2025,D1,Women,Atlantic 10 Conference,La Salle,Attacker,Attacker,So.,So,"San Diego, Calif.",San Diego,CA,domestic,Patrick Henry,0,https://goexplorers.com/sports/womens-water-polo/roster/2026
wp_064e141c6658,Martina,Bonet Saez,,,5-6,66.0,,,water_polo,2025-26,2025,D1,Women,Atlantic 10 Conference,La Salle,Attacker,Attacker,Jr.,Jr,"Sabadell, Spain",Sabadell,,international,Centre Educatiu Jaume Viladoms,0,https://goexplorers.com/sports/womens-water-polo/roster/2026
wp_d9dfe25cda5d,Claire,Durham,,,5-10,70.0,,,water_polo,2025-26,2025,D1,Women,Atlantic 10 Conference,La Salle,Center Defender,Center,Sr.,Sr,"Napoleon, Ohio",Napoleon,OH,domestic,Napoleon,0,https://goexplorers.com/sports/womens-water-polo/roster/2026
wp_f992fb0f490a,Samara,Eschleman,,Saint Francis (PA),5-7,67.0,,,water_polo,2025-26,2025,D1,Women,Atlantic 10 Conference,La Salle,Center,Center,Jr.,Jr,"Reading, Pa.",Reading,PA,domestic,Muhlenberg High School,0,https://goexplorers.com/sports/womens-water-polo/roster/2026
wp_8c50f493523a,Paige,Mitchell,,North Penn,5-4,64.0,,,water_polo,2025-26,2025,D1,Women,Atlantic 10 Conference,La Salle,Center Forward,Center,Sr.,Sr,"Lansdale, Pa.",Lansdale,PA,domestic,North Penn,0,https://goexplorers.com/sports/womens-water-polo/roster/2026
wp_33ebd327f2f3,Gracin,Kerry,,,,,,,water_polo,2025-26,2025,D1,Women,Big East Conference,Villanova,Goalie Goalie,Goalkeeper,Sr.,Sr,"Long Beach, Calif.",Long Beach,CA,domestic,Mater Dei,0,https://villanova.com/sports/womens-water-polo/roster/2026
wp_750c015d2bb4,Rachel,Stephens,Civil Engineering,,,,,,water_polo,2025-26,2025,D1,Women,Big East Conference,Villanova,Goalie,Goalkeeper,So.,So,"Los Gatos, Calif.",Los Gatos,CA,domestic,Los Gatos,0,https://villanova.com/sports/womens-water-polo/roster/2026
wp_a7e57b24797f,Reia,Kimi,,,,,,,water_polo,2025-26,2025,D1,Women,Big East Conference,Villanova,Goalie,Goalkeeper,Fr.,Fr,"Honolulu, Hawaii",Honolulu,HI,domestic,Punahou School,0,https://villanova.com/sports/womens-water-polo/roster/2026
wp_2a04f5ec8ba3,Tippy,Maguire,,,,,,,water_polo,2025-26,2025,D1,Women,Big East Conference,Villanova,Attacker Attacker,Attacker,Jr.,Jr,"San Jose, Calif.",San Jose,CA,domestic,Saint Francis High School,0,https://villanova.com/sports/womens-water-polo/roster/2026
wp_510fadd6f163,Catharine,McCann,,,,,,,water_polo,2025-26,2025,D1,Women,Big East Conference,Villanova,Attacker,Attacker,So.,So,"Glen Allen, Va.",Glen Allen,VA,domestic,Saint Andrews (Fla.),0,https://villanova.com/sports/womens-water-polo/roster/2026
wp_36929c77ef65,Layla,Canales,Biochemistry,,,,,,water_polo,2025-26,2025,D1,Women,Big East Conference,Villanova,Attacker Attacker,Attacker,So.,So,"Gainesville, Fla.",Gainesville,FL,domestic,Gainesville,0,https://villanova.com/sports/womens-water-polo/roster/2026
wp_adede67a7a11,Coco,Jones,,,,,,,water_polo,2025-26,2025,D1,Women,Big East Conference,Villanova,Attacker Attacker,Attacker,Sr.,Sr,"Oahu, Hawaii",Oahu,HI,domestic,Punahou School,0,https://villanova.com/sports/womens-water-polo/roster/2026
wp_3f6901bf1a05,Sara,Withers,,,,,,,water_polo,2025-26,2025,D1,Women,Big East Conference,Villanova,Utility Utility,Utility,Sr.,Sr,"Saratoga, Calif.",Saratoga,CA,domestic,Saint Francis High School,0,https://villanova.com/sports/womens-water-polo/roster/2026
wp_f1f1a1a20dc6,Anna,Painter,,,,,,,water_polo,2025-26,2025,D1,Women,Big East Conference,Villanova,Attacker Attacker,Attacker,Sr.,Sr,"Orinda, Calif.",Orinda,CA,domestic,Miramonte,0,https://villanova.com/sports/womens-water-polo/roster/2026
wp_bdd77051e37f,Isabel,Foley,,,,,,,water_polo,2025-26,2025,D1,Women,Big East Conference,Villanova,Attacker Attacker,Attacker,Sr.,Sr,"Laguna Beach, Calif.",Laguna Beach,CA,domestic,Laguna Beach,0,https://villanova.com/sports/womens-water-polo/roster/2026
wp_b20b69fe6c31,Charlotte,Summe,Finance,,,,,,water_polo,2025-26,2025,D1,Women,Big East Conference,Villanova,Center,Center,So.,So,"Atherton, Calif.",Atherton,CA,domestic,Sacred Heart Prep,1,https://villanova.com/sports/womens-water-polo/roster/2026
wp_4529bf1bc9c5,Lauren,Short,,,,,,,water_polo,2025-26,2025,D1,Women,Big East Conference,Villanova,Center Center,Center,Jr.,Jr,"Laguna Beach, Calif.",Laguna Beach,CA,domestic,Laguna Beach,0,https://villanova.com/sports/womens-water-polo/roster/2026
wp_fb92d8d1b3a7,Annika,Wise,,,,,,,water_polo,2025-26,2025,D1,Women,Big East Conference,Villanova,Center Center,Center,Fr.,Fr,"Old Greenwich, Conn.",Old Greenwich,CT,domestic,Sacred Heart Greenwich,0,https://villanova.com/sports/womens-water-polo/roster/2026
wp_c4c561429e3d,Emmie,Mallory,,,,,,,water_polo,2025-26,2025,D1,Women,Big East Conference,Villanova,Attacker Attacker,Attacker,Jr.,Jr,"Encinitas, Calif.",Encinitas,CA,domestic,La Costa Canyon,0,https://villanova.com/sports/womens-water-polo/roster/2026
wp_4725d54e9b5c,Riley,Hull,Cognitive and Behavioral Neuroscience,,,,,,water_polo,2025-26,2025,D1,Women,Big East Conference,Villanova,Attacker,Attacker,So.,So,"San Diego, Calif.",San Diego,CA,domestic,Helix Charter,0,https://villanova.com/sports/womens-water-polo/roster/2026
wp_fb1f1c3754af,Ella,Mattocks,,,,,,,water_polo,2025-26,2025,D1,Women,Big East Conference,Villanova,Center Center,Center,Sr.,Sr,"Shutesbury, Mass.",Shutesbury,MA,domestic,Williston Northampton,0,https://villanova.com/sports/womens-water-polo/roster/2026
wp_c74a269b61d0,Abby,Moffatt,Political Science,,,,,,water_polo,2025-26,2025,D1,Women,Big East Conference,Villanova,Attacker,Attacker,So.,So,"Acampo, Calif.",Acampo,CA,domestic,Saint Mary's HS,0,https://villanova.com/sports/womens-water-polo/roster/2026
wp_9a88c29c0737,Tessa,Pettit,,,,,,,water_polo,2025-26,2025,D1,Women,Big East Conference,Villanova,Utility C/D,Multi,Fr.,Fr,"Arroyo Grande, Calif.",Arroyo Grande,CA,domestic,Arroyo Grande,0,https://villanova.com/sports/womens-water-polo/roster/2026
wp_bcdd04e578fb,Rosie,Woodman,,,,,,,water_polo,2025-26,2025,D1,Women,Big East Conference,Villanova,Attacker,Attacker,Fr.,Fr,"Wilmette, Illinois",Wilmette,IL,domestic,New Trier,0,https://villanova.com/sports/womens-water-polo/roster/2026
wp_a1475c4a1ae9,Lauren,Steele,,,,,,,water_polo,2025-26,2025,D1,Women,Big Ten Conference,UCLA,GK,Goalkeeper,Jr.,Jr,"Old Greenwich, Conn.",Old Greenwich,CT,domestic,Orange Lutheran HS,0,https://uclabruins.com/sports/womens-water-polo/roster/2026
wp_d7f0bbd60b7b,Joey,Niz,,,,,,,water_polo,2025-26,2025,D1,Women,Big Ten Conference,UCLA,GK,Goalkeeper,Jr.,Jr,"Los Alamitos, Calif.",Los Alamitos,CA,domestic,Los Alamitos HS,0,https://uclabruins.com/sports/womens-water-polo/roster/2026
wp_87691ff9d51e,Izzy,Rosensitto,,,,,,,water_polo,2025-26,2025,D1,Women,Big Ten Conference,UCLA,GK,Goalkeeper,Sr.,Sr,"Newport Beach, Calif.",Newport Beach,CA,domestic,Santa Margarita Catholic,0,https://uclabruins.com/sports/womens-water-polo/roster/2026
wp_2759d71ed361,Sienna,Steiner,,,,,,,water_polo,2025-26,2025,D1,Women,Big Ten Conference,UCLA,GK,Goalkeeper,Fr.,Fr,"Sarasota, Fla.",Sarasota,FL,domestic,Venice HS,0,https://uclabruins.com/sports/womens-water-polo/roster/2026
wp_b18c4ef56c5d,Elektra,Urbatsch,,,,,,,water_polo,2025-26,2025,D1,Women,Big Ten Conference,UCLA,ATK,Other,Jr.,Jr,"Brooklyn, N.Y.",Brooklyn,NY,domestic,Poly Prep,1,https://uclabruins.com/sports/womens-water-polo/roster/2026
wp_48925f613fa5,Olivia,Ouellette,,,,,,,water_polo,2025-26,2025,D1,Women,Big Ten Conference,UCLA,UTL,Utility,Jr.,Jr,"Los Alamitos, Calif.",Los Alamitos,CA,domestic,Los Alamitos HS,0,https://uclabruins.com/sports/womens-water-polo/roster/2026
wp_e743cce52789,Carly,McMurray,,,,,,,water_polo,2025-26,2025,D1,Women,Big Ten Conference,UCLA,ATK,Other,Sr.,Sr,"Rancho Santa Margarita, Calif.",Rancho Santa Margarita,CA,domestic,Santa Margarita Catholic,0,https://uclabruins.com/sports/womens-water-polo/roster/2026
wp_09f3799df62c,Katherine,O'Dea,,,,,,,water_polo,2025-26,2025,D1,Women,Big Ten Conference,UCLA,ATK,Other,Fr.,Fr,"Long Beach, Calif.",Long Beach,CA,domestic,Woodrow Wilson HS,0,https://uclabruins.com/sports/womens-water-polo/roster/2026
wp_de4684bec132,Fanni,Muzsnay,,,,,,,water_polo,2025-26,2025,D1,Women,Big Ten Conference,UCLA,ATK,Other,Sr.,Sr,"Budapest, Hungary",Budapest,,international,Szabo Lorinc Bilingual HS,0,https://uclabruins.com/sports/womens-water-polo/roster/2026
wp_8673a1d4aab5,Taylor,Smith,,,,,,,water_polo,2025-26,2025,D1,Women,Big Ten Conference,UCLA,ATK,Other,Sr.,Sr,"Newport Beach, Calif.",Newport Beach,CA,domestic,Newport Harbor HS,0,https://uclabruins.com/sports/womens-water-polo/roster/2026
wp_f3ae741bb75b,Dania,Innis,,,,,,,water_polo,2025-26,2025,D1,Women,Big Ten Conference,UCLA,CTR,Center,R-So.,So,"Orinda, Calif.",Orinda,CA,domestic,Miramonte HS,0,https://uclabruins.com/sports/womens-water-polo/roster/2026
wp_f2e1d5a5c491,Becca,Melanson,,,,,,,water_polo,2025-26,2025,D1,Women,Big Ten Conference,UCLA,ATK,Other,Jr.,Jr,"Pittsburgh, Pa.",Pittsburgh,PA,domestic,North Allegheny HS,0,https://uclabruins.com/sports/womens-water-polo/roster/2026
wp_3943879b4ded,Emma,Lineback,,,,,,,water_polo,2025-26,2025,D1,Women,Big Ten Conference,UCLA,ATK,Other,R-Sr.,Sr,"Laguna Beach, Calif.",Laguna Beach,CA,domestic,Laguna Beach HS,0,https://uclabruins.com/sports/womens-water-polo/roster/2026
wp_ccb5ffcafb06,Janna,Tauscher,,,,,,,water_polo,2025-26,2025,D1,Women,Big Ten Conference,UCLA,CTR,Center,R-Sr.,Sr,"Sunset Beach, Calif.",Sunset Beach,CA,domestic,Mater Dei HS,0,https://uclabruins.com/sports/womens-water-polo/roster/2026
wp_d445e2cd98ad,Alison,Sagara,,,,,,,water_polo,2025-26,2025,D1,Women,Big Ten Conference,UCLA,ATK,Other,Fr.,Fr,"Orinda, Calif.",Orinda,CA,domestic,Miramonte HS,0,https://uclabruins.com/sports/womens-water-polo/roster/2026
wp_e17a1e4d870e,Lily,Gess,,,,,,,water_polo,2025-26,2025,D1,Women,Big Ten Conference,UCLA,UTL,Utility,Sr.,Sr,"Newport Beach, Calif.",Newport Beach,CA,domestic,Newport Harbor HS,0,https://uclabruins.com/sports/womens-water-polo/roster/2026
wp_7aa8c4ef0a88,Bia,Mantellato,,,,,,,water_polo,2025-26,2025,D1,Women,Big Ten Conference,UCLA,CTR,Center,Sr.,Sr,"São Paulo, Brazil",São Paulo,,international,Newport Harbor HS,0,https://uclabruins.com/sports/womens-water-polo/roster/2026
wp_02faa82c1161,Jojo,Walters,,,,,,,water_polo,2025-26,2025,D1,Women,Big Ten Conference,UCLA,ATK,Other,So.,So,"Dallas, Texas",Dallas,TX,domestic,Southlake Carroll HS,0,https://uclabruins.com/sports/womens-water-polo/roster/2026
wp_eb3325686c89,Ally,Larsen,,,,,,,water_polo,2025-26,2025,D1,Women,Big Ten Conference,UCLA,CTR DEF,Center,Fr.,Fr,"Orinda, Calif.",Orinda,CA,domestic,Miramonte HS,0,https://uclabruins.com/sports/womens-water-polo/roster/2026
wp_4acfe50d6204,Jenna,Human,,,,,,,water_polo,2025-26,2025,D1,Women,Big Ten Conference,UCLA,ATK,Other,So.,So,"El Cajon, Calif.",El Cajon,CA,domestic,Santana HS,0,https://uclabruins.com/sports/womens-water-polo/roster/2026
wp_cb4d177bf742,Ryan,Chalupnik,,,,,,,water_polo,2025-26,2025,D1,Women,Big Ten Conference,UCLA,CTR,Center,R-Fr.,Fr,"Newport Beach, Calif.",Newport Beach,CA,domestic,Newport Harbor HS,0,https://uclabruins.com/sports/womens-water-polo/roster/2026
wp_1d95782be10b,Genoa,Rossi,,,,,,,water_polo,2025-26,2025,D1,Women,Big Ten Conference,UCLA,UTL,Utility,Sr.,Sr,"Laguna Beach, Calif.",Laguna Beach,CA,domestic,Mater Dei HS,0,https://uclabruins.com/sports/womens-water-polo/roster/2026
wp_83f80f6e6180,Anna,Pearson,,,,,,,water_polo,2025-26,2025,D1,Women,Big Ten Conference,UCLA,UTL,Utility,Sr.,Sr,"Irvine, Calif.",Irvine,CA,domestic,Orange Lutheran HS,0,https://uclabruins.com/sports/womens-water-polo/roster/2026
wp_755c3d6a7fb5,Tali,Stryker,,,,,,,water_polo,2025-26,2025,D1,Women,Big Ten Conference,UCLA,ATK,Other,So.,So,"Lafayette, Calif.",Lafayette,CA,domestic,Miramonte HS,0,https://uclabruins.com/sports/womens-water-polo/roster/2026
wp_e64fedf5e7af,Alexsa,Gimenez,,,,,,,water_polo,2025-26,2025,D1,Women,Big Ten Conference,UCLA,ATK,Other,R-So.,So,"Commerce, Calif.",Commerce,CA,domestic,Downey HS,0,https://uclabruins.com/sports/womens-water-polo/roster/2026
wp_a05879f2810c,Jailynn,Robinson,,,,,,,water_polo,2025-26,2025,D1,Women,Big Ten Conference,UCLA,UTL,Utility,Fr.,Fr,"Dallas, Texas",Dallas,TX,domestic,Orange Lutheran HS,0,https://uclabruins.com/sports/womens-water-polo/roster/2026
wp_c5acf3b2a27d,Presley,Jones,,,,,,,water_polo,2025-26,2025,D1,Women,Big Ten Conference,UCLA,ATK,Other,Fr.,Fr,"Laguna Beach, Calif.",Laguna Beach,CA,domestic,Laguna Beach HS,0,https://uclabruins.com/sports/womens-water-polo/roster/2026
wp_7a39508760fd,Ana,Pieper,,,,,,,water_polo,2025-26,2025,D1,Women,Big Ten Conference,UCLA,ATK,Other,R-Fr.,Fr,"Orinda, Calif.",Orinda,CA,domestic,Campolindo HS,0,https://uclabruins.com/sports/womens-water-polo/roster/2026
wp_319a2a57eafa,Aubrey,Graham,,,,,,,water_polo,2025-26,2025,D1,Women,Big Ten Conference,UCLA,ATK,Other,R-Fr.,Fr,"Mountain View, Calif.",Mountain View,CA,domestic,Mountain View HS,0,https://uclabruins.com/sports/womens-water-polo/roster/2026
wp_06ec4600a948,Zoë,Frangieh,,,,,,,water_polo,2025-26,2025,D1,Women,Big Ten Conference,UCLA,DEF,Other,Sr.,Sr,"Los Gatos, Calif.",Los Gatos,CA,domestic,Los Gatos HS,0,https://uclabruins.com/sports/womens-water-polo/roster/2026
wp_5532f92d1eed,Natasha,Kieckhafer,,,,,,,water_polo,2025-26,2025,D1,Women,Big Ten Conference,UCLA,UTL,Utility,Jr.,Jr,"San Juan Capistrano, Calif.",San Juan Capistrano,CA,domestic,Santa Margarita Catholic,0,https://uclabruins.com/sports/womens-water-polo/roster/2026
wp_d8f55c55251d,Maile,Turner,,,,,,,water_polo,2025-26,2025,D1,Women,Big Ten Conference,UCLA,UTL,Utility,So.,So,"Danville, Calif.",Danville,CA,domestic,Monte Vista HS,0,https://uclabruins.com/sports/womens-water-polo/roster/2026
wp_29ab91442f31,Sophia,Bunnell,,,5' 11'',71.0,,,water_polo,2025-26,2025,D1,Women,Big Ten Conference,Michigan,GK,Goalkeeper,So.,So,"Coto de Caza, Calif.",Coto de Caza,CA,domestic,Mater Dei High School,0,https://mgoblue.com/sports/womens-water-polo/roster/2026
wp_46da623d5cc3,Katie,Delaney,,,5' 10'',70.0,,,water_polo,2025-26,2025,D1,Women,Big Ten Conference,Michigan,GK,Goalkeeper,Jr.,Jr,"Winthrop Harbor, Ill.",Winthrop Harbor,IL,domestic,Adlai E. Stevenson,0,https://mgoblue.com/sports/womens-water-polo/roster/2026
wp_fff1d5143dd1,Tyler,Jackson,,,5' 10'',70.0,,,water_polo,2025-26,2025,D1,Women,Big Ten Conference,Michigan,GK,Goalkeeper,Fr.,Fr,"Whittier, Calif.",Whittier,CA,domestic,Rosary Academy,1,https://mgoblue.com/sports/womens-water-polo/roster/2026
wp_1e855d4d61d2,Issy,Jackson,,,5' 11'',71.0,,,water_polo,2025-26,2025,D1,Women,Big Ten Conference,Michigan,D,Driver,Sr.,Sr,"Auckland, New Zealand",Auckland,,international,Diocesan Schools for Girls,0,https://mgoblue.com/sports/womens-water-polo/roster/2026
wp_568daf460e16,Bailee,Swindells,,,5' 6'',66.0,,,water_polo,2025-26,2025,D1,Women,Big Ten Conference,Michigan,UT,Utility,Fr.,Fr,"Auckland, New Zealand",Auckland,,international,Westlake Girls' High School,0,https://mgoblue.com/sports/womens-water-polo/roster/2026
wp_a82246c01445,Kaia,Levenfeld,,,,,,,water_polo,2025-26,2025,D1,Women,Big Ten Conference,Michigan,D,Driver,Jr.,Jr,"Moraga, Calif.",Moraga,CA,domestic,Campolindo,0,https://mgoblue.com/sports/womens-water-polo/roster/2026
wp_5d1d54e6d9fb,Emilia,Mladjan,,,5' 11'',71.0,,,water_polo,2025-26,2025,D1,Women,Big Ten Conference,Michigan,C,Center,Jr.,Jr,"Brookfield, Ill.",Brookfield,IL,domestic,Lyons Township,0,https://mgoblue.com/sports/womens-water-polo/roster/2026
wp_8c893818393d,Jordan,Schneider,,,5' 11'',71.0,,,water_polo,2025-26,2025,D1,Women,Big Ten Conference,Michigan,AT,Other,Jr.,Jr,"Laguna Beach, Calif.",Laguna Beach,CA,domestic,Laguna Beach,0,https://mgoblue.com/sports/womens-water-polo/roster/2026
wp_77a9b3aba8a6,Sydney,Brandvold,,,5' 9'',69.0,,,water_polo,2025-26,2025,D1,Women,Big Ten Conference,Michigan,AT,Other,Fr.,Fr,"Lake Oswego, Ore.",Lake Oswego,OR,domestic,Lakeridge,0,https://mgoblue.com/sports/womens-water-polo/roster/2026
wp_900cfce2e746,Abby,Schulz,,,5' 9'',69.0,,,water_polo,2025-26,2025,D1,Women,Big Ten Conference,Michigan,C,Center,So.,So,"Grand Rapids, Mich.",Grand Rapids,MI,domestic,East Grand Rapids,0,https://mgoblue.com/sports/womens-water-polo/roster/2026
wp_5c062745f145,Maddy,Scarth,,,5' 11'',71.0,,,water_polo,2025-26,2025,D1,Women,Big Ten Conference,Michigan,D,Driver,Jr.,Jr,"Surrey, B.C.",Surrey,,international,Huntington Beach (Calif.),0,https://mgoblue.com/sports/womens-water-polo/roster/2026
wp_5722627867dd,Harriet,Dickens,,,5' 6'',66.0,,,water_polo,2025-26,2025,D1,Women,Big Ten Conference,Michigan,UT,Utility,So.,So,"Bolton, England",Bolton,,international,Bolton School,0,https://mgoblue.com/sports/womens-water-polo/roster/2026
wp_1bab68af2e39,Ari,Karampetsou,,,5' 7'',67.0,,,water_polo,2025-26,2025,D1,Women,Big Ten Conference,Michigan,AT,Other,So.,So,"Athens, Greece",Athens,,international,Costeas Geitonas School,0,https://mgoblue.com/sports/womens-water-polo/roster/2026
wp_2bc6b300e217,Brooke,Ingram,,,6' 0'',72.0,,,water_polo,2025-26,2025,D1,Women,Big Ten Conference,Michigan,UT,Utility,Sr.,Sr,"Santa Barbara, Calif.",Santa Barbara,CA,domestic,San Marcos,0,https://mgoblue.com/sports/womens-water-polo/roster/2026
wp_d9f59d8b16cf,Maya,Mladjan,,,5' 11'',71.0,,,water_polo,2025-26,2025,D1,Women,Big Ten Conference,Michigan,CD,Other,Fr.,Fr,"Brookfield, Ill.",Brookfield,IL,domestic,Lyons Township,0,https://mgoblue.com/sports/womens-water-polo/roster/2026
wp_009f274a99fe,Emma,Gustafsson,,,5' 9'',69.0,,,water_polo,2025-26,2025,D1,Women,Big Ten Conference,Michigan,AT,Other,Jr.,Jr,"Greenwich, Conn.",Greenwich,CT,domestic,Greenwich,0,https://mgoblue.com/sports/womens-water-polo/roster/2026
wp_3be7db0f1e9b,Mariam,Ndiaye,,,5' 10'',70.0,,,water_polo,2025-26,2025,D1,Women,Big Ten Conference,Michigan,C,Center,Fr.,Fr,"Mason, Ohio",Mason,OH,domestic,William Mason,0,https://mgoblue.com/sports/womens-water-polo/roster/2026
wp_202a6859885f,Ryland,Smith,,,5' 11'',71.0,,,water_polo,2025-26,2025,D1,Women,Big Ten Conference,Michigan,AT,Other,Fr.,Fr,"San Diego, Calif.",San Diego,CA,domestic,Torrey Pines,0,https://mgoblue.com/sports/womens-water-polo/roster/2026
wp_685932782c18,Sophia,Panossian,,,5' 4'',64.0,,,water_polo,2025-26,2025,D1,Women,Big Ten Conference,Michigan,AT,Other,Jr.,Jr,"Santa Barbara, Calif.",Santa Barbara,CA,domestic,San Marcos,0,https://mgoblue.com/sports/womens-water-polo/roster/2026
wp_ed3bd2223fcd,Lulu,Hirschfield,,,5' 8'',68.0,,,water_polo,2025-26,2025,D1,Women,Big Ten Conference,Michigan,UT,Utility,Sr.,Sr,"San Diego, Calif.",San Diego,CA,domestic,La Jolla,0,https://mgoblue.com/sports/womens-water-polo/roster/2026
wp_40f86383f405,Riley,Chapple,,,5' 10'',70.0,,,water_polo,2025-26,2025,D1,Women,Big Ten Conference,Michigan,AT,Other,Gr.,Gr,"Denton, Texas",Denton,TX,domestic,Guyer,0,https://mgoblue.com/sports/womens-water-polo/roster/2026
wp_0ff60156046e,Claire,Eusey,,,5' 6'',66.0,,,water_polo,2025-26,2025,D1,Women,Big Ten Conference,Michigan,AT,Other,Sr.,Sr,"Newport Beach, Calif.",Newport Beach,CA,domestic,Corona Del Mar,0,https://mgoblue.com/sports/womens-water-polo/roster/2026
wp_29e0f3ddd87f,Jasmine,Higgs,,,6' 1'',73.0,,,water_polo,2025-26,2025,D1,Women,Big Ten Conference,Indiana,Goalkeeper,Goalkeeper,Sr.,Sr,"Sydney, Australia",Sydney,,international,Meriden School,0,https://iuhoosiers.com/sports/womens-water-polo/roster/2026
wp_40ad83f2c6f8,Audrey,Cox,,,6' 1'',73.0,,,water_polo,2025-26,2025,D1,Women,Big Ten Conference,Indiana,Goalkeeper,Goalkeeper,Jr.,Jr,"Lafayette, Calif.",Lafayette,CA,domestic,Acalanes High School,0,https://iuhoosiers.com/sports/womens-water-polo/roster/2026
wp_e87740e4331a,Maggie,Frye,,Siena,5' 8'',68.0,,,water_polo,2025-26,2025,D1,Women,Big Ten Conference,Indiana,Goalkeeper,Goalkeeper,Jr.,Jr,"San Diego, Calif.",San Diego,CA,domestic,Del Norte,0,https://iuhoosiers.com/sports/womens-water-polo/roster/2026
wp_e096ddb25b2f,Audrina,Kang,,,5' 4'',64.0,,,water_polo,2025-26,2025,D1,Women,Big Ten Conference,Indiana,Attacker,Attacker,Fr.,Fr,"Orinda, Calif.",Orinda,CA,domestic,Miramonte High School,0,https://iuhoosiers.com/sports/womens-water-polo/roster/2026
wp_a20e01745aae,Nikki,Frazier,,,5' 5'',65.0,,,water_polo,2025-26,2025,D1,Women,Big Ten Conference,Indiana,Attacker,Attacker,Fr.,Fr,"Moraga, Calif.",Moraga,CA,domestic,Campolindo High School,0,https://iuhoosiers.com/sports/womens-water-polo/roster/2026
wp_08499f702dda,Keira,Blitzer,,,5' 8'',68.0,,,water_polo,2025-26,2025,D1,Women,Big Ten Conference,Indiana,Center,Center,So.,So,"San Jose, Calif. / Valley Christian",San Jose,CA,domestic,,0,https://iuhoosiers.com/sports/womens-water-polo/roster/2026
wp_77505c10d660,Natalie,McCarroll,,,5' 7'',67.0,,,water_polo,2025-26,2025,D1,Women,Big Ten Conference,Indiana,Attacker,Attacker,Jr.,Jr,"San Jose, Calif.",San Jose,CA,domestic,Leigh High School,0,https://iuhoosiers.com/sports/womens-water-polo/roster/2026
wp_34394ab79e3d,Helga,Terol Salvi,,,5' 7'',67.0,,,water_polo,2025-26,2025,D1,Women,Big Ten Conference,Indiana,Utility,Utility,Jr.,Jr,"Sabadell, Barcelona, Spain",Sabadell,,international,Jaume Viladoms Centre Educatiu,0,https://iuhoosiers.com/sports/womens-water-polo/roster/2026
wp_142b339f288a,Morgan,Schink,,,5' 7'',67.0,,,water_polo,2025-26,2025,D1,Women,Big Ten Conference,Indiana,Attacker,Attacker,So.,So,"Clovis, Calif.",Clovis,CA,domestic,Buchanan,0,https://iuhoosiers.com/sports/womens-water-polo/roster/2026
wp_8456ea9b757f,Macie,Drum,,,5' 8'',68.0,,,water_polo,2025-26,2025,D1,Women,Big Ten Conference,Indiana,Attacker,Attacker,Fr.,Fr,"Merced, Calif.",Merced,CA,domestic,Buchach Colony School,0,https://iuhoosiers.com/sports/womens-water-polo/roster/2026
wp_13c22b1d4ebe,Kaitlin,Elias,,,5' 9'',69.0,,,water_polo,2025-26,2025,D1,Women,Big Ten Conference,Indiana,Attacker,Attacker,Fr.,Fr,"Gambrills, Md.",Gambrills,MD,domestic,Archbishop Spalding,0,https://iuhoosiers.com/sports/womens-water-polo/roster/2026
wp_7338e1ca352b,Kylie,Williams,,,5' 10'',70.0,,,water_polo,2025-26,2025,D1,Women,Big Ten Conference,Indiana,Center,Center,Fr.,Fr,"Dallas, Texas",Dallas,TX,domestic,Highland Park High School,0,https://iuhoosiers.com/sports/womens-water-polo/roster/2026
wp_5a2299d5b977,Sammy,Frazier,,,5' 5'',65.0,,,water_polo,2025-26,2025,D1,Women,Big Ten Conference,Indiana,Attacker,Attacker,Fr.,Fr,"Moraga, Calif.",Moraga,CA,domestic,Campolindo High School,0,https://iuhoosiers.com/sports/womens-water-polo/roster/2026
wp_fde61735be6f,Summer,Stelck,,,5' 6'',66.0,,,water_polo,2025-26,2025,D1,Women,Big Ten Conference,Indiana,Attacker,Attacker,So.,So,"Santa Cruz, Calif.",Santa Cruz,CA,domestic,Soquel,0,https://iuhoosiers.com/sports/womens-water-polo/roster/2026
wp_5fdbd9e2a905,Mady,Nollan,,,5' 5'',65.0,,,water_polo,2025-26,2025,D1,Women,Big Ten Conference,Indiana,Attacker,Attacker,R-Fr.,Fr,"Long Beach, Calif.",Long Beach,CA,domestic,Los Alamitos,0,https://iuhoosiers.com/sports/womens-water-polo/roster/2026
wp_3b699c3edc23,Olivia,Harris,,,5' 6'',66.0,,,water_polo,2025-26,2025,D1,Women,Big Ten Conference,Indiana,Attacker,Attacker,Jr.,Jr,"Santa Cruz, Calif.",Santa Cruz,CA,domestic,Soquel High School,0,https://iuhoosiers.com/sports/womens-water-polo/roster/2026
wp_5dbf3f7ff357,Gwyneth,Le,,,5' 4'',64.0,,,water_polo,2025-26,2025,D1,Women,Big Ten Conference,Indiana,Attacker,Attacker,Jr.,Jr,"Flower Mound, Texas",Flower Mound,TX,domestic,Flower Mound High School,0,https://iuhoosiers.com/sports/womens-water-polo/roster/2026
wp_ea153495aaf5,Jane,Girard,,,6' 0'',72.0,,,water_polo,2025-26,2025,D1,Women,Big Ten Conference,Indiana,Defender,Other,Fr.,Fr,"Rolling Hills, Calif.",Rolling Hills,CA,domestic,Palos Verdes HS,0,https://iuhoosiers.com/sports/womens-water-polo/roster/2026
wp_0e928fd28f7a,Nancy,Baylor-Sefchick,,,5' 9'',69.0,,,water_polo,2025-26,2025,D1,Women,Big Ten Conference,Indiana,Utility,Utility,Jr.,Jr,"Burbank, Calif.",Burbank,CA,domestic,John Burroughs High School,0,https://iuhoosiers.com/sports/womens-water-polo/roster/2026
wp_e76d4be512ef,Savannah,Batchelor,,,5' 7'',67.0,,,water_polo,2025-26,2025,D1,Women,Big Ten Conference,Indiana,Attacker,Attacker,Sr.,Sr,"San Clemente, Calif.",San Clemente,CA,domestic,San Clemente High School,0,https://iuhoosiers.com/sports/womens-water-polo/roster/2026
wp_d19e9c3708c4,Nicole,Tyner,,,5' 8'',68.0,,,water_polo,2025-26,2025,D1,Women,Big Ten Conference,Indiana,Utility,Utility,Sr.,Sr,"Long Beach, Calif.",Long Beach,CA,domestic,Mater Dei High School,0,https://iuhoosiers.com/sports/womens-water-polo/roster/2026
wp_1454c326efa1,Grace,Klingler,,,5' 9'',69.0,,,water_polo,2025-26,2025,D1,Women,Big Ten Conference,Indiana,Attacker,Attacker,Sr.,Sr,"Newport Beach, Calif.",Newport Beach,CA,domestic,Mater Dei High School,0,https://iuhoosiers.com/sports/womens-water-polo/roster/2026
wp_d61218f3ffec,Louisa,Downes,,,,,,,water_polo,2025-26,2025,D1,Women,Big Ten Conference,Indiana,Attacker,Attacker,Sr.,Sr,"Queensland, Australia",Queensland,,international,Somerville House,0,https://iuhoosiers.com/sports/womens-water-polo/roster/2026
wp_27969e73c88f,Mayezie,Loggins,,,5' 10'',70.0,,,water_polo,2025-26,2025,D1,Women,Big West Conference,UC Irvine,GOALKEEPER,Goalkeeper,So.,So,"Fresno, Calif.",Fresno,CA,domestic,Clovis West HS,0,https://ucirvinesports.com/sports/womens-water-polo/roster/2026
wp_8515b9daf8d6,Ella,Walker,,Orange Coast College,5' 11'',71.0,,,water_polo,2025-26,2025,D1,Women,Big West Conference,UC Irvine,GOALKEEPER,Goalkeeper,Jr.,Jr,"Oceanside, Calif.",Oceanside,CA,domestic,El Camino HS,0,https://ucirvinesports.com/sports/womens-water-polo/roster/2026
wp_474de961aef8,Annie,Peak,,,6' 2'',74.0,,,water_polo,2025-26,2025,D1,Women,Big West Conference,UC Irvine,GOALKEEPER,Goalkeeper,Fr.,Fr,"Norco, Calif.",Norco,CA,domestic,Norco HS,0,https://ucirvinesports.com/sports/womens-water-polo/roster/2026
wp_389932eeb05b,CJ,Sirls,,,6' 0'',72.0,,,water_polo,2025-26,2025,D1,Women,Big West Conference,UC Irvine,Goalkeeper,Goalkeeper,Fr.,Fr,"Corona, Calif.",Corona,CA,domestic,Centennial HS,0,https://ucirvinesports.com/sports/womens-water-polo/roster/2026
wp_900092e2ac53,Pippa,Heaver,,,5' 5'',65.0,,,water_polo,2025-26,2025,D1,Women,Big West Conference,UC Irvine,ATTACKER,Attacker,So.,So,"Beaverton, Ore.",Beaverton,OR,domestic,Wilson HS,0,https://ucirvinesports.com/sports/womens-water-polo/roster/2026
wp_85be08f1043a,Maja,Layden,,UC San Diego,6' 0'',72.0,,,water_polo,2025-26,2025,D1,Women,Big West Conference,UC Irvine,CENTER,Center,Sr.,Sr,"Mill Valley, Calif.",Mill Valley,CA,domestic,Tamalpais HS,0,https://ucirvinesports.com/sports/womens-water-polo/roster/2026
wp_d27665f484c8,Lauren,Hett,,,5' 8'',68.0,,,water_polo,2025-26,2025,D1,Women,Big West Conference,UC Irvine,ATTACKER,Attacker,Jr.,Jr,"Orinda, Calif.",Orinda,CA,domestic,Carondelet HS,0,https://ucirvinesports.com/sports/womens-water-polo/roster/2026
wp_d5ed564da315,Sara,Naulty,,,5' 9'',69.0,,,water_polo,2025-26,2025,D1,Women,Big West Conference,UC Irvine,ATTACKER,Attacker,Jr.,Jr,"Tustin, Calif.",Tustin,CA,domestic,Orange Lutheran HS,0,https://ucirvinesports.com/sports/womens-water-polo/roster/2026
wp_2bb33f981313,Madeline,Kasper,,,5' 10'',70.0,,,water_polo,2025-26,2025,D1,Women,Big West Conference,UC Irvine,ATTACKER,Attacker,R-Jr.,Jr,"Arroyo Grande, Calif.",Arroyo Grande,CA,domestic,Arroyo Grande HS,0,https://ucirvinesports.com/sports/womens-water-polo/roster/2026
wp_b784f5a77c3b,Hollis,Munchoff,,Saddleback College,5' 8'',68.0,,,water_polo,2025-26,2025,D1,Women,Big West Conference,UC Irvine,ATTACKER,Attacker,Jr.,Jr,"Newport Beach, Calif.",Newport Beach,CA,domestic,Mater Dei High School,0,https://ucirvinesports.com/sports/womens-water-polo/roster/2026
wp_328793a8c111,Bella,Calderon,,,5' 9'',69.0,,,water_polo,2025-26,2025,D1,Women,Big West Conference,UC Irvine,UTILITY,Utility,So.,So,"Orange, Calif.",Orange,CA,domestic,Orange Lutheran HS,0,https://ucirvinesports.com/sports/womens-water-polo/roster/2026
wp_4f3e677bddce,Chloe,Patist,,,5' 9'',69.0,,,water_polo,2025-26,2025,D1,Women,Big West Conference,UC Irvine,DEFENDER,Other,Fr.,Fr,"Tustin, Calif.",Tustin,CA,domestic,Foothill HS,0,https://ucirvinesports.com/sports/womens-water-polo/roster/2026
wp_bae9d0e6ba94,Mary,Hassett,,,5' 9'',69.0,,,water_polo,2025-26,2025,D1,Women,Big West Conference,UC Irvine,ATTACKER,Attacker,Jr.,Jr,"Orinda, Calif.",Orinda,CA,domestic,Miramonte HS,0,https://ucirvinesports.com/sports/womens-water-polo/roster/2026
wp_2bf3e5b28dff,Peyton,Pierson,,,5' 7'',67.0,,,water_polo,2025-26,2025,D1,Women,Big West Conference,UC Irvine,ATTACKER,Attacker,So.,So,"Anaheim, Calif.",Anaheim,CA,domestic,Foothill HS,0,https://ucirvinesports.com/sports/womens-water-polo/roster/2026
wp_3382d30ade96,Gabbie,Graniello,,,5' 4'',64.0,,,water_polo,2025-26,2025,D1,Women,Big West Conference,UC Irvine,ATTACKER,Attacker,So.,So,"Yorba Linda, Calif.",Yorba Linda,CA,domestic,Foothill HS,0,https://ucirvinesports.com/sports/womens-water-polo/roster/2026
wp_4a34a6ce505e,Madi,O'Hara,,,5' 5'',65.0,,,water_polo,2025-26,2025,D1,Women,Big West Conference,UC Irvine,UTILITY,Utility,R-Sr.,Sr,"Corona, Calif.",Corona,CA,domestic,Santiago HS,0,https://ucirvinesports.com/sports/womens-water-polo/roster/2026
wp_b0eacec7032d,Jess,Reagan,,,5' 11'',71.0,,,water_polo,2025-26,2025,D1,Women,Big West Conference,UC Irvine,CENTER,Center,Fr.,Fr,"Long Beach, Calif.",Long Beach,CA,domestic,Mater Dei HS,0,https://ucirvinesports.com/sports/womens-water-polo/roster/2026
wp_00871813c7d7,Charley,Birdsall,,,5' 8'',68.0,,,water_polo,2025-26,2025,D1,Women,Big West Conference,UC Irvine,UTILITY,Utility,R-Jr.,Jr,"Tustin, Calif.",Tustin,CA,domestic,Foothill HS,0,https://ucirvinesports.com/sports/womens-water-polo/roster/2026
wp_a4ffe219e3d0,Vivian,Bailey,,,5' 9'',69.0,,,water_polo,2025-26,2025,D1,Women,Big West Conference,UC Irvine,ATTACKER,Attacker,Jr.,Jr,"Long Beach, Calif.",Long Beach,CA,domestic,Long Beach Wilson HS,0,https://ucirvinesports.com/sports/womens-water-polo/roster/2026
wp_e1d1925e7f9a,Sydney,Hagan,,,5' 8'',68.0,,,water_polo,2025-26,2025,D1,Women,Big West Conference,UC Irvine,ATTACKER,Attacker,Fr.,Fr,"San Diego, Calif.",San Diego,CA,domestic,The Bishop's School,0,https://ucirvinesports.com/sports/womens-water-polo/roster/2026
wp_46bcf8c45b7c,Anya,Frey,,,5' 9'',69.0,,,water_polo,2025-26,2025,D1,Women,Big West Conference,UC Irvine,ATTACKER,Attacker,Fr.,Fr,"Marin Country, Calif.",Marin Country,CA,domestic,St. Ignatius College Preparatory,1,https://ucirvinesports.com/sports/womens-water-polo/roster/2026
wp_fdcba4c096a6,Michelle,Urkov,,,5' 5'',65.0,,,water_polo,2025-26,2025,D1,Women,Big West Conference,UC Irvine,ATTACKER,Attacker,Fr.,Fr,"Huntington Beach, Calif.",Huntington Beach,CA,domestic,Orange Lutheran HS,0,https://ucirvinesports.com/sports/womens-water-polo/roster/2026
wp_3c72f0d12c19,Deirdre,Murphy,,,5' 11'',71.0,,,water_polo,2025-26,2025,D1,Women,Big West Conference,UC Irvine,CENTER,Center,So.,So,"Tustin, Calif.",Tustin,CA,domestic,Foothill HS,0,https://ucirvinesports.com/sports/womens-water-polo/roster/2026
wp_2cbf67819c20,Marisol,Cowles,,,5' 4'',64.0,,,water_polo,2025-26,2025,D1,Women,Big West Conference,UC Irvine,ATTACKER,Attacker,Fr.,Fr,"La Cañada-Flintridge, Calif.",La Cañada-Flintridge,CA,domestic,Flintridge Sacred Heart Academy,1,https://ucirvinesports.com/sports/womens-water-polo/roster/2026
wp_b0f813af4f9b,Annabelle,Mundelius,,,5' 10'',70.0,,,water_polo,2025-26,2025,D1,Women,Big West Conference,UC Irvine,DEFENDER,Other,Jr.,Jr,"Danville, Calif.",Danville,CA,domestic,San Ramon Valley HS,0,https://ucirvinesports.com/sports/womens-water-polo/roster/2026
wp_b3c20dcbda8d,Bria,Zwaschka,Human Developmental Science,,5-8,68.0,,,water_polo,2025-26,2025,D1,Women,Big West Conference,UC San Diego,GK,Goalkeeper,Sr.,Sr,"Fresno, Calif.",Fresno,CA,domestic,Clovis East,0,https://ucsdtritons.com/sports/womens-water-polo/roster/2026
wp_790735174921,Paedrin,Gillett,Marine Biology,,6-0,72.0,,,water_polo,2025-26,2025,D1,Women,Big West Conference,UC San Diego,GK,Goalkeeper,Jr.,Jr,"Menlo Park, Calif.",Menlo Park,CA,domestic,Sacred Heart Prep,1,https://ucsdtritons.com/sports/womens-water-polo/roster/2026
wp_2bd5a2a8110f,Makana,Fake,Marine Biology,,5-8,68.0,,,water_polo,2025-26,2025,D1,Women,Big West Conference,UC San Diego,GK,Goalkeeper,So.,So,"Kailua, Hawai‘i",Kailua,HI,domestic,Kamehameha Kapalama,0,https://ucsdtritons.com/sports/womens-water-polo/roster/2026
wp_d7498bc166cf,Nola,Palestrant,"Ecology, Behavior & Evolution",,5-8,68.0,,,water_polo,2025-26,2025,D1,Women,Big West Conference,UC San Diego,GK,Goalkeeper,Fr.,Fr,"Mill Valley, Calif.",Mill Valley,CA,domestic,Tamalpais,0,https://ucsdtritons.com/sports/womens-water-polo/roster/2026
wp_d46a4fa78501,Evelyn,Burns,Psychology,,5-7,67.0,,,water_polo,2025-26,2025,D1,Women,Big West Conference,UC San Diego,UT,Utility,So.,So,"San Jose, Calif.",San Jose,CA,domestic,Leland,0,https://ucsdtritons.com/sports/womens-water-polo/roster/2026
wp_a1ad58ceb534,Emily,Cloherty,Business Economics,,5-4,64.0,,,water_polo,2025-26,2025,D1,Women,Big West Conference,UC San Diego,ATT,Attacker,Jr.,Jr,"Newport Beach, Calif.",Newport Beach,CA,domestic,Corona del Mar,0,https://ucsdtritons.com/sports/womens-water-polo/roster/2026
wp_004da1823cea,Olivia,Obando,Undecided,,5-8,68.0,,,water_polo,2025-26,2025,D1,Women,Big West Conference,UC San Diego,UT,Utility,Jr.,Jr,"Santa Barbara, Calif.",Santa Barbara,CA,domestic,Santa Barbara,0,https://ucsdtritons.com/sports/womens-water-polo/roster/2026
wp_bb427a2e5178,Holly,Roberts,Psychology,,5-9,69.0,,,water_polo,2025-26,2025,D1,Women,Big West Conference,UC San Diego,UT,Utility,So.,So,"Auckland, New Zealand",Auckland,,international,Baradene College of the Sacred Heart,0,https://ucsdtritons.com/sports/womens-water-polo/roster/2026
wp_2a22ba140cb2,Kenya,Cassidy,Psychology,UCLA,5-9,69.0,,,water_polo,2025-26,2025,D1,Women,Big West Conference,UC San Diego,ATT,Attacker,R-Fr.,Fr,"Atherton, Calif.",Atherton,CA,domestic,Menlo School,0,https://ucsdtritons.com/sports/womens-water-polo/roster/2026
wp_01cf2eaf4614,Alexa,Kraaijvanger,Human Biology,,5-11,71.0,,,water_polo,2025-26,2025,D1,Women,Big West Conference,UC San Diego,UT,Utility,Fr.,Fr,"Los Angeles, Calif.",Los Angeles,CA,domestic,Marlborough,0,https://ucsdtritons.com/sports/womens-water-polo/roster/2026
wp_5e7ce4a050e8,Kyla,Bruhn,Cognitive Science,,5-6,66.0,,,water_polo,2025-26,2025,D1,Women,Big West Conference,UC San Diego,ATT,Attacker,Jr.,Jr,"Rancho Bernardo, Calif.",Rancho Bernardo,CA,domestic,Rancho Bernardo,0,https://ucsdtritons.com/sports/womens-water-polo/roster/2026
wp_08b892790d1a,Alex,Anghera,Environmental Systems,,5-8,68.0,,,water_polo,2025-26,2025,D1,Women,Big West Conference,UC San Diego,UT,Utility,Fr.,Fr,"Carlsbad, Calif.",Carlsbad,CA,domestic,Carlsbad,0,https://ucsdtritons.com/sports/womens-water-polo/roster/2026
wp_1be79da70861,Zoe,Grover,Biological Anthropology,,5-8,68.0,,,water_polo,2025-26,2025,D1,Women,Big West Conference,UC San Diego,ATT,Attacker,Jr.,Jr,"Long Beach, Calif.",Long Beach,CA,domestic,Woodrow Wilson Classical High School,0,https://ucsdtritons.com/sports/womens-water-polo/roster/2026
wp_b2be3915059e,Caitlin,Stayt,Political Science,,5-6,66.0,,,water_polo,2025-26,2025,D1,Women,Big West Conference,UC San Diego,ATT,Attacker,Fr.,Fr,"Newport Beach, Calif.",Newport Beach,CA,domestic,Newport Harbor,0,https://ucsdtritons.com/sports/womens-water-polo/roster/2026
wp_7056bd59a391,Kendra,Ammon,Structural Engineering,,5-5,65.0,,,water_polo,2025-26,2025,D1,Women,Big West Conference,UC San Diego,ATT,Attacker,Fr.,Fr,"Carlsbad, Calif.",Carlsbad,CA,domestic,Carlsbad,0,https://ucsdtritons.com/sports/womens-water-polo/roster/2026
wp_8cc1100e7594,Anna,Fazioli,Cognitive Science,,5-7,67.0,,,water_polo,2025-26,2025,D1,Women,Big West Conference,UC San Diego,ATT,Attacker,Fr.,Fr,"Los Altos, Calif.",Los Altos,CA,domestic,Saint Francis,0,https://ucsdtritons.com/sports/womens-water-polo/roster/2026
wp_cf81e70b87dc,Maddie,McMahon,Undecided,,5-8,68.0,,,water_polo,2025-26,2025,D1,Women,Big West Conference,UC San Diego,ATT,Attacker,Jr.,Jr,"San Diego, Calif.",San Diego,CA,domestic,Cathedral Catholic,0,https://ucsdtritons.com/sports/womens-water-polo/roster/2026
wp_4d6edb085b7d,Ally,Bone,Biology,,5-5,65.0,,,water_polo,2025-26,2025,D1,Women,Big West Conference,UC San Diego,ATT,Attacker,So.,So,"Fresno, Calif.",Fresno,CA,domestic,Clovis North,0,https://ucsdtritons.com/sports/womens-water-polo/roster/2026
wp_4a91e56ab6b1,Sydney,Munatones,Human Biology,,5-1,61.0,,,water_polo,2025-26,2025,D1,Women,Big West Conference,UC San Diego,ATT,Attacker,Sr.,Sr,"Huntington Beach, Calif.",Huntington Beach,CA,domestic,Los Alamitos,0,https://ucsdtritons.com/sports/womens-water-polo/roster/2026
wp_a8fece5cd38e,Abigail,Schechter,Human Biology,,5-5,65.0,,,water_polo,2025-26,2025,D1,Women,Big West Conference,UC San Diego,ATT,Attacker,Jr.,Jr,"Bakersfield, Calif.",Bakersfield,CA,domestic,Garces Memorial,0,https://ucsdtritons.com/sports/womens-water-polo/roster/2026
wp_e93edde510c2,Cascade,Stensland,Psychology,,6-2,74.0,,,water_polo,2025-26,2025,D1,Women,Big West Conference,UC San Diego,UT,Utility,Sr.,Sr,"Lake Oswego, Ore.",Lake Oswego,OR,domestic,Lakeridge,0,https://ucsdtritons.com/sports/womens-water-polo/roster/2026
wp_c52cce15c70e,Sofia,Munatones,Sociology,,5-2,62.0,,,water_polo,2025-26,2025,D1,Women,Big West Conference,UC San Diego,ATT,Attacker,Sr.,Sr,"Huntington Beach, Calif.",Huntington Beach,CA,domestic,Los Alamitos,0,https://ucsdtritons.com/sports/womens-water-polo/roster/2026
wp_c1ef112be721,Allie,Bartholomew,Psychology,,5-3,63.0,,,water_polo,2025-26,2025,D1,Women,Big West Conference,UC San Diego,ATT,Attacker,Sr.,Sr,"Santa Barbara, Calif.",Santa Barbara,CA,domestic,Santa Barbara,0,https://ucsdtritons.com/sports/womens-water-polo/roster/2026
wp_d95b62a6e1c9,Berkley,Sinner,Business Psychology,,5-11,71.0,,,water_polo,2025-26,2025,D1,Women,Big West Conference,UC San Diego,C,Center,Fr.,Fr,"Arroyo Grande, Calif.",Arroyo Grande,CA,domestic,Arroyo Grande,0,https://ucsdtritons.com/sports/womens-water-polo/roster/2026
wp_0c0810765331,Lucy,Holland,Molecular and Medical Microbiology,,5-9,69.0,,,water_polo,2025-26,2025,D1,Women,Big West Conference,UC Davis,Goalkeeper GK,Goalkeeper,Sr.,Sr,"Los Gatos, Calif.",Los Gatos,CA,domestic,Los Gatos HS '22,0,https://ucdavisaggies.com/sports/womens-water-polo/roster/2026
wp_1442efb53af7,Eva,Stein,Psychology,,5-10,70.0,,,water_polo,2025-26,2025,D1,Women,Big West Conference,UC Davis,Goalkeeper GK,Goalkeeper,R-So.,So,"Park City, Utah",Park City,UT,domestic,Park City HS '22,0,https://ucdavisaggies.com/sports/womens-water-polo/roster/2026
wp_71628bf667d0,Harper,Gilbert,Political Science - Public Service,,,,,,water_polo,2025-26,2025,D1,Women,Big West Conference,UC Davis,,UNK,R-Fr.,Fr,"Coronado, Calif.",Coronado,CA,domestic,Coronado HS '24,0,https://ucdavisaggies.com/sports/womens-water-polo/roster/2026
wp_e4fe04de7ba0,Megan,Garner,,,5-9,69.0,,,water_polo,2025-26,2025,D1,Women,Big West Conference,UC Davis,Goalkeeper GK,Goalkeeper,Fr.,Fr,"Goleta, Calif.",Goleta,CA,domestic,Dos Pueblos Sr.,0,https://ucdavisaggies.com/sports/womens-water-polo/roster/2026
wp_944fb83321e3,Sarah,Shaw,Psychology,Villanova,6-1,73.0,,,water_polo,2025-26,2025,D1,Women,Big West Conference,UC Davis,"6'1""",Other,Sr.,Sr,"San Jose, Calif.",San Jose,CA,domestic,Presentation HS '21,0,https://ucdavisaggies.com/sports/womens-water-polo/roster/2026
wp_adfb4a041dfd,Sarah,Ellis-Keeler,Aerospace Engineering,,5-8,68.0,,,water_polo,2025-26,2025,D1,Women,Big West Conference,UC Davis,Attacker Atk,Attacker,R-Jr.,Jr,"London, United Kingdom",London,,international,Harris Westminster Sixth Form '22,0,https://ucdavisaggies.com/sports/womens-water-polo/roster/2026
wp_577f7f1b3e0f,Katy,Westphal,Managerial Economics,,,,,,water_polo,2025-26,2025,D1,Women,Big West Conference,UC Davis,,UNK,R-Fr.,Fr,"San Diego, Calif.",San Diego,CA,domestic,La Jolla HS '24,0,https://ucdavisaggies.com/sports/womens-water-polo/roster/2026
wp_3d42657bd04b,Nina,Albers,Human Development,,,,,,water_polo,2025-26,2025,D1,Women,Big West Conference,UC Davis,,UNK,R-Fr.,Fr,"Stanford, Calif.",Stanford,CA,domestic,Henry M Gunn HS '24,0,https://ucdavisaggies.com/sports/womens-water-polo/roster/2026
wp_6a22f73e93a0,HanaLora,Abel,,,,,,,water_polo,2025-26,2025,D1,Women,Big West Conference,UC Davis,Utility UTL,Utility,Fr.,Fr,"Goleta, Calif.",Goleta,CA,domestic,Dos Pueblos Sr.,0,https://ucdavisaggies.com/sports/womens-water-polo/roster/2026
wp_8db999c8e1b1,Sofia,Bozzo,,,5-6,66.0,,,water_polo,2025-26,2025,D1,Women,Big West Conference,UC Davis,Utility Utl,Utility,R-So.,So,"Carmel, Calif.",Carmel,CA,domestic,Stevenson School,0,https://ucdavisaggies.com/sports/womens-water-polo/roster/2026
wp_05c731fd0e11,Bridget,Miller,,,6-0,72.0,,,water_polo,2025-26,2025,D1,Women,Big West Conference,UC Davis,Center C,Center,Jr.,Jr,"Ladera Ranch, Calif.",Ladera Ranch,CA,domestic,San Juan Hills HS '23,0,https://ucdavisaggies.com/sports/womens-water-polo/roster/2026
wp_f517d7f60af6,Addison,Engelbert,Philosophy,Bulldog Water Polo Club,,,,,water_polo,2025-26,2025,D1,Women,Big West Conference,UC Davis,Utility UTL,Utility,Fr.,Fr,"Clovis, Calif.",Clovis,CA,domestic,Buchanan HS '25,0,https://ucdavisaggies.com/sports/womens-water-polo/roster/2026
wp_152a4e9d465f,Gianna,Nocetti,Mechanical Engineering,,5-9,69.0,,,water_polo,2025-26,2025,D1,Women,Big West Conference,UC Davis,Attacker Atk,Attacker,R-Sr.,Sr,"Carmichael, Calif.",Carmichael,CA,domestic,Rio Americano HS '21,0,https://ucdavisaggies.com/sports/womens-water-polo/roster/2026
wp_1eb0a628f1f0,Ally,Smith,Economics,,5-8,68.0,,,water_polo,2025-26,2025,D1,Women,Big West Conference,UC Davis,Attacker Atk,Attacker,Sr.,Sr,"Orinda, Calif.",Orinda,CA,domestic,Miramonte HS '22,0,https://ucdavisaggies.com/sports/womens-water-polo/roster/2026
wp_5363e49c565c,Madison,Sparre,Biological Systems Engineering,,5-9,69.0,,,water_polo,2025-26,2025,D1,Women,Big West Conference,UC Davis,Attacker Atk,Attacker,Sr.,Sr,"Santa Barbara, Calif.",Santa Barbara,CA,domestic,San Marcos HS '22,0,https://ucdavisaggies.com/sports/womens-water-polo/roster/2026
wp_9f071cffd0d8,Abby,Humphrey,,,6-0,72.0,,,water_polo,2025-26,2025,D1,Women,Big West Conference,UC Davis,Utility Utl,Utility,R-So.,So,"San Jose, Calif.",San Jose,CA,domestic,Ann Sobrato HS '23,0,https://ucdavisaggies.com/sports/womens-water-polo/roster/2026
wp_8441e3533880,Alison,Giusti,Human Development,,5-9,69.0,,,water_polo,2025-26,2025,D1,Women,Big West Conference,UC Davis,Center C,Center,Jr.,Jr,"Mountain View, Calif.",Mountain View,CA,domestic,Saint Francis HS '23,0,https://ucdavisaggies.com/sports/womens-water-polo/roster/2026
wp_cbfbdfda9e9b,Sadie,Henry,"Neurobiology, Physiology & Behavior",,5-6,66.0,,,water_polo,2025-26,2025,D1,Women,Big West Conference,UC Davis,Utility Utl,Utility,Jr.,Jr,"San Diego, Calif",San Diego,CA,domestic,Helix Charter HS '23,0,https://ucdavisaggies.com/sports/womens-water-polo/roster/2026
wp_2038bdd09508,Ashley,Wallin,,,5-11,71.0,,,water_polo,2025-26,2025,D1,Women,Big West Conference,UC Davis,Utility Utl,Utility,Jr.,Jr,"Irvine, Calif.",Irvine,CA,domestic,University HS '23,0,https://ucdavisaggies.com/sports/womens-water-polo/roster/2026
wp_739711cda7e5,Audrey,Quilala,,,5-8,68.0,,,water_polo,2025-26,2025,D1,Women,Big West Conference,UC Davis,Attacker ATK,Attacker,Fr.,Fr,"Granite Bay, Calif.",Granite Bay,CA,domestic,Granite Bay,0,https://ucdavisaggies.com/sports/womens-water-polo/roster/2026
wp_65cbb5fe6468,Sydney,Rubin,,North Texas Thunder,5-9,69.0,,,water_polo,2025-26,2025,D1,Women,Big West Conference,UC Davis,Center/Center Defender C/CD,Center,Fr.,Fr,"Southlake, Texas",Southlake,TX,domestic,Southlake Carroll,0,https://ucdavisaggies.com/sports/womens-water-polo/roster/2026
wp_882f796da843,Liberty,Massman,Human Development,,6-0,72.0,,,water_polo,2025-26,2025,D1,Women,Big West Conference,UC Davis,Center C,Center,Sr.,Sr,"San Luis Obispo, Calif.",San Luis Obispo,CA,domestic,San Luis Obispo HS '22,0,https://ucdavisaggies.com/sports/womens-water-polo/roster/2026
wp_b46736f20b49,Chelsea,Johnson,Human Development,,5-11,71.0,,,water_polo,2025-26,2025,D1,Women,Big West Conference,UC Davis,Center Defender CD,Center,Jr.,Jr,"Brisbane, Australia",Brisbane,,international,St. Margaret's Anglican Girls School,0,https://ucdavisaggies.com/sports/womens-water-polo/roster/2026
wp_80dafa8fb42c,Caroline,Oates,Psychology,,,,,,water_polo,2025-26,2025,D1,Women,Big West Conference,UC Davis,,UNK,Sr.,Sr,"Westlake Village, Calif.",Westlake Village,CA,domestic,Westlake HS '21,0,https://ucdavisaggies.com/sports/womens-water-polo/roster/2026
wp_69b2bbc92874,Lillie,Vehling,Mechanical Engineering and Statistics,,5-8,68.0,,,water_polo,2025-26,2025,D1,Women,Big West Conference,UC Davis,Attacker Atk,Attacker,R-So.,So,"Woodland Hills, Calif.",Woodland Hills,CA,domestic,Notre Dame HS '23,0,https://ucdavisaggies.com/sports/womens-water-polo/roster/2026
wp_6ee096696b9e,Taylor,Gair,Landscape Architecture,,,,,,water_polo,2025-26,2025,D1,Women,Big West Conference,UC Davis,,UNK,R-Fr.,Fr,"Pacific Palisades, Calif.",Pacific Palisades,CA,domestic,Palisades Charter High School,0,https://ucdavisaggies.com/sports/womens-water-polo/roster/2026
wp_2b1e553bed5c,Margo,Tempel,,,,,,,water_polo,2025-26,2025,D1,Women,Big West Conference,UC Davis,,UNK,So.,So,"San Diego, Calif.",San Diego,CA,domestic,La Jolla HS '24,0,https://ucdavisaggies.com/sports/womens-water-polo/roster/2026
wp_4d21480a533a,Alyssa,Nguyen,,,,,,,water_polo,2025-26,2025,D1,Women,Big West Conference,UC Davis,,UNK,Fr.,Fr,Fr.,Fr.,,international,,0,https://ucdavisaggies.com/sports/womens-water-polo/roster/2026
wp_cc34d407045c,Daisy,Logtens,,,5-10,70.0,,,water_polo,2025-26,2025,D1,Women,Big West Conference,Hawaii,GK,Goalkeeper,Jr.,Jr,"Uden, Netherlands",Uden,,international,Sint-Joris College,0,https://hawaiiathletics.com/sports/womens-water-polo/roster/2026
wp_3ce22fc73f4e,Evelyn,Miller,,,5-9,69.0,,,water_polo,2025-26,2025,D1,Women,Big West Conference,Hawaii,GK,Goalkeeper,R-So.,So,"Lake Oswego, Ore.",Lake Oswego,OR,domestic,Lakeridge HS,0,https://hawaiiathletics.com/sports/womens-water-polo/roster/2026
wp_312c08f9d190,Nalani,Yim,,,5-9,69.0,,,water_polo,2025-26,2025,D1,Women,Big West Conference,Hawaii,GK,Goalkeeper,So.,So,"Santa Barbara, Calif.",Santa Barbara,CA,domestic,Santa Barbara Senior High School,0,https://hawaiiathletics.com/sports/womens-water-polo/roster/2026
wp_f2ceff56dc31,Tara,Logan,,,6-1,73.0,,,water_polo,2025-26,2025,D1,Women,Big West Conference,Hawaii,Util,Other,Sr.,Sr,"Melbourne, Australia",Melbourne,,international,Haileybury Girls College,0,https://hawaiiathletics.com/sports/womens-water-polo/roster/2026
wp_e0b1b3ae0cd7,Gabrielle,Doyle,,,5-8,68.0,,,water_polo,2025-26,2025,D1,Women,Big West Conference,Hawaii,Atk,Other,So.,So,"Auckland, New Zealand",Auckland,,international,Rangitoto College,0,https://hawaiiathletics.com/sports/womens-water-polo/roster/2026
wp_23bf715c4efb,Asimina,Klapsianou,Management,,5-6,66.0,,,water_polo,2025-26,2025,D1,Women,Big West Conference,Hawaii,Ctr,Center,Fr.,Fr,"Athens, Greece",Athens,,international,Second High School,0,https://hawaiiathletics.com/sports/womens-water-polo/roster/2026
wp_4a6b58a274ae,Roni,Perlman,,,5-6,66.0,,,water_polo,2025-26,2025,D1,Women,Big West Conference,Hawaii,Atk,Other,Sr.,Sr,"Agoura Hills, Calif.",Agoura Hills,CA,domestic,Agoura HS,0,https://hawaiiathletics.com/sports/womens-water-polo/roster/2026
wp_6097dacbcb6a,Karly,Frangieh,Marketing,Arizona State,5-11,71.0,,,water_polo,2025-26,2025,D1,Women,Big West Conference,Hawaii,Util,Other,So.,So,"Los Gatos, Calif.",Los Gatos,CA,domestic,Los Gatos High School,0,https://hawaiiathletics.com/sports/womens-water-polo/roster/2026
wp_4627a20e08d3,Alia,Burlock,,,5-8,68.0,,,water_polo,2025-26,2025,D1,Women,Big West Conference,Hawaii,Util,Other,Sr.,Sr,"Edmonton, Canada",Edmonton,,international,Mother Margaret Mary Catholic,0,https://hawaiiathletics.com/sports/womens-water-polo/roster/2026
wp_068d28fa0c93,Esmee,Roijen,,,5-9,69.0,,,water_polo,2025-26,2025,D1,Women,Big West Conference,Hawaii,Atk,Other,Jr.,Jr,"Leiderdorp, Netherlands",Leiderdorp,,international,Sint-Joris College,0,https://hawaiiathletics.com/sports/womens-water-polo/roster/2026
wp_f97cac536c29,Ema,Vernoux,,,5-5,65.0,,,water_polo,2025-26,2025,D1,Women,Big West Conference,Hawaii,Atk,Other,So.,So,"Marseille, France",Marseille,,international,Lycee Marcelin Berthelot,0,https://hawaiiathletics.com/sports/womens-water-polo/roster/2026
wp_522b48b1c7f7,Madison,Corrigan,Marketing,,5-5,65.0,,,water_polo,2025-26,2025,D1,Women,Big West Conference,Hawaii,Util,Other,Jr.,Jr,"Hollister, Calif.",Hollister,CA,domestic,Hollister High School,0,https://hawaiiathletics.com/sports/womens-water-polo/roster/2026
wp_238e55e91074,Raha,Peiravani,,,6-1,73.0,,,water_polo,2025-26,2025,D1,Women,Big West Conference,Hawaii,Ctr,Center,Sr.,Sr,"North Vancouver, B.C., Canada",North Vancouver,,international,Handsworth Secondary School,0,https://hawaiiathletics.com/sports/womens-water-polo/roster/2026
wp_3b889a30464b,Camille,Radosavljevic,,,5-8,68.0,,,water_polo,2025-26,2025,D1,Women,Big West Conference,Hawaii,Util.,Other,Sr.,Sr,"Mulhouse, France",Mulhouse,,international,St. Maur-des-Fosses,0,https://hawaiiathletics.com/sports/womens-water-polo/roster/2026
wp_e3e5d8089c48,Emilia,Schorr,,,5-6,66.0,,,water_polo,2025-26,2025,D1,Women,Big West Conference,Hawaii,Atk,Other,Sr.,Sr,"Calgary, Canada",Calgary,,international,Central Memorial HS,0,https://hawaiiathletics.com/sports/womens-water-polo/roster/2026
wp_c2f823911fb0,Lola,Annear,Sociology,Long Beach City College,5-6,66.0,,,water_polo,2025-26,2025,D1,Women,Big West Conference,Hawaii,Util,Other,Jr.,Jr,"Bondi Beach, Australia",Bondi Beach,,international,Rose Bay Secondary College,0,https://hawaiiathletics.com/sports/womens-water-polo/roster/2026
wp_f78b748903a4,Ariadna,Temprano Xambó,Business,,5-7,67.0,,,water_polo,2025-26,2025,D1,Women,Big West Conference,Hawaii,Util,Other,Fr.,Fr,"Barcelona, Spain",Barcelona,,international,IES CAR,0,https://hawaiiathletics.com/sports/womens-water-polo/roster/2026
wp_5d28794301f7,Sienna,Walker,,,5-10,70.0,,,water_polo,2025-26,2025,D1,Women,Big West Conference,Hawaii,Ctr,Center,Fr.,Fr,"Perth, Australia",Perth,,international,Santa Maria College,0,https://hawaiiathletics.com/sports/womens-water-polo/roster/2026
wp_096bfa188163,Tea,Brandon,,,5-6,66.0,,,water_polo,2025-26,2025,D1,Women,Big West Conference,Hawaii,Atk,Other,So.,So,"Honolulu, O‘ahu",Honolulu,HI,domestic,Kamehameha Schools-Kapalama,0,https://hawaiiathletics.com/sports/womens-water-polo/roster/2026
wp_95a9f2e5241a,Olivia,Slavens,Sociology,Long Beach City College,5-9,69.0,,,water_polo,2025-26,2025,D1,Women,Big West Conference,Hawaii,Atk,Other,Jr.,Jr,"Huntington Beach, Calif.",Huntington Beach,CA,domestic,Los Alamitos High School,0,https://hawaiiathletics.com/sports/womens-water-polo/roster/2026
wp_73154db15387,Agatha,Weston,,,6-4,76.0,,,water_polo,2025-26,2025,D1,Women,Big West Conference,Hawaii,Util,Other,R-So.,So,"Christchurch, New Zealand",Christchurch,,international,Rangi Ruru Girls’ School,0,https://hawaiiathletics.com/sports/womens-water-polo/roster/2026
wp_0587b9974780,Keira,Wall,,,6-0,72.0,,,water_polo,2025-26,2025,D1,Women,Big West Conference,UC Santa Barbara,Goalkeeper,Goalkeeper,R-Fr.,Fr,"Palo Alto, Calif.",Palo Alto,CA,domestic,Saint Francis HS,0,https://ucsbgauchos.com/sports/womens-water-polo/roster/2026
wp_5b6dcd29de8c,Lydia,Soderberg,,,5-10,70.0,,,water_polo,2025-26,2025,D1,Women,Big West Conference,UC Santa Barbara,Goalkeeper,Goalkeeper,Fr.,Fr,"Newport Beach, Calif.",Newport Beach,CA,domestic,Newport Harbor HS,0,https://ucsbgauchos.com/sports/womens-water-polo/roster/2026
wp_704bcb2bde9b,Siena,Jumani,,,5-10,70.0,,,water_polo,2025-26,2025,D1,Women,Big West Conference,UC Santa Barbara,Goalkeeper,Goalkeeper,Fr.,Fr,"Laguna Beach, Calif.",Laguna Beach,CA,domestic,Laguna Beach HS,0,https://ucsbgauchos.com/sports/womens-water-polo/roster/2026
wp_985eaf0814e4,Marta,Maninetti,,,5-9,69.0,,,water_polo,2025-26,2025,D1,Women,Big West Conference,UC Santa Barbara,Utility,Utility,Fr.,Fr,"El Cerrito, Calif.",El Cerrito,CA,domestic,Miramonte HS,0,https://ucsbgauchos.com/sports/womens-water-polo/roster/2026
wp_0e28c74cdc3f,Loretta,Hovey,,,5-3,63.0,,,water_polo,2025-26,2025,D1,Women,Big West Conference,UC Santa Barbara,Attacker,Attacker,So.,So,"San Anselmo, Calif.",San Anselmo,CA,domestic,Archie Williams HS,0,https://ucsbgauchos.com/sports/womens-water-polo/roster/2026
wp_45046ee3a222,Zoe,Gabriel,,,5-7,67.0,,,water_polo,2025-26,2025,D1,Women,Big West Conference,UC Santa Barbara,Utility,Utility,So.,So,"San Clemente, Calif.",San Clemente,CA,domestic,JSerra Catholic,0,https://ucsbgauchos.com/sports/womens-water-polo/roster/2026
wp_7a5fcc41cbaf,Zoe,Ann Watson,,,5-7,67.0,,,water_polo,2025-26,2025,D1,Women,Big West Conference,UC Santa Barbara,Attacker,Attacker,R-Fr.,Fr,"Santa Cruz, Calif.",Santa Cruz,CA,domestic,Santa Cruz HS,0,https://ucsbgauchos.com/sports/womens-water-polo/roster/2026
wp_67d890640b91,Miranda,Salinger,,,5-8,68.0,,,water_polo,2025-26,2025,D1,Women,Big West Conference,UC Santa Barbara,Center,Center,Fr.,Fr,"Pebble Beach, Calif.",Pebble Beach,CA,domestic,Stevenson HS,0,https://ucsbgauchos.com/sports/womens-water-polo/roster/2026
wp_dd6b96d8a2bb,Lainey,Weintre,,,5-5,65.0,,,water_polo,2025-26,2025,D1,Women,Big West Conference,UC Santa Barbara,Attacker,Attacker,So.,So,"Oceanside, Calif.",Oceanside,CA,domestic,El Camino HS,0,https://ucsbgauchos.com/sports/womens-water-polo/roster/2026
wp_b717f60dfd47,Isabel,Valaika,,,5-6,66.0,,,water_polo,2025-26,2025,D1,Women,Big West Conference,UC Santa Barbara,Attacker,Attacker,Jr.,Jr,"Long Beach, Calif.",Long Beach,CA,domestic,Los Alamitos HS,0,https://ucsbgauchos.com/sports/womens-water-polo/roster/2026
wp_cb3fcfe48344,Hadley,Hall,,,5-6,66.0,,,water_polo,2025-26,2025,D1,Women,Big West Conference,UC Santa Barbara,Utility,Utility,So.,So,"La Mesa, Calif.",La Mesa,CA,domestic,Grossmont HS,0,https://ucsbgauchos.com/sports/womens-water-polo/roster/2026
wp_e975da43cd02,Molly,Souza,,,5-7,67.0,,,water_polo,2025-26,2025,D1,Women,Big West Conference,UC Santa Barbara,Utility,Utility,Jr.,Jr,"Oceanside, Calif.",Oceanside,CA,domestic,El Camino HS,0,https://ucsbgauchos.com/sports/womens-water-polo/roster/2026
wp_dde2ed7d4dd0,Eliza,Harlow,,,5-8,68.0,,,water_polo,2025-26,2025,D1,Women,Big West Conference,UC Santa Barbara,Defender,Other,Fr.,Fr,"Mill Valley, Calif.",Mill Valley,CA,domestic,Saint Ignatius College Prep,1,https://ucsbgauchos.com/sports/womens-water-polo/roster/2026
wp_a59263f77bbc,Addison,Lane,,Santa Barbara City College,5-7,67.0,,,water_polo,2025-26,2025,D1,Women,Big West Conference,UC Santa Barbara,Attacker,Attacker,Jr.,Jr,"Santa Cruz, Calif.",Santa Cruz,CA,domestic,Soquel HS,0,https://ucsbgauchos.com/sports/womens-water-polo/roster/2026
wp_8c9165a7d6d2,Brynn,Tully,,,5-8,68.0,,,water_polo,2025-26,2025,D1,Women,Big West Conference,UC Santa Barbara,Attacker,Attacker,R-Fr.,Fr,"Walnut Creek, Calif.",Walnut Creek,CA,domestic,Carondelet HS,0,https://ucsbgauchos.com/sports/womens-water-polo/roster/2026
wp_b91e6807e5a3,Phoebe,DeMoss,,,5-7,67.0,,,water_polo,2025-26,2025,D1,Women,Big West Conference,UC Santa Barbara,Attacker,Attacker,Fr.,Fr,"San Clemente, Calif.",San Clemente,CA,domestic,San Clemente HS,0,https://ucsbgauchos.com/sports/womens-water-polo/roster/2026
wp_7d004bbf3aff,Morgan,Hoffman,,,6-1,73.0,,,water_polo,2025-26,2025,D1,Women,Big West Conference,UC Santa Barbara,Center,Center,So.,So,"Diablo, Calif.",Diablo,CA,domestic,San Ramon Valley HS,0,https://ucsbgauchos.com/sports/womens-water-polo/roster/2026
wp_f54e79a7d165,Emmerson,Ferriera,,,5-9,69.0,,,water_polo,2025-26,2025,D1,Women,Big West Conference,UC Santa Barbara,Attacker,Attacker,Fr.,Fr,"Pacific Grove, Calif.",Pacific Grove,CA,domestic,Stevenson HS,0,https://ucsbgauchos.com/sports/womens-water-polo/roster/2026
wp_d0a8fcb0241f,Cami,Mras,,,5-7,67.0,,,water_polo,2025-26,2025,D1,Women,Big West Conference,UC Santa Barbara,Utility,Utility,R-Sr.,Sr,"Corona Del Mar, Calif.",Corona Del Mar,CA,domestic,Mater Dei Catholic,0,https://ucsbgauchos.com/sports/womens-water-polo/roster/2026
wp_cfbeaca0825d,Athena,Wigo,,,5-6,66.0,,,water_polo,2025-26,2025,D1,Women,Big West Conference,UC Santa Barbara,Attacker,Attacker,Jr.,Jr,"Santa Barbara, Calif.",Santa Barbara,CA,domestic,Dos Pueblos HS,0,https://ucsbgauchos.com/sports/womens-water-polo/roster/2026
wp_c8aee2227991,Mia,Sullivan,,,5-7,67.0,,,water_polo,2025-26,2025,D1,Women,Big West Conference,UC Santa Barbara,Attacker,Attacker,Fr.,Fr,"Corona Del Mar, Calif.",Corona Del Mar,CA,domestic,Mater Dei HS,0,https://ucsbgauchos.com/sports/womens-water-polo/roster/2026
wp_daf3667fb126,Gigi,Rimlinger,,,5-6,66.0,,,water_polo,2025-26,2025,D1,Women,Big West Conference,UC Santa Barbara,Attacker,Attacker,Fr.,Fr,"Newport Beach, Calif.",Newport Beach,CA,domestic,Newport Harbor HS,0,https://ucsbgauchos.com/sports/womens-water-polo/roster/2026
wp_5828bde28b8c,Alexandra,Ortiz,,,5-4,64.0,,,water_polo,2025-26,2025,D1,Women,Big West Conference,Cal St. Fullerton,GK,Goalkeeper,So.,So,"Tustin, Calif.",Tustin,CA,domestic,Foothill HS,0,https://fullertontitans.com/sports/womens-water-polo/roster/2026
wp_57e3ccf20be7,Renske,Boxsem,,,5-7,67.0,,,water_polo,2025-26,2025,D1,Women,Big West Conference,Cal St. Fullerton,GK,Goalkeeper,Fr.,Fr,"Lelystad, Netherlands",Lelystad,,international,ZPC Het Ravijn,0,https://fullertontitans.com/sports/womens-water-polo/roster/2026
wp_4daeacd07bb8,Isabella,Walker,,,6-2,74.0,,,water_polo,2025-26,2025,D1,Women,Big West Conference,Cal St. Fullerton,GK,Goalkeeper,Fr.,Fr,"San Diego, Calif.",San Diego,CA,domestic,Mt. Carmel HS,0,https://fullertontitans.com/sports/womens-water-polo/roster/2026
wp_a4590892b954,Elise,Bliss,,,5-5,65.0,,,water_polo,2025-26,2025,D1,Women,Big West Conference,Cal St. Fullerton,ATT,Attacker,So.,So,"Fresno, Calif.",Fresno,CA,domestic,Clovis North HS,0,https://fullertontitans.com/sports/womens-water-polo/roster/2026
wp_76a92e557da7,Destiny,Hernandez,,Orange Coast College,5-5,65.0,,,water_polo,2025-26,2025,D1,Women,Big West Conference,Cal St. Fullerton,UTIL,Other,Sr.,Sr,"Santa Ana, Calif.",Santa Ana,CA,domestic,Segerstrom HS,0,https://fullertontitans.com/sports/womens-water-polo/roster/2026
wp_c415b0ac96fb,Gabrielle,Zaretskiy,,,5-8,68.0,,,water_polo,2025-26,2025,D1,Women,Big West Conference,Cal St. Fullerton,UTIL,Other,Sr.,Sr,"Anaheim, Calif.",Anaheim,CA,domestic,Huntington Beach HS,0,https://fullertontitans.com/sports/womens-water-polo/roster/2026
wp_d19d064472d2,Delaney,Latham,,Citrus College,5-11,71.0,,,water_polo,2025-26,2025,D1,Women,Big West Conference,Cal St. Fullerton,ATT,Attacker,Sr.,Sr,"Fontana, Calif.",Fontana,CA,domestic,Rancho Cucamonga HS,0,https://fullertontitans.com/sports/womens-water-polo/roster/2026
wp_f52aebcaad15,Mia,Hatch,,,5-7,67.0,,,water_polo,2025-26,2025,D1,Women,Big West Conference,Cal St. Fullerton,ATT,Attacker,So.,So,"Camarillo, Calif.",Camarillo,CA,domestic,Camarillo HS,0,https://fullertontitans.com/sports/womens-water-polo/roster/2026
wp_c4dcb9dae377,Neida,Torres,,Fullerton College,5-6,66.0,,,water_polo,2025-26,2025,D1,Women,Big West Conference,Cal St. Fullerton,UTIL,Other,R-Sr.,Sr,"Anaheim, Calif.",Anaheim,CA,domestic,Katella HS,0,https://fullertontitans.com/sports/womens-water-polo/roster/2026
wp_9042a14e60ef,Kendal,Santos,,Ventura College,5-7,67.0,,,water_polo,2025-26,2025,D1,Women,Big West Conference,Cal St. Fullerton,UTIL,Other,Sr.,Sr,"Camarillo, Calif.",Camarillo,CA,domestic,Camarillo HS,0,https://fullertontitans.com/sports/womens-water-polo/roster/2026
wp_c2f014898e85,Mia,Solorzano,,LMU,5-4,64.0,,,water_polo,2025-26,2025,D1,Women,Big West Conference,Cal St. Fullerton,UTIL,Other,R-Jr.,Jr,"Commerce, Calif.",Commerce,CA,domestic,Rosary Academy,1,https://fullertontitans.com/sports/womens-water-polo/roster/2026
wp_ab738eeaa995,Kenzie,Searle,,,6-1,73.0,,,water_polo,2025-26,2025,D1,Women,Big West Conference,Cal St. Fullerton,UTIL,Other,Fr.,Fr,"Auckland, New Zealand",Auckland,,international,Western Springs College Waiorea,0,https://fullertontitans.com/sports/womens-water-polo/roster/2026
wp_1caaf62d7344,Jade,Lonzo,,,5-6,66.0,,,water_polo,2025-26,2025,D1,Women,Big West Conference,Cal St. Fullerton,ATT,Attacker,So.,So,"Riverside, Calif.",Riverside,CA,domestic,Martin Luther King HS,0,https://fullertontitans.com/sports/womens-water-polo/roster/2026
wp_ab064754beaa,Chandler,Burrell,,Riverside City College,5-7,67.0,,,water_polo,2025-26,2025,D1,Women,Big West Conference,Cal St. Fullerton,UTIL,Other,Jr.,Jr,"Riverside, Calif.",Riverside,CA,domestic,Martin Luther King HS,0,https://fullertontitans.com/sports/womens-water-polo/roster/2026
wp_297fc7f724dd,Emme,Doube-MacLeod,,,6-2,74.0,,,water_polo,2025-26,2025,D1,Women,Big West Conference,Cal St. Fullerton,UTIL,Other,So.,So,"Sydney, NSW, Australia",Sydney,,international,Meriden HS,0,https://fullertontitans.com/sports/womens-water-polo/roster/2026
wp_2cf8fb4ef577,Mikka,Von Scherr,,,5-10,70.0,,,water_polo,2025-26,2025,D1,Women,Big West Conference,Cal St. Fullerton,DR,Driver,Sr.,Sr,"La Quinta, Calif.",La Quinta,CA,domestic,La Quinta HS,0,https://fullertontitans.com/sports/womens-water-polo/roster/2026
wp_fdad24151577,Abby,Lockman,,,5-8,68.0,,,water_polo,2025-26,2025,D1,Women,Big West Conference,Cal St. Fullerton,C,Center,So.,So,"Los Gatos, Calif.",Los Gatos,CA,domestic,Los Gatos HS,0,https://fullertontitans.com/sports/womens-water-polo/roster/2026
wp_8f1a88f2a5a3,Hannah,Reekstin,,,5-2,62.0,,,water_polo,2025-26,2025,D1,Women,Big West Conference,Cal St. Fullerton,UTIL,Other,R-Fr.,Fr,"Fullerton, Calif.",Fullerton,CA,domestic,Sunny Hills HS,0,https://fullertontitans.com/sports/womens-water-polo/roster/2026
wp_c80ca2fbb6df,Lotte,Boxsem,,,5-4,64.0,,,water_polo,2025-26,2025,D1,Women,Big West Conference,Cal St. Fullerton,C,Center,Fr.,Fr,"Lelystad, Netherlands",Lelystad,,international,ZPC Het Ravijn,0,https://fullertontitans.com/sports/womens-water-polo/roster/2026
wp_bf43f8b3a6c4,Isabella,Schulze,,Golden West College,5-2,62.0,,,water_polo,2025-26,2025,D1,Women,Big West Conference,Cal St. Fullerton,ATT,Attacker,Sr.,Sr,"Huntington Beach, Calif.",Huntington Beach,CA,domestic,Edison HS,0,https://fullertontitans.com/sports/womens-water-polo/roster/2026
wp_add9666dc665,Stephanie,Hidalgo,,,5-2,62.0,,,water_polo,2025-26,2025,D1,Women,Big West Conference,Cal St. Fullerton,DR,Driver,Sr.,Sr,"Santa Ana, Calif.",Santa Ana,CA,domestic,Godinez Fundamental HS,0,https://fullertontitans.com/sports/womens-water-polo/roster/2026
wp_859997bccddc,Sofia,Moschetti,,,5-2,62.0,,,water_polo,2025-26,2025,D1,Women,Big West Conference,Cal St. Fullerton,ATT,Attacker,Fr.,Fr,"Catania, Sicily, Italy",Catania,,international,Ekipe Orizzonte,0,https://fullertontitans.com/sports/womens-water-polo/roster/2026
wp_de3102e7cd95,Kiana,Kellner,,,5' 8'',68.0,,,water_polo,2025-26,2025,D1,Women,Big West Conference,CSUN,Goalkeeper,Goalkeeper,Jr.,Jr,"Ventura, CA",Ventura,CA,domestic,Ventura HS,0,https://gomatadors.com/sports/womens-water-polo/roster/2026
wp_7b89cdd4f152,Erika,Staine,,,6' 0'',72.0,,,water_polo,2025-26,2025,D1,Women,Big West Conference,CSUN,Goalkeeper,Goalkeeper,Jr.,Jr,"Whittier, CA",Whittier,CA,domestic,Schurr HS,0,https://gomatadors.com/sports/womens-water-polo/roster/2026
wp_82b9654a943d,Marin,Byars,,,5' 7'',67.0,,,water_polo,2025-26,2025,D1,Women,Big West Conference,CSUN,Goalkeeper,Goalkeeper,So.,So,"Davis, CA",Davis,CA,domestic,Sacramento Waldorf School,0,https://gomatadors.com/sports/womens-water-polo/roster/2026
wp_4cf4830fc39c,Mira,Dravucz,,,5' 7'',67.0,,,water_polo,2025-26,2025,D1,Women,Big West Conference,CSUN,Attacker,Attacker,Fr.,Fr,"Budapest, Hungary",Budapest,,international,Kolping Catholic,0,https://gomatadors.com/sports/womens-water-polo/roster/2026
wp_69e0e7a8996b,Marjorie,Krueger,,,5' 9'',69.0,,,water_polo,2025-26,2025,D1,Women,Big West Conference,CSUN,Attacker,Attacker,Fr.,Fr,"Sanger, CA",Sanger,CA,domestic,Sanger HS,0,https://gomatadors.com/sports/womens-water-polo/roster/2026
wp_fd467b980504,Sophia,Cooper,,,6' 0'',72.0,,,water_polo,2025-26,2025,D1,Women,Big West Conference,CSUN,Utility,Utility,Fr.,Fr,"Sydney, NSW, Australia",Sydney,,international,Brigidine College St Ives,0,https://gomatadors.com/sports/womens-water-polo/roster/2026
wp_7dafbe2fe8af,Raygan,Carroll,,,5' 7'',67.0,,,water_polo,2025-26,2025,D1,Women,Big West Conference,CSUN,Utility,Utility,Fr.,Fr,"Wildomar, CA",Wildomar,CA,domestic,Elsinore HS,0,https://gomatadors.com/sports/womens-water-polo/roster/2026
wp_79a2904e6d98,Ella,Furuholmen,,,5' 8'',68.0,,,water_polo,2025-26,2025,D1,Women,Big West Conference,CSUN,Center,Center,Fr.,Fr,"El Cajon, CA",El Cajon,CA,domestic,Grossmont HS,0,https://gomatadors.com/sports/womens-water-polo/roster/2026
wp_e8126b41315e,Kianna,Melvin,,,5' 11'',71.0,,,water_polo,2025-26,2025,D1,Women,Big West Conference,CSUN,Utility,Utility,Sr.,Sr,"Harare, Zimbabwe",Harare,,international,Pearson HS,0,https://gomatadors.com/sports/womens-water-polo/roster/2026
wp_0b8b9e191557,Jade,Cuevas,,,5' 4'',64.0,,,water_polo,2025-26,2025,D1,Women,Big West Conference,CSUN,Attacker,Attacker,Jr.,Jr,"Temple City, CA",Temple City,CA,domestic,Temple City HS,0,https://gomatadors.com/sports/womens-water-polo/roster/2026
wp_b1da43f68ba4,Alexis,Smith,,,5' 6'',66.0,,,water_polo,2025-26,2025,D1,Women,Big West Conference,CSUN,Attacker,Attacker,R-Sr.,Sr,"Merced, CA",Merced,CA,domestic,El Capitan HS,0,https://gomatadors.com/sports/womens-water-polo/roster/2026
wp_18d98c9da5c9,Lucie,Lapuz,,,5' 6'',66.0,,,water_polo,2025-26,2025,D1,Women,Big West Conference,CSUN,Utility,Utility,So.,So,"Davis, CA",Davis,CA,domestic,Davis HS,0,https://gomatadors.com/sports/womens-water-polo/roster/2026
wp_118501354ea7,Ashley,Strickland,,,5' 11'',71.0,,,water_polo,2025-26,2025,D1,Women,Big West Conference,CSUN,Attacker,Attacker,Fr.,Fr,"Clovis, CA",Clovis,CA,domestic,Clovis West HS,0,https://gomatadors.com/sports/womens-water-polo/roster/2026
wp_76641a2d9f97,Abigel,Kiss,,,5' 10'',70.0,,,water_polo,2025-26,2025,D1,Women,Big West Conference,CSUN,Center,Center,So.,So,"Eger, Hungary",Eger,,international,Neumann Janos HS,0,https://gomatadors.com/sports/womens-water-polo/roster/2026
wp_b9a7cd5bee8c,Sofia,Martinez,,,5' 5'',65.0,,,water_polo,2025-26,2025,D1,Women,Big West Conference,CSUN,Utility,Utility,So.,So,"Commerce, CA",Commerce,CA,domestic,Schurr HS,0,https://gomatadors.com/sports/womens-water-polo/roster/2026
wp_4ecefcd9fcda,Dakota,Bumbaca,,,5' 5'',65.0,,,water_polo,2025-26,2025,D1,Women,Big West Conference,CSUN,Utility,Utility,Fr.,Fr,"Sacramento, CA",Sacramento,CA,domestic,Monterey Trail HS,0,https://gomatadors.com/sports/womens-water-polo/roster/2026
wp_6c98add2eb37,Mackenzie,Wood,,,5' 7'',67.0,,,water_polo,2025-26,2025,D1,Women,Big West Conference,CSUN,Attacker,Attacker,So.,So,"Murrieta, CA",Murrieta,CA,domestic,Murrieta Valley HS,0,https://gomatadors.com/sports/womens-water-polo/roster/2026
wp_99d605f51058,Claire,Summers,,,5' 8'',68.0,,,water_polo,2025-26,2025,D1,Women,Big West Conference,CSUN,Attacker,Attacker,Fr.,Fr,"Riverside, CA",Riverside,CA,domestic,Riverside Polytechnic HS,0,https://gomatadors.com/sports/womens-water-polo/roster/2026
wp_59664c64bdf8,Leah,Huisar,,,5' 6'',66.0,,,water_polo,2025-26,2025,D1,Women,Big West Conference,CSUN,Utility,Utility,Sr.,Sr,"Ontario, CA",Ontario,CA,domestic,St. Lucy’s Priory HS,0,https://gomatadors.com/sports/womens-water-polo/roster/2026
wp_73bb368c8650,Charlotte,Echlin,Kinesiology,Wilson HS,5' 10'',70.0,,,water_polo,2025-26,2025,D1,Women,Big West Conference,Long Beach St.,Goalie,Goalkeeper,Jr.,Jr,"Long Beach, Calif.",Long Beach,CA,domestic,Wilson HS,0,https://longbeachstate.com/sports/womens-water-polo/roster/2026
wp_717ac447d340,Kayla,Melville,Art,Irvine HS,5' 7'',67.0,,,water_polo,2025-26,2025,D1,Women,Big West Conference,Long Beach St.,Goalie,Goalkeeper,Jr.,Jr,"Irvine, Calif.",Irvine,CA,domestic,Irvine HS,0,https://longbeachstate.com/sports/womens-water-polo/roster/2026
wp_7e6ab5dd99e6,Polina,Synytsia,Sports Psychology,,5' 10'',70.0,,,water_polo,2025-26,2025,D1,Women,Big West Conference,Long Beach St.,Goalie,Goalkeeper,Fr.,Fr,"Kharkiv, Ukraine",Kharkiv,,international,"Private Lyceum ""Angstrem"" of Kharkiv",0,https://longbeachstate.com/sports/womens-water-polo/roster/2026
wp_177bed5287fa,Addy,Rodwell,Creative Writing,Moe and Joe Johnson HS,6' 0'',72.0,,,water_polo,2025-26,2025,D1,Women,Big West Conference,Long Beach St.,Goalie,Goalkeeper,Fr.,Fr,"Austin, Texas",Austin,TX,domestic,Moe and Joe Johnson HS,0,https://longbeachstate.com/sports/womens-water-polo/roster/2026
wp_e85949fd752a,Jermonie,Billingsly,Business,Woodrow Wilson HS,5' 7'',67.0,,,water_polo,2025-26,2025,D1,Women,Big West Conference,Long Beach St.,Center,Center,So.,So,"Long Beach, Calif.",Long Beach,CA,domestic,Woodrow Wilson HS,0,https://longbeachstate.com/sports/womens-water-polo/roster/2026
wp_646e3b14cf59,Hailey,Multz,Undeclared,St. Francis HS,5' 3'',63.0,,,water_polo,2025-26,2025,D1,Women,Big West Conference,Long Beach St.,Attacker,Attacker,Sr.,Sr,"San Jose, Calif.",San Jose,CA,domestic,St. Francis HS,0,https://longbeachstate.com/sports/womens-water-polo/roster/2026
wp_5ac49e94f661,Rita,Gurri,Fashion and Merchandising,Centre d’Alt Rendiment Sant Cugat,5' 8'',68.0,,,water_polo,2025-26,2025,D1,Women,Big West Conference,Long Beach St.,Defender,Other,So.,So,"Barcelona, Spain",Barcelona,,international,Centre d’Alt Rendiment Sant Cugat,0,https://longbeachstate.com/sports/womens-water-polo/roster/2026
wp_c03e61845594,Elisa,Portillo,Psychology,IES Ortega y Gasset,5' 7'',67.0,,,water_polo,2025-26,2025,D1,Women,Big West Conference,Long Beach St.,Attacker,Attacker,Sr.,Sr,"Madrid, Spain",Madrid,,international,IES Ortega y Gasset,0,https://longbeachstate.com/sports/womens-water-polo/roster/2026
wp_3ac70ebfb775,Grace,Cuozzo,Psychology,Foothill HS,5' 7'',67.0,,,water_polo,2025-26,2025,D1,Women,Big West Conference,Long Beach St.,Attacker,Attacker,Sr.,Sr,"Orange, Calif.",Orange,CA,domestic,Foothill HS,0,https://longbeachstate.com/sports/womens-water-polo/roster/2026
wp_b8e718e8e295,Emma,Vertiz,Marketing,Clovis East HS,5' 10'',70.0,,,water_polo,2025-26,2025,D1,Women,Big West Conference,Long Beach St.,Attacker,Attacker,Jr.,Jr,"Clovis, Calif.",Clovis,CA,domestic,Clovis East HS,0,https://longbeachstate.com/sports/womens-water-polo/roster/2026
wp_208f416bde88,Chiara,Amoroso,Undeclared,Newport Harbor HS,5' 10'',70.0,,,water_polo,2025-26,2025,D1,Women,Big West Conference,Long Beach St.,Utility,Utility,Jr.,Jr,"Newport Beach, Calif.",Newport Beach,CA,domestic,Newport Harbor HS,0,https://longbeachstate.com/sports/womens-water-polo/roster/2026
wp_21cefc17e2f9,Emma,Seehafer,Business Management,Humboldtschule Hannover,5' 7'',67.0,,,water_polo,2025-26,2025,D1,Women,Big West Conference,Long Beach St.,Utility,Utility,Sr.,Sr,"Hanover, Germany",Hanover,,international,Humboldtschule Hannover,0,https://longbeachstate.com/sports/womens-water-polo/roster/2026
wp_229df6244be3,Elyana,Goren,Communications,Palisades Charter HS,5' 10'',70.0,,,water_polo,2025-26,2025,D1,Women,Big West Conference,Long Beach St.,Utility,Utility,Sr.,Sr,"Venice, Calif.",Venice,CA,domestic,Palisades Charter HS,0,https://longbeachstate.com/sports/womens-water-polo/roster/2026
wp_a6459207d12b,Lucy,Miszewski,Consumer Affairs,San Jose State,6' 0'',72.0,,,water_polo,2025-26,2025,D1,Women,Big West Conference,Long Beach St.,Utility,Utility,Sr.,Sr,"Cape Town, South Africa",Cape Town,,international,Herschel Girls High School,0,https://longbeachstate.com/sports/womens-water-polo/roster/2026
wp_b528d0c2067f,Zelma,Koka,Kinesiology,Maimonidész Angol-Magyar Gimnázium,5' 7'',67.0,,,water_polo,2025-26,2025,D1,Women,Big West Conference,Long Beach St.,Defender,Other,So.,So,"Budapest, Hungary",Budapest,,international,Maimonidész Angol-Magyar Gimnázium,0,https://longbeachstate.com/sports/womens-water-polo/roster/2026
wp_219f10376aac,Jaeden,Baker,Accounting,Lake Washington HS,5' 8'',68.0,,,water_polo,2025-26,2025,D1,Women,Big West Conference,Long Beach St.,Attacker,Attacker,R-Fr.,Fr,"Kirkland, Wash.",Kirkland,WA,domestic,Lake Washington HS,0,https://longbeachstate.com/sports/womens-water-polo/roster/2026
wp_da1bdcfd7d08,Daniela,Quinzada,Marketing,Institut Centre d’Alt Rendiment,5' 7'',67.0,,,water_polo,2025-26,2025,D1,Women,Big West Conference,Long Beach St.,Utility,Utility,So.,So,"Barcelona, Spain",Barcelona,,international,Institut Centre d’Alt Rendiment,0,https://longbeachstate.com/sports/womens-water-polo/roster/2026
wp_eac182e6f0f7,Emelia,Rasner,Speech Pathology,Redwood HS,5' 7'',67.0,,,water_polo,2025-26,2025,D1,Women,Big West Conference,Long Beach St.,Attacker,Attacker,Fr.,Fr,"Visalia, Calif.",Visalia,CA,domestic,Redwood HS,0,https://longbeachstate.com/sports/womens-water-polo/roster/2026
wp_8b9676e9ec7d,Gaby,Patenaude,Kinesiology,olyvalente Chanoine-Armand-Racicot,5' 11'',71.0,,,water_polo,2025-26,2025,D1,Women,Big West Conference,Long Beach St.,Center,Center,So.,So,"St-Jean-sur-Richelieu, QC, Canada",St-Jean-sur-Richelieu,,international,Polyvalente Chanoine-Armand-Racicot,0,https://longbeachstate.com/sports/womens-water-polo/roster/2026
wp_c9e335eed3c3,Angeliki,Arroyo,Kinesiology,Woodrow Wilson HS,5' 7'',67.0,,,water_polo,2025-26,2025,D1,Women,Big West Conference,Long Beach St.,Attacker,Attacker,Fr.,Fr,"Long Beach, Calif.",Long Beach,CA,domestic,Woodrow Wilson HS,0,https://longbeachstate.com/sports/womens-water-polo/roster/2026
wp_6d148df2d0e4,Ronny,Gazit,Kinesiology,,5' 7'',67.0,,,water_polo,2025-26,2025,D1,Women,Big West Conference,Long Beach St.,Defender,Other,Fr.,Fr,"Tel Aviv, Israel",Tel Aviv,,international,Alliance HS,0,https://longbeachstate.com/sports/womens-water-polo/roster/2026
wp_70b553a92c7f,Morgan,Payne,Business FInance,El Camino HS,5' 5'',65.0,,,water_polo,2025-26,2025,D1,Women,Big West Conference,Long Beach St.,Attacker,Attacker,Fr.,Fr,"Oceanside, Calif.",Oceanside,CA,domestic,El Camino HS,0,https://longbeachstate.com/sports/womens-water-polo/roster/2026
wp_7eadf14b2f51,Brooklyn,Plomp,Business,Alcalanes HS,5' 8'',68.0,,,water_polo,2025-26,2025,D1,Women,Big West Conference,Long Beach St.,Attacker,Attacker,So.,So,"Ottawa, ON, Canada",Ottawa,,international,Alcalanes HS,0,https://longbeachstate.com/sports/womens-water-polo/roster/2026
wp_cfd4a2fd4283,Coryn,Cavecche,,Long Beach City College,5' 9'',69.0,,,water_polo,2025-26,2025,D1,Women,Big West Conference,Long Beach St.,Goalie,Goalkeeper,Jr.,Jr,"Huntington Beach, Calif.",Huntington Beach,CA,domestic,Edison HS,0,https://longbeachstate.com/sports/womens-water-polo/roster/2026
wp_dca4f96a8319,Sutchie,Ofori-Nyako,,,5-6,66.0,,,water_polo,2025-26,2025,D1,Women,Ivy League,Harvard,GK,Goalkeeper,Sr.,Sr,"Palo Alto, Calif.",Palo Alto,CA,domestic,Castilleja School,0,https://gocrimson.com/sports/womens-water-polo/roster/2026
wp_a4769b02af28,Orli,Cooper,,,6-2,74.0,,,water_polo,2025-26,2025,D1,Women,Ivy League,Harvard,GK,Goalkeeper,So.,So,"Greensboro, NC",Greensboro,NC,domestic,,0,https://gocrimson.com/sports/womens-water-polo/roster/2026
wp_b5cbdbeadce1,Lucy,Berkman,,,5-7,67.0,,,water_polo,2025-26,2025,D1,Women,Ivy League,Harvard,AT,Other,Jr.,Jr,"Orinda, Calif.",Orinda,CA,domestic,Miramonte High School,0,https://gocrimson.com/sports/womens-water-polo/roster/2026
wp_00e06fca7326,Heidi,Heffelfinger,,,6-0,72.0,,,water_polo,2025-26,2025,D1,Women,Ivy League,Harvard,UT,Utility,Sr.,Sr,"Lafayette, Calif.",Lafayette,CA,domestic,Acalanes,0,https://gocrimson.com/sports/womens-water-polo/roster/2026
wp_2238ccf8d416,Beatrice,Hearey,,,,,,,water_polo,2025-26,2025,D1,Women,Ivy League,Harvard,AT,Other,Fy,Fr,"Orinda, Calif",Orinda,CA,domestic,Miramonte High School,0,https://gocrimson.com/sports/womens-water-polo/roster/2026
wp_1688bd0ce037,Serafina,Cortez,,,5-5,65.0,,,water_polo,2025-26,2025,D1,Women,Ivy League,Harvard,AT,Other,Jr.,Jr,"Redwood City, Calif.",Redwood City,CA,domestic,Castilleja School,0,https://gocrimson.com/sports/womens-water-polo/roster/2026
wp_fe67f5a4a854,Sofia,Wang,,,,,,,water_polo,2025-26,2025,D1,Women,Ivy League,Harvard,UT,Utility,Fy,Fr,"Greenwich, Conn.",Greenwich,CT,domestic,Greenwich High School,0,https://gocrimson.com/sports/womens-water-polo/roster/2026
wp_6115d1c6d0b3,Ella,Schneider,,,5-10,70.0,,,water_polo,2025-26,2025,D1,Women,Ivy League,Harvard,UT,Utility,Sr.,Sr,"San Clemente, Calif.",San Clemente,CA,domestic,Santa Margarita Catholic,0,https://gocrimson.com/sports/womens-water-polo/roster/2026
wp_5aa72c85bb29,Maya,O'Dea,,,5-6,66.0,,,water_polo,2025-26,2025,D1,Women,Ivy League,Harvard,AT,Other,Jr.,Jr,"Long Beach, Calif.",Long Beach,CA,domestic,Woodrow Wilson High School,0,https://gocrimson.com/sports/womens-water-polo/roster/2026
wp_391d50879691,Lily,Britt,,,5-9,69.0,,,water_polo,2025-26,2025,D1,Women,Ivy League,Harvard,AT,Other,Jr.,Jr,"Newport Beach, Calif.",Newport Beach,CA,domestic,Corona del Mar High School,0,https://gocrimson.com/sports/womens-water-polo/roster/2026
wp_41b3abb59474,Petra,Klemm,,,,,,,water_polo,2025-26,2025,D1,Women,Ivy League,Harvard,C,Center,Fy,Fr,"Budapest, Hungary",Budapest,,international,ELTE Apáczai Csere János Gyakorló Gimnázium és Kollégium,0,https://gocrimson.com/sports/womens-water-polo/roster/2026
wp_4dd79c428e92,Sofia,Del Villar,,,5-3,63.0,,,water_polo,2025-26,2025,D1,Women,Ivy League,Harvard,AT,Other,So.,So,"Newport Beach, Calif.",Newport Beach,CA,domestic,Newport Harbor High School,0,https://gocrimson.com/sports/womens-water-polo/roster/2026
wp_d3b7cf013ef7,Emma,Gilbert,,,5-9,69.0,,,water_polo,2025-26,2025,D1,Women,Ivy League,Harvard,CD,Other,Jr.,Jr,"Santa Barbara, Calif.",Santa Barbara,CA,domestic,Dos Pueblos High School,0,https://gocrimson.com/sports/womens-water-polo/roster/2026
wp_68144d782783,Lucy,Levenberg-Penklis,,,,,,,water_polo,2025-26,2025,D1,Women,Ivy League,Harvard,UT,Utility,Fy,Fr,"Sydney, Australia",Sydney,,international,Meriden School,0,https://gocrimson.com/sports/womens-water-polo/roster/2026
wp_72184c22ef5e,Niki,Piovan,,,5-7,67.0,,,water_polo,2025-26,2025,D1,Women,Ivy League,Harvard,D,Driver,So.,So,"Vouliagmeni, Greece",Vouliagmeni,,international,HAEF Athens College,0,https://gocrimson.com/sports/womens-water-polo/roster/2026
wp_fe8c3d0b6567,Lindsey,Lucas,,,,,,,water_polo,2025-26,2025,D1,Women,Ivy League,Princeton,G,Goalkeeper,Sr.,Sr,"Orinda, Calif.",Orinda,CA,domestic,Miramonte,0,https://goprincetontigers.com/sports/womens-water-polo/roster/2026
wp_b41945f12318,CJ,Weigel,,,,,,,water_polo,2025-26,2025,D1,Women,Ivy League,Princeton,G,Goalkeeper,Jr.,Jr,"Riverside, Conn.",Riverside,CT,domestic,Greenwich,0,https://goprincetontigers.com/sports/womens-water-polo/roster/2026
wp_02743971fe7e,Sophie,Bollyky Purcell,,,,,,,water_polo,2025-26,2025,D1,Women,Ivy League,Princeton,G,Goalkeeper,Fr.,Fr,"New York, N.Y.",New York,NY,domestic,The Chapin School,0,https://goprincetontigers.com/sports/womens-water-polo/roster/2026
wp_e8ce0fbe2e3e,Shanna,Davidson,,,,,,,water_polo,2025-26,2025,D1,Women,Ivy League,Princeton,UTL,Utility,Sr.,Sr,"Huntington Beach, Calif.",Huntington Beach,CA,domestic,Los Alamitos,0,https://goprincetontigers.com/sports/womens-water-polo/roster/2026
wp_cc97cf4f5798,Margaret,Brandin,,,,,,,water_polo,2025-26,2025,D1,Women,Ivy League,Princeton,ATT,Attacker,So.,So,"Menlo Park, Calif.",Menlo Park,CA,domestic,Sacred Heart Prep,1,https://goprincetontigers.com/sports/womens-water-polo/roster/2026
wp_7ca58631c97f,Charlotte,Riches,,,,,,,water_polo,2025-26,2025,D1,Women,Ivy League,Princeton,2M,Center,Jr.,Jr,"Laguna Beach, Calif.",Laguna Beach,CA,domestic,Laguna Beach,0,https://goprincetontigers.com/sports/womens-water-polo/roster/2026
wp_39393c595927,Emese,Batizi,,,,,,,water_polo,2025-26,2025,D1,Women,Ivy League,Princeton,UTL,Utility,So.,So,"Budapest, Hungary",Budapest,,international,Szent István Gimnázium,0,https://goprincetontigers.com/sports/womens-water-polo/roster/2026
wp_696246338435,Olivia,Krotts,,,,,,,water_polo,2025-26,2025,D1,Women,Ivy League,Princeton,UTL,Utility,Jr.,Jr,"Laguna Beach, Calif.",Laguna Beach,CA,domestic,Mater Dei,0,https://goprincetontigers.com/sports/womens-water-polo/roster/2026
wp_427e7780a987,Hadley,Harbilas,,,,,,,water_polo,2025-26,2025,D1,Women,Ivy League,Princeton,ATT,Attacker,So.,So,"Newport Beach, Calif.",Newport Beach,CA,domestic,Mater Dei,0,https://goprincetontigers.com/sports/womens-water-polo/roster/2026
wp_f8550b2bd375,Katie,McCullough,,,,,,,water_polo,2025-26,2025,D1,Women,Ivy League,Princeton,UTL,Utility,Fr.,Fr,"Wynnewood, Pa.",Wynnewood,PA,domestic,The Baldwin School,0,https://goprincetontigers.com/sports/womens-water-polo/roster/2026
wp_49fbe3491bc3,Ally,Lurie,,,,,,,water_polo,2025-26,2025,D1,Women,Ivy League,Princeton,UTL,Utility,Jr.,Jr,"Orinda, Calif.",Orinda,CA,domestic,Miramonte,0,https://goprincetontigers.com/sports/womens-water-polo/roster/2026
wp_e5eba3590858,Didi,Evans,,,,,,,water_polo,2025-26,2025,D1,Women,Ivy League,Princeton,ATT,Attacker,Fr.,Fr,"Corona del Mar, Calif.",Corona del Mar,CA,domestic,Corona del Mar,0,https://goprincetontigers.com/sports/womens-water-polo/roster/2026
wp_15078b81894b,Abby,Folk,,,,,,,water_polo,2025-26,2025,D1,Women,Ivy League,Princeton,UTL,Utility,Fr.,Fr,"Ashburn, Ontario, Canada",Ashburn,,international,Port Perry,0,https://goprincetontigers.com/sports/womens-water-polo/roster/2026
wp_dc4e05432506,Vivian,Golub,,,,,,,water_polo,2025-26,2025,D1,Women,Ivy League,Princeton,CD,Other,Fr.,Fr,"Woodside, Calif.",Woodside,CA,domestic,Sacred Heart Prep,1,https://goprincetontigers.com/sports/womens-water-polo/roster/2026
wp_44c7a42d0b70,Kendall,Wyer,,,,,,,water_polo,2025-26,2025,D1,Women,Ivy League,Princeton,ATT,Attacker,So.,So,"La Jolla, Calif.",La Jolla,CA,domestic,The Bishops School,0,https://goprincetontigers.com/sports/womens-water-polo/roster/2026
wp_7ca5ff9c0515,Ava,Houlahan,,,,,,,water_polo,2025-26,2025,D1,Women,Ivy League,Princeton,ATT,Attacker,Sr.,Sr,"Laguna Beach, Calif.",Laguna Beach,CA,domestic,Laguna Beach,0,https://goprincetontigers.com/sports/womens-water-polo/roster/2026
wp_181dacae0f05,Sarah,Decker,,,5' 8'',68.0,,,water_polo,2025-26,2025,D1,Women,Ivy League,Brown,GK,Goalkeeper,Jr.,Jr,"Newport Beach, Calif.",Newport Beach,CA,domestic,Corona Del Mar,0,https://brownbears.com/sports/womens-water-polo/roster/2026
wp_f5b427faae66,Somto,Okafo,,,6' 0'',72.0,,,water_polo,2025-26,2025,D1,Women,Ivy League,Brown,GK,Goalkeeper,So.,So,"Southlake, Texas",Southlake,TX,domestic,Carroll Senior,0,https://brownbears.com/sports/womens-water-polo/roster/2026
wp_27bb4fe1b3aa,Madeleine,Poissonnier,,,6' 1'',73.0,,,water_polo,2025-26,2025,D1,Women,Ivy League,Brown,CD,Other,Sr.,Sr,"Tustin, Calif.",Tustin,CA,domestic,Foothill,0,https://brownbears.com/sports/womens-water-polo/roster/2026
wp_1d9db86a751e,Emmy,Hensley,,,5' 6'',66.0,,,water_polo,2025-26,2025,D1,Women,Ivy League,Brown,A,Attacker,So.,So,"Laguna Beach, Calif.",Laguna Beach,CA,domestic,Laguna Beach,0,https://brownbears.com/sports/womens-water-polo/roster/2026
wp_817ce46eeab1,Hana,Homma,,,5' 8'',68.0,,,water_polo,2025-26,2025,D1,Women,Ivy League,Brown,A,Attacker,Sr.,Sr,"Huntington Beach, Calif.",Huntington Beach,CA,domestic,Huntington Beach,0,https://brownbears.com/sports/womens-water-polo/roster/2026
wp_39b22830564e,Ellen,Norell,,,6' 0'',72.0,,,water_polo,2025-26,2025,D1,Women,Ivy League,Brown,CD,Other,Jr.,Jr,"Greenwich, Conn.",Greenwich,CT,domestic,Greenwich,0,https://brownbears.com/sports/womens-water-polo/roster/2026
wp_6317d516efdc,Sabrina,Shipley,,,5' 7'',67.0,,,water_polo,2025-26,2025,D1,Women,Ivy League,Brown,A,Attacker,Sr.,Sr,"Miami, Fla.",Miami,FL,domestic,Ransom Everglades,0,https://brownbears.com/sports/womens-water-polo/roster/2026
wp_ec0f3152584e,Cleo,Washer,,,5' 7'',67.0,,,water_polo,2025-26,2025,D1,Women,Ivy League,Brown,A,Attacker,Jr.,Jr,"Laguna Beach, Calif.",Laguna Beach,CA,domestic,Laguna Beach,0,https://brownbears.com/sports/womens-water-polo/roster/2026
wp_16166a217aef,Aubrie,Anderson,,,5' 9'',69.0,,,water_polo,2025-26,2025,D1,Women,Ivy League,Brown,A,Attacker,Jr.,Jr,"Newport Beach, Calif.",Newport Beach,CA,domestic,Corona Del Mar,0,https://brownbears.com/sports/womens-water-polo/roster/2026
wp_8337a441f343,Gaby,Montalvo,,,5' 7'',67.0,,,water_polo,2025-26,2025,D1,Women,Ivy League,Brown,C,Center,Jr.,Jr,"Miami, Fla.",Miami,FL,domestic,Gulliver Prep,1,https://brownbears.com/sports/womens-water-polo/roster/2026
wp_9fefb7681d4a,Ella,Palmer,,,5' 7'',67.0,,,water_polo,2025-26,2025,D1,Women,Ivy League,Brown,C,Center,Sr.,Sr,"Auckland, New Zealand",Auckland,,international,St. Cuthbert's College,0,https://brownbears.com/sports/womens-water-polo/roster/2026
wp_fd68e9ec47f9,Sofia,Flierl,,,6' 1'',73.0,,,water_polo,2025-26,2025,D1,Women,Ivy League,Brown,C,Center,Fr.,Fr,"Menlo Park, Calif.",Menlo Park,CA,domestic,Menlo School,0,https://brownbears.com/sports/womens-water-polo/roster/2026
wp_65c8e6783f34,Ava,Schoening,,,5' 11'',71.0,,,water_polo,2025-26,2025,D1,Women,Ivy League,Brown,U,Utility,So.,So,"Seattle, Wash.",Seattle,WA,domestic,Corona Del Mar,0,https://brownbears.com/sports/womens-water-polo/roster/2026
wp_256ded932db0,Megan,Newby,,,5' 6'',66.0,,,water_polo,2025-26,2025,D1,Women,Ivy League,Brown,A,Attacker,Fr.,Fr,"Atherton, Calif.",Atherton,CA,domestic,Sacred Heart Preparatory,1,https://brownbears.com/sports/womens-water-polo/roster/2026
wp_6cad4368cada,Alexandra,Love,,,5' 9'',69.0,,,water_polo,2025-26,2025,D1,Women,Ivy League,Brown,A,Attacker,Sr.,Sr,"Newport Beach, Calif.",Newport Beach,CA,domestic,Newport Harbor,0,https://brownbears.com/sports/womens-water-polo/roster/2026
wp_b0c7f8a971f2,Audrey,Long,,,5' 9'',69.0,,,water_polo,2025-26,2025,D1,Women,Ivy League,Brown,A,Attacker,Fr.,Fr,"Newport Beach, Calif.",Newport Beach,CA,domestic,Corona Del Mar,0,https://brownbears.com/sports/womens-water-polo/roster/2026
wp_357c89797fae,Skye,Andros,,,5' 8'',68.0,,,water_polo,2025-26,2025,D1,Women,Ivy League,Brown,C,Center,So.,So,"Annapolis, Md.",Annapolis,MD,domestic,Archbishop Spalding,0,https://brownbears.com/sports/womens-water-polo/roster/2026
wp_76cdbc77b3b8,Samantha,Kim,,,5' 11'',71.0,,,water_polo,2025-26,2025,D1,Women,Ivy League,Brown,U,Utility,So.,So,"Orange, Calif.",Orange,CA,domestic,Orange Lutheran,0,https://brownbears.com/sports/womens-water-polo/roster/2026
wp_ac8523da90e7,Sofia,Holman,,,5' 9'',69.0,,,water_polo,2025-26,2025,D1,Women,Ivy League,Brown,U,Utility,So.,So,"La Jolla, Calif.",La Jolla,CA,domestic,The Bishop's School,0,https://brownbears.com/sports/womens-water-polo/roster/2026
wp_5c13bfd120a5,Margot,Gibbons,,,,,,,water_polo,2025-26,2025,D1,Women,Ivy League,Brown,A,Attacker,Sr.,Sr,"Menlo Park, Calif.",Menlo Park,CA,domestic,Sacred Heart Preparatory,1,https://brownbears.com/sports/womens-water-polo/roster/2026
wp_40ccfa86fe5f,Hanna,Tidrenczel,,,5' 10'',70.0,,,water_polo,2025-26,2025,D1,Women,Ivy League,Brown,UT,Utility,Jr.,Jr,"Budapest, Hungary",Budapest,,international,Korösi Csoma Sándor Bilingual Baptist,0,https://brownbears.com/sports/womens-water-polo/roster/2026
wp_b73ecbd71d3b,MJ,Metzdorf,Criminal justice,,5-8,68.0,,,water_polo,2025-26,2025,D1,Women,Metro Atlantic Athletic Conference,Iona,GK,Goalkeeper,Fr.,Fr,"Casselberry, FL",Casselberry,FL,domestic,Lake Brantley,0,https://ionagaels.com/sports/womens-water-polo/roster/2026
wp_924361a1bb67,Maleah,Penman,Marketing,,5-11,71.0,,,water_polo,2025-26,2025,D1,Women,Metro Atlantic Athletic Conference,Iona,UT,Utility,Jr.,Jr,"Carlsbad, CA",Carlsbad,CA,domestic,Carlsbad,0,https://ionagaels.com/sports/womens-water-polo/roster/2026
wp_31d58231553f,Grace,Goldhammer,Undecided,,5-5,65.0,,,water_polo,2025-26,2025,D1,Women,Metro Atlantic Athletic Conference,Iona,A,Attacker,So.,So,"San Antonio, TX",San Antonio,TX,domestic,Louis D. Brandeis,0,https://ionagaels.com/sports/womens-water-polo/roster/2026
wp_bd17fd1e2698,Ella,Ferguson,English,,5-7,67.0,,,water_polo,2025-26,2025,D1,Women,Metro Atlantic Athletic Conference,Iona,CD,Other,So.,So,"Haleiwa, HI",Haleiwa,HI,domestic,Lakeridge,0,https://ionagaels.com/sports/womens-water-polo/roster/2026
wp_0ecb0c2cb62a,Nicole,Morrison,Business Analytics & Information Systems,,5-9,69.0,,,water_polo,2025-26,2025,D1,Women,Metro Atlantic Athletic Conference,Iona,UT,Utility,So.,So,"Glasgow, Great Britain",Glasgow,,international,Greenfaulds,0,https://ionagaels.com/sports/womens-water-polo/roster/2026
wp_94749a422783,Fiona,Rowe,Biology Pre-PT,,5-4,64.0,,,water_polo,2025-26,2025,D1,Women,Metro Atlantic Athletic Conference,Iona,UT,Utility,Fr.,Fr,"Colmar, PA",Colmar,PA,domestic,North Penn,0,https://ionagaels.com/sports/womens-water-polo/roster/2026
wp_eadcd2b78931,Olivia,Weissman,Psychology,,5-9,69.0,,,water_polo,2025-26,2025,D1,Women,Metro Atlantic Athletic Conference,Iona,UT,Utility,So.,So,"Fort Lauderdale, FL",Fort Lauderdale,FL,domestic,Westminster Academy,1,https://ionagaels.com/sports/womens-water-polo/roster/2026
wp_413272240c4c,Sarah,Snider,Economics,,5-8,68.0,,,water_polo,2025-26,2025,D1,Women,Metro Atlantic Athletic Conference,Iona,C,Center,Fr.,Fr,"Columbus, OH",Columbus,OH,domestic,Upper Arlington,0,https://ionagaels.com/sports/womens-water-polo/roster/2026
wp_7335530e96ef,Mikayla,Arthur,Speech Pathology,,5-3,63.0,,,water_polo,2025-26,2025,D1,Women,Metro Atlantic Athletic Conference,Iona,UT,Utility,So.,So,"Sinking Spring, PA",Sinking Spring,PA,domestic,Wilson High School,0,https://ionagaels.com/sports/womens-water-polo/roster/2026
wp_a3833d5952b7,Blaize,Penso,Biology,,5-8,68.0,,,water_polo,2025-26,2025,D1,Women,Metro Atlantic Athletic Conference,Iona,UT,Utility,So.,So,"Winter Park, FL",Winter Park,FL,domestic,Lake Howell,0,https://ionagaels.com/sports/womens-water-polo/roster/2026
wp_f1547135b36c,Anna,O'Malley,Early Childhood Education,,5-3,63.0,,,water_polo,2025-26,2025,D1,Women,Metro Atlantic Athletic Conference,Iona,C,Center,So.,So,"Ambler, PA",Ambler,PA,domestic,Upper Dublin,0,https://ionagaels.com/sports/womens-water-polo/roster/2026
wp_6d4875d7e5e4,Alyson,DePalma,Biology,,5-5,65.0,,,water_polo,2025-26,2025,D1,Women,Metro Atlantic Athletic Conference,Iona,UT,Utility,So.,So,"Collegeville, PA",Collegeville,PA,domestic,Perkiomen Valley,0,https://ionagaels.com/sports/womens-water-polo/roster/2026
wp_94d8e1e668a6,Lola,Trujillo,Criminal Justice,,5-9,69.0,,,water_polo,2025-26,2025,D1,Women,Metro Atlantic Athletic Conference,Iona,UT,Utility,Sr.,Sr,"Fulshear, TX",Fulshear,TX,domestic,Foster High,0,https://ionagaels.com/sports/womens-water-polo/roster/2026
wp_30962e3417fa,Sadie,Sallas,Speech Pathology,,6-3,75.0,,,water_polo,2025-26,2025,D1,Women,Metro Atlantic Athletic Conference,Iona,C,Center,Sr.,Sr,"Corinth, TX",Corinth,TX,domestic,John H Guyer,0,https://ionagaels.com/sports/womens-water-polo/roster/2026
wp_29c236ade55c,Bailey,Desmond,Computer Science,,5-6,66.0,,,water_polo,2025-26,2025,D1,Women,Metro Atlantic Athletic Conference,Iona,A,Attacker,So.,So,"Corona, CA",Corona,CA,domestic,Centennial,0,https://ionagaels.com/sports/womens-water-polo/roster/2026
wp_64563fdfdacc,Vanessa,McNabb,Psychology,,6-1,73.0,,,water_polo,2025-26,2025,D1,Women,Metro Atlantic Athletic Conference,Iona,C,Center,R-So.,So,"Surrey, Canada",Surrey,,international,Pacific Academy,1,https://ionagaels.com/sports/womens-water-polo/roster/2026
wp_c676588abea8,Savana,Slaughter,,,5-11,71.0,,,water_polo,2025-26,2025,D1,Women,Metro Atlantic Athletic Conference,Siena,Goalie,Goalkeeper,So.,So,"Carrollton, TX",Carrollton,TX,domestic,Hebron,0,https://sienasaints.com/sports/womens-water-polo/roster/2026
wp_47e769c1424d,Julia,Hough,,Kingswood College,5-7,67.0,,,water_polo,2025-26,2025,D1,Women,Metro Atlantic Athletic Conference,Siena,Goalie,Goalkeeper,So.,So,"Grahamstown/Makhando, South Africa",Grahamstown/Makhando,,international,Kingswood College,0,https://sienasaints.com/sports/womens-water-polo/roster/2026
wp_e00a881b9cb6,Lucia,Fernandez Caballero,,,5-10,70.0,,,water_polo,2025-26,2025,D1,Women,Metro Atlantic Athletic Conference,Siena,Attacker,Attacker,Jr.,Jr,"Mataro, Spain",Mataro,,international,Sant Antoni de Padua,0,https://sienasaints.com/sports/womens-water-polo/roster/2026
wp_a120021ad150,Bianca,Kennerley,,,5-9,69.0,,,water_polo,2025-26,2025,D1,Women,Metro Atlantic Athletic Conference,Siena,Utility,Utility,Sr.,Sr,"Johannesburg, South Africa",Johannesburg,,international,St. Stithians College,0,https://sienasaints.com/sports/womens-water-polo/roster/2026
wp_be53e1025201,Rebecca,Currie,,,5-9,69.0,,,water_polo,2025-26,2025,D1,Women,Metro Atlantic Athletic Conference,Siena,Attacker,Attacker,Jr.,Jr,"Johannesburg, South Africa",Johannesburg,,international,Crawford Lonehill College,0,https://sienasaints.com/sports/womens-water-polo/roster/2026
wp_099f8c3e7576,Parker,Thomas,,,5-7,67.0,,,water_polo,2025-26,2025,D1,Women,Metro Atlantic Athletic Conference,Siena,Utility,Utility,Sr.,Sr,"Mount Maunganui, New Zealand",Mount Maunganui,,international,Rockwall (TX),0,https://sienasaints.com/sports/womens-water-polo/roster/2026
wp_6ffda4a229c1,Jade,Arnold,,,,,,,water_polo,2025-26,2025,D1,Women,Metro Atlantic Athletic Conference,Siena,Attacker,Attacker,Fr.,Fr,"Canberra, Australia",Canberra,,international,Hawker College,0,https://sienasaints.com/sports/womens-water-polo/roster/2026
wp_e2a1b1bd607d,Stella,Chopskie,,,5-7,67.0,,,water_polo,2025-26,2025,D1,Women,Metro Atlantic Athletic Conference,Siena,Attacker,Attacker,Sr.,Sr,"La Jolla, CA",La Jolla,CA,domestic,La Jolla,0,https://sienasaints.com/sports/womens-water-polo/roster/2026
wp_549597874dc3,Catherine,Williamson,,,5-8,68.0,,,water_polo,2025-26,2025,D1,Women,Metro Atlantic Athletic Conference,Siena,Attacker,Attacker,Jr.,Jr,"Grahamstown, South Africa",Grahamstown,,international,Kingswood College,0,https://sienasaints.com/sports/womens-water-polo/roster/2026
wp_bb59009f92e7,Quincy,Frommelt,,,5-9,69.0,,,water_polo,2025-26,2025,D1,Women,Metro Atlantic Athletic Conference,Siena,Center Forward,Center,Jr.,Jr,"Napa, CA",Napa,CA,domestic,Napa,0,https://sienasaints.com/sports/womens-water-polo/roster/2026
wp_02c89a5c29ff,Audrey,Lacey,,,5-6,66.0,,,water_polo,2025-26,2025,D1,Women,Metro Atlantic Athletic Conference,Siena,Utility,Utility,Sr.,Sr,"Regina, SK",Regina,,international,Martin Collegiate,0,https://sienasaints.com/sports/womens-water-polo/roster/2026
wp_8052a8a6cc10,Samantha,Varrie,,,6-0,72.0,,,water_polo,2025-26,2025,D1,Women,Metro Atlantic Athletic Conference,Siena,Center Back,Center,Sr.,Sr,"Johannesburg, South Africa",Johannesburg,,international,St. Stithians College,0,https://sienasaints.com/sports/womens-water-polo/roster/2026
wp_5394b1212915,Ava,Pawlik,,,5-6,66.0,,,water_polo,2025-26,2025,D1,Women,Metro Atlantic Athletic Conference,Siena,Attacker,Attacker,Jr.,Jr,"Flower Mound, TX",Flower Mound,TX,domestic,Flower Mound,0,https://sienasaints.com/sports/womens-water-polo/roster/2026
wp_d3eda5d1e452,Allyson,Ricciardi,,,5-10,70.0,,,water_polo,2025-26,2025,D1,Women,Metro Atlantic Athletic Conference,Siena,Center,Center,So.,So,"Sellersville, PA",Sellersville,PA,domestic,Pennridge,0,https://sienasaints.com/sports/womens-water-polo/roster/2026
wp_3a297ed7f882,Georgia,Ellison,,,5-7,67.0,,,water_polo,2025-26,2025,D1,Women,Metro Atlantic Athletic Conference,Siena,Center Defense,Center,Jr.,Jr,"Canberra, Australia",Canberra,,international,St John Paul II College,0,https://sienasaints.com/sports/womens-water-polo/roster/2026
wp_6d882cf301cd,Sawyer,Weakland,,,5-2,62.0,,,water_polo,2025-26,2025,D1,Women,Metro Atlantic Athletic Conference,Siena,Driver/Utility,Multi,Fr.,Fr,"Jacksonville, FL",Jacksonville,FL,domestic,Episcopal School,0,https://sienasaints.com/sports/womens-water-polo/roster/2026
wp_7f147a9d6489,Sarah,Tenney,,,5-3,63.0,,,water_polo,2025-26,2025,D1,Women,Metro Atlantic Athletic Conference,Siena,Attacker,Attacker,Jr.,Jr,"San Diego, CA",San Diego,CA,domestic,Eastlake,0,https://sienasaints.com/sports/womens-water-polo/roster/2026
wp_c5ca40962911,Ava,Vesey,,,5-6,66.0,,,water_polo,2025-26,2025,D1,Women,Metro Atlantic Athletic Conference,Siena,Attacker,Attacker,So.,So,"Perkasie, PA",Perkasie,PA,domestic,Pennridge,0,https://sienasaints.com/sports/womens-water-polo/roster/2026
wp_7db3d42f5695,Olivia,Smith,,,5-3,63.0,,,water_polo,2025-26,2025,D1,Women,Metro Atlantic Athletic Conference,Siena,Utility,Utility,Jr.,Jr,"Brooklyn, NY",Brooklyn,NY,domestic,Beacon,0,https://sienasaints.com/sports/womens-water-polo/roster/2026
wp_b9433cbf8487,Keygan,Monahan,,,5-7,67.0,,,water_polo,2025-26,2025,D1,Women,Metro Atlantic Athletic Conference,Siena,Utility,Utility,Fr.,Fr,"Chelsea, MI",Chelsea,MI,domestic,Chelsea,0,https://sienasaints.com/sports/womens-water-polo/roster/2026
wp_d431f10d1900,Sienna,Hoff,,,5-7,67.0,,,water_polo,2025-26,2025,D1,Women,Metro Atlantic Athletic Conference,Siena,Attacker,Attacker,Fr.,Fr,"Tualatin, OR",Tualatin,OR,domestic,Tualatin,0,https://sienasaints.com/sports/womens-water-polo/roster/2026
wp_689114f7974d,Jalia,Kacsh,,,5-7,67.0,,,water_polo,2025-26,2025,D1,Women,Metro Atlantic Athletic Conference,Siena,Attacker,Attacker,Fr.,Fr,"Schaumburg, IL",Schaumburg,IL,domestic,Schaumburg,0,https://sienasaints.com/sports/womens-water-polo/roster/2026
wp_41bf5a684286,Annika,Hayduchok,,,5-8,68.0,,,water_polo,2025-26,2025,D1,Women,Metro Atlantic Athletic Conference,Siena,Center Defense,Center,Fr.,Fr,"Houston, TX",Houston,TX,domestic,Cypress Creek,0,https://sienasaints.com/sports/womens-water-polo/roster/2026
wp_457d4a38fb1d,Olufunke,Gando,,,,,,,water_polo,2025-26,2025,D1,Women,Metro Atlantic Athletic Conference,Marist,Goaltender G,Goalkeeper,So.,So,"Johannesburg, South Africa",Johannesburg,,international,Voramon,0,https://goredfoxes.com/sports/womens-water-polo/roster/2026
wp_3b1c5841c3aa,Inés,Sánchez,,,,,,,water_polo,2025-26,2025,D1,Women,Metro Atlantic Athletic Conference,Marist,Goaltender GOA,Other,Sr.,Sr,"Barcelona, Spain",Barcelona,,international,Voramon,0,https://goredfoxes.com/sports/womens-water-polo/roster/2026
wp_c5594d739a52,Zoë,Seaboch,Political Science,,"5'10""",70.0,,,water_polo,2025-26,2025,D1,Women,Metro Atlantic Athletic Conference,Marist,Goaltender GOA,Other,Sr.,Sr,"Long Beach, California",Long Beach,CA,domestic,Wilson High School,0,https://goredfoxes.com/sports/womens-water-polo/roster/2026
wp_bc99ab6069cf,Paige,Naegle,,,"5'10""",70.0,,,water_polo,2025-26,2025,D1,Women,Metro Atlantic Athletic Conference,Marist,Utility UTL,Utility,Sr.,Sr,"Newport Beach, CA",Newport Beach,CA,domestic,Newport Harbor High School,0,https://goredfoxes.com/sports/womens-water-polo/roster/2026
wp_b62e368086c0,Elaia,Berecibar,,,,,,,water_polo,2025-26,2025,D1,Women,Metro Atlantic Athletic Conference,Marist,Center C,Center,So.,So,Spain,Spain,,international,Lluis Vives School,0,https://goredfoxes.com/sports/womens-water-polo/roster/2026
wp_bac0b4eb0e5a,Anita,Radaelli,,,,,,,water_polo,2025-26,2025,D1,Women,Metro Atlantic Athletic Conference,Marist,Attack A,Attacker,Jr.,Jr,"Cantu, Italy",Cantu,,international,Sant'Elia,0,https://goredfoxes.com/sports/womens-water-polo/roster/2026
wp_33f8fec332b2,Angelena,Peterson,,,,,,,water_polo,2025-26,2025,D1,Women,Metro Atlantic Athletic Conference,Marist,Attack Attack,Other,So.,So,"Newport Beach, CA",Newport Beach,CA,domestic,,0,https://goredfoxes.com/sports/womens-water-polo/roster/2026
wp_e0cbaa365ef9,Viktoria,Kiss,,,,,,,water_polo,2025-26,2025,D1,Women,Metro Atlantic Athletic Conference,Marist,Attack Attack,Other,So.,So,"Budapest, Hungary",Budapest,,international,,0,https://goredfoxes.com/sports/womens-water-polo/roster/2026
wp_2dcfe96661e1,Jolanta,Szentpali,,,,,,,water_polo,2025-26,2025,D1,Women,Metro Atlantic Athletic Conference,Marist,Attack A,Attacker,Fr.,Fr,"Budapest, Hungary",Budapest,,international,Berzsenyi Daniel High School,0,https://goredfoxes.com/sports/womens-water-polo/roster/2026
wp_e21bd55c8fd3,Emily,Scheerer,,,,,,,water_polo,2025-26,2025,D1,Women,Metro Atlantic Athletic Conference,Marist,Attacker/Center A/C,Multi,Jr.,Jr,"Orlando, Florida",Orlando,FL,domestic,,0,https://goredfoxes.com/sports/womens-water-polo/roster/2026
wp_34f11c0ba4e8,Alyssa,Mullane,,,,,,,water_polo,2025-26,2025,D1,Women,Metro Atlantic Athletic Conference,Marist,Utility UTL,Utility,Jr.,Jr,"Playa Del Ray, CA",Playa Del Ray,CA,domestic,,0,https://goredfoxes.com/sports/womens-water-polo/roster/2026
wp_737377e32af6,Callaghan,Browne,,,,,,,water_polo,2025-26,2025,D1,Women,Metro Atlantic Athletic Conference,Marist,Utility UTL,Utility,Jr.,Jr,"San Diego, CA",San Diego,CA,domestic,,0,https://goredfoxes.com/sports/womens-water-polo/roster/2026
wp_b095c000aff2,Makaelee,Hansberger,,,"5'9""",69.0,,,water_polo,2025-26,2025,D1,Women,Metro Atlantic Athletic Conference,Marist,Utility UTL,Utility,Sr.,Sr,"Newport Beach, CA",Newport Beach,CA,domestic,Newport Harbor High School,0,https://goredfoxes.com/sports/womens-water-polo/roster/2026
wp_e52eab54087d,Kinley,Niles,,,,,,,water_polo,2025-26,2025,D1,Women,Metro Atlantic Athletic Conference,Marist,Attack A,Attacker,Fr.,Fr,"Richmond, TX",Richmond,TX,domestic,Foster High School,0,https://goredfoxes.com/sports/womens-water-polo/roster/2026
wp_d9706fa15a2f,Margherita,Pantani,,,,,,,water_polo,2025-26,2025,D1,Women,Metro Atlantic Athletic Conference,Marist,Defender D,Driver,So.,So,"Florence, Italy",Florence,,international,,0,https://goredfoxes.com/sports/womens-water-polo/roster/2026
wp_c9e52eff7d21,Alyssa,Valente,,,,,,,water_polo,2025-26,2025,D1,Women,Metro Atlantic Athletic Conference,Marist,Attack Attack,Other,So.,So,"Commerce, CA",Commerce,CA,domestic,,0,https://goredfoxes.com/sports/womens-water-polo/roster/2026
wp_eb71bf76e46f,Kendell,De Beer,,,,,,,water_polo,2025-26,2025,D1,Women,Metro Atlantic Athletic Conference,Marist,Attacker A,Attacker,Jr.,Jr,"Durban, South Africa",Durban,,international,,0,https://goredfoxes.com/sports/womens-water-polo/roster/2026
wp_95f8cd9f66f9,Samantha,Bentley,,,,,,,water_polo,2025-26,2025,D1,Women,Metro Atlantic Athletic Conference,Marist,Utility UTL,Utility,Jr.,Jr,"Auckland, New Zealand",Auckland,,international,,0,https://goredfoxes.com/sports/womens-water-polo/roster/2026
wp_cdc12e20176d,Sophia,Huacuja,,,,,,,water_polo,2025-26,2025,D1,Women,Metro Atlantic Athletic Conference,Marist,Attack A,Attacker,So.,So,"Whittier, CA",Whittier,CA,domestic,La Serna High School,0,https://goredfoxes.com/sports/womens-water-polo/roster/2026
wp_01aac7bc6ed6,Madilyn,Ekstrom,,,,,,,water_polo,2025-26,2025,D1,Women,Metro Atlantic Athletic Conference,Marist,Attack A,Attacker,Fr.,Fr,"Fullerton, CA",Fullerton,CA,domestic,Rosary High School,0,https://goredfoxes.com/sports/womens-water-polo/roster/2026
wp_b7b5fde3197e,Megan,Tiedemann,,,,,,,water_polo,2025-26,2025,D1,Women,Metro Atlantic Athletic Conference,Marist,Center C,Center,Fr.,Fr,"Rye, NY",Rye,NY,domestic,Rye High School,0,https://goredfoxes.com/sports/womens-water-polo/roster/2026
wp_1fc8319bda99,Lela,McCarroll,,,"5'9""",69.0,,,water_polo,2025-26,2025,D1,Women,Metro Atlantic Athletic Conference,Marist,Attack A,Attacker,Sr.,Sr,"Laguna Beach, CA",Laguna Beach,CA,domestic,Laguna Beach High School,0,https://goredfoxes.com/sports/womens-water-polo/roster/2026
wp_fc78a4e80181,Claudia,Micheli,,,,,,,water_polo,2025-26,2025,D1,Women,Metro Atlantic Athletic Conference,Marist,Defender D,Driver,Fr.,Fr,"Montano Lucino, Italy",Montano Lucino,,international,Magistri Cumacini School,0,https://goredfoxes.com/sports/womens-water-polo/roster/2026
wp_c40a2598befa,Ida,Tully-Giles,,,,,,,water_polo,2025-26,2025,D1,Women,Mountain West Conference,Fresno St.,Goalkeeper,Goalkeeper,Jr.,Jr,"Ojai, Calif.",Ojai,CA,domestic,Villanova Preparatory School,1,https://gobulldogs.com/sports/womens-water-polo/roster/2026
wp_e548209e0350,Katelyn,Mobley,,,,,,,water_polo,2025-26,2025,D1,Women,Mountain West Conference,Fresno St.,Goalkeeper,Goalkeeper,Fr.,Fr,"Carlsbad, Calif.",Carlsbad,CA,domestic,Carlsbad HS,0,https://gobulldogs.com/sports/womens-water-polo/roster/2026
wp_016b1a511faa,Islay,Martin-Hill,,,,,,,water_polo,2025-26,2025,D1,Women,Mountain West Conference,Fresno St.,Goalkeeper,Goalkeeper,Jr.,Jr,"Auckland, New Zealand",Auckland,,international,Westlake Girls HS,0,https://gobulldogs.com/sports/womens-water-polo/roster/2026
wp_6cc828133e93,Alana,Lillie,,,,,,,water_polo,2025-26,2025,D1,Women,Mountain West Conference,Fresno St.,Goalkeeper,Goalkeeper,R-Jr.,Jr,"Stockton, Calif.",Stockton,CA,domestic,Lincoln HS,0,https://gobulldogs.com/sports/womens-water-polo/roster/2026
wp_2a5985d6e4b9,Hailey,Andress,,,,,,,water_polo,2025-26,2025,D1,Women,Mountain West Conference,Fresno St.,Attacker,Attacker,Sr.,Sr,"Glendora, Calif.",Glendora,CA,domestic,Glendora HS,0,https://gobulldogs.com/sports/womens-water-polo/roster/2026
wp_8a262f11f9fa,Marit,van der Kolk,,,,,,,water_polo,2025-26,2025,D1,Women,Mountain West Conference,Fresno St.,Defender,Other,So.,So,"Amersfoort, Netherlands",Amersfoort,,international,Centere of Sports and Education,0,https://gobulldogs.com/sports/womens-water-polo/roster/2026
wp_556adfca6d22,Charli,Muñoz,,,,,,,water_polo,2025-26,2025,D1,Women,Mountain West Conference,Fresno St.,Attacker,Attacker,Fr.,Fr,"Pasadena, Calif.",Pasadena,CA,domestic,Notre Dame HS,0,https://gobulldogs.com/sports/womens-water-polo/roster/2026
wp_7b821caff1d9,Riaan,Bryant,,,,,,,water_polo,2025-26,2025,D1,Women,Mountain West Conference,Fresno St.,Attacker,Attacker,Fr.,Fr,"Auckland, New Zealand",Auckland,,international,Baradene College of the Sacred Heart,0,https://gobulldogs.com/sports/womens-water-polo/roster/2026
wp_1aae24b0442f,Charley,Stephens,,,,,,,water_polo,2025-26,2025,D1,Women,Mountain West Conference,Fresno St.,Attacker,Attacker,Fr.,Fr,"Sydney, Australia",Sydney,,international,Monte Sant Angelo Mercy College,0,https://gobulldogs.com/sports/womens-water-polo/roster/2026
wp_974c2909bf52,Georgia,Daly,,UC Davis,,,,,water_polo,2025-26,2025,D1,Women,Mountain West Conference,Fresno St.,Center,Center,So.,So,"Auckland, New Zealand",Auckland,,international,Diocesan School,0,https://gobulldogs.com/sports/womens-water-polo/roster/2026
wp_1e4641eb80c9,Alexandra,Schow,,,,,,,water_polo,2025-26,2025,D1,Women,Mountain West Conference,Fresno St.,Attacker,Attacker,So.,So,"El Cajon, Calif.",El Cajon,CA,domestic,Valhalla HS,0,https://gobulldogs.com/sports/womens-water-polo/roster/2026
wp_d11b35f7454e,Caitlyn,Mossman,,,,,,,water_polo,2025-26,2025,D1,Women,Mountain West Conference,Fresno St.,Center,Center,Jr.,Jr,"Auckland, New Zealand",Auckland,,international,Mount Albert Grammar,0,https://gobulldogs.com/sports/womens-water-polo/roster/2026
wp_a872af878f81,Alice,Johnson,,Western Australia,,,,,water_polo,2025-26,2025,D1,Women,Mountain West Conference,Fresno St.,Utility,Utility,Sr.,Sr,"Bunbury, Western Australia",Bunbury,,international,Bunbury Senior HS,0,https://gobulldogs.com/sports/womens-water-polo/roster/2026
wp_32d289c58375,Megan,Cranley,,Santa Maria College,,,,,water_polo,2025-26,2025,D1,Women,Mountain West Conference,Fresno St.,Defender,Other,Sr.,Sr,"Perth, Western Australia, Australia",Perth,,international,Santa Maria College,0,https://gobulldogs.com/sports/womens-water-polo/roster/2026
wp_4147b5ba3b65,Aryanah,Tellez,,,,,,,water_polo,2025-26,2025,D1,Women,Mountain West Conference,Fresno St.,Center,Center,Sr.,Sr,"Menifee, Calif.",Menifee,CA,domestic,Elsinore HS,0,https://gobulldogs.com/sports/womens-water-polo/roster/2026
wp_abe90b89efd8,Susanna,Martinez,,,,,,,water_polo,2025-26,2025,D1,Women,Mountain West Conference,Fresno St.,Attacker,Attacker,Sr.,Sr,"Albuquerque, N.M.",Albuquerque,NM,domestic,West Mesa HS,0,https://gobulldogs.com/sports/womens-water-polo/roster/2026
wp_a7b3a0e71e12,Ashley,Williams,,,,,,,water_polo,2025-26,2025,D1,Women,Mountain West Conference,Fresno St.,Center,Center,Sr.,Sr,"Highland, Calif.",Highland,CA,domestic,Citrus Valley HS,0,https://gobulldogs.com/sports/womens-water-polo/roster/2026
wp_d053e4f644fd,Sidney,Strickland,,,,,,,water_polo,2025-26,2025,D1,Women,Mountain West Conference,Fresno St.,Defender,Other,Jr.,Jr,"Clovis, Calif.",Clovis,CA,domestic,Clovis West HS,0,https://gobulldogs.com/sports/womens-water-polo/roster/2026
wp_51343acb72ce,Marley,Garwick,,,,,,,water_polo,2025-26,2025,D1,Women,Mountain West Conference,Fresno St.,Attacker,Attacker,So.,So,"Huntington Beach, Calif.",Huntington Beach,CA,domestic,Huntington Beach HS,0,https://gobulldogs.com/sports/womens-water-polo/roster/2026
wp_4f6748ee4cd7,Katya,Aleshina,,,,,,,water_polo,2025-26,2025,D1,Women,Mountain West Conference,Fresno St.,Attacker/Utility,Multi,Fr.,Fr,"Moscow, Russia",Moscow,,international,Academic Gymnasium,0,https://gobulldogs.com/sports/womens-water-polo/roster/2026
wp_c547bc39b920,Tu'ua,Cravens,,,,,,,water_polo,2025-26,2025,D1,Women,Mountain West Conference,Fresno St.,Defender,Other,R-Fr.,Fr,"Laie, Hawaii",Laie,HI,domestic,Kahuku HS,0,https://gobulldogs.com/sports/womens-water-polo/roster/2026
wp_ad8e3ade95cf,Noa,Markovsky,,,,,,,water_polo,2025-26,2025,D1,Women,Mountain West Conference,Fresno St.,Attacker,Attacker,Fr.,Fr,"Rosh Haayin, Israel",Rosh Haayin,,international,Begin HS,0,https://gobulldogs.com/sports/womens-water-polo/roster/2026
wp_bc43768510f0,Kira,Anderson,,,,,,,water_polo,2025-26,2025,D1,Women,Mountain West Conference,Fresno St.,Attacker/Defender,Attacker,Jr.,Jr,"Costa Mesa, Calif.",Costa Mesa,CA,domestic,Orange Lutheran HS,0,https://gobulldogs.com/sports/womens-water-polo/roster/2026
wp_6cd04ddafc44,Sami,Passwater,,,,,,,water_polo,2025-26,2025,D1,Women,Mountain West Conference,Fresno St.,Center,Center,R-Fr.,Fr,"Rancho Cucamonga, Calif.",Rancho Cucamonga,CA,domestic,Alta Loma HS,0,https://gobulldogs.com/sports/womens-water-polo/roster/2026
wp_391e1dcdfdb7,Tatianna,Raffin,,,,,,,water_polo,2025-26,2025,D1,Women,Mountain West Conference,San Jose St.,Goalkeeper,Goalkeeper,Freshman,Fr,"San Jose, Calif.",San Jose,CA,domestic,Willow Glen HS,0,https://sjsuspartans.com/sports/womens-water-polo/roster
wp_eca3c0cc6b7e,Sydney,Poore,,,,,,,water_polo,2025-26,2025,D1,Women,Mountain West Conference,San Jose St.,Goalkeeper,Goalkeeper,Freshman,Fr,"Flower Mound, Texas",Flower Mound,TX,domestic,Flower Mound HS,0,https://sjsuspartans.com/sports/womens-water-polo/roster
wp_f61395289832,Larke,Eslinger,,,,,,,water_polo,2025-26,2025,D1,Women,Mountain West Conference,San Jose St.,Goalkeeper,Goalkeeper,Freshman,Fr,"Orlando, Fla.",Orlando,FL,domestic,Bishop Moore Catholic,0,https://sjsuspartans.com/sports/womens-water-polo/roster
wp_340245218bf5,Darcy,Spark,,,,,,,water_polo,2025-26,2025,D1,Women,Mountain West Conference,San Jose St.,ATK,Other,Junior,Jr,"Auckland, New Zealand",Auckland,,international,Rangitoto College,0,https://sjsuspartans.com/sports/womens-water-polo/roster
wp_8cc3914eb926,Emma,Ruzic,,,,,,,water_polo,2025-26,2025,D1,Women,Mountain West Conference,San Jose St.,UT,Utility,Junior,Jr,"Boulder, Colo.",Boulder,CO,domestic,Fairview HiS,0,https://sjsuspartans.com/sports/womens-water-polo/roster
wp_ece4c6430199,Megan,Ledgerwood,,,,,,,water_polo,2025-26,2025,D1,Women,Mountain West Conference,San Jose St.,ATK,Other,Sophomore,So,"Coronado, Calif.",Coronado,CA,domestic,Coronado HS,0,https://sjsuspartans.com/sports/womens-water-polo/roster
wp_f806da6f33f5,Nynke,Willemsen,,,,,,,water_polo,2025-26,2025,D1,Women,Mountain West Conference,San Jose St.,ATK,Other,Sophomore,So,"Joure, Netherlands",Joure,,international,CSN Topsportcademie Nederland,0,https://sjsuspartans.com/sports/womens-water-polo/roster
wp_6ed38018b82a,Sarah,Woren,,,,,,,water_polo,2025-26,2025,D1,Women,Mountain West Conference,San Jose St.,DRIVER,Driver,Sophomore,So,"Aurora, Colo.",Aurora,CO,domestic,Cherokee Trail HS,0,https://sjsuspartans.com/sports/womens-water-polo/roster
wp_476344e21353,Catie,Kelly,,,,,,,water_polo,2025-26,2025,D1,Women,Mountain West Conference,San Jose St.,DRIVER,Driver,Senior,Sr,"Santa Cruz, Calif.",Santa Cruz,CA,domestic,Aptos HS,0,https://sjsuspartans.com/sports/womens-water-polo/roster
wp_5e8e00bbe021,Jennine,Osorio,,,,,,,water_polo,2025-26,2025,D1,Women,Mountain West Conference,San Jose St.,ATK,Other,Junior,Jr,"Long Beach, Calif.",Long Beach,CA,domestic,Millikan HS,0,https://sjsuspartans.com/sports/womens-water-polo/roster
wp_e6f959be468a,Rachel,Williams,,,,,,,water_polo,2025-26,2025,D1,Women,Mountain West Conference,San Jose St.,DRIVER,Driver,Sophomore,So,"San Diego, Calif.",San Diego,CA,domestic,Patrick Henry HS,0,https://sjsuspartans.com/sports/womens-water-polo/roster
wp_64365ef5a519,Mackenzy,Clark,,,,,,,water_polo,2025-26,2025,D1,Women,Mountain West Conference,San Jose St.,2M-D,Multi,Junior,Jr,"Vancouver, B.C.",Vancouver,,international,Samuel Robertson Technical School,0,https://sjsuspartans.com/sports/womens-water-polo/roster
wp_e7688c6c8735,Bridget,Cranley,,,,,,,water_polo,2025-26,2025,D1,Women,Mountain West Conference,San Jose St.,2M,Center,Sophomore,So,"Western Australia, Australia",Western Australia,,international,Santa Maria College,0,https://sjsuspartans.com/sports/womens-water-polo/roster
wp_05674596f7f9,Isabella,Adams,,,,,,,water_polo,2025-26,2025,D1,Women,Mountain West Conference,San Jose St.,ATK,Other,Senior,Sr,"Greenwich, Conn.",Greenwich,CT,domestic,Sacred Heart Greenwich,0,https://sjsuspartans.com/sports/womens-water-polo/roster
wp_69ffa01fe675,Jessica,Ross,,,,,,,water_polo,2025-26,2025,D1,Women,Mountain West Conference,San Jose St.,UTL,Utility,Sophomore,So,"San Diego, Calif.",San Diego,CA,domestic,Vahlhalla HS,0,https://sjsuspartans.com/sports/womens-water-polo/roster
wp_a5f4246b4934,Makayla,McGuire,,,,,,,water_polo,2025-26,2025,D1,Women,Mountain West Conference,San Jose St.,2M,Center,Freshman,Fr,"Tulare, Calif.",Tulare,CA,domestic,Tulare Western Hs,0,https://sjsuspartans.com/sports/womens-water-polo/roster
wp_7f516f5bbf7b,Marte,Skibba,,,,,,,water_polo,2025-26,2025,D1,Women,Mountain West Conference,San Jose St.,UTIL,Other,Sophomore,So,"Hannover, Germany",Hannover,,international,Humboldtschule Hannover,0,https://sjsuspartans.com/sports/womens-water-polo/roster
wp_51b32fc30d1d,Sienna,Cimoli,,,,,,,water_polo,2025-26,2025,D1,Women,Mountain West Conference,San Jose St.,2M-D,Multi,Freshman,Fr,"Carmel, Calif.",Carmel,CA,domestic,Stevenson HS,0,https://sjsuspartans.com/sports/womens-water-polo/roster
wp_fe6ef678eb62,Taylor,Fisher,,,,,,,water_polo,2025-26,2025,D1,Women,Mountain West Conference,San Jose St.,2M-D,Multi,Freshman,Fr,"Aukland, New Zealand",Aukland,,international,Baradene College,0,https://sjsuspartans.com/sports/womens-water-polo/roster
wp_ed1b99e13ed2,Tasaria,Kilpatrick,,,,,,,water_polo,2025-26,2025,D1,Women,Mountain West Conference,San Jose St.,ATK,Other,Sophomore,So,"San Jose, Calif.",San Jose,CA,domestic,Leland HS,0,https://sjsuspartans.com/sports/womens-water-polo/roster
wp_6be13eecb39f,Sally,Gonzalez Aguilar,,,,,,,water_polo,2025-26,2025,D1,Women,Mountain West Conference,San Jose St.,2M-D,Multi,Sophomore,So,"Inglewood, Calif.",Inglewood,CA,domestic,El Segundo HS,0,https://sjsuspartans.com/sports/womens-water-polo/roster
wp_f94e4cdf8559,Rose,Jensen,,,,,,,water_polo,2025-26,2025,D1,Women,Mountain West Conference,San Jose St.,2M-D,Multi,Junior,Jr,"Elmhurst, Ill.",Elmhurst,IL,domestic,York Community HS,0,https://sjsuspartans.com/sports/womens-water-polo/roster
wp_8ecde0dd1366,Amelia,Lukie,,,,,,,water_polo,2025-26,2025,D1,Women,Mountain West Conference,San Jose St.,ATK,Other,Freshman,Fr,"Calgary, Alberta",Calgary,,international,Western Canada HS,0,https://sjsuspartans.com/sports/womens-water-polo/roster
wp_5686cf890015,Maci,Rippo,Marketing,,5-9,69.0,,,water_polo,2025-26,2025,D1,Women,Northeast Conference,LIU,Goalie,Goalkeeper,So.,So,"Boca Raton, Fla.",Boca Raton,FL,domestic,Saint Andrew's School,0,https://www.liuathletics.com/sports/womens-water-polo/roster/2026
wp_24e22671213f,Stella,Young,Biochemistry,,5-7,67.0,,,water_polo,2025-26,2025,D1,Women,Northeast Conference,LIU,Goalie,Goalkeeper,Fr.,Fr,"Brisbane, Australia",Brisbane,,international,Loreto College Coorparoo,0,https://www.liuathletics.com/sports/womens-water-polo/roster/2026
wp_1b32d4211d7e,Kim,Klahr,Biochemistry,,6-1,73.0,,,water_polo,2025-26,2025,D1,Women,Northeast Conference,LIU,Utility,Utility,Fr.,Fr,"Cologne, Germany",Cologne,,international,Montessori,0,https://www.liuathletics.com/sports/womens-water-polo/roster/2026
wp_849a60e28202,Olivia,Booth,Business Management,,6-0,72.0,,,water_polo,2025-26,2025,D1,Women,Northeast Conference,LIU,Utility,Utility,So.,So,"Brisbane, Australia",Brisbane,,international,All Hallows School,0,https://www.liuathletics.com/sports/womens-water-polo/roster/2026
wp_6f5a0a663332,Elena,Grigoriou,International Relations and Diplomacy,,5-8,68.0,,,water_polo,2025-26,2025,D1,Women,Northeast Conference,LIU,Utility,Utility,Fr.,Fr,"Voula, Greece",Voula,,international,Athinaiki Agogi Kai Paideia,0,https://www.liuathletics.com/sports/womens-water-polo/roster/2026
wp_ff2ddda2977c,Victoria,Feliciano,Business Management,,5-8,68.0,,,water_polo,2025-26,2025,D1,Women,Northeast Conference,LIU,Utility,Utility,So.,So,"Monterrey, Mexico",Monterrey,,international,PrepaTec Monterrey,0,https://www.liuathletics.com/sports/womens-water-polo/roster/2026
wp_c2de5cde77c9,Greta,Tadday,Marketing,,5-9,69.0,,,water_polo,2025-26,2025,D1,Women,Northeast Conference,LIU,Center,Center,So.,So,"Krefeld, Germany",Krefeld,,international,Berufskolleg Vera Beckers,0,https://www.liuathletics.com/sports/womens-water-polo/roster/2026
wp_11f09a869dfd,Ashlee,Dobell,Exercise Science and Wellness,Long Beach State,5-6,66.0,,,water_polo,2025-26,2025,D1,Women,Northeast Conference,LIU,Utility,Utility,R-Jr.,Jr,"Davistown, New South Wales, Australia",Davistown,,international,Central Coast Sports College,0,https://www.liuathletics.com/sports/womens-water-polo/roster/2026
wp_2b73869b8202,Samantha,Boothe,Exercise Science and Wellness,,5-4,64.0,,,water_polo,2025-26,2025,D1,Women,Northeast Conference,LIU,Utility,Utility,Sr.,Sr,"Miami, Fla.",Miami,FL,domestic,William H. Turner Technical Arts,0,https://www.liuathletics.com/sports/womens-water-polo/roster/2026
wp_1e2fe909846e,Olivia,Cosgrove-Lewandowski,Business,,5-8,68.0,,,water_polo,2025-26,2025,D1,Women,Northeast Conference,LIU,Utility,Utility,Fr.,Fr,"Tacoma, Wash.",Tacoma,WA,domestic,Stadium,0,https://www.liuathletics.com/sports/womens-water-polo/roster/2026
wp_389694458077,Chloe,Liddle,Marketing,,5-7,67.0,,,water_polo,2025-26,2025,D1,Women,Northeast Conference,LIU,Utility,Utility,Fr.,Fr,"St. Ives, Australia",St. Ives,,international,Ravenswood School,0,https://www.liuathletics.com/sports/womens-water-polo/roster/2026
wp_e1f8579bdbcd,Esther,Ruano Prieto,Sports Communication and Marketing,,5-6,66.0,,,water_polo,2025-26,2025,D1,Women,Northeast Conference,LIU,Utility,Utility,Fr.,Fr,"Boadilla del Monte, Madrid",Boadilla del Monte,,international,IES Ortega y Gasset,0,https://www.liuathletics.com/sports/womens-water-polo/roster/2026
wp_1173b97c1438,Grace,Hansen,Biology,,5-6,66.0,,,water_polo,2025-26,2025,D1,Women,Northeast Conference,LIU,Utility,Utility,Fr.,Fr,"Henderson, Nev.",Henderson,NV,domestic,Southeast Career Techincal Academy,1,https://www.liuathletics.com/sports/womens-water-polo/roster/2026
wp_c7e2fbd802bc,Nevaeh,Houck,Business,,5-2,62.0,,,water_polo,2025-26,2025,D1,Women,Northeast Conference,LIU,Utility,Utility,Fr.,Fr,"Wyomissing, Pa.",Wyomissing,PA,domestic,Wilson,0,https://www.liuathletics.com/sports/womens-water-polo/roster/2026
wp_0fbe6cc3d1ea,Avery,Thompson,Kinesiology,,5-8,68.0,,,water_polo,2025-26,2025,D1,Women,Northeast Conference,LIU,Utility,Utility,Fr.,Fr,"Lantana, Texas",Lantana,TX,domestic,Marcus,0,https://www.liuathletics.com/sports/womens-water-polo/roster/2026
wp_60e5b633054b,Olivia,Bright,Journalism,,5-6,66.0,,,water_polo,2025-26,2025,D1,Women,Northeast Conference,LIU,Utility,Utility,Fr.,Fr,"Fresno, Calif.",Fresno,CA,domestic,Bullard,0,https://www.liuathletics.com/sports/womens-water-polo/roster/2026
wp_c26e16a733b7,Julia,Allen,Exercise Science,Long Beach State,5-8,68.0,,,water_polo,2025-26,2025,D1,Women,Northeast Conference,LIU,Utility,Utility,R-Fr.,Fr,"Lake Worth Beach, Fla.",Lake Worth Beach,FL,domestic,Boca Raton Community,0,https://www.liuathletics.com/sports/womens-water-polo/roster/2026
wp_8b34caa6242d,Gianna,Boscacci,,Wagner,,,,,water_polo,2025-26,2025,D1,Women,Northeast Conference,Mercyhurst,GK,Goalkeeper,So.,So,"Fresno, Calif.",Fresno,CA,domestic,Clovis North,0,https://hurstathletics.com/sports/womens-water-polo/roster/2026
wp_3b0150795dd3,Victoria,Mastrangelo,Early Childhood Education,,,,,,water_polo,2025-26,2025,D1,Women,Northeast Conference,Mercyhurst,U,Utility,So.,So,"Orlando, Fla.",Orlando,FL,domestic,,0,https://hurstathletics.com/sports/womens-water-polo/roster/2026
wp_c0310c45c54c,Molly,Langridge,Criminal Justice,,6-0,72.0,,,water_polo,2025-26,2025,D1,Women,Northeast Conference,Mercyhurst,CD,Other,Sr.,Sr,"Auckland, New Zealand",Auckland,,international,St. Cuthbert's,0,https://hurstathletics.com/sports/womens-water-polo/roster/2026
wp_528811148e88,Marley,Hanlon,,,,,,,water_polo,2025-26,2025,D1,Women,Northeast Conference,Mercyhurst,A,Attacker,Jr.,Jr,"Orlando, Fla.",Orlando,FL,domestic,Lake Mary,0,https://hurstathletics.com/sports/womens-water-polo/roster/2026
wp_d74bfaa294b6,Bailey,Dunn,,,,,,,water_polo,2025-26,2025,D1,Women,Northeast Conference,Mercyhurst,UTL,Utility,Fr.,Fr,"Winter Garden, Fla.",Winter Garden,FL,domestic,West Orange,0,https://hurstathletics.com/sports/womens-water-polo/roster/2026
wp_2acd22f328ef,Freya,Green,Sports medicine,,,,,,water_polo,2025-26,2025,D1,Women,Northeast Conference,Mercyhurst,UTL,Utility,Jr.,Jr,"Sydney, Australia",Sydney,,international,NBSC Manly campus,0,https://hurstathletics.com/sports/womens-water-polo/roster/2026
wp_1520a13fef48,Mercedes,Feliciano Fernandez,,,,,,,water_polo,2025-26,2025,D1,Women,Northeast Conference,Mercyhurst,UTL,Utility,Fr.,Fr,"Monterrey, Nuevo León",Monterrey,,international,Prepa Tec Eugenio Garza Sada,0,https://hurstathletics.com/sports/womens-water-polo/roster/2026
wp_ec50a1a1ab1d,Eva,Henneman,Exploratory Studies,,5-10,70.0,,,water_polo,2025-26,2025,D1,Women,Northeast Conference,Mercyhurst,C,Center,Sr.,Sr,"Bend, Ore.",Bend,OR,domestic,Bend,0,https://hurstathletics.com/sports/womens-water-polo/roster/2026
wp_dfb61515419f,Gina,Adiutori,Sports Medicine,,5-7,67.0,,,water_polo,2025-26,2025,D1,Women,Northeast Conference,Mercyhurst,UTL,Utility,Sr.,Sr,"Fairview, Pa.",Fairview,PA,domestic,Fairview,0,https://hurstathletics.com/sports/womens-water-polo/roster/2026
wp_23c50aa0d75c,Bri,Allstun,Forensic Anthropology,,5-8,68.0,,,water_polo,2025-26,2025,D1,Women,Northeast Conference,Mercyhurst,UTL,Utility,Sr.,Sr,"Hillsboro, Mo.",Hillsboro,MO,domestic,Marquette High School,0,https://hurstathletics.com/sports/womens-water-polo/roster/2026
wp_956af84ad2d4,Krista,Domaracki,Data Science and Cyber Security,,5-3,63.0,,,water_polo,2025-26,2025,D1,Women,Northeast Conference,Mercyhurst,A,Attacker,Sr.,Sr,"South Elgin, Ill.",South Elgin,IL,domestic,St. Charles North,0,https://hurstathletics.com/sports/womens-water-polo/roster/2026
wp_000cf605859d,Kate,Martin,,,,,,,water_polo,2025-26,2025,D1,Women,Northeast Conference,Mercyhurst,C,Center,Fr.,Fr,"Winter Garden, Fla.",Winter Garden,FL,domestic,West Orange,0,https://hurstathletics.com/sports/womens-water-polo/roster/2026
wp_724ba18fba9b,McKenzie,Diplacido,PTA,,5-6,66.0,,,water_polo,2025-26,2025,D1,Women,Northeast Conference,Mercyhurst,UTL,Utility,So.,So,"Erie, Pa.",Erie,PA,domestic,,0,https://hurstathletics.com/sports/womens-water-polo/roster/2026
wp_cc4a301d85c8,Adriana,Boltes Moragues,,,,,,,water_polo,2025-26,2025,D1,Women,Northeast Conference,Mercyhurst,C/CD,Center,Fr.,Fr,"Barcelona, Spain",Barcelona,,international,Jesuïtes Gràcia Col·legi Kostka,0,https://hurstathletics.com/sports/womens-water-polo/roster/2026
wp_f451847ea730,Joey,Roedl,,,,,,,water_polo,2025-26,2025,D1,Women,Northeast Conference,Mercyhurst,UTL,Utility,Fr.,Fr,"New Lenox, Ill.",New Lenox,IL,domestic,Lincoln-Way West,0,https://hurstathletics.com/sports/womens-water-polo/roster/2026
wp_bbadc7d3cb50,Alexa,Corrao,,Salem,,,,,water_polo,2025-26,2025,D1,Women,Northeast Conference,Mercyhurst,C/A,Multi,5th,Gr,"Mission Viejo, Calif.",Mission Viejo,CA,domestic,Trabuco Hill,0,https://hurstathletics.com/sports/womens-water-polo/roster/2026
wp_136c512dcc18,Maryn,King,Finance,,5-8,68.0,,,water_polo,2025-26,2025,D1,Women,Northeast Conference,Mercyhurst,A,Attacker,So.,So,"Rockwall, Texas",Rockwall,TX,domestic,,0,https://hurstathletics.com/sports/womens-water-polo/roster/2026
wp_830a4b0cc157,Tamara,Torkos,,,,,,,water_polo,2025-26,2025,D1,Women,Patriot League,Bucknell,GK,Goalkeeper,Jr.,Jr,"Budapest, Hungary",Budapest,,international,"Boldog Adolf Kolping Katolikus Általános, Gimnázium és Sportgimnázium...",0,https://bucknellbison.com/sports/womens-water-polo/roster/2026
wp_af511c697c6a,Campbell,Collins,,,,,,,water_polo,2025-26,2025,D1,Women,Patriot League,Bucknell,ATK,Other,Jr.,Jr,"Baltimore, Md.",Baltimore,MD,domestic,Williston Northampton School,0,https://bucknellbison.com/sports/womens-water-polo/roster/2026
wp_80ad45efc11e,Olivia,Hopper,,,,,,,water_polo,2025-26,2025,D1,Women,Patriot League,Bucknell,ATK,Other,So.,So,"Greenwich, Conn.",Greenwich,CT,domestic,Greenwich,0,https://bucknellbison.com/sports/womens-water-polo/roster/2026
wp_cf77de9ac2fa,Addison,Wedding,,,,,,,water_polo,2025-26,2025,D1,Women,Patriot League,Bucknell,ATK,Other,Fr.,Fr,"Fountain Valley, Calif.",Fountain Valley,CA,domestic,Lutheran,0,https://bucknellbison.com/sports/womens-water-polo/roster/2026
wp_80ef4bbdbe89,Gwen,Kallmeyer,,,,,,,water_polo,2025-26,2025,D1,Women,Patriot League,Bucknell,UTL,Utility,Sr.,Sr,"Mill Valley, Calif.",Mill Valley,CA,domestic,Redwood,0,https://bucknellbison.com/sports/womens-water-polo/roster/2026
wp_ce1e502a0c8a,Bella,Schraa,,,,,,,water_polo,2025-26,2025,D1,Women,Patriot League,Bucknell,CTR,Center,Sr.,Sr,"Greenwich, Conn.",Greenwich,CT,domestic,Greenwich,0,https://bucknellbison.com/sports/womens-water-polo/roster/2026
wp_15c72f2ed1cb,Caitlin,Stott,,,,,,,water_polo,2025-26,2025,D1,Women,Patriot League,Bucknell,ATK,Other,Jr.,Jr,"Johannesburg, South Africa",Johannesburg,,international,Kingsmead College,0,https://bucknellbison.com/sports/womens-water-polo/roster/2026
wp_abcada90e5dc,Malli,Challa,,,,,,,water_polo,2025-26,2025,D1,Women,Patriot League,Bucknell,CTR DEF,Center,Sr.,Sr,"Durham, N.C.",Durham,NC,domestic,Chapel Hill,0,https://bucknellbison.com/sports/womens-water-polo/roster/2026
wp_99a0589fa44a,Rhys,Beutler,,,,,,,water_polo,2025-26,2025,D1,Women,Patriot League,Bucknell,ATK,Other,So.,So,"Redlands, Calif.",Redlands,CA,domestic,Laurel Springs,0,https://bucknellbison.com/sports/womens-water-polo/roster/2026
wp_2f914006e586,Anna,Plante,,,,,,,water_polo,2025-26,2025,D1,Women,Patriot League,Bucknell,CTR DEF,Center,Sr.,Sr,"Mill Valley, Calif.",Mill Valley,CA,domestic,Tamalpais,0,https://bucknellbison.com/sports/womens-water-polo/roster/2026
wp_aed4978e745b,Regan,Coon,,,,,,,water_polo,2025-26,2025,D1,Women,Patriot League,Bucknell,ATK,Other,Jr.,Jr,"New York City, N.Y.",New York City,NY,domestic,Trinity School,0,https://bucknellbison.com/sports/womens-water-polo/roster/2026
wp_d297df394a61,Caroline,Brown,,,,,,,water_polo,2025-26,2025,D1,Women,Patriot League,Bucknell,ATK,Other,Fr.,Fr,"Stanford, Fla.",Stanford,FL,domestic,Seminole,0,https://bucknellbison.com/sports/womens-water-polo/roster/2026
wp_3ec08183b87e,Lehua,Bender,,,,,,,water_polo,2025-26,2025,D1,Women,Patriot League,Bucknell,UTL,Utility,Jr.,Jr,"Honolulu, Hawaii",Honolulu,HI,domestic,Punahou School,0,https://bucknellbison.com/sports/womens-water-polo/roster/2026
wp_e254dfd3fc9e,Ava,Bayne,,,,,,,water_polo,2025-26,2025,D1,Women,Patriot League,Bucknell,ATK,Other,So.,So,"San Diego, Calif.",San Diego,CA,domestic,Academy of Our Lady of Peace,1,https://bucknellbison.com/sports/womens-water-polo/roster/2026
wp_3d7fd92c2a58,Ashley,Hopper,,,,,,,water_polo,2025-26,2025,D1,Women,Patriot League,Bucknell,ATK,Other,So.,So,"Greenwich, Conn.",Greenwich,CT,domestic,Greenwich,0,https://bucknellbison.com/sports/womens-water-polo/roster/2026
wp_b7d5b7c86155,Britta,Coultas,,,,,,,water_polo,2025-26,2025,D1,Women,Patriot League,Bucknell,ATK,Other,Fr.,Fr,"Ann Arbor, Mich.",Ann Arbor,MI,domestic,Skyline,0,https://bucknellbison.com/sports/womens-water-polo/roster/2026
wp_e4798638c50b,Rosemary,Schmidt,,,,,,,water_polo,2025-26,2025,D1,Women,Patriot League,Bucknell,ATK,Other,Fr.,Fr,"North Wales, Pa.",North Wales,PA,domestic,Mount Saint Joseph Academy,1,https://bucknellbison.com/sports/womens-water-polo/roster/2026
wp_883659ad8cc4,Hayden,Hedstrom,,,,,,,water_polo,2025-26,2025,D1,Women,Patriot League,Bucknell,UTL,Utility,So.,So,"Bolton, Mass.",Bolton,MA,domestic,Williston Northampton,0,https://bucknellbison.com/sports/womens-water-polo/roster/2026
wp_86199f654a4e,Olivia,Garcia,,,,,,,water_polo,2025-26,2025,D1,Women,Patriot League,Bucknell,ATK,Other,Fr.,Fr,"Long Beach, Calif.",Long Beach,CA,domestic,Wilson,0,https://bucknellbison.com/sports/womens-water-polo/roster/2026
wp_1a4a6ee0be8d,Iris,Hiskey,,,,,,,water_polo,2025-26,2025,D1,Women,Patriot League,Bucknell,ATK,Other,Fr.,Fr,"Long Beach, Calif.",Long Beach,CA,domestic,Wilson,0,https://bucknellbison.com/sports/womens-water-polo/roster/2026
wp_d38637478852,Damla,Mogultay,,,,,,,water_polo,2025-26,2025,D1,Women,Patriot League,Bucknell,CTR DEF,Center,Fr.,Fr,"Uskudar, Turkey",Uskudar,,international,,0,https://bucknellbison.com/sports/womens-water-polo/roster/2026
wp_6a6b9a7ff9c3,Lin,Naraoka,,,,,,,water_polo,2025-26,2025,D1,Women,Patriot League,Bucknell,ATK,Other,Fr.,Fr,"Denver, Colo.",Denver,CO,domestic,Eaglecrest,0,https://bucknellbison.com/sports/womens-water-polo/roster/2026
wp_1001b051946d,Brooke,Temkin,,,,,,,water_polo,2025-26,2025,D1,Women,Patriot League,Bucknell,ATK,Other,Fr.,Fr,"Alamo, Calif.",Alamo,CA,domestic,San Ramon Valley,0,https://bucknellbison.com/sports/womens-water-polo/roster/2026
wp_75d6c77560a3,Kenzi,Shaw,,,,,,,water_polo,2025-26,2025,D1,Women,Patriot League,Bucknell,DEF,Other,Fr.,Fr,"Lewisville, Tx.",Lewisville,TX,domestic,Marcus,0,https://bucknellbison.com/sports/womens-water-polo/roster/2026
wp_a6537c27303a,Tatum,Roistacher,,Mission Bay HS,5-7,67.0,,,water_polo,2025-26,2025,D1,Women,West Coast Conference,LMU (CA),GK,Goalkeeper,Jr.,Jr,"San Diego, CA",San Diego,CA,domestic,Mission Bay HS,0,https://lmulions.com/sports/womens-water-polo/roster/2026
wp_81b0e8c21b1e,Madison,Searle,,Western Springs,6-5,77.0,,,water_polo,2025-26,2025,D1,Women,West Coast Conference,LMU (CA),GK,Goalkeeper,Fr.,Fr,"Auckland, New Zealand",Auckland,,international,Western Springs,0,https://lmulions.com/sports/womens-water-polo/roster/2026
wp_41d18f61b83d,Gabby,MacAfee,,Corona Del Mar High School,5-9,69.0,,,water_polo,2025-26,2025,D1,Women,West Coast Conference,LMU (CA),GK,Goalkeeper,Fr.,Fr,"Newport Beach, CA",Newport Beach,CA,domestic,Corona Del Mar High School,0,https://lmulions.com/sports/womens-water-polo/roster/2026
wp_19b879bc084c,Chelsea,Isaac,,St Catherine’s,5-6,66.0,,,water_polo,2025-26,2025,D1,Women,West Coast Conference,LMU (CA),ATT,Attacker,Fr.,Fr,"Sydney, Australia",Sydney,,international,St Catherine’s,0,https://lmulions.com/sports/womens-water-polo/roster/2026
wp_e0ac1613cab9,Carla,Rivera,,Brains International School,5-8,68.0,,,water_polo,2025-26,2025,D1,Women,West Coast Conference,LMU (CA),UTL,Utility,Jr.,Jr,"Madrid, Spain",Madrid,,international,Brains International School,0,https://lmulions.com/sports/womens-water-polo/roster/2026
wp_58a71946c346,Cila,David,,Budenz Jozsef Alapitvanyi High School,5-8,68.0,,,water_polo,2025-26,2025,D1,Women,West Coast Conference,LMU (CA),ATT,Attacker,Gr.,Gr,"Budapest, Hungary",Budapest,,international,Budenz Jozsef Alapitvanyi High School,0,https://lmulions.com/sports/womens-water-polo/roster/2026
wp_9a2753ee6777,Anna,Tarantino,,Naperville North HS,5-11,71.0,,,water_polo,2025-26,2025,D1,Women,West Coast Conference,LMU (CA),UTL,Utility,Gr.,Gr,"Naperville, IL",Naperville,IL,domestic,Naperville North HS,0,https://lmulions.com/sports/womens-water-polo/roster/2026
wp_49473bb5a515,Carolina,Magano,,,5-7,67.0,,,water_polo,2025-26,2025,D1,Women,West Coast Conference,LMU (CA),ATT,Attacker,Jr.,Jr,"Porto, Portugal",Porto,,international,,0,https://lmulions.com/sports/womens-water-polo/roster/2026
wp_e9a7bdb15baa,Kawehi,Kauahi,,Punahou School,5-7,67.0,,,water_polo,2025-26,2025,D1,Women,West Coast Conference,LMU (CA),ATT,Attacker,Jr.,Jr,"Kaneohe, Hawaii",Kaneohe,HI,domestic,Punahou School,0,https://lmulions.com/sports/womens-water-polo/roster/2026
wp_e3aa06a9470c,London,Boyd,,Laguna Beach HS,5-8,68.0,,,water_polo,2025-26,2025,D1,Women,West Coast Conference,LMU (CA),CD,Other,Sr.,Sr,"Laguna Beach, CA",Laguna Beach,CA,domestic,Laguna Beach HS,0,https://lmulions.com/sports/womens-water-polo/roster/2026
wp_a7d0ec17dc4d,Noa,Sasover,,,5-8,68.0,,,water_polo,2025-26,2025,D1,Women,West Coast Conference,LMU (CA),C,Center,Jr.,Jr,"Hagor, Israel",Hagor,,international,,0,https://lmulions.com/sports/womens-water-polo/roster/2026
wp_ecdcd3b43910,Sydney,Chapman,,JSerra Catholic HS,5-8,68.0,,,water_polo,2025-26,2025,D1,Women,West Coast Conference,LMU (CA),ATT,Attacker,So.,So,"San Clemente, CA",San Clemente,CA,domestic,JSerra Catholic,0,https://lmulions.com/sports/womens-water-polo/roster/2026
wp_30c0c637ed32,Ruby,Meier,,Waubonsie Valley HS,5-11,71.0,,,water_polo,2025-26,2025,D1,Women,West Coast Conference,LMU (CA),ATT,Attacker,Fr.,Fr,"Aurora, IL",Aurora,IL,domestic,Waubonsie Valley HS,0,https://lmulions.com/sports/womens-water-polo/roster/2026
wp_af10214650cf,Payton,Schrier,,Naperville North High School,5-11,71.0,,,water_polo,2025-26,2025,D1,Women,West Coast Conference,LMU (CA),C,Center,Fr.,Fr,"Naperville, IL",Naperville,IL,domestic,Naperville North High School,0,https://lmulions.com/sports/womens-water-polo/roster/2026
wp_1e9be6e64ef8,Emison,Styris,,St. Cuthberts College,5-10,70.0,,,water_polo,2025-26,2025,D1,Women,West Coast Conference,LMU (CA),UTL,Utility,Fr.,Fr,"Auckland, New Zealand",Auckland,,international,St. Cuthberts College,0,https://lmulions.com/sports/womens-water-polo/roster/2026
wp_b2c5f86d983a,Brooke,Tora Gil,,,5-9,69.0,,,water_polo,2025-26,2025,D1,Women,West Coast Conference,LMU (CA),UTL,Utility,Fr.,Fr,"Barcelona, Spain",Barcelona,,international,,0,https://lmulions.com/sports/womens-water-polo/roster/2026
wp_fa4e2ac7f850,Athena,Ayers,,Liberty HS,5-9,69.0,,,water_polo,2025-26,2025,D1,Women,West Coast Conference,LMU (CA),ATT,Attacker,So.,So,"Brentwood, CA",Brentwood,CA,domestic,Liberty HS,0,https://lmulions.com/sports/womens-water-polo/roster/2026
wp_23f8384827e2,Cianne,Benjamin,,Pere Phillip La Marche,5-10,70.0,,,water_polo,2025-26,2025,D1,Women,West Coast Conference,LMU (CA),UTL,Utility,So.,So,"Toronto, Canada",Toronto,,international,Pere Phillip La Marche,0,https://lmulions.com/sports/womens-water-polo/roster/2026
wp_77b0ef084d01,Lily,Larson,,Edison HS,5-7,67.0,,,water_polo,2025-26,2025,D1,Women,West Coast Conference,LMU (CA),ATT,Attacker,Sr.,Sr,"Huntington Beach, CA",Huntington Beach,CA,domestic,Edison HS,0,https://lmulions.com/sports/womens-water-polo/roster/2026
wp_258c8a59e7f5,Sophia,DeMattia,,Agoura HS,5-3,63.0,,,water_polo,2025-26,2025,D1,Women,West Coast Conference,LMU (CA),ATT,Attacker,Sr.,Sr,"Simi Valley, CA",Simi Valley,CA,domestic,Agoura HS,0,https://lmulions.com/sports/womens-water-polo/roster/2026
wp_d1fd12ce1385,Rylee,Harrington,,Newport Harbor HS,5-3,63.0,,,water_polo,2025-26,2025,D1,Women,West Coast Conference,LMU (CA),ATT,Attacker,Sr.,Sr,"Newport Beach, CA",Newport Beach,CA,domestic,Newport Harbor HS,0,https://lmulions.com/sports/womens-water-polo/roster/2026
wp_73f9aa0b4afe,Dunara,Senadheera,,Archie Williams HS,5-7,67.0,,,water_polo,2025-26,2025,D1,Women,West Coast Conference,LMU (CA),ATT,Attacker,Jr.,Jr,"San Anselmo, CA",San Anselmo,CA,domestic,Archie Williams HS,0,https://lmulions.com/sports/womens-water-polo/roster/2026
wp_1297b4f27510,Haley,Tassell,,,5-7,67.0,,,water_polo,2025-26,2025,D1,Women,West Coast Conference,Santa Clara,Goalkeeper,Goalkeeper,Jr.,Jr,San Diego,San Diego,CA,domestic,Patrick Henry HS,0,https://santaclarabroncos.com/sports/womens-water-polo/roster/2026
wp_4b8a1f781316,Fritzi,Warneke,Mechanical Engineering,,5-5,65.0,,,water_polo,2025-26,2025,D1,Women,West Coast Conference,Santa Clara,Goalkeeper,Goalkeeper,So.,So,"San Jose, Calif.",San Jose,CA,domestic,Presentation HS,0,https://santaclarabroncos.com/sports/womens-water-polo/roster/2026
wp_86ca9b8feb14,Annika,Burks,,,5-8,68.0,,,water_polo,2025-26,2025,D1,Women,West Coast Conference,Santa Clara,2M Defender,Center,Jr.,Jr,"Menlo Park, Calif.",Menlo Park,CA,domestic,Castilleja HS,0,https://santaclarabroncos.com/sports/womens-water-polo/roster/2026
wp_5919b6eb2f17,Evelyn,McLaughlin,,,5-8,68.0,,,water_polo,2025-26,2025,D1,Women,West Coast Conference,Santa Clara,Utility,Utility,Jr.,Jr,"Pleasanton, Calif.",Pleasanton,CA,domestic,Amador Valley HS,0,https://santaclarabroncos.com/sports/womens-water-polo/roster/2026
wp_d48ea5aeaa00,Megan,Chambliss,,,5-7,67.0,,,water_polo,2025-26,2025,D1,Women,West Coast Conference,Santa Clara,Utility,Utility,Sr.,Sr,"Danville, Calif.",Danville,CA,domestic,San Ramon Valley HS,0,https://santaclarabroncos.com/sports/womens-water-polo/roster/2026
wp_8d2cd4876d40,Makenna,Genco,,,6-1,73.0,,,water_polo,2025-26,2025,D1,Women,West Coast Conference,Santa Clara,Utility,Utility,So.,So,"Clovis, Calif.",Clovis,CA,domestic,Clovis North HS,0,https://santaclarabroncos.com/sports/womens-water-polo/roster/2026
wp_283046137a69,Calla,Troxel,,,5-8,68.0,,,water_polo,2025-26,2025,D1,Women,West Coast Conference,Santa Clara,Utility,Utility,Jr.,Jr,"Park City, Utah",Park City,UT,domestic,Park City HS,0,https://santaclarabroncos.com/sports/womens-water-polo/roster/2026
wp_063dff3c4463,Hailey,Romano,,,,,,,water_polo,2025-26,2025,D1,Women,West Coast Conference,Santa Clara,Center,Center,Fr.,Fr,San Diego,San Diego,CA,domestic,Cathedral Catholic,0,https://santaclarabroncos.com/sports/womens-water-polo/roster/2026
wp_70b51dd90552,Airi,Seib,,,5-5,65.0,,,water_polo,2025-26,2025,D1,Women,West Coast Conference,Santa Clara,Driver,Driver,Jr.,Jr,"Walnut Creek, Calif.",Walnut Creek,CA,domestic,Carondelet HS,0,https://santaclarabroncos.com/sports/womens-water-polo/roster/2026
wp_d642f6755ca7,Ava,Wells,,,5-3,63.0,,,water_polo,2025-26,2025,D1,Women,West Coast Conference,Santa Clara,Utility,Utility,Fr.,Fr,"Worthington, Ohio",Worthington,OH,domestic,Worthington Kilbourne HS,0,https://santaclarabroncos.com/sports/womens-water-polo/roster/2026
wp_f44bc14326b4,London,Menard,Neuroscience,,5-7,67.0,,,water_polo,2025-26,2025,D1,Women,West Coast Conference,Santa Clara,2M,Center,So.,So,"Orinda, Calif.",Orinda,CA,domestic,Campolindo HS,0,https://santaclarabroncos.com/sports/womens-water-polo/roster/2026
wp_87255c42cca2,Mikayla,Crowe,,,5-6,66.0,,,water_polo,2025-26,2025,D1,Women,West Coast Conference,Santa Clara,2M Defender,Center,So.,So,San Diego,San Diego,CA,domestic,The Bishop's School,0,https://santaclarabroncos.com/sports/womens-water-polo/roster/2026
wp_fdcdb419623b,Avary,Torres,,,5-4,64.0,,,water_polo,2025-26,2025,D1,Women,West Coast Conference,Santa Clara,Driver,Driver,Sr.,Sr,Los Angeles,Los Angeles,CA,domestic,El Segundo HS,0,https://santaclarabroncos.com/sports/womens-water-polo/roster/2026
wp_4ab50565b93d,Khloe,Tarbet,,,5-9,69.0,,,water_polo,2025-26,2025,D1,Women,West Coast Conference,Santa Clara,Utility,Utility,So.,So,"Agoura Hills, Calif.",Agoura Hills,CA,domestic,Agoura Hills HS,0,https://santaclarabroncos.com/sports/womens-water-polo/roster/2026
wp_738e88292c96,Mia,Barkett,,,5-7,67.0,,,water_polo,2025-26,2025,D1,Women,West Coast Conference,Santa Clara,Driver,Driver,Jr.,Jr,"La Mesa, Calif.",La Mesa,CA,domestic,Helix Charter,0,https://santaclarabroncos.com/sports/womens-water-polo/roster/2026
wp_87da2659d8dc,Sydney,Maccabe,,,5-7,67.0,,,water_polo,2025-26,2025,D1,Women,West Coast Conference,Santa Clara,Driver,Driver,Sr.,Sr,"Tustin, Calif.",Tustin,CA,domestic,Foothill HS,0,https://santaclarabroncos.com/sports/womens-water-polo/roster/2026
wp_aa54e1d7e41d,Julia,Ernsting,,,5-7,67.0,,,water_polo,2025-26,2025,D1,Women,West Coast Conference,Santa Clara,Driver,Driver,Fr.,Fr,"Los Gatos, Calif.",Los Gatos,CA,domestic,Los Gatos HS,0,https://santaclarabroncos.com/sports/womens-water-polo/roster/2026
wp_aeea1922f09d,Reese,Artura,,,,,,,water_polo,2025-26,2025,D1,Women,West Coast Conference,Santa Clara,Driver,Driver,Fr.,Fr,"La Canada Flintridge, Calif.",La Canada Flintridge,CA,domestic,Flintridge Sacred Heart Academy,1,https://santaclarabroncos.com/sports/womens-water-polo/roster/2026
wp_2be3a39c47f3,Chloe,Rizof,,,5-2,62.0,,,water_polo,2025-26,2025,D1,Women,West Coast Conference,Santa Clara,Driver,Driver,So.,So,"Newport Beach, Calif.",Newport Beach,CA,domestic,Newport Harbor HS,0,https://santaclarabroncos.com/sports/womens-water-polo/roster/2026
wp_d3dac7555542,Lia,Lakis,,,5-9,69.0,,,water_polo,2025-26,2025,D1,Women,West Coast Conference,Santa Clara,Driver,Driver,So.,So,"Rancho Palos Verdes, Calif.",Rancho Palos Verdes,CA,domestic,Palos Verdes Peninsula HS,0,https://santaclarabroncos.com/sports/womens-water-polo/roster/2026
wp_f42575f21385,Ella,Debenham,International Relations,,5-8,68.0,,,water_polo,2025-26,2025,D3,Women,Southern California Intercollegiate Athletic Conference,Pomona-Pitzer,GK GK,Goalkeeper,So.,So,"Redwood City, CA",Redwood City,CA,domestic,Castilleja School,0,https://sagehens.com/sports/womens-water-polo/roster/2026
wp_b7af2c9ca030,Isabella,Dova,Undeclared,,,,,,water_polo,2025-26,2025,D3,Women,Southern California Intercollegiate Athletic Conference,Pomona-Pitzer,GK GK,Goalkeeper,Fr.,Fr,"Atherton, CA",Atherton,CA,domestic,Sacred Heart Prep,1,https://sagehens.com/sports/womens-water-polo/roster/2026
wp_6fd198832367,Vivienne,Wood,Undeclared,,,,,,water_polo,2025-26,2025,D3,Women,Southern California Intercollegiate Athletic Conference,Pomona-Pitzer,GK GK,Goalkeeper,Fr.,Fr,"Pasadena, CA",Pasadena,CA,domestic,John Muir High School,0,https://sagehens.com/sports/womens-water-polo/roster/2026
wp_56edeab4e785,Sienna,Bertsch,,,5-9,69.0,,,water_polo,2025-26,2025,D3,Women,Southern California Intercollegiate Athletic Conference,Pomona-Pitzer,GK GK,Goalkeeper,So.,So,"Fullerton, CA",Fullerton,CA,domestic,Sunny Hills High School,0,https://sagehens.com/sports/womens-water-polo/roster/2026
wp_d4096738095d,Mia,Amberger,,,5-6,66.0,,,water_polo,2025-26,2025,D3,Women,Southern California Intercollegiate Athletic Conference,Pomona-Pitzer,RS RS,Other,Sr.,Sr,"Santa Barbara, CA",Santa Barbara,CA,domestic,San Marcos Senior High School,0,https://sagehens.com/sports/womens-water-polo/roster/2026
wp_19b5403d2573,Natalie,Sullivan Wu,Economics,,5-8,68.0,,,water_polo,2025-26,2025,D3,Women,Southern California Intercollegiate Athletic Conference,Pomona-Pitzer,LS LS,Other,Jr.,Jr,"Burlingame, CA",Burlingame,CA,domestic,Burlingame High School,0,https://sagehens.com/sports/womens-water-polo/roster/2026
wp_d25db8cab9ba,Kailoa,Kerber,Undeclared,,,,,,water_polo,2025-26,2025,D3,Women,Southern California Intercollegiate Athletic Conference,Pomona-Pitzer,Pomona,Other,Fr.,Fr,"Honolulu, HI",Honolulu,HI,domestic,Punahou School,0,https://sagehens.com/sports/womens-water-polo/roster/2026
wp_38ceb3ab4372,Ayva,Magna,,,5-9,69.0,,,water_polo,2025-26,2025,D3,Women,Southern California Intercollegiate Athletic Conference,Pomona-Pitzer,C C,Center,Sr.,Sr,"Los Angeles, CA",Los Angeles,CA,domestic,Harvard-Westlake HS,0,https://sagehens.com/sports/womens-water-polo/roster/2026
wp_81bc6e4ac0e5,Katie,Hugar,Undeclared,,,,,,water_polo,2025-26,2025,D3,Women,Southern California Intercollegiate Athletic Conference,Pomona-Pitzer,Pitzer,Other,Fr.,Fr,Fr. Alta Loma High School,Fr. Alta Loma High School,,international,Alta Loma High School,0,https://sagehens.com/sports/womens-water-polo/roster/2026
wp_7d5838572896,Lisbon,Zeigler,Chemistry,,5-8,68.0,,,water_polo,2025-26,2025,D3,Women,Southern California Intercollegiate Athletic Conference,Pomona-Pitzer,LS LS,Other,Jr.,Jr,"San Diego, CA",San Diego,CA,domestic,The Bishops School,0,https://sagehens.com/sports/womens-water-polo/roster/2026
wp_16d541bc7619,Brienz,Lang,,,5-9,69.0,,,water_polo,2025-26,2025,D3,Women,Southern California Intercollegiate Athletic Conference,Pomona-Pitzer,UT UT,Utility,Sr.,Sr,"Hillsborough, CA",Hillsborough,CA,domestic,Sacred Heart Prep,1,https://sagehens.com/sports/womens-water-polo/roster/2026
wp_0fa8304d951b,Gabby,Lewis,,,5-7,67.0,,,water_polo,2025-26,2025,D3,Women,Southern California Intercollegiate Athletic Conference,Pomona-Pitzer,RS RS,Other,Sr.,Sr,"Atherton, CA",Atherton,CA,domestic,Castilleja High School,0,https://sagehens.com/sports/womens-water-polo/roster/2026
wp_948509fa30e9,Layla,Szymczak,Economics,,5-5,65.0,,,water_polo,2025-26,2025,D3,Women,Southern California Intercollegiate Athletic Conference,Pomona-Pitzer,RS RS,Other,So.,So,"Santa Barbara, CA",Santa Barbara,CA,domestic,Santa Barbara High School,0,https://sagehens.com/sports/womens-water-polo/roster/2026
wp_6e2150e398da,Paityn,Richardson,Computer Science,,5-11,71.0,,,water_polo,2025-26,2025,D3,Women,Southern California Intercollegiate Athletic Conference,Pomona-Pitzer,C C,Center,Jr.,Jr,"Frankfort, IL",Frankfort,IL,domestic,Lincoln-Way East High School,0,https://sagehens.com/sports/womens-water-polo/roster/2026
wp_8f614791b788,Sydney,Bowns,Molecular Biology,,5-7,67.0,,,water_polo,2025-26,2025,D3,Women,Southern California Intercollegiate Athletic Conference,Pomona-Pitzer,UT UT,Utility,So.,So,"Clovis, CA",Clovis,CA,domestic,Clovis North,0,https://sagehens.com/sports/womens-water-polo/roster/2026
wp_0933ca19ceb1,Bella,McGowan,,,5-8,68.0,,,water_polo,2025-26,2025,D3,Women,Southern California Intercollegiate Athletic Conference,Pomona-Pitzer,UT UT,Utility,Sr.,Sr,"Chicago, IL",Chicago,IL,domestic,Lincoln Park High School,0,https://sagehens.com/sports/womens-water-polo/roster/2026
wp_9b8f8748adea,Natalie,Ascorra,Undeclared,,5-6,66.0,,,water_polo,2025-26,2025,D3,Women,Southern California Intercollegiate Athletic Conference,Pomona-Pitzer,RS RS,Other,So.,So,"Los Angeles, CA",Los Angeles,CA,domestic,Harvard-Westlake,0,https://sagehens.com/sports/womens-water-polo/roster/2026
wp_6063a601c7a2,Sara,Archer,,,5-6,66.0,,,water_polo,2025-26,2025,D3,Women,Southern California Intercollegiate Athletic Conference,Pomona-Pitzer,RS RS,Other,Jr.,Jr,"Lafayette, CA",Lafayette,CA,domestic,Acalanes High School,0,https://sagehens.com/sports/womens-water-polo/roster/2026
wp_1dbd00a70b98,Sophia,Berger,Mathematics,,5-5,65.0,,,water_polo,2025-26,2025,D3,Women,Southern California Intercollegiate Athletic Conference,Pomona-Pitzer,RS RS,Other,So.,So,"Long Grove, IL",Long Grove,IL,domestic,Adlai E. Stevenson High School,0,https://sagehens.com/sports/womens-water-polo/roster/2026
wp_859b8a745036,Ava,Gurney,Human Biology,,5-3,63.0,,,water_polo,2025-26,2025,D3,Women,Southern California Intercollegiate Athletic Conference,Pomona-Pitzer,UT UT,Utility,So.,So,"Honolulu, HI",Honolulu,HI,domestic,Kamehameha Schools,0,https://sagehens.com/sports/womens-water-polo/roster/2026
wp_3608c29ec2bb,Rasma,Rotsart,Human Biology,,5-6,66.0,,,water_polo,2025-26,2025,D3,Women,Southern California Intercollegiate Athletic Conference,Pomona-Pitzer,"5'6"" Pitzer",Other,Jr.,Jr,"La Mesa, CA",La Mesa,CA,domestic,Helix High School,0,https://sagehens.com/sports/womens-water-polo/roster/2026
wp_8a485f249749,Lauren,Valentin,,,5-1,61.0,,,water_polo,2025-26,2025,D3,Women,Southern California Intercollegiate Athletic Conference,Pomona-Pitzer,RS RS,Other,Sr.,Sr,"Chicago, IL",Chicago,IL,domestic,The Latin School,0,https://sagehens.com/sports/womens-water-polo/roster/2026
wp_37f173e7b908,Chloe,Mei Espinosa,Chinese,,5-6,66.0,,,water_polo,2025-26,2025,D3,Women,Southern California Intercollegiate Athletic Conference,Pomona-Pitzer,UT UT,Utility,So.,So,"Newport Beach, CA",Newport Beach,CA,domestic,Mater Dei High School,0,https://sagehens.com/sports/womens-water-polo/roster/2026
wp_496dc6b6a02e,Celia,Young,,,,,,,water_polo,2025-26,2025,D3,Women,Southern California Intercollegiate Athletic Conference,Pomona-Pitzer,Pitzer,Other,Fr.,Fr,"Ventura, CA",Ventura,CA,domestic,Ventura High School,0,https://sagehens.com/sports/womens-water-polo/roster/2026
wp_b0047eff0153,Isabelle,Nicole,Undeclared,,,,,,water_polo,2025-26,2025,D3,Women,Southern California Intercollegiate Athletic Conference,Pomona-Pitzer,Pitzer,Other,Fr.,Fr,"Castro Valley, CA",Castro Valley,CA,domestic,Castro Valley High School,0,https://sagehens.com/sports/womens-water-polo/roster/2026
wp_0743fbd388e5,Emma,Jackson,Undeclared,,5-10,70.0,,,water_polo,2025-26,2025,D3,Women,Southern California Intercollegiate Athletic Conference,Pomona-Pitzer,RS RS,Other,So.,So,"Houston, TX",Houston,TX,domestic,Stratford,0,https://sagehens.com/sports/womens-water-polo/roster/2026
wp_f8527e907cb6,Jayden,Kratt,Neuroscience,,,,,,water_polo,2025-26,2025,D3,Women,Minnesota Intercollegiate Athletic Conference,Macalester,GK,Goalkeeper,Sr.,Sr,"Palo Alto, Calif.",Palo Alto,CA,domestic,Henry M. Gunn,0,https://athletics.macalester.edu/sports/womens-water-polo/roster/2026
wp_86f139789bbf,Myles,Kratz,Biology,,,,,,water_polo,2025-26,2025,D3,Women,Minnesota Intercollegiate Athletic Conference,Macalester,GK,Goalkeeper,So.,So,"Northbrook, Ill.",Northbrook,IL,domestic,Glenbrook North,0,https://athletics.macalester.edu/sports/womens-water-polo/roster/2026
wp_6876331f83c8,Lorelei,Bell,Chemistry,,,,,,water_polo,2025-26,2025,D3,Women,Minnesota Intercollegiate Athletic Conference,Macalester,UT,Utility,Sr.,Sr,"Encinitas, Calif.",Encinitas,CA,domestic,San Dieguito Academy,1,https://athletics.macalester.edu/sports/womens-water-polo/roster/2026
wp_09261c8f76b4,Hannah,Fasi,Media & Cultural Studies,,,,,,water_polo,2025-26,2025,D3,Women,Minnesota Intercollegiate Athletic Conference,Macalester,ATT,Attacker,Jr.,Jr,"Honolulu, Hawaii",Honolulu,HI,domestic,Iolani School,0,https://athletics.macalester.edu/sports/womens-water-polo/roster/2026
wp_c1d9fdc8f55e,Reese,Winegar,Undeclared,,,,,,water_polo,2025-26,2025,D3,Women,Minnesota Intercollegiate Athletic Conference,Macalester,ATT,Attacker,Fy.,Fr,"Hoffman Estates, Ill.",Hoffman Estates,IL,domestic,William Fremd,0,https://athletics.macalester.edu/sports/womens-water-polo/roster/2026
wp_570773c1204d,Molly,Lemmon,English and Creative Writing,,,,,,water_polo,2025-26,2025,D3,Women,Minnesota Intercollegiate Athletic Conference,Macalester,ATT,Attacker,Jr.,Jr,"Evanston, Ill.",Evanston,IL,domestic,Evanston Township,0,https://athletics.macalester.edu/sports/womens-water-polo/roster/2026
wp_4874c0e022cf,Alana,Nadolski,Statistics / Computer Science,,,,,,water_polo,2025-26,2025,D3,Women,Minnesota Intercollegiate Athletic Conference,Macalester,ATT,Attacker,Sr.,Sr,"Kentwood, Mich.",Kentwood,MI,domestic,East Kentwood,0,https://athletics.macalester.edu/sports/womens-water-polo/roster/2026
wp_b1f54dc423c4,Alice,Lemmon,Undeclared,,,,,,water_polo,2025-26,2025,D3,Women,Minnesota Intercollegiate Athletic Conference,Macalester,UT,Utility,Fy.,Fr,"Evanston, Ill.",Evanston,IL,domestic,Evanston Township,0,https://athletics.macalester.edu/sports/womens-water-polo/roster/2026
wp_3ec2a43dc072,Ayla,Reynolds,Chemistry / Mathematics,,,,,,water_polo,2025-26,2025,D3,Women,Minnesota Intercollegiate Athletic Conference,Macalester,UT,Utility,So.,So,"San Antonio, Texas",San Antonio,TX,domestic,John M. Harlan,0,https://athletics.macalester.edu/sports/womens-water-polo/roster/2026
wp_8db59b0a4093,Katie,Martin,Undeclared,,,,,,water_polo,2025-26,2025,D3,Women,Minnesota Intercollegiate Athletic Conference,Macalester,ATT,Attacker,Fy.,Fr,"Bryn Athyn, Pa.",Bryn Athyn,PA,domestic,Germantown Academy,1,https://athletics.macalester.edu/sports/womens-water-polo/roster/2026
wp_b2d305bb1d72,Jess,Palmer-Sammons,Biology / Spanish,,,,,,water_polo,2025-26,2025,D3,Women,Minnesota Intercollegiate Athletic Conference,Macalester,UT,Utility,Sr.,Sr,"Half Moon Bay, Calif.",Half Moon Bay,CA,domestic,Half Moon Bay,0,https://athletics.macalester.edu/sports/womens-water-polo/roster/2026
wp_db64ea7d1abf,Mak,Kratz,Biology / Neuroscience,,,,,,water_polo,2025-26,2025,D3,Women,Minnesota Intercollegiate Athletic Conference,Macalester,UT,Utility,So.,So,"Northbrook, Ill.",Northbrook,IL,domestic,Glenbrook North,0,https://athletics.macalester.edu/sports/womens-water-polo/roster/2026
wp_82d1f9506678,Anna,Gaisser,Environmental Studies,,,,,,water_polo,2025-26,2025,D3,Women,Minnesota Intercollegiate Athletic Conference,Macalester,UT,Utility,So.,So,"Seattle, Wash.",Seattle,WA,domestic,Ingraham,0,https://athletics.macalester.edu/sports/womens-water-polo/roster/2026
wp_aedb8f016b16,Kendall,Strauss,Biology,,,,,,water_polo,2025-26,2025,D3,Women,Minnesota Intercollegiate Athletic Conference,Macalester,C,Center,Sr.,Sr,"Round Rock, Texas",Round Rock,TX,domestic,Round Rock,0,https://athletics.macalester.edu/sports/womens-water-polo/roster/2026
wp_fc3c9155c64a,Amelia,Brown,Psychology,,5-6,66.0,,,water_polo,2025-26,2025,D3,Women,New England Women's and Men's Athletic Conference,Wheaton Massachusetts,GK/ATT,Multi,Jr.,Jr,"Acton, Mass.",Acton,MA,domestic,Francis W. Parker Charter Essential School,0,https://wheatoncollegelyons.com/sports/womens-water-polo/roster/2026
wp_68b3d13b304d,Anduena,Kraja,Political Science,,5-10,70.0,,,water_polo,2025-26,2025,D3,Women,New England Women's and Men's Athletic Conference,Wheaton Massachusetts,GK,Goalkeeper,Fy.,Fr,"Chicago, Ill.",Chicago,IL,domestic,Lane Tech College Prep,1,https://wheatoncollegelyons.com/sports/womens-water-polo/roster/2026
wp_7c3baa9933ab,Toni,Munguia,Elementary Education,,5-5,65.0,,,water_polo,2025-26,2025,D3,Women,New England Women's and Men's Athletic Conference,Wheaton Massachusetts,ATT,Attacker,Fy.,Fr,"Temecula, Calif.",Temecula,CA,domestic,Chaparral,0,https://wheatoncollegelyons.com/sports/womens-water-polo/roster/2026
wp_70b941e99c2a,Josephine,Basco,Psychology,,5-4,64.0,,,water_polo,2025-26,2025,D3,Women,New England Women's and Men's Athletic Conference,Wheaton Massachusetts,ATT,Attacker,Sr.,Sr,"Painesville, Ohio",Painesville,OH,domestic,Thomas W. Harvey,0,https://wheatoncollegelyons.com/sports/womens-water-polo/roster/2026
wp_3710029a1233,Mackenzie,Kirby,Sociology and Political Science,,5-3,63.0,,,water_polo,2025-26,2025,D3,Women,New England Women's and Men's Athletic Conference,Wheaton Massachusetts,ATT,Attacker,So.,So,"Blue Ash, Ohio",Blue Ash,OH,domestic,Sycamore,0,https://wheatoncollegelyons.com/sports/womens-water-polo/roster/2026
wp_9e37289c1130,Ryanna,Ritting,Secondary Education & English,,5-9,69.0,,,water_polo,2025-26,2025,D3,Women,New England Women's and Men's Athletic Conference,Wheaton Massachusetts,ATT,Attacker,So.,So,"Perkasie, Pa.",Perkasie,PA,domestic,Pennridge,0,https://wheatoncollegelyons.com/sports/womens-water-polo/roster/2026
wp_992a5102a2bf,Issabel,Babikova,Neuroscience,,5-8,68.0,,,water_polo,2025-26,2025,D3,Women,New England Women's and Men's Athletic Conference,Wheaton Massachusetts,ATT/CTR D,Multi,Sr.,Sr,"South Portland, Maine",South Portland,ME,domestic,South Portland,0,https://wheatoncollegelyons.com/sports/womens-water-polo/roster/2026
wp_b5c1f26b8628,Sophia,Romo,Political Science & English,,5-3,63.0,,,water_polo,2025-26,2025,D3,Women,New England Women's and Men's Athletic Conference,Wheaton Massachusetts,ATT,Attacker,Jr.,Jr,"Jupiter, Fla.",Jupiter,FL,domestic,William T. Dwyer,0,https://wheatoncollegelyons.com/sports/womens-water-polo/roster/2026
wp_6b87eadd5348,Isobelle,Jennings,Pre-Med Psychology,,5-4,64.0,,,water_polo,2025-26,2025,D3,Women,New England Women's and Men's Athletic Conference,Wheaton Massachusetts,ATT,Attacker,So.,So,"Leeds, U.K.",Leeds,,international,Bedford (N.H.),0,https://wheatoncollegelyons.com/sports/womens-water-polo/roster/2026
wp_ea868c0a5507,Claudia,Gagné,Speech Language Pathology,,5-4,64.0,,,water_polo,2025-26,2025,D3,Women,New England Women's and Men's Athletic Conference,Wheaton Massachusetts,ATT/CTR,Multi,Fy.,Fr,"Orlando, Fla.",Orlando,FL,domestic,Colonial,0,https://wheatoncollegelyons.com/sports/womens-water-polo/roster/2026
wp_96ab54261117,Avary,Guge,Biology,,5-8,68.0,,,water_polo,2025-26,2025,D3,Women,New England Women's and Men's Athletic Conference,Wheaton Massachusetts,CTR,Center,Fy.,Fr,"Winchester, Calif.",Winchester,CA,domestic,Chaparral,0,https://wheatoncollegelyons.com/sports/womens-water-polo/roster/2026
wp_c36c9a94b0c8,Scout,Lowrie,Biology & Public Health Psychology,,5-7,67.0,,,water_polo,2025-26,2025,D3,Women,New England Women's and Men's Athletic Conference,Wheaton Massachusetts,ATT,Attacker,Jr.,Jr,"Franklin, N.J.",Franklin,NJ,domestic,Franklin,0,https://wheatoncollegelyons.com/sports/womens-water-polo/roster/2026
wp_1d5cc1aad2e6,Fiona,Swift,Russian & Political Science,,6-0,72.0,,,water_polo,2025-26,2025,D3,Women,New England Women's and Men's Athletic Conference,Wheaton Massachusetts,ATT/GK,Multi,So.,So,"Red Hill, Pa.",Red Hill,PA,domestic,Upper Perkiomen,0,https://wheatoncollegelyons.com/sports/womens-water-polo/roster/2026
wp_d339ab06aa31,Daniela,Herrero Miralles,Business Management,,,,,,water_polo,2025-26,2025,D2,Women,Pacific West Conference,Azusa Pacific,Goalkeeper GK,Goalkeeper,Sr.,Sr,"Madrid, Spain",Madrid,,international,Brains International School,0,https://athletics.apu.edu/sports/womens-water-polo/roster/2026
wp_dc2be94a5734,Madilyn,Nim,Nursing,,,,,,water_polo,2025-26,2025,D2,Women,Pacific West Conference,Azusa Pacific,Goalkeeper,Goalkeeper,Fr.,Fr,Fr. Nursing,Fr. Nursing,,international,,0,https://athletics.apu.edu/sports/womens-water-polo/roster/2026
wp_3dd7e451a9e5,Avery,Reyes,Psychology,Long Beach City College,,,,,water_polo,2025-26,2025,D2,Women,Pacific West Conference,Azusa Pacific,Goalkeeper,Goalkeeper,Jr.,Jr,"Lakewood, Calif.",Lakewood,CA,domestic,Long Beach Millikan,0,https://athletics.apu.edu/sports/womens-water-polo/roster/2026
wp_9ff4248d5173,Kayla,Tweed,Physical Therapy,West Valley College,,,,,water_polo,2025-26,2025,D2,Women,Pacific West Conference,Azusa Pacific,Goalkeeper,Goalkeeper,Jr.,Jr,"Temecula, Calif.",Temecula,CA,domestic,Temecula Valley HS,0,https://athletics.apu.edu/sports/womens-water-polo/roster/2026
wp_63b7187b406f,Evelyne,Prado,Psychology,,,,,,water_polo,2025-26,2025,D2,Women,Pacific West Conference,Azusa Pacific,Attacker Attacker,Attacker,Jr.,Jr,"Visalia, Calif.",Visalia,CA,domestic,El Diamante HS,0,https://athletics.apu.edu/sports/womens-water-polo/roster/2026
wp_15c4fec9a91f,Sofia,Vetuli,Business Management,,,,,,water_polo,2025-26,2025,D2,Women,Pacific West Conference,Azusa Pacific,Attacker,Attacker,Fr.,Fr,"Milan, Italy",Milan,,international,Liceo Linguistico Alessandro Manzoni,0,https://athletics.apu.edu/sports/womens-water-polo/roster/2026
wp_66a3aad25257,Jaeden,Johnson,Psychology,,,,,,water_polo,2025-26,2025,D2,Women,Pacific West Conference,Azusa Pacific,Center Defender Center Defender,Center,Sr.,Sr,"Corona, Calif.",Corona,CA,domestic,Corona HS / Riverside City College,0,https://athletics.apu.edu/sports/womens-water-polo/roster/2026
wp_69e41d7a0eac,Audrey,Dexter,Chemistry,,,,,,water_polo,2025-26,2025,D2,Women,Pacific West Conference,Azusa Pacific,Attacker Attacker,Attacker,Jr.,Jr,"Kaneohe, Haw.",Kaneohe,,international,Iolani School,0,https://athletics.apu.edu/sports/womens-water-polo/roster/2026
wp_33cfa9f0f902,Kohia,Rego,Psychology,,,,,,water_polo,2025-26,2025,D2,Women,Pacific West Conference,Azusa Pacific,Center Defender Center Defender,Center,Jr.,Jr,"Honolulu, Hawaii",Honolulu,HI,domestic,Kamehameha Schools / Cal State East Bay,0,https://athletics.apu.edu/sports/womens-water-polo/roster/2026
wp_decf9a89442d,Annabelle,Gould,Business Management,,,,,,water_polo,2025-26,2025,D2,Women,Pacific West Conference,Azusa Pacific,Center Defender,Center,Fr.,Fr,"Placerville, Calif.",Placerville,CA,domestic,El Dorado HS,0,https://athletics.apu.edu/sports/womens-water-polo/roster/2026
wp_712293bee82f,Kori,Cunningham,Kinesiology,Citrus College,,,,,water_polo,2025-26,2025,D2,Women,Pacific West Conference,Azusa Pacific,Attacker,Attacker,Jr.,Jr,"Rancho Cucamonga, Calif.",Rancho Cucamonga,CA,domestic,Rancho Cucamonga HS,0,https://athletics.apu.edu/sports/womens-water-polo/roster/2026
wp_566d46594ca2,Bailey,Hollick,Kinesiology,Sierra College,,,,,water_polo,2025-26,2025,D2,Women,Pacific West Conference,Azusa Pacific,Center,Center,Jr.,Jr,"Auckland, New Zealand",Auckland,,international,Western Springs College,0,https://athletics.apu.edu/sports/womens-water-polo/roster/2026
wp_3ee5630339e5,Moncreath,Maldonado,,,,,,,water_polo,2025-26,2025,D2,Women,Pacific West Conference,Azusa Pacific,Attacker,Attacker,Jr.,Jr,"San Fernando, Calif.",San Fernando,CA,domestic,John F Kennedy HS,0,https://athletics.apu.edu/sports/womens-water-polo/roster/2026
wp_002036fce10f,Jessie,Nelson,Business Management,,,,,,water_polo,2025-26,2025,D2,Women,Pacific West Conference,Azusa Pacific,Center Center,Center,Sr.,Sr,"Corona, Calif.",Corona,CA,domestic,Centennial HS / Riverside City College,0,https://athletics.apu.edu/sports/womens-water-polo/roster/2026
wp_2f3904c2737e,Olivia,Ocampo,Liberal Arts,,,,,,water_polo,2025-26,2025,D2,Women,Pacific West Conference,Azusa Pacific,Attacker,Attacker,Fr.,Fr,Fr. Liberal Arts,Fr. Liberal Arts,,international,,0,https://athletics.apu.edu/sports/womens-water-polo/roster/2026
wp_6cd969146a90,Montana,George,Mathematics,,"5'8""",68.0,,,water_polo,2025-26,2025,D2,Women,Pacific West Conference,Azusa Pacific,Utility Utility,Utility,Gr.,Gr,"Carson, Calif.",Carson,CA,domestic,West Torrance HS,0,https://athletics.apu.edu/sports/womens-water-polo/roster/2026
wp_461d094c6b9a,Stacy,Stroud,Allied Health,,,,,,water_polo,2025-26,2025,D2,Women,Pacific West Conference,Azusa Pacific,Attacker,Attacker,Fr.,Fr,"Chino, Calif.",Chino,CA,domestic,Rosary HS,0,https://athletics.apu.edu/sports/womens-water-polo/roster/2026
wp_9e8cbb2622d6,Fernanda,Luna,Business Administration,Instituto Politécnico Nacional,5-6,66.0,,,water_polo,2025-26,2025,D2,Women,Pacific West Conference,Biola,Goalie,Goalkeeper,Fr.,Fr,"León, Mexico",León,,international,Instituto Politécnico Nacional,0,https://athletics.biola.edu/sports/womens-water-polo/roster/2026
wp_dfa4c0776473,Clara,McKee,Business Administration,Foster HS,5-5,65.0,,,water_polo,2025-26,2025,D2,Women,Pacific West Conference,Biola,Goalie,Goalkeeper,So.,So,"Richmond, TX",Richmond,TX,domestic,Foster HS,0,https://athletics.biola.edu/sports/womens-water-polo/roster/2026
wp_50fdf9f6030c,Natalee,Winberg,Biological Science,Troy HS,5-10,70.0,,,water_polo,2025-26,2025,D2,Women,Pacific West Conference,Biola,Goalie,Goalkeeper,Fr.,Fr,"Brea, CA",Brea,CA,domestic,Troy HS,0,https://athletics.biola.edu/sports/womens-water-polo/roster/2026
wp_7570a4a6a453,Marissa,Brock,Liberal Studies Elementary Education,California Baptist,5-7,67.0,,,water_polo,2025-26,2025,D2,Women,Pacific West Conference,Biola,Center,Center,R-So.,So,"Stockton, CA",Stockton,CA,domestic,St. Mary's High School,0,https://athletics.biola.edu/sports/womens-water-polo/roster/2026
wp_d7c3b5e93d0e,Ava,LoBue,Occupational Therapy,Monache HS,5-6,66.0,,,water_polo,2025-26,2025,D2,Women,Pacific West Conference,Biola,Attacker,Attacker,Gr.,Gr,"Porterville, CA",Porterville,CA,domestic,Monache HS,0,https://athletics.biola.edu/sports/womens-water-polo/roster/2026
wp_2eea5e629656,Stephanie,Rodriguez,Psychology,El Segundo HS,5-5,65.0,,,water_polo,2025-26,2025,D2,Women,Pacific West Conference,Biola,Attacker,Attacker,Jr.,Jr,"El Segundo, CA",El Segundo,CA,domestic,El Segundo HS,0,https://athletics.biola.edu/sports/womens-water-polo/roster/2026
wp_e3ecf1f74846,Annabella,Rapp,Public Health,UCLA,5-10,70.0,,,water_polo,2025-26,2025,D2,Women,Pacific West Conference,Biola,Utility,Utility,Jr.,Jr,"Whittier, CA",Whittier,CA,domestic,La Serna High School,0,https://athletics.biola.edu/sports/womens-water-polo/roster/2026
wp_7f64e6c0e988,Ennovi,Dominguez,Undeclared,Saint Joseph HS,5-5,65.0,,,water_polo,2025-26,2025,D2,Women,Pacific West Conference,Biola,Attacker,Attacker,Fr.,Fr,"Bellflower, CA",Bellflower,CA,domestic,Saint Joseph HS,0,https://athletics.biola.edu/sports/womens-water-polo/roster/2026
wp_5a2851447ee0,Kajsa,Brown,Kinesiology,Portland Christian HS,5-8,68.0,,,water_polo,2025-26,2025,D2,Women,Pacific West Conference,Biola,Attacker,Attacker,Fr.,Fr,"Portland, OR",Portland,OR,domestic,Portland Christian,0,https://athletics.biola.edu/sports/womens-water-polo/roster/2026
wp_afe66a1abbab,Myah,Ibarra,Accounting,California HS,5-0,60.0,,,water_polo,2025-26,2025,D2,Women,Pacific West Conference,Biola,Utility,Utility,Jr.,Jr,"Commerce, CA",Commerce,CA,domestic,California HS,0,https://athletics.biola.edu/sports/womens-water-polo/roster/2026
wp_ee9a0d5e4795,Mia,Mulhall,Liberal Studies Elementary Education,Trabuco Hills HS,5-5,65.0,,,water_polo,2025-26,2025,D2,Women,Pacific West Conference,Biola,Utility,Utility,Sr.,Sr,"Mission Viejo, CA",Mission Viejo,CA,domestic,Trabuco Hills HS,0,https://athletics.biola.edu/sports/womens-water-polo/roster/2026
wp_a81615e448cc,Emily,Guedel,History,Mercer Island HS,5-10,70.0,,,water_polo,2025-26,2025,D2,Women,Pacific West Conference,Biola,Center,Center,Sr.,Sr,"Mercer Island, WA",Mercer Island,WA,domestic,Mercer Island HS,0,https://athletics.biola.edu/sports/womens-water-polo/roster/2026
wp_fe10ec2f5469,Destiny,Moreno,Biochemistry,Schurr HS,5-5,65.0,,,water_polo,2025-26,2025,D2,Women,Pacific West Conference,Biola,Utility,Utility,So.,So,"Commerce, CA",Commerce,CA,domestic,Schurr HS,0,https://athletics.biola.edu/sports/womens-water-polo/roster/2026
wp_0f4aeb35f751,Alyah,Ibarra,Art,California HS,5-3,63.0,,,water_polo,2025-26,2025,D2,Women,Pacific West Conference,Biola,Utility,Utility,So.,So,"Commerce, CA",Commerce,CA,domestic,California HS,0,https://athletics.biola.edu/sports/womens-water-polo/roster/2026
wp_93bf36e77a00,Sofia,Lazzarini Orlandi,Kinesiology,West Valley College,5-5,65.0,,,water_polo,2025-26,2025,D2,Women,Pacific West Conference,Biola,Attacker,Attacker,Jr.,Jr,"Jundiaí, Brazil",Jundiaí,,international,Luiz Rosa,0,https://athletics.biola.edu/sports/womens-water-polo/roster/2026
wp_e2755c507664,Berlynn,Mani,Biological Science,Downey HS,5-0,60.0,,,water_polo,2025-26,2025,D2,Women,Pacific West Conference,Biola,Utility,Utility,Fr.,Fr,"Commerce, CA",Commerce,CA,domestic,Downey HS,0,https://athletics.biola.edu/sports/womens-water-polo/roster/2026
wp_35aabf1e8aba,Ava,Gatewood,Psychology,Clairemont HS,4-8,56.0,,,water_polo,2025-26,2025,D2,Women,Pacific West Conference,Biola,Attacker,Attacker,Fr.,Fr,"San Diego, CA",San Diego,CA,domestic,Clairemont HS,0,https://athletics.biola.edu/sports/womens-water-polo/roster/2026
wp_8d51562d4aa2,Savannah,Rapp,Liberal Studies Elementary Education,La Serna HS,5-9,69.0,,,water_polo,2025-26,2025,D2,Women,Pacific West Conference,Biola,Utility,Utility,So.,So,"La Habra, CA",La Habra,CA,domestic,La Serna HS,0,https://athletics.biola.edu/sports/womens-water-polo/roster/2026
wp_a5e3ba488a74,Devon,Coppes,English,Trabuco Hills HS,5-3,63.0,,,water_polo,2025-26,2025,D2,Women,Pacific West Conference,Biola,Attacker,Attacker,Sr.,Sr,"Mission Viejo, CA",Mission Viejo,CA,domestic,Trabuco Hills HS,0,https://athletics.biola.edu/sports/womens-water-polo/roster/2026
wp_e67b2f1b6f49,Gwendolyn,Pidd,Art,Mira Costa HS,5-9,69.0,,,water_polo,2025-26,2025,D2,Women,Pacific West Conference,Biola,Attacker,Attacker,So.,So,"Manhattan Beach, CA",Manhattan Beach,CA,domestic,Mira Costa HS,0,https://athletics.biola.edu/sports/womens-water-polo/roster/2026
wp_5236545980f0,Karly,Lepel,Communication,Cypress College,5-7,67.0,,,water_polo,2025-26,2025,D2,Women,Pacific West Conference,Biola,Utility,Utility,Jr.,Jr,"Huntington Beach, CA",Huntington Beach,CA,domestic,Huntington Beach High School,0,https://athletics.biola.edu/sports/womens-water-polo/roster/2026
wp_705f16b475c9,Alyssa,Cuevas,Liberal Studies Multidisciplinary,York Community HS,5-6,66.0,,,water_polo,2025-26,2025,D2,Women,Pacific West Conference,Biola,Center,Center,So.,So,"Oak Brook, IL",Oak Brook,IL,domestic,York Community HS,0,https://athletics.biola.edu/sports/womens-water-polo/roster/2026
wp_3dfadfb7b424,Yalissa,Tellez,Allied Health,Elsinore HS,5-2,62.0,,,water_polo,2025-26,2025,D2,Women,Pacific West Conference,Biola,Utility,Utility,Fr.,Fr,"Menifee, CA",Menifee,CA,domestic,Elsinore HS,0,https://athletics.biola.edu/sports/womens-water-polo/roster/2026
wp_e54dd7674616,Evalena,Filippi,,,5-9,69.0,,,water_polo,2025-26,2025,D2,Women,Pacific West Conference,Fresno Pacific,Goalkeeper GK,Goalkeeper,So.,So,"Clovis, Calif.",Clovis,CA,domestic,Ore. Reynolds High School,0,https://www.fpusunbirds.com/sports/womens-water-polo/roster/2026
wp_e363f2ad0426,Frances,Benson,Criminal Justice,,5-8,68.0,,,water_polo,2025-26,2025,D2,Women,Pacific West Conference,Fresno Pacific,Utility UTL,Utility,So.,So,"Gig Harbor, Wash.",Gig Harbor,WA,domestic,,0,https://www.fpusunbirds.com/sports/womens-water-polo/roster/2026
wp_f20631139229,Summer,Fulton,Pre-Med Health Sciences,Reynolds High School,5-8,68.0,,,water_polo,2025-26,2025,D2,Women,Pacific West Conference,Fresno Pacific,Utility UTL,Utility,Sr.,Sr,"Troutdale, Ore.",Troutdale,OR,domestic,Ore. Reynolds High School,0,https://www.fpusunbirds.com/sports/womens-water-polo/roster/2026
wp_2dc3edd17849,Emma,Cook,Nursing,,5-9,69.0,,,water_polo,2025-26,2025,D2,Women,Pacific West Conference,Fresno Pacific,Center C,Center,Sr.,Sr,"Clovis, Calif.",Clovis,CA,domestic,,0,https://www.fpusunbirds.com/sports/womens-water-polo/roster/2026
wp_ecde26fa777d,Kennedy,Green,Kinesiology,,5-5,65.0,,,water_polo,2025-26,2025,D2,Women,Pacific West Conference,Fresno Pacific,Attacker ATT,Attacker,Fr.,Fr,"Thousand Oaks, Calif.",Thousand Oaks,CA,domestic,,0,https://www.fpusunbirds.com/sports/womens-water-polo/roster/2026
wp_386d9b3c0ed0,Autumn,Johnson,Studio Art,,5-10,70.0,,,water_polo,2025-26,2025,D2,Women,Pacific West Conference,Fresno Pacific,Driver D,Driver,So.,So,"Gresham, Oregon",Gresham,OR,domestic,,0,https://www.fpusunbirds.com/sports/womens-water-polo/roster/2026
wp_0fb21a4220a4,Abigail,Hughes,Liberal Studies,,5-4,64.0,,,water_polo,2025-26,2025,D2,Women,Pacific West Conference,Fresno Pacific,Utility UTL,Utility,Fr.,Fr,"Clovis, Calif.",Clovis,CA,domestic,,0,https://www.fpusunbirds.com/sports/womens-water-polo/roster/2026
wp_c064a1c58930,Dakota,Lambert,,,5-6,66.0,,,water_polo,2025-26,2025,D2,Women,Pacific West Conference,Fresno Pacific,Utility UTL,Utility,So.,So,"Clovis, Calif.",Clovis,CA,domestic,,0,https://www.fpusunbirds.com/sports/womens-water-polo/roster/2026
wp_c691c23f0c97,Delaney,Margullis,,,5-6,66.0,,,water_polo,2025-26,2025,D2,Women,Pacific West Conference,Fresno Pacific,Attacker ATT,Attacker,Fr.,Fr,"Clovis, Calif.",Clovis,CA,domestic,,0,https://www.fpusunbirds.com/sports/womens-water-polo/roster/2026
wp_863058ebfa36,Sierra,Coyne,Business (Political Science),,5-10,70.0,,,water_polo,2025-26,2025,D2,Women,Pacific West Conference,Fresno Pacific,Utility UTL,Utility,Jr.,Jr,"Clovis, Calif.",Clovis,CA,domestic,,0,https://www.fpusunbirds.com/sports/womens-water-polo/roster/2026
wp_17c9cbdf9f9e,Trinity,Aceves,,,5-5,65.0,,,water_polo,2025-26,2025,D2,Women,Pacific West Conference,Fresno Pacific,Attacker ATT,Attacker,Fr.,Fr,"Porterville, Calif.",Porterville,CA,domestic,,0,https://www.fpusunbirds.com/sports/womens-water-polo/roster/2026
wp_275ff75af882,Maggie,Cook,Liberal Studies,,5-8,68.0,,,water_polo,2025-26,2025,D2,Women,Pacific West Conference,Fresno Pacific,Guard G,Goalkeeper,Jr.,Jr,"Clovis, Calif.",Clovis,CA,domestic,,0,https://www.fpusunbirds.com/sports/womens-water-polo/roster/2026
wp_f5f6aa59fb9f,Regan,Azevedo,Pre-Health Sciences,Monache High School,5-9,69.0,,,water_polo,2025-26,2025,D2,Women,Pacific West Conference,Fresno Pacific,2-Meter Guard 2MG,Other,Sr.,Sr,"Porterville, Calif.",Porterville,CA,domestic,Calif. Monache High School,0,https://www.fpusunbirds.com/sports/womens-water-polo/roster/2026
wp_f5b32e83cfd8,Sofia,DeRollo,,,5-8,68.0,,,water_polo,2025-26,2025,D2,Women,Pacific West Conference,Fresno Pacific,Utility UTL,Utility,Fr.,Fr,"San Jose, Calif.",San Jose,CA,domestic,,0,https://www.fpusunbirds.com/sports/womens-water-polo/roster/2026
wp_eee4ab651660,Mackenzie,Sepeda,Philosophy and Political Science,,5-4,64.0,,,water_polo,2025-26,2025,D2,Women,Pacific West Conference,Fresno Pacific,Attacker ATT,Attacker,Jr.,Jr,"Tulare, Calif.",Tulare,CA,domestic,,0,https://www.fpusunbirds.com/sports/womens-water-polo/roster/2026
wp_6051f7f15043,Olivia,Saldate,Business,,5-3,63.0,,,water_polo,2025-26,2025,D2,Women,Pacific West Conference,Fresno Pacific,Utility UTL,Utility,So.,So,"Fresno, Calif.",Fresno,CA,domestic,,0,https://www.fpusunbirds.com/sports/womens-water-polo/roster/2026
wp_365c54d618fe,Rhyan,Atkin,Liberal Studies,,5-4,64.0,,,water_polo,2025-26,2025,D2,Women,Pacific West Conference,Fresno Pacific,Driver Driver,Driver,So.,So,"Bakersfield, Calif.",Bakersfield,CA,domestic,,0,https://www.fpusunbirds.com/sports/womens-water-polo/roster/2026
wp_8f5858497ec4,Davin,Collazo,,,5-4,64.0,,,water_polo,2025-26,2025,D2,Women,Pacific West Conference,Fresno Pacific,Guard G,Goalkeeper,Fr.,Fr,"Selma, Calif.",Selma,CA,domestic,,0,https://www.fpusunbirds.com/sports/womens-water-polo/roster/2026
wp_9a24c0f87e39,Milliani,Arellano,Marketing & Accounting,Fresno City College,5-3,63.0,,,water_polo,2025-26,2025,D2,Women,Pacific West Conference,Fresno Pacific,UTL UTL,Utility,R-Fr.,Fr,"Fresno, Calif.",Fresno,CA,domestic,Central East High School,0,https://www.fpusunbirds.com/sports/womens-water-polo/roster/2026
wp_1576a84d0bec,Izabella,Trunzo,,,,,,,water_polo,2025-26,2025,D2,Women,Pennsylvania State Athletic Conference,Gannon,GK,Goalkeeper,So.,So,"Pittsburgh, Pa.",Pittsburgh,PA,domestic,North Allegheny,0,https://gannonsports.com/sports/womens-water-polo/roster/2026
wp_a539237f0e17,Brigid,Carmody,,,,,,,water_polo,2025-26,2025,D2,Women,Pennsylvania State Athletic Conference,Gannon,UTIL,Other,So.,So,"Lansdale, Pa.",Lansdale,PA,domestic,North Penn,0,https://gannonsports.com/sports/womens-water-polo/roster/2026
wp_5a29914e042f,Delaney,Chrysle,,,,,,,water_polo,2025-26,2025,D2,Women,Pennsylvania State Athletic Conference,Gannon,2MD,Other,Jr.,Jr,"Banning, Calif.",Banning,CA,domestic,Beaumont,0,https://gannonsports.com/sports/womens-water-polo/roster/2026
wp_f8facb844407,Emma,O'Gorman,,,,,,,water_polo,2025-26,2025,D2,Women,Pennsylvania State Athletic Conference,Gannon,C,Center,Jr.,Jr,"Johannesburg, South Africa",Johannesburg,,international,St Stithians College,0,https://gannonsports.com/sports/womens-water-polo/roster/2026
wp_5b803fbd58da,Kerstyn,Farley,Pre-Vet,,,,,,water_polo,2025-26,2025,D2,Women,Pennsylvania State Athletic Conference,Gannon,C,Center,Sr.,Sr,"Orlando, Fla.",Orlando,FL,domestic,Lake Nona,0,https://gannonsports.com/sports/womens-water-polo/roster/2026
wp_eb557558a29b,Ana,Carrera,,,,,,,water_polo,2025-26,2025,D2,Women,Pennsylvania State Athletic Conference,Gannon,UTIL,Other,Jr.,Jr,"Orlando, Fla.",Orlando,FL,domestic,Lake Nona,0,https://gannonsports.com/sports/womens-water-polo/roster/2026
wp_a816e5c83aab,Phoebe,Puacz,Communication Sciences and Disorders,,,,,,water_polo,2025-26,2025,D2,Women,Pennsylvania State Athletic Conference,Gannon,C,Center,Fr.,Fr,"Naperville, IL",Naperville,IL,domestic,Neuqua Valley,0,https://gannonsports.com/sports/womens-water-polo/roster/2026
wp_833faa1ddf98,Emily,Feenstra,Nursing,,,,,,water_polo,2025-26,2025,D2,Women,Pennsylvania State Athletic Conference,Gannon,UTIL,Other,Fr.,Fr,"Hudsonville, Mich.",Hudsonville,MI,domestic,Hudsonville,0,https://gannonsports.com/sports/womens-water-polo/roster/2026
wp_5dfd4f4cc175,Claudia,Orte Blanch,,,,,,,water_polo,2025-26,2025,D2,Women,Pennsylvania State Athletic Conference,Gannon,ATK,Other,So.,So,"Madrid, Spain",Madrid,,international,IES Profesor Maximo Trueba,0,https://gannonsports.com/sports/womens-water-polo/roster/2026
wp_ff4e8d3930c6,Jillian,Heinrich,,,,,,,water_polo,2025-26,2025,D2,Women,Pennsylvania State Athletic Conference,Gannon,UTIL,Other,Jr.,Jr,"Erie, Pa.",Erie,PA,domestic,Cathedral Prep,1,https://gannonsports.com/sports/womens-water-polo/roster/2026
wp_bb011c6567f5,Carissa,Jones,,,,,,,water_polo,2025-26,2025,D2,Women,Pennsylvania State Athletic Conference,Gannon,UTIL,Other,So.,So,"Allison Park, Pa.",Allison Park,PA,domestic,North Allegheny,0,https://gannonsports.com/sports/womens-water-polo/roster/2026
wp_8356a5e0c83b,Molly,Fehr,Pre-Medicine,,,,,,water_polo,2025-26,2025,D2,Women,Pennsylvania State Athletic Conference,Gannon,2MD,Other,Sr.,Sr,"Erie, Pa.",Erie,PA,domestic,Villa Maria,0,https://gannonsports.com/sports/womens-water-polo/roster/2026
wp_2939d267876a,Abbey,Murphy,Biology,,,,,,water_polo,2025-26,2025,D2,Women,Pennsylvania State Athletic Conference,Gannon,UTIL,Other,Fr.,Fr,"Colmar, Pa.",Colmar,PA,domestic,North Penn,0,https://gannonsports.com/sports/womens-water-polo/roster/2026
wp_65060b60f9ca,Maria,Martinez,"Advertising Communication, Marketing, and Nutrition and Human Performance",,,,,,water_polo,2025-26,2025,D2,Women,Pennsylvania State Athletic Conference,Gannon,ATK,Other,Fr.,Fr,"Barcelona, Spain",Barcelona,,international,Jesuïtes Gràcia Col·legi Kostka,0,https://gannonsports.com/sports/womens-water-polo/roster/2026
wp_a3851d30f2d4,Elizabeth,Zurawski,Elementary Education,Alamo Area Water Polo,5-3,63.0,,,water_polo,2025-26,2025,D2,Women,Great Lakes Valley Conference,McKendree,Goalkeeper,Goalkeeper,So.,So,"San Antonio, TX",San Antonio,TX,domestic,William J. Brennan High School,0,https://mckbearcats.com/sports/womens-water-polo/roster/2026
wp_141a466ea356,Daisy,Wetherholt,Biology,South Coast Aquatics,5-8,68.0,,,water_polo,2025-26,2025,D2,Women,Great Lakes Valley Conference,McKendree,Goalkeeper,Goalkeeper,Fr.,Fr,"Malibu, CA",Malibu,CA,domestic,Westlake High School,0,https://mckbearcats.com/sports/womens-water-polo/roster/2026
wp_3c1ae7f70637,Delaney,Judkins,Kinesiology,LYONS Aquatics,5-6,66.0,,,water_polo,2025-26,2025,D2,Women,Great Lakes Valley Conference,McKendree,Goalkeeper,Goalkeeper,Fr.,Fr,"La Grange, IL",La Grange,IL,domestic,Lyons Township High School,0,https://mckbearcats.com/sports/womens-water-polo/roster/2026
wp_3d527af7254c,Emma,Dore,Biopsychology,Foothill Club Water Polo,5-1,61.0,,,water_polo,2025-26,2025,D2,Women,Great Lakes Valley Conference,McKendree,Attacker,Attacker,Jr.,Jr,"Pomona, CA",Pomona,CA,domestic,Bonita High School,0,https://mckbearcats.com/sports/womens-water-polo/roster/2026
wp_1842efe3f5c9,Sarah,Velazco,Biology,Raider Water Polo,5-6,66.0,,,water_polo,2025-26,2025,D2,Women,Great Lakes Valley Conference,McKendree,Center,Center,Jr.,Jr,"Miami, FL",Miami,FL,domestic,Ransom Everglades High School,0,https://mckbearcats.com/sports/womens-water-polo/roster/2026
wp_72151acfde4b,Shanelle,Márquez,Psychology,St. Louis Area Polo / St. Louis Lions,5-1,61.0,,,water_polo,2025-26,2025,D2,Women,Great Lakes Valley Conference,McKendree,Attacker,Attacker,Jr.,Jr,"Madrid, Spain",Madrid,,international,Gateway Legacy Christian,0,https://mckbearcats.com/sports/womens-water-polo/roster/2026
wp_d216515739e7,Jazmine,Sandoval,Athletic Training,Los Alamitos Aquatics Foundation,5-2,62.0,,,water_polo,2025-26,2025,D2,Women,Great Lakes Valley Conference,McKendree,Attacker,Attacker,Sr.,Sr,"Westminster, CA",Westminster,CA,domestic,Los Alamitos High School,0,https://mckbearcats.com/sports/womens-water-polo/roster/2026
wp_42a14e51846a,Dylan,Murphy,"Biopsychology, W/ Sports Psychology minor",San Diego Shores Water Polo Club,5-5,65.0,,,water_polo,2025-26,2025,D2,Women,Great Lakes Valley Conference,McKendree,Attacker,Attacker,Sr.,Sr,"Carlsbad, CA",Carlsbad,CA,domestic,San Marcos High School,0,https://mckbearcats.com/sports/womens-water-polo/roster/2026
wp_8838d314d88f,Maisie,Mattocks,Sports Medicine,Norco Water Polo,5-5,65.0,,,water_polo,2025-26,2025,D2,Women,Great Lakes Valley Conference,McKendree,Attacker,Attacker,So.,So,"Shutesbury, MA",Shutesbury,MA,domestic,The Williston Northampton School,0,https://mckbearcats.com/sports/womens-water-polo/roster/2026
wp_6e7c568a9c93,Morgan,Clark,Elementary Education,St. Louis Area Polo,5-11,71.0,,,water_polo,2025-26,2025,D2,Women,Great Lakes Valley Conference,McKendree,Center Defender,Center,Fr.,Fr,"Eureka, MO",Eureka,MO,domestic,Eureka High School,0,https://mckbearcats.com/sports/womens-water-polo/roster/2026
wp_7957396ac0bc,Ryenne,Ayers,Exercise Science,North Idaho Water Polo,5-9,69.0,,,water_polo,2025-26,2025,D2,Women,Great Lakes Valley Conference,McKendree,Center Defender,Center,Jr.,Jr,"Coeur d‘Alene, ID",Coeur d‘Alene,ID,domestic,Alene High School,0,https://mckbearcats.com/sports/womens-water-polo/roster/2026
wp_5bc39e014f27,Abigail,Smith,Criminal Justice,Southside Water Polo Club,5-7,67.0,,,water_polo,2025-26,2025,D2,Women,Great Lakes Valley Conference,McKendree,Center Defender,Center,Jr.,Jr,"Pearland, TX",Pearland,TX,domestic,Glenda Dawson High School,0,https://mckbearcats.com/sports/womens-water-polo/roster/2026
wp_256260f7a0d2,Joey,Rebelo,Business Administration w/ Mathematics minor,Tiburon Waterpolo,5-5,65.0,,,water_polo,2025-26,2025,D2,Women,Great Lakes Valley Conference,McKendree,Attacker,Attacker,Sr.,Sr,"Montreal, Québec, Canada",Montreal,,international,John Rennie High School,0,https://mckbearcats.com/sports/womens-water-polo/roster/2026
wp_302092b43076,Hailey,Munoz,Elementary Education,CHAWP Aquatics,5-6,66.0,,,water_polo,2025-26,2025,D2,Women,Great Lakes Valley Conference,McKendree,Utility,Utility,Jr.,Jr,"Murrieta, CA",Murrieta,CA,domestic,Vista Murrieta High School,0,https://mckbearcats.com/sports/womens-water-polo/roster/2026
wp_bbdf202d816c,Victoria,Goncalves,Biopsychology,Orlando Thunder Water Polo,5-5,65.0,,,water_polo,2025-26,2025,D2,Women,Great Lakes Valley Conference,McKendree,Center,Center,So.,So,"Orlando, FL",Orlando,FL,domestic,Olympia High School,0,https://mckbearcats.com/sports/womens-water-polo/roster/2026
wp_2629e47194ae,Kaitlyn,Goins,Psychology,GR Elite,5-4,64.0,,,water_polo,2025-26,2025,D2,Women,Great Lakes Valley Conference,McKendree,Attacker,Attacker,So.,So,"East Grand Rapids, MI",East Grand Rapids,MI,domestic,East Grand Rapids High School,0,https://mckbearcats.com/sports/womens-water-polo/roster/2026
wp_a4e8d5ba42cc,Mikayla,Brown,Human Resource Management,Diablo Alliance Water Polo,5-2,62.0,,,water_polo,2025-26,2025,D2,Women,Great Lakes Valley Conference,McKendree,Attacker,Attacker,Jr.,Jr,"Concord, CA",Concord,CA,domestic,Clayton Valley Charter High School,0,https://mckbearcats.com/sports/womens-water-polo/roster/2026
wp_7a9315f46bd0,Allie,Diller,Exercise Science and Sports Performance,Mid-Michigan Raptor Water Polo,5-8,68.0,,,water_polo,2025-26,2025,D2,Women,Great Lakes Valley Conference,McKendree,Center Defender,Center,Sr.,Sr,"Grand Ledge, MI",Grand Ledge,MI,domestic,Grand Ledge High School,0,https://mckbearcats.com/sports/womens-water-polo/roster/2026
wp_dc801b51c5e3,Kieryn,Blayone,Accounting,Water Polo Saskatchewan,5-6,66.0,,,water_polo,2025-26,2025,D2,Women,Great Lakes Valley Conference,McKendree,Attacker,Attacker,So.,So,"Regina, Saskatchewan, Canada",Regina,,international,Campbell Collegiate,0,https://mckbearcats.com/sports/womens-water-polo/roster/2026
wp_3a41f8b58642,Payton,Dowler,International Relations,Water Polo Saskatchewan,5-7,67.0,,,water_polo,2025-26,2025,D2,Women,Great Lakes Valley Conference,McKendree,Center Defender,Center,So.,So,"Regina, Saskatchewan, Canada",Regina,,international,Dr. Martin LeBoldus Catholic,0,https://mckbearcats.com/sports/womens-water-polo/roster/2026
wp_441cae3ff444,Adrienne,Densham,Undecided,Wolverine Water Polo,5-6,66.0,,,water_polo,2025-26,2025,D2,Women,Great Lakes Valley Conference,McKendree,Utility,Utility,So.,So,"Grand Blanc, MI",Grand Blanc,MI,domestic,Grand Blanc High School,0,https://mckbearcats.com/sports/womens-water-polo/roster/2026
wp_2677c1479f3a,Charlie,Monroe,Psychology,Fleet Water Polo,5-4,64.0,,,water_polo,2025-26,2025,D2,Women,Great Lakes Valley Conference,McKendree,Utility,Utility,Fr.,Fr,"The Woodlands, TX",The Woodlands,TX,domestic,The Woodlands High School,0,https://mckbearcats.com/sports/womens-water-polo/roster/2026
wp_d9a5b045fbb0,Emma,Cramer,Exercise Science w/ Communicaions minor,Orange Coast College (3C2A) / Diablo Alliance Water Polo,5-4,64.0,,,water_polo,2025-26,2025,D2,Women,Great Lakes Valley Conference,McKendree,Attacker,Attacker,Jr.,Jr,"Brentwood, CA",Brentwood,CA,domestic,Heritage High School,0,https://mckbearcats.com/sports/womens-water-polo/roster/2026
wp_4f265d08a7f9,Bella,Morquecho,Elementary Education,Iona University (NCAA - DI) / Chicago Park District Water Polo Club,5-9,69.0,,,water_polo,2025-26,2025,D2,Women,Great Lakes Valley Conference,McKendree,Center,Center,Jr.,Jr,"Chicago, IL",Chicago,IL,domestic,Mother McAuley Liberal Arts High School,0,https://mckbearcats.com/sports/womens-water-polo/roster/2026
wp_5ef1ede216c2,Megan,Morris,Elementary Education,CDM Polo,5-6,66.0,,,water_polo,2025-26,2025,D2,Women,Great Lakes Valley Conference,McKendree,Center,Center,R-Sr.,Sr,"Corona Del Mar, CA",Corona Del Mar,CA,domestic,Corona del Mar High School,0,https://mckbearcats.com/sports/womens-water-polo/roster/2026
wp_49bf5eff5dce,Madeline,McGovern,Secondary Education,LYONS Aquatics / West Suburban Water Polo Club,5-4,64.0,,,water_polo,2025-26,2025,D2,Women,Great Lakes Valley Conference,McKendree,Utility,Utility,Fr.,Fr,"Frankfort, IL",Frankfort,IL,domestic,Lincoln-Way East High School,0,https://mckbearcats.com/sports/womens-water-polo/roster/2026
wp_3ccf1aaf40ec,Susan,Palmentera-Reid,,Lane Tech,5-9,69.0,,,water_polo,2025-26,2025,D3,Women,College Conference of Illinois & Wisconsin,Augustana IL,GK,Goalkeeper,Jr.,Jr,"Chicago, Ill.",Chicago,IL,domestic,Lane Tech,0,https://athletics.augustana.edu/sports/womens-water-polo/roster/2026
wp_d8c7b0845ad9,Jillian,Hemming,,Wagner,5-9,69.0,,,water_polo,2025-26,2025,D3,Women,College Conference of Illinois & Wisconsin,Augustana IL,GK,Goalkeeper,So.,So,"West Lawn, Pa.",West Lawn,PA,domestic,Huntington Beach High School,0,https://athletics.augustana.edu/sports/womens-water-polo/roster/2026
wp_03045670616f,Eleni,Nicoloudes,,Naperville Central,6-0,72.0,,,water_polo,2025-26,2025,D3,Women,College Conference of Illinois & Wisconsin,Augustana IL,GK,Goalkeeper,Fr.,Fr,"Naperville, Ill.",Naperville,IL,domestic,Naperville Central,0,https://athletics.augustana.edu/sports/womens-water-polo/roster/2026
wp_d5321de30732,Waiahuli,Akau,,Kamehameha,5-7,67.0,,,water_polo,2025-26,2025,D3,Women,College Conference of Illinois & Wisconsin,Augustana IL,UTL,Utility,Jr.,Jr,"Pana'ewa, Hawai'i",Pana'ewa,HI,domestic,Kamehameha,0,https://athletics.augustana.edu/sports/womens-water-polo/roster/2026
wp_baa44a36fd7d,Jorja,Neumann,,Millikan,5-7,67.0,,,water_polo,2025-26,2025,D3,Women,College Conference of Illinois & Wisconsin,Augustana IL,UTL,Utility,So.,So,"Long Beach, Calif.",Long Beach,CA,domestic,Millikan,0,https://athletics.augustana.edu/sports/womens-water-polo/roster/2026
wp_ad42e4d0b6a0,Xiomara,Trejo,,Carthage,5-6,66.0,,,water_polo,2025-26,2025,D3,Women,College Conference of Illinois & Wisconsin,Augustana IL,ATT,Attacker,So.,So,"Chicago, Ill.",Chicago,IL,domestic,Fenwick High School,0,https://athletics.augustana.edu/sports/womens-water-polo/roster/2026
wp_3ac4def005aa,Becca,Foster,,Elenor Rossevelt,5-7,67.0,,,water_polo,2025-26,2025,D3,Women,College Conference of Illinois & Wisconsin,Augustana IL,C,Center,Fr.,Fr,"Jurupa Valley, Calif.",Jurupa Valley,CA,domestic,Elenor Rossevelt,0,https://athletics.augustana.edu/sports/womens-water-polo/roster/2026
wp_ddb740fde75b,Sofia,Boccalatte,,Agoura,5-2,62.0,,,water_polo,2025-26,2025,D3,Women,College Conference of Illinois & Wisconsin,Augustana IL,ATT,Attacker,Fr.,Fr,"Calabasas, Calif.",Calabasas,CA,domestic,Agoura,0,https://athletics.augustana.edu/sports/womens-water-polo/roster/2026
wp_0568318ed16b,Maya,Biela,,Maine West,5-8,68.0,,,water_polo,2025-26,2025,D3,Women,College Conference of Illinois & Wisconsin,Augustana IL,ATT,Attacker,Fr.,Fr,"Des Plaines, Ill.",Des Plaines,IL,domestic,Maine West,0,https://athletics.augustana.edu/sports/womens-water-polo/roster/2026
wp_e976b3ed732d,Alayna,Ickert,,Flower Mound,5-3,63.0,,,water_polo,2025-26,2025,D3,Women,College Conference of Illinois & Wisconsin,Augustana IL,C,Center,Jr.,Jr,"Flower Mound, Texas",Flower Mound,TX,domestic,Flower Mound,0,https://athletics.augustana.edu/sports/womens-water-polo/roster/2026
wp_7752330ae170,Anais,Jones,,Chancellor State College,5-8,68.0,,,water_polo,2025-26,2025,D3,Women,College Conference of Illinois & Wisconsin,Augustana IL,UTL,Utility,So.,So,"Sunshine Coast, Queensland, Australia",Sunshine Coast,,international,Chancellor State College,0,https://athletics.augustana.edu/sports/womens-water-polo/roster/2026
wp_4d05a1eb7c0c,Hailey,Sherman,,Jenison,5-8,68.0,,,water_polo,2025-26,2025,D3,Women,College Conference of Illinois & Wisconsin,Augustana IL,UTL,Utility,Jr.,Jr,"Jenison, Mich.",Jenison,MI,domestic,Jenison,0,https://athletics.augustana.edu/sports/womens-water-polo/roster/2026
wp_a7805edf5324,Olivia,Parry,,Wilsonville,5-2,62.0,,,water_polo,2025-26,2025,D3,Women,College Conference of Illinois & Wisconsin,Augustana IL,ATT,Attacker,Sr.,Sr,"Wilsonville, Ore.",Wilsonville,OR,domestic,Wilsonville,0,https://athletics.augustana.edu/sports/womens-water-polo/roster/2026
wp_2b8accc4d4f6,Anita,Rodgers,,Kearns,5-3,63.0,,,water_polo,2025-26,2025,D3,Women,College Conference of Illinois & Wisconsin,Augustana IL,ATT,Attacker,Jr.,Jr,"Salt Lake City, Utah",Salt Lake City,UT,domestic,Kearns,0,https://athletics.augustana.edu/sports/womens-water-polo/roster/2026
wp_dc47e46056f4,Jersey,Merrick,,Chicago High School of Agricultural Sciences,5-8,68.0,,,water_polo,2025-26,2025,D3,Women,College Conference of Illinois & Wisconsin,Augustana IL,C,Center,Sr.,Sr,"Chicago, Ill.",Chicago,IL,domestic,Chicago High School,0,https://athletics.augustana.edu/sports/womens-water-polo/roster/2026
wp_e62f638a48a2,Aneeka,Sumanatilleke,,Ladies' College,5-5,65.0,,,water_polo,2025-26,2025,D3,Women,College Conference of Illinois & Wisconsin,Augustana IL,ATT,Attacker,Fr.,Fr,"Colombo 03, Sri Lanka",Colombo 03,,international,Ladies' College,0,https://athletics.augustana.edu/sports/womens-water-polo/roster/2026
wp_ee0633afd5a5,Elly,Jo Fay,,William Fremd,6-5,77.0,,,water_polo,2025-26,2025,D3,Women,College Conference of Illinois & Wisconsin,Augustana IL,UTL,Utility,Fr.,Fr,"Palatine, Ill.",Palatine,IL,domestic,William Fremd,0,https://athletics.augustana.edu/sports/womens-water-polo/roster/2026
wp_fc407e11cb98,Braelyn,Hill,,San Diego Mesa,5-7,67.0,,,water_polo,2025-26,2025,D3,Women,College Conference of Illinois & Wisconsin,Augustana IL,UTL,Utility,So.,So,"Chula Vista, Calif.",Chula Vista,CA,domestic,San Diego Mesa,0,https://athletics.augustana.edu/sports/womens-water-polo/roster/2026
wp_39a717c607a6,Emma,Blezien,,Maine West,5-6,66.0,,,water_polo,2025-26,2025,D3,Women,College Conference of Illinois & Wisconsin,Augustana IL,ATT,Attacker,So.,So,"Des Plaines, Ill.",Des Plaines,IL,domestic,Maine West,0,https://athletics.augustana.edu/sports/womens-water-polo/roster/2026
wp_752ca569a153,Simone,Cairns,,Thomas More,5-8,68.0,,,water_polo,2025-26,2025,D3,Women,College Conference of Illinois & Wisconsin,Augustana IL,UTL,Utility,Fr.,Fr,"Hillcrest, South Africa",Hillcrest,,international,Thomas More,0,https://athletics.augustana.edu/sports/womens-water-polo/roster/2026
wp_a7bb5b740c9b,Abigail,Gatlin,,Glenda Dawson,5-4,64.0,,,water_polo,2025-26,2025,D3,Women,College Conference of Illinois & Wisconsin,Augustana IL,ATT,Attacker,Jr.,Jr,"Pearland, Texas",Pearland,TX,domestic,Glenda Dawson,0,https://athletics.augustana.edu/sports/womens-water-polo/roster/2026
wp_777274c9b178,Mary,King,,California Baptist,5-8,68.0,,,water_polo,2025-26,2025,D3,Women,College Conference of Illinois & Wisconsin,Augustana IL,ATT,Attacker,Sr.,Sr,"Bakersfield, Calif.",Bakersfield,CA,domestic,Garces Memorial High School,0,https://athletics.augustana.edu/sports/womens-water-polo/roster/2026
wp_3353ec18b9e0,Carli,Udovich,,Lincoln-Way Central,5-9,69.0,,,water_polo,2025-26,2025,D3,Women,College Conference of Illinois & Wisconsin,Augustana IL,ATT,Attacker,Sr.,Sr,"Mokena, Ill.",Mokena,IL,domestic,Lincoln-Way Central,0,https://athletics.augustana.edu/sports/womens-water-polo/roster/2026
wp_6f88dcc0e9be,Cindy,King,,Garces Memorial,5-7,67.0,,,water_polo,2025-26,2025,D3,Women,College Conference of Illinois & Wisconsin,Augustana IL,ATT,Attacker,So.,So,"Bakersfield, Calif.",Bakersfield,CA,domestic,Garces Memorial,0,https://athletics.augustana.edu/sports/womens-water-polo/roster/2026
wp_52666d82cd03,Mahi,Ravi,Chemical Engineering,,5-6,66.0,,,water_polo,2025-26,2025,D3,Women,Southern California Intercollegiate Athletic Conference,Caltech,GK,Goalkeeper,Sr.,Sr,"Mountain View, CA",Mountain View,CA,domestic,Saratoga,0,https://gocaltech.com/sports/womens-water-polo/roster/2026
wp_d25e558eaff5,Cecilia,Moxley,Undeclared,,5-4,64.0,,,water_polo,2025-26,2025,D3,Women,Southern California Intercollegiate Athletic Conference,Caltech,GK,Goalkeeper,So.,So,"San Diego, CA",San Diego,CA,domestic,Canyon Hills,0,https://gocaltech.com/sports/womens-water-polo/roster/2026
wp_2629c811dd16,Mia,Mutadich,Computer Science,,5-11,71.0,,,water_polo,2025-26,2025,D3,Women,Southern California Intercollegiate Athletic Conference,Caltech,C,Center,Sr.,Sr,"London, U.K.",London,,international,Notting Hill and Ealing High School,0,https://gocaltech.com/sports/womens-water-polo/roster/2026
wp_273e1d4603f4,Maya,Edelstein,"Information and Data Sciences; Business, Economics and Management",,5-6,66.0,,,water_polo,2025-26,2025,D3,Women,Southern California Intercollegiate Athletic Conference,Caltech,ATT,Attacker,Fr.,Fr,"Boca Raton, Fla.",Boca Raton,FL,domestic,Florida Atlantic University High School,0,https://gocaltech.com/sports/womens-water-polo/roster/2026
wp_cb1a8df68014,Diya,Kumar,Astrophysics / Physics,,5-5,65.0,,,water_polo,2025-26,2025,D3,Women,Southern California Intercollegiate Athletic Conference,Caltech,ATT,Attacker,Sr.,Sr,"Redmond, WA",Redmond,WA,domestic,Eastlake,0,https://gocaltech.com/sports/womens-water-polo/roster/2026
wp_a67ae2a881fd,Medha,Ravi,Undeclared,,5-8,68.0,,,water_polo,2025-26,2025,D3,Women,Southern California Intercollegiate Athletic Conference,Caltech,ATT,Attacker,So.,So,"Saratoga, CA",Saratoga,CA,domestic,Saratoga,0,https://gocaltech.com/sports/womens-water-polo/roster/2026
wp_bed765298f02,Yolotzin,Subdias,Electrical Engineering,,5-2,62.0,,,water_polo,2025-26,2025,D3,Women,Southern California Intercollegiate Athletic Conference,Caltech,ATT,Attacker,So.,So,"Los Angeles, CA",Los Angeles,CA,domestic,Eagle Rock,0,https://gocaltech.com/sports/womens-water-polo/roster/2026
wp_f3d60a848195,Kylin,Elliott,Bioengineering,,5-7,67.0,,,water_polo,2025-26,2025,D3,Women,Southern California Intercollegiate Athletic Conference,Caltech,UTL,Utility,Fr.,Fr,"Hood River, OR",Hood River,OR,domestic,Hood River Valley High School,0,https://gocaltech.com/sports/womens-water-polo/roster/2026
wp_0fdab60556ac,Emma,Titus,Biology,,5-8,68.0,,,water_polo,2025-26,2025,D3,Women,Southern California Intercollegiate Athletic Conference,Caltech,ATT,Attacker,Jr.,Jr,"Hood River, OR",Hood River,OR,domestic,Hood River Valley,0,https://gocaltech.com/sports/womens-water-polo/roster/2026
wp_86d84fd882db,Lily,Arjomand,Undeclared,,5-6,66.0,,,water_polo,2025-26,2025,D3,Women,Southern California Intercollegiate Athletic Conference,Caltech,ATT,Attacker,Fr.,Fr,"Los Angeles, CA",Los Angeles,CA,domestic,Brentwood,0,https://gocaltech.com/sports/womens-water-polo/roster/2026
wp_754d2746fa65,Aarohi,Patel,Electrical Engineering,,,,,,water_polo,2025-26,2025,D3,Women,Southern California Intercollegiate Athletic Conference,Caltech,ATT,Attacker,So.,So,"Bakersfield, Calif.",Bakersfield,CA,domestic,Stockdale,0,https://gocaltech.com/sports/womens-water-polo/roster/2026
wp_9ffda9d72984,Trisha,Sabadra,Computer Science,,5-7,67.0,,,water_polo,2025-26,2025,D3,Women,Southern California Intercollegiate Athletic Conference,Caltech,UTL,Utility,Fr.,Fr,"Foster City, CA",Foster City,CA,domestic,San Mateo,0,https://gocaltech.com/sports/womens-water-polo/roster/2026
wp_5c92eeaf8e9e,Maya,Dickson,Electrical Engineering,,5-6,66.0,,,water_polo,2025-26,2025,D3,Women,Southern California Intercollegiate Athletic Conference,Caltech,UTL,Utility,Sr.,Sr,"Atlanta, GA",Atlanta,GA,domestic,North Atlanta,0,https://gocaltech.com/sports/womens-water-polo/roster/2026
wp_4d7d783f97aa,Madelyn,Gilbert,Chemistry,,5-2,62.0,,,water_polo,2025-26,2025,D3,Women,Southern California Intercollegiate Athletic Conference,Caltech,ATT,Attacker,Sr.,Sr,"Clovis, CA",Clovis,CA,domestic,Clovis East,0,https://gocaltech.com/sports/womens-water-polo/roster/2026
wp_0b34bd646ccb,Izzy,de Souza,Sports Management,,5-7,67.0,,,water_polo,2025-26,2025,D3,Women,Southern California Intercollegiate Athletic Conference,Cal Lutheran,GK,Goalkeeper,Gr.,Gr,"Irvine, CA",Irvine,CA,domestic,Arnold O. Beckman HS,0,https://clusports.com/sports/womens-water-polo/roster/2026
wp_e31ac4ec4d49,Sophie,Raquel,Business Administration,,5-5,65.0,,,water_polo,2025-26,2025,D3,Women,Southern California Intercollegiate Athletic Conference,Cal Lutheran,GK,Goalkeeper,Jr.,Jr,"Naperville, IL",Naperville,IL,domestic,Naperville North HS,0,https://clusports.com/sports/womens-water-polo/roster/2026
wp_28a507f101a9,Jacqueline,Brandon,Business Administration,,5-6,66.0,,,water_polo,2025-26,2025,D3,Women,Southern California Intercollegiate Athletic Conference,Cal Lutheran,CF,Other,Sr.,Sr,"Makawao, HI",Makawao,HI,domestic,Kamehameha Schools Maui,0,https://clusports.com/sports/womens-water-polo/roster/2026
wp_69eaaadd55f8,Miranda,Miller,Psychology,Iona University,5-6,66.0,,,water_polo,2025-26,2025,D3,Women,Southern California Intercollegiate Athletic Conference,Cal Lutheran,ATT,Attacker,Sr.,Sr,"Richmond, TX",Richmond,TX,domestic,Foster HS,0,https://clusports.com/sports/womens-water-polo/roster/2026
wp_68718c5da676,Kelsee,Espitia,Sports Communication,Ventura College,5-3,63.0,,,water_polo,2025-26,2025,D3,Women,Southern California Intercollegiate Athletic Conference,Cal Lutheran,ATT,Attacker,Jr.,Jr,"Ventura, CA",Ventura,CA,domestic,Ventura HS,0,https://clusports.com/sports/womens-water-polo/roster/2026
wp_52277c27640e,Olivia,Hurley,Political Science & Philosophy,Long Beach City College,6-2,74.0,,,water_polo,2025-26,2025,D3,Women,Southern California Intercollegiate Athletic Conference,Cal Lutheran,CF,Other,Jr.,Jr,"Fresno, CA",Fresno,CA,domestic,Bullard HS,0,https://clusports.com/sports/womens-water-polo/roster/2026
wp_d74a52bc5450,Gabby,Gillott,Exercise Science,Long Beach City College,5-4,64.0,,,water_polo,2025-26,2025,D3,Women,Southern California Intercollegiate Athletic Conference,Cal Lutheran,CB,Center,Jr.,Jr,"Long Beach, CA",Long Beach,CA,domestic,Wilson HS,0,https://clusports.com/sports/womens-water-polo/roster/2026
wp_5d6630704147,Reyna,Clark,Accounting & Spanish,,5-6,66.0,,,water_polo,2025-26,2025,D3,Women,Southern California Intercollegiate Athletic Conference,Cal Lutheran,CB,Center,Sr.,Sr,"Southlake, TX",Southlake,TX,domestic,Southlake Carroll HS,0,https://clusports.com/sports/womens-water-polo/roster/2026
wp_6dd6d51086a1,Hudson,Geier,Biology,,5-4,64.0,,,water_polo,2025-26,2025,D3,Women,Southern California Intercollegiate Athletic Conference,Cal Lutheran,ATT,Attacker,Jr.,Jr,"Kailua, HI",Kailua,HI,domestic,Punahou HS,0,https://clusports.com/sports/womens-water-polo/roster/2026
wp_f03c2f37cc91,Waileia,Lee,Exercise Science,,5-4,64.0,,,water_polo,2025-26,2025,D3,Women,Southern California Intercollegiate Athletic Conference,Cal Lutheran,ATT,Attacker,Jr.,Jr,"San Leandro, CA",San Leandro,CA,domestic,Moreau Catholic,0,https://clusports.com/sports/womens-water-polo/roster/2026
wp_4638bf1a99ef,Aleaha,Gonzalez,Biology,,5-3,63.0,,,water_polo,2025-26,2025,D3,Women,Southern California Intercollegiate Athletic Conference,Cal Lutheran,UTL,Utility,Fr.,Fr,"Commerce, CA",Commerce,CA,domestic,Downey HS,0,https://clusports.com/sports/womens-water-polo/roster/2026
wp_870de7478354,Lauren,Lohmeier,Business Management,,5-4,64.0,,,water_polo,2025-26,2025,D3,Women,Southern California Intercollegiate Athletic Conference,Cal Lutheran,ATT,Attacker,Sr.,Sr,"Mission Viejo, CA",Mission Viejo,CA,domestic,San Juan Hills HS,0,https://clusports.com/sports/womens-water-polo/roster/2026
wp_2302b3125f20,Jocelyn,Cruz,Exercise Science,,5-6,66.0,,,water_polo,2025-26,2025,D3,Women,Southern California Intercollegiate Athletic Conference,Cal Lutheran,CF,Other,Fr.,Fr,"Van Nuys, CA",Van Nuys,CA,domestic,Birmingham Community Charter HS,0,https://clusports.com/sports/womens-water-polo/roster/2026
wp_68f7aac63e20,Chloe,Gardhouse,Biology,Whittier College,5-5,65.0,,,water_polo,2025-26,2025,D3,Women,Southern California Intercollegiate Athletic Conference,Cal Lutheran,ATT,Attacker,Sr.,Sr,"Agoura Hills, CA",Agoura Hills,CA,domestic,Agoura HS,0,https://clusports.com/sports/womens-water-polo/roster/2026
wp_fa5894c8e36a,Clarisa,Robles,Liberal Studies in Education,Los Angeles Valley College,5-5,65.0,,,water_polo,2025-26,2025,D3,Women,Southern California Intercollegiate Athletic Conference,Cal Lutheran,ATT,Attacker,Sr.,Sr,"Burbank, CA",Burbank,CA,domestic,John Burroughs HS,0,https://clusports.com/sports/womens-water-polo/roster/2026
wp_da302fb0f770,Franki,Court,Exercise Science,,5-8,68.0,,,water_polo,2025-26,2025,D3,Women,Southern California Intercollegiate Athletic Conference,Cal Lutheran,UTL,Utility,Fr.,Fr,"Santa Barbara, CA",Santa Barbara,CA,domestic,Dos Pueblos HS,0,https://clusports.com/sports/womens-water-polo/roster/2026
wp_061591f7c8f8,Natalie,Favazzo,Business Management,Mercyhurst University,5-7,67.0,,,water_polo,2025-26,2025,D3,Women,Southern California Intercollegiate Athletic Conference,Cal Lutheran,CB,Center,Sr.,Sr,"West Hills, CA",West Hills,CA,domestic,Agoura HS,0,https://clusports.com/sports/womens-water-polo/roster/2026
wp_79c75d81778b,Edie,Hamilton,,,,,,,water_polo,2025-26,2025,D3,Women,College Conference of Illinois & Wisconsin,Carthage,Goalie G,Goalkeeper,So.,So,"Chicago, Ill.",Chicago,IL,domestic,Mother McAuley HS,0,https://athletics.carthage.edu/sports/womens-water-polo/roster/2026
wp_02f887bebb63,Kira,Jacobsen,,,,,,,water_polo,2025-26,2025,D3,Women,College Conference of Illinois & Wisconsin,Carthage,Goalie G,Goalkeeper,So.,So,"Chicago, Ill.",Chicago,IL,domestic,Mother McAuley HS,0,https://athletics.carthage.edu/sports/womens-water-polo/roster/2026
wp_bf7e0022a3e9,Rylee,McGee,,,,,,,water_polo,2025-26,2025,D3,Women,College Conference of Illinois & Wisconsin,Carthage,,UNK,Sr.,Sr,"Schaumburg, Ill.",Schaumburg,IL,domestic,Conant HS,0,https://athletics.carthage.edu/sports/womens-water-polo/roster/2026
wp_eec27f1846f6,Grace,Steinberg,,,"5'7""",67.0,,,water_polo,2025-26,2025,D3,Women,College Conference of Illinois & Wisconsin,Carthage,Attacker A,Attacker,Sr.,Sr,"Arlington, Heights, Ill.",Arlington,IL,domestic,John Hersey HS,0,https://athletics.carthage.edu/sports/womens-water-polo/roster/2026
wp_548afc4a969e,Malee,Todd,,,,,,,water_polo,2025-26,2025,D3,Women,College Conference of Illinois & Wisconsin,Carthage,Attacker A,Attacker,Fr.,Fr,"South Elgin, Ill.",South Elgin,IL,domestic,St. Charles North HS,0,https://athletics.carthage.edu/sports/womens-water-polo/roster/2026
wp_80ebd5c2c270,Sydney,Barkley,,,,,,,water_polo,2025-26,2025,D3,Women,College Conference of Illinois & Wisconsin,Carthage,Attacker A,Attacker,So.,So,"Chesterfield, Mo.",Chesterfield,MO,domestic,Marquette HS,0,https://athletics.carthage.edu/sports/womens-water-polo/roster/2026
wp_876883b31f87,Yamila,Areizaga,,,,,,,water_polo,2025-26,2025,D3,Women,College Conference of Illinois & Wisconsin,Carthage,Attacker A,Attacker,Sr.,Sr,"Chicago, Ill.",Chicago,IL,domestic,Lincoln Park High school,0,https://athletics.carthage.edu/sports/womens-water-polo/roster/2026
wp_c02c88fd8f4b,Kamille,Graham,,,,,,,water_polo,2025-26,2025,D3,Women,College Conference of Illinois & Wisconsin,Carthage,Attacker A,Attacker,Jr.,Jr,"West Jordan, Utah",West Jordan,UT,domestic,Kearns HS,0,https://athletics.carthage.edu/sports/womens-water-polo/roster/2026
wp_188c9675657b,Brenna,Carstens,,,"5'6""",66.0,,,water_polo,2025-26,2025,D3,Women,College Conference of Illinois & Wisconsin,Carthage,Attacker A,Attacker,Sr.,Sr,"Coronado, Calif.",Coronado,CA,domestic,Coronado HS,0,https://athletics.carthage.edu/sports/womens-water-polo/roster/2026
wp_33ebbc068a5e,Morrigan,Bushroe-Stumpf,,,,,,,water_polo,2025-26,2025,D3,Women,College Conference of Illinois & Wisconsin,Carthage,Attacker A,Attacker,Sr.,Sr,Sr.,Sr.,,international,,0,https://athletics.carthage.edu/sports/womens-water-polo/roster/2026
wp_94b62c928f60,Mak,Werner,,,,,,,water_polo,2025-26,2025,D3,Women,College Conference of Illinois & Wisconsin,Carthage,Attacker A,Attacker,So.,So,"Tinley Park, Ill.",Tinley Park,IL,domestic,Tinley Park HS,0,https://athletics.carthage.edu/sports/womens-water-polo/roster/2026
wp_07e5b8195f63,Kiera,Crawley,,,,,,,water_polo,2025-26,2025,D3,Women,College Conference of Illinois & Wisconsin,Carthage,Center Defender CD,Center,So.,So,"Chelsea, Mich.",Chelsea,MI,domestic,Chelsea HS,0,https://athletics.carthage.edu/sports/womens-water-polo/roster/2026
wp_69bdbd537b25,Veronica,Gut,,,,,,,water_polo,2025-26,2025,D3,Women,College Conference of Illinois & Wisconsin,Carthage,Attacker A,Attacker,So.,So,"Desplaines, Ill.",Desplaines,IL,domestic,Maine West HS,0,https://athletics.carthage.edu/sports/womens-water-polo/roster/2026
wp_6fb5cd094037,Kaylin,Machuca,,,,,,,water_polo,2025-26,2025,D3,Women,College Conference of Illinois & Wisconsin,Carthage,Utility U,Utility,Sr.,Sr,Sr.,Sr.,,international,,0,https://athletics.carthage.edu/sports/womens-water-polo/roster/2026
wp_1d7c31e92dd1,Aubrey,Korzyniewski,,,,,,,water_polo,2025-26,2025,D3,Women,College Conference of Illinois & Wisconsin,Carthage,Utility U,Utility,So.,So,"Grayslake, Ill.",Grayslake,IL,domestic,Warren Township HS,0,https://athletics.carthage.edu/sports/womens-water-polo/roster/2026
wp_d435cc262662,Mason,Spencer,Biology,,"5'10""",70.0,,,water_polo,2025-26,2025,D3,Women,Southern California Intercollegiate Athletic Conference,Claremont-Mudd-Scripps,GK,Goalkeeper,Sr.,Sr,"Los Altos, CA",Los Altos,CA,domestic,Saint Francis,0,https://cmsathletics.org/sports/womens-water-polo/roster/2026
wp_5bbed32962a4,Natalie,Stearns,,,"5'10""",70.0,,,water_polo,2025-26,2025,D3,Women,Southern California Intercollegiate Athletic Conference,Claremont-Mudd-Scripps,GK,Goalkeeper,Sr.,Sr,"Flower Mound, TX",Flower Mound,TX,domestic,Flower Mound,0,https://cmsathletics.org/sports/womens-water-polo/roster/2026
wp_fb2d9cd9d4b0,Angelina,Tsai,Computer Science and Physics,,"5'10""",70.0,,,water_polo,2025-26,2025,D3,Women,Southern California Intercollegiate Athletic Conference,Claremont-Mudd-Scripps,GK,Goalkeeper,Sr.,Sr,"Temple City, CA",Temple City,CA,domestic,Temple City,0,https://cmsathletics.org/sports/womens-water-polo/roster/2026
wp_026408d19d8d,Pooja,Bucklin,,,,,,,water_polo,2025-26,2025,D3,Women,Southern California Intercollegiate Athletic Conference,Claremont-Mudd-Scripps,UTL,Utility,So.,So,"Palo Alto, CA",Palo Alto,CA,domestic,Henry Gunn,0,https://cmsathletics.org/sports/womens-water-polo/roster/2026
wp_d9d88ef7be60,Jordan,LaCour,,,"5'6""",66.0,,,water_polo,2025-26,2025,D3,Women,Southern California Intercollegiate Athletic Conference,Claremont-Mudd-Scripps,UT,Utility,So.,So,"Sherman Oaks, CA",Sherman Oaks,CA,domestic,Harvard-Westlake,0,https://cmsathletics.org/sports/womens-water-polo/roster/2026
wp_a349645a21af,Valerie,Wraith,,,"5'8""",68.0,,,water_polo,2025-26,2025,D3,Women,Southern California Intercollegiate Athletic Conference,Claremont-Mudd-Scripps,ATT,Attacker,Jr.,Jr,"Irvine, CA",Irvine,CA,domestic,Mater Dei,0,https://cmsathletics.org/sports/womens-water-polo/roster/2026
wp_49149e733e4c,Alina,Hernandez,Psychology,,"5'1""",61.0,,,water_polo,2025-26,2025,D3,Women,Southern California Intercollegiate Athletic Conference,Claremont-Mudd-Scripps,ATT,Attacker,Sr.,Sr,"Cupertino, CA",Cupertino,CA,domestic,Menlo School,0,https://cmsathletics.org/sports/womens-water-polo/roster/2026
wp_14dc25040deb,Fiona,Murphy,Biology,,"5'11""",71.0,,,water_polo,2025-26,2025,D3,Women,Southern California Intercollegiate Athletic Conference,Claremont-Mudd-Scripps,DEF,Other,Sr.,Sr,"Placentia, CA",Placentia,CA,domestic,El Dorado,0,https://cmsathletics.org/sports/womens-water-polo/roster/2026
wp_c2dc37b74713,Adrienne,Medak,Mathematical and Computational Biology,,"5'8""",68.0,,,water_polo,2025-26,2025,D3,Women,Southern California Intercollegiate Athletic Conference,Claremont-Mudd-Scripps,UT,Utility,Fr.,Fr,"Lake Oswego, OR",Lake Oswego,OR,domestic,Lakeridge,0,https://cmsathletics.org/sports/womens-water-polo/roster/2026
wp_44b96c102868,Grace,Clark,,,,,,,water_polo,2025-26,2025,D3,Women,Southern California Intercollegiate Athletic Conference,Claremont-Mudd-Scripps,ATT,Attacker,Sr.,Sr,"Orinda, CA",Orinda,CA,domestic,Miramonte,0,https://cmsathletics.org/sports/womens-water-polo/roster/2026
wp_d55797bd5f54,Jasmine,Tang,,,"5'2""",62.0,,,water_polo,2025-26,2025,D3,Women,Southern California Intercollegiate Athletic Conference,Claremont-Mudd-Scripps,ATT,Attacker,So.,So,"Azusa, CA",Azusa,CA,domestic,Harvard-Westlake,0,https://cmsathletics.org/sports/womens-water-polo/roster/2026
wp_15c3bd44fa29,Athena,Mor,,,,,,,water_polo,2025-26,2025,D3,Women,Southern California Intercollegiate Athletic Conference,Claremont-Mudd-Scripps,UT,Utility,So.,So,"Long Beach, CA",Long Beach,CA,domestic,Long Beach Poly,0,https://cmsathletics.org/sports/womens-water-polo/roster/2026
wp_3bb146a7d3bc,Grace,Rich,,,"5'7""",67.0,,,water_polo,2025-26,2025,D3,Women,Southern California Intercollegiate Athletic Conference,Claremont-Mudd-Scripps,UT,Utility,Fr.,Fr,"Bainbridge Island, WA",Bainbridge Island,WA,domestic,Bainbridge,0,https://cmsathletics.org/sports/womens-water-polo/roster/2026
wp_6708eacef38e,Tatum,Dwyer,,,,,,,water_polo,2025-26,2025,D3,Women,Southern California Intercollegiate Athletic Conference,Claremont-Mudd-Scripps,ATT,Attacker,So.,So,"Orange, CA",Orange,CA,domestic,Mater Dei,0,https://cmsathletics.org/sports/womens-water-polo/roster/2026
wp_ea355c9d4066,Isabel,Del Villar,Public Policy,,"5'8""",68.0,,,water_polo,2025-26,2025,D3,Women,Southern California Intercollegiate Athletic Conference,Claremont-Mudd-Scripps,ATT,Attacker,Sr.,Sr,"Newport Beach, CA",Newport Beach,CA,domestic,Newport Harbor,0,https://cmsathletics.org/sports/womens-water-polo/roster/2026
wp_0ab65ab5a247,Christina,Marlow,,,,,,,water_polo,2025-26,2025,D3,Women,Southern California Intercollegiate Athletic Conference,Claremont-Mudd-Scripps,ATT,Attacker,So.,So,"Kirkland, WA",Kirkland,WA,domestic,Holy Names Academy,1,https://cmsathletics.org/sports/womens-water-polo/roster/2026
wp_8d46170abbe5,Sydney,Kroonen,,,,,,,water_polo,2025-26,2025,D3,Women,Southern California Intercollegiate Athletic Conference,Claremont-Mudd-Scripps,UT,Utility,So.,So,"Coronado, CA",Coronado,CA,domestic,Francis Parker,0,https://cmsathletics.org/sports/womens-water-polo/roster/2026
wp_d12c658b14a4,Jayden,Ching,Engineering,,"5'7""",67.0,,,water_polo,2025-26,2025,D3,Women,Southern California Intercollegiate Athletic Conference,Claremont-Mudd-Scripps,ATT,Attacker,Fr.,Fr,"Honolulu, HI",Honolulu,HI,domestic,Punahou,0,https://cmsathletics.org/sports/womens-water-polo/roster/2026
wp_3981c9f2be36,Tonanxochitl,Ortega,,,,,,,water_polo,2025-26,2025,D3,Women,Southern California Intercollegiate Athletic Conference,Claremont-Mudd-Scripps,UTL,Utility,Jr.,Jr,"Pasadena, CA",Pasadena,CA,domestic,Polytechnic,0,https://cmsathletics.org/sports/womens-water-polo/roster/2026
wp_9d3c18ece14b,Caitlin,Muñoz,,,"5'5""",65.0,,,water_polo,2025-26,2025,D3,Women,Southern California Intercollegiate Athletic Conference,Claremont-Mudd-Scripps,ATT,Attacker,Sr.,Sr,"Pasadena, CA",Pasadena,CA,domestic,Harvard-Westlake,0,https://cmsathletics.org/sports/womens-water-polo/roster/2026
wp_72848716b98e,Lily,Pashman,,,"5'9""",69.0,,,water_polo,2025-26,2025,D3,Women,Southern California Intercollegiate Athletic Conference,Claremont-Mudd-Scripps,ATT,Attacker,Jr.,Jr,"Mill Valley, CA",Mill Valley,CA,domestic,Tamalpais,0,https://cmsathletics.org/sports/womens-water-polo/roster/2026
wp_85240905b171,Zoey,Francis,Finance & Accounting,Los Angeles Valley College,5-6,66.0,,,water_polo,2025-26,2025,D3,Women,Southern California Intercollegiate Athletic Conference,Chapman,GK,Goalkeeper,Sr.,Sr,"Winnetka, Calif.",Winnetka,CA,domestic,Cleveland,0,https://athletics.chapman.edu/sports/womens-water-polo/roster/2026
wp_ae0278ef8e05,Jamie,Chiem,Computer Engineering,,5-6,66.0,,,water_polo,2025-26,2025,D3,Women,Southern California Intercollegiate Athletic Conference,Chapman,GK,Goalkeeper,Fr.,Fr,"Corona, Calif.",Corona,CA,domestic,Centenniel,0,https://athletics.chapman.edu/sports/womens-water-polo/roster/2026
wp_0c6a78f115c6,Annika,Liou,Integrated Educational Studies and Mathematics,,5-7,67.0,,,water_polo,2025-26,2025,D3,Women,Southern California Intercollegiate Athletic Conference,Chapman,UTL,Utility,Jr.,Jr,"Cupertino, Calif.",Cupertino,CA,domestic,Lynbrook,0,https://athletics.chapman.edu/sports/womens-water-polo/roster/2026
wp_041478fae5f4,Mia,Harrison,Business Administration,,5-6,66.0,,,water_polo,2025-26,2025,D3,Women,Southern California Intercollegiate Athletic Conference,Chapman,C,Center,Fr.,Fr,"Livermore, Calif.",Livermore,CA,domestic,Granada,0,https://athletics.chapman.edu/sports/womens-water-polo/roster/2026
wp_b4cdda9ab803,Ruthie,Lax,Psychology,West Valley College,5-10,70.0,,,water_polo,2025-26,2025,D3,Women,Southern California Intercollegiate Athletic Conference,Chapman,CD,Other,Sr.,Sr,"San Carlos, Calif.",San Carlos,CA,domestic,Sequoia,0,https://athletics.chapman.edu/sports/womens-water-polo/roster/2026
wp_bb41936ba254,Aveen,Cunningham,Strategic & Corporate Communications,,5-10,70.0,,,water_polo,2025-26,2025,D3,Women,Southern California Intercollegiate Athletic Conference,Chapman,CD,Other,So.,So,"Evanston, Ill.",Evanston,IL,domestic,Evanston Township,0,https://athletics.chapman.edu/sports/womens-water-polo/roster/2026
wp_bd6c6e45c59c,Kendall,Pappan,Business Administration/Communications,,5-3,63.0,,,water_polo,2025-26,2025,D3,Women,Southern California Intercollegiate Athletic Conference,Chapman,A,Attacker,Jr.,Jr,"Simi Valley, Calif",Simi Valley,CA,domestic,Oaks Christian,0,https://athletics.chapman.edu/sports/womens-water-polo/roster/2026
wp_0e2eb3600d81,Annie,Nadolski,Mathematics,,5-10,70.0,,,water_polo,2025-26,2025,D3,Women,Southern California Intercollegiate Athletic Conference,Chapman,C,Center,So.,So,"Kentwood, Mich.",Kentwood,MI,domestic,East Kentwood,0,https://athletics.chapman.edu/sports/womens-water-polo/roster/2026
wp_f3fa745584ff,Meg,Peters,Studio Art/Pre-Med,,5-9,69.0,,,water_polo,2025-26,2025,D3,Women,Southern California Intercollegiate Athletic Conference,Chapman,C,Center,Jr.,Jr,"Dallas, Texas",Dallas,TX,domestic,Highland Park,0,https://athletics.chapman.edu/sports/womens-water-polo/roster/2026
wp_f664e53cf035,Maile,Imonen,Communication,,5-5,65.0,,,water_polo,2025-26,2025,D3,Women,Southern California Intercollegiate Athletic Conference,Chapman,A,Attacker,Fr.,Fr,"Kamuela, Hawaii",Kamuela,HI,domestic,Hawaii Prepatory,0,https://athletics.chapman.edu/sports/womens-water-polo/roster/2026
wp_a06311823fc4,Kate,Launius,Health Science & French,,5-6,66.0,,,water_polo,2025-26,2025,D3,Women,Southern California Intercollegiate Athletic Conference,Chapman,UTL,Utility,So.,So,"Rancho Palos Verdes, Calif.",Rancho Palos Verdes,CA,domestic,Peninsula,0,https://athletics.chapman.edu/sports/womens-water-polo/roster/2026
wp_afbf3802bf89,Nicole,Inoue,Business Administration,,5-4,64.0,,,water_polo,2025-26,2025,D3,Women,Southern California Intercollegiate Athletic Conference,Chapman,UTL,Utility,Sr.,Sr,"San Jose, Calif.",San Jose,CA,domestic,Presentation,0,https://athletics.chapman.edu/sports/womens-water-polo/roster/2026
wp_5f500f175e17,Lyndsey,Johnson,Liberal Studies,,5-6,66.0,,,water_polo,2025-26,2025,D3,Women,Southern California Intercollegiate Athletic Conference,Chapman,UTL,Utility,So.,So,"Camarillo, Calif.",Camarillo,CA,domestic,Camarillo,0,https://athletics.chapman.edu/sports/womens-water-polo/roster/2026
wp_6b5abb1a35c1,Kimie,Ginoza,Psychology,,5-5,65.0,,,water_polo,2025-26,2025,D3,Women,Southern California Intercollegiate Athletic Conference,Chapman,A,Attacker,So.,So,"Honolulu, Hawaii",Honolulu,HI,domestic,Henry J. Kaiser High School,0,https://athletics.chapman.edu/sports/womens-water-polo/roster/2026
wp_5ffa516b3c7f,Lyric,Roddenberry,Psychology,Orange Coast College,5-6,66.0,,,water_polo,2025-26,2025,D3,Women,Southern California Intercollegiate Athletic Conference,Chapman,A,Attacker,Jr.,Jr,"Oceanside, Calif.",Oceanside,CA,domestic,El Camino,0,https://athletics.chapman.edu/sports/womens-water-polo/roster/2026
wp_77c0a50a2172,Nina,Bastick,Global Studies and World Language,,5-7,67.0,,,water_polo,2025-26,2025,D3,Women,Southern California Intercollegiate Athletic Conference,Chapman,A,Attacker,So.,So,"Park City, Utah",Park City,UT,domestic,Park City High School,0,https://athletics.chapman.edu/sports/womens-water-polo/roster/2026
wp_36c30e5c44f2,Caylie,Saiki,Finance,,5-4,64.0,,,water_polo,2025-26,2025,D3,Women,Southern California Intercollegiate Athletic Conference,Chapman,A,Attacker,So.,So,"Honolulu, Hawaii",Honolulu,HI,domestic,Punahou,0,https://athletics.chapman.edu/sports/womens-water-polo/roster/2026
wp_1d9a7268dc9d,Annika,Lindberg,Integrated Educational Studies and Political Science,,5-4,64.0,,,water_polo,2025-26,2025,D3,Women,Southern California Intercollegiate Athletic Conference,Chapman,A,Attacker,Jr.,Jr,"Arlington Heights, Ill.",Arlington Heights,IL,domestic,John Hersey,0,https://athletics.chapman.edu/sports/womens-water-polo/roster/2026
wp_0fd4862821d3,Kendall,Nelson,Psychology,,5-8,68.0,,,water_polo,2025-26,2025,D3,Women,Southern California Intercollegiate Athletic Conference,Chapman,C,Center,Jr.,Jr,"Wilton, Conn.",Wilton,CT,domestic,Westover,0,https://athletics.chapman.edu/sports/womens-water-polo/roster/2026
wp_a187d9785d97,Chloe,Gonzalez,Biochemistry and Molecular Biology,,5-10,70.0,,,water_polo,2025-26,2025,D3,Women,Southern California Intercollegiate Athletic Conference,Chapman,D,Driver,Fr.,Fr,"Downey, Calif.",Downey,CA,domestic,Downey,0,https://athletics.chapman.edu/sports/womens-water-polo/roster/2026
wp_c7e157f5615c,Maya,McGuane,Psychology,,5-2,62.0,,,water_polo,2025-26,2025,D3,Women,Southern California Intercollegiate Athletic Conference,Chapman,A,Attacker,Fr.,Fr,"San Juan Capistrano, Calif.",San Juan Capistrano,CA,domestic,Portola,0,https://athletics.chapman.edu/sports/womens-water-polo/roster/2026
wp_ef1ca3d2a7b7,Emily,Watanapongse,Sociology,,5-4,64.0,,,water_polo,2025-26,2025,D3,Women,Southern California Intercollegiate Athletic Conference,Chapman,A,Attacker,Jr.,Jr,"St. Charles, Ill.",St. Charles,IL,domestic,St. Charles North,0,https://athletics.chapman.edu/sports/womens-water-polo/roster/2026
wp_e266296e3b57,Clara,Pettiross,Health Sciences,,5-4,64.0,,,water_polo,2025-26,2025,D3,Women,Southern California Intercollegiate Athletic Conference,Chapman,A,Attacker,Fr.,Fr,"Edmonds, Wash.",Edmonds,WA,domestic,Shorecrest,0,https://athletics.chapman.edu/sports/womens-water-polo/roster/2026
wp_5eb2ea65d7c6,Ani,Aguilar,English,,5-5,65.0,,,water_polo,2025-26,2025,D3,Women,Southern California Intercollegiate Athletic Conference,Chapman,UT/A,Multi,Fr.,Fr,"Portland, Ore.",Portland,OR,domestic,Lincoln,0,https://athletics.chapman.edu/sports/womens-water-polo/roster/2026
wp_e3028cbc5f9f,Maddie,Baybeck,,,5-7,67.0,,,water_polo,2025-26,2025,D3,Women,New England Small College Athletic Conference,Connecticut College,Goalie,Goalkeeper,Jr.,Jr,"Ann Arbor, Mich.",Ann Arbor,MI,domestic,Pioneer,0,https://camelathletics.com/sports/womens-water-polo/roster/2026
wp_a4c640864260,Grace,Isola,,,5-8,68.0,,,water_polo,2025-26,2025,D3,Women,New England Small College Athletic Conference,Connecticut College,Goalie,Goalkeeper,Jr.,Jr,"San Mateo, Calif.",San Mateo,CA,domestic,Aragon,0,https://camelathletics.com/sports/womens-water-polo/roster/2026
wp_c2ff3ea21e1f,Juno,Aselton,,,6-1,73.0,,,water_polo,2025-26,2025,D3,Women,New England Small College Athletic Conference,Connecticut College,Goalie,Goalkeeper,Fr.,Fr,"Brooklyn, N.Y.",Brooklyn,NY,domestic,Williston Northampton,0,https://camelathletics.com/sports/womens-water-polo/roster/2026
wp_b8029c962645,Ainsley,Cornwall,,,5-8,68.0,,,water_polo,2025-26,2025,D3,Women,New England Small College Athletic Conference,Connecticut College,2-Meter,Other,Sr.,Sr,"San Mateo, Calif.",San Mateo,CA,domestic,Aragon,0,https://camelathletics.com/sports/womens-water-polo/roster/2026
wp_b73ad969a3c5,Sarah,Nagel,,,,,,,water_polo,2025-26,2025,D3,Women,New England Small College Athletic Conference,Connecticut College,2-Meter,Other,So.,So,"Honolulu, Hawaii",Honolulu,HI,domestic,Punahou School,0,https://camelathletics.com/sports/womens-water-polo/roster/2026
wp_adc4aac8e9e6,Catrina,Dumas,,,,,,,water_polo,2025-26,2025,D3,Women,New England Small College Athletic Conference,Connecticut College,Driver,Driver,So.,So,"San Francisco, Calif.",San Francisco,CA,domestic,Gateway,0,https://camelathletics.com/sports/womens-water-polo/roster/2026
wp_ead509a099b3,Brooke,Brandenburger,,,5-7,67.0,,,water_polo,2025-26,2025,D3,Women,New England Small College Athletic Conference,Connecticut College,2-Meter Defender,Other,Sr.,Sr,"Sacramento, Calif.",Sacramento,CA,domestic,Christian Brothers,0,https://camelathletics.com/sports/womens-water-polo/roster/2026
wp_9eb1688f6a7d,Jada,Keen,,,5-7,67.0,,,water_polo,2025-26,2025,D3,Women,New England Small College Athletic Conference,Connecticut College,Driver,Driver,Jr.,Jr,"Kealakekua, Hawaii",Kealakekua,HI,domestic,Kealakehe,0,https://camelathletics.com/sports/womens-water-polo/roster/2026
wp_20d942ba026d,Carly,Schneider,,,5-8,68.0,,,water_polo,2025-26,2025,D3,Women,New England Small College Athletic Conference,Connecticut College,Utility,Utility,So.,So,"Barrington, Ill.",Barrington,IL,domestic,Barrington,0,https://camelathletics.com/sports/womens-water-polo/roster/2026
wp_b54d98c25270,Emma,Luna,,,5-9,69.0,,,water_polo,2025-26,2025,D3,Women,New England Small College Athletic Conference,Connecticut College,Driver,Driver,Sr.,Sr,"Wahiawa, Hawaii",Wahiawa,HI,domestic,Punahou School,0,https://camelathletics.com/sports/womens-water-polo/roster/2026
wp_d8c951a9f140,Kendall,Halfacre,,,5-4,64.0,,,water_polo,2025-26,2025,D3,Women,New England Small College Athletic Conference,Connecticut College,Driver,Driver,Fr.,Fr,"Aurora, Colo.",Aurora,CO,domestic,Eaglecrest,0,https://camelathletics.com/sports/womens-water-polo/roster/2026
wp_0d6fc843ece9,Anna,Taylor,,,5-7,67.0,,,water_polo,2025-26,2025,D3,Women,New England Small College Athletic Conference,Connecticut College,2-Meter Defender,Other,Sr.,Sr,"Pleasanton, Calif.",Pleasanton,CA,domestic,Foothill,0,https://camelathletics.com/sports/womens-water-polo/roster/2026
wp_1c1eac0ecb04,Melia,Lorch,,,5-5,65.0,,,water_polo,2025-26,2025,D3,Women,New England Small College Athletic Conference,Connecticut College,Driver,Driver,Sr.,Sr,"Encinitas, Calif.",Encinitas,CA,domestic,San Dieguito Academy,1,https://camelathletics.com/sports/womens-water-polo/roster/2026
wp_6ad5e501031a,Miranda,Graham,,,6-0,72.0,,,water_polo,2025-26,2025,D3,Women,Southern California Intercollegiate Athletic Conference,La Verne,GK,Goalkeeper,So.,So,"Glendale, CA",Glendale,CA,domestic,Crescenta Valley,0,https://leopardathletics.com/sports/womens-water-polo/roster/2026
wp_812ebf634c65,Katalina,Martin,,,5-4,64.0,,,water_polo,2025-26,2025,D3,Women,Southern California Intercollegiate Athletic Conference,La Verne,GK,Goalkeeper,So.,So,"Glendale, CA",Glendale,CA,domestic,Hoover,0,https://leopardathletics.com/sports/womens-water-polo/roster/2026
wp_0bd347cc02fe,Ellie,Dees,,,,,,,water_polo,2025-26,2025,D3,Women,Southern California Intercollegiate Athletic Conference,La Verne,,UNK,Fr.,Fr,Fr.,Fr.,,international,,0,https://leopardathletics.com/sports/womens-water-polo/roster/2026
wp_46247711acb5,Dottie,Barrera,,,5-8,68.0,,,water_polo,2025-26,2025,D3,Women,Southern California Intercollegiate Athletic Conference,La Verne,C,Center,Jr.,Jr,"Chino Hills, CA",Chino Hills,CA,domestic,Ayala,0,https://leopardathletics.com/sports/womens-water-polo/roster/2026
wp_a7f776e44247,Nancy,Trinh,Business Administration,,5-8,68.0,,,water_polo,2025-26,2025,D3,Women,Southern California Intercollegiate Athletic Conference,La Verne,C,Center,Gr.,Gr,"La Puente, CA",La Puente,CA,domestic,Temple City,0,https://leopardathletics.com/sports/womens-water-polo/roster/2026
wp_5069695194e9,Ally,Ratto,Psychology,,5-7,67.0,,,water_polo,2025-26,2025,D3,Women,Southern California Intercollegiate Athletic Conference,La Verne,C,Center,Jr.,Jr,"Stockton, CA",Stockton,CA,domestic,Lincoln High School,0,https://leopardathletics.com/sports/womens-water-polo/roster/2026
wp_dfab499e4ea3,Renee,Lopez,,,5-9,69.0,,,water_polo,2025-26,2025,D3,Women,Southern California Intercollegiate Athletic Conference,La Verne,ATT,Attacker,Sr.,Sr,"Monrovia, CA",Monrovia,CA,domestic,Monrovia,0,https://leopardathletics.com/sports/womens-water-polo/roster/2026
wp_88874714eaf5,Kaitalin,Smith,Elementary Education,,5-4,64.0,,,water_polo,2025-26,2025,D3,Women,Southern California Intercollegiate Athletic Conference,La Verne,"5'4""",Other,Fr.,Fr,"Glendora, CA",Glendora,CA,domestic,Glendora High School,0,https://leopardathletics.com/sports/womens-water-polo/roster/2026
wp_2ae4831557ef,Maya,De Guzman,,,5-6,66.0,,,water_polo,2025-26,2025,D3,Women,Southern California Intercollegiate Athletic Conference,La Verne,UT,Utility,So.,So,"Honolulu, HI",Honolulu,HI,domestic,Mid-Pacific Institute,0,https://leopardathletics.com/sports/womens-water-polo/roster/2026
wp_4fc748b9798d,Megan,Sallenbach,Political Science,,5-4,64.0,,,water_polo,2025-26,2025,D3,Women,Southern California Intercollegiate Athletic Conference,La Verne,"5'4""",Other,Fr.,Fr,"West Covina, CA",West Covina,CA,domestic,Covina High School,0,https://leopardathletics.com/sports/womens-water-polo/roster/2026
wp_dc9f5cb7b23e,Reyn,Jensen,Communications,,5-7,67.0,,,water_polo,2025-26,2025,D3,Women,Southern California Intercollegiate Athletic Conference,La Verne,UTL,Utility,Fr.,Fr,"Arcadia, CA",Arcadia,CA,domestic,St.Lucy's Priory High School,0,https://leopardathletics.com/sports/womens-water-polo/roster/2026
wp_28cb5aa3a6cd,Brooklyn,Young,,Cal Baptist University,5-6,66.0,,,water_polo,2025-26,2025,D3,Women,Southern California Intercollegiate Athletic Conference,La Verne,ATT,Attacker,Sr.,Sr,"Rancho Cucamonga, CA",Rancho Cucamonga,CA,domestic,Los Osos,0,https://leopardathletics.com/sports/womens-water-polo/roster/2026
wp_79848e825570,Maddie,Grove,,,5-7,67.0,,,water_polo,2025-26,2025,D3,Women,Southern California Intercollegiate Athletic Conference,La Verne,ATT,Attacker,Sr.,Sr,"Enola, PA",Enola,PA,domestic,Cumberland Valley,0,https://leopardathletics.com/sports/womens-water-polo/roster/2026
wp_dd6c738119b7,Madison,Coss,,,5-7,67.0,,,water_polo,2025-26,2025,D3,Women,Southern California Intercollegiate Athletic Conference,La Verne,ATT,Attacker,So.,So,"West Covina, CA",West Covina,CA,domestic,San Dimas,0,https://leopardathletics.com/sports/womens-water-polo/roster/2026
wp_4dd947a35b84,Anika,Nichols,Kinesiology,,5-3,63.0,,,water_polo,2025-26,2025,D3,Women,Southern California Intercollegiate Athletic Conference,La Verne,UTL,Utility,Jr.,Jr,"Glendora, CA",Glendora,CA,domestic,Glendora High School,0,https://leopardathletics.com/sports/womens-water-polo/roster/2026
wp_3aaf31bf356e,Charlee,Spence,Undecided,,5-1,61.0,,,water_polo,2025-26,2025,D3,Women,Southern California Intercollegiate Athletic Conference,Occidental,GK,Goalkeeper,Fr.,Fr,"Orinda, CA",Orinda,CA,domestic,Miramonte,0,https://oxyathletics.com/sports/womens-water-polo/roster/2026
wp_dd84649d69b8,Mia,Bananis,Music Production & Economics,,5-6,66.0,,,water_polo,2025-26,2025,D3,Women,Southern California Intercollegiate Athletic Conference,Occidental,GK,Goalkeeper,Fr.,Fr,"Blue Bell, PA",Blue Bell,PA,domestic,Wissahickon,0,https://oxyathletics.com/sports/womens-water-polo/roster/2026
wp_3cc336c92984,Hannah,Lee,Psychology,,5-7,67.0,,,water_polo,2025-26,2025,D3,Women,Southern California Intercollegiate Athletic Conference,Occidental,ATT,Attacker,So.,So,"Winter Park, FL",Winter Park,FL,domestic,Winter Park,0,https://oxyathletics.com/sports/womens-water-polo/roster/2026
wp_8cf7b92e2235,Sophie,Cross,Undecided,,5-8,68.0,,,water_polo,2025-26,2025,D3,Women,Southern California Intercollegiate Athletic Conference,Occidental,UT,Utility,Fr.,Fr,"Hood River, OR",Hood River,OR,domestic,Hood River Valley,0,https://oxyathletics.com/sports/womens-water-polo/roster/2026
wp_6c72a87d3ea7,Emma,(Ferg) Merrill,Kinesiology,,5-5,65.0,,,water_polo,2025-26,2025,D3,Women,Southern California Intercollegiate Athletic Conference,Occidental,ATT,Attacker,So.,So,"Wyncote, PA",Wyncote,PA,domestic,Germantown Academy,1,https://oxyathletics.com/sports/womens-water-polo/roster/2026
wp_a600caf99ef6,Estella,Gray,Kinesiology,,5-7,67.0,,,water_polo,2025-26,2025,D3,Women,Southern California Intercollegiate Athletic Conference,Occidental,ATT,Attacker,So.,So,"Santa Barbara, CA",Santa Barbara,CA,domestic,Santa Barbara,0,https://oxyathletics.com/sports/womens-water-polo/roster/2026
wp_82e4cf7a87c5,Mia,Colabianchi,Diplomacy and World Affairs & Economics,,5-7,67.0,,,water_polo,2025-26,2025,D3,Women,Southern California Intercollegiate Athletic Conference,Occidental,ATT,Attacker,So.,So,"San Francisco, CA",San Francisco,CA,domestic,St. Ignatius,0,https://oxyathletics.com/sports/womens-water-polo/roster/2026
wp_6d5141d70100,Emma,Wilderman,Economics,,5-9,69.0,,,water_polo,2025-26,2025,D3,Women,Southern California Intercollegiate Athletic Conference,Occidental,C,Center,Jr.,Jr,"Los Alamitos, CA",Los Alamitos,CA,domestic,Los Alamitos,0,https://oxyathletics.com/sports/womens-water-polo/roster/2026
wp_664689ee7d9b,Schuyler,Simon-Thomas,Undeclared,,5-8,68.0,,,water_polo,2025-26,2025,D3,Women,Southern California Intercollegiate Athletic Conference,Occidental,ATT,Attacker,Sr.,Sr,"Berkeley, CA",Berkeley,CA,domestic,Berkeley HS,0,https://oxyathletics.com/sports/womens-water-polo/roster/2026
wp_b26116502882,Jillian,Carlson,Cognitive Science,,5-8,68.0,,,water_polo,2025-26,2025,D3,Women,Southern California Intercollegiate Athletic Conference,Occidental,ATT,Attacker,Fr.,Fr,"Hawthorn Woods, IL",Hawthorn Woods,IL,domestic,Adlai E. Stevenson,0,https://oxyathletics.com/sports/womens-water-polo/roster/2026
wp_da2749f342f1,Ruby,Vogel,Biology,,5-5,65.0,,,water_polo,2025-26,2025,D3,Women,Southern California Intercollegiate Athletic Conference,Occidental,ATT,Attacker,Sr.,Sr,"San Mateo, CA",San Mateo,CA,domestic,Aragon HS,0,https://oxyathletics.com/sports/womens-water-polo/roster/2026
wp_3f58a45f7004,Isabella,Wilde,Economics,,5-6,66.0,,,water_polo,2025-26,2025,D3,Women,Southern California Intercollegiate Athletic Conference,Occidental,UT,Utility,Jr.,Jr,"Eugene, OR",Eugene,OR,domestic,South Eugene,0,https://oxyathletics.com/sports/womens-water-polo/roster/2026
wp_46f9cbf93a59,Lucy,Worden,Kinesiology,,5-7,67.0,,,water_polo,2025-26,2025,D3,Women,Southern California Intercollegiate Athletic Conference,Occidental,UT,Utility,Sr.,Sr,"Portola Valley, CA",Portola Valley,CA,domestic,Woodside,0,https://oxyathletics.com/sports/womens-water-polo/roster/2026
wp_2478df17c904,Gwyneth,Peterson-Hall,Undecided,,5-7,67.0,,,water_polo,2025-26,2025,D3,Women,Southern California Intercollegiate Athletic Conference,Occidental,UT,Utility,Fr.,Fr,"Westlake Village, CA",Westlake Village,CA,domestic,Westlake,0,https://oxyathletics.com/sports/womens-water-polo/roster/2026
wp_82cdd400b0aa,Ariani,Ray,"Diplomacy & World Affairs, Philosophy",,5-2,62.0,,,water_polo,2025-26,2025,D3,Women,Southern California Intercollegiate Athletic Conference,Occidental,ATT,Attacker,So.,So,"Los Angeles, CA",Los Angeles,CA,domestic,Girls Academic Leadership Academy,1,https://oxyathletics.com/sports/womens-water-polo/roster/2026
wp_fca821bbfe39,Rachel,Khavinson,Marine Biology,,5-8,68.0,,,water_polo,2025-26,2025,D3,Women,Southern California Intercollegiate Athletic Conference,Occidental,UT,Utility,So.,So,"Rydal, PA",Rydal,PA,domestic,Germantown Academy,1,https://oxyathletics.com/sports/womens-water-polo/roster/2026
wp_196a86e8df83,Talia,Thomas,Kinesiology,,5-6,66.0,,,water_polo,2025-26,2025,D3,Women,Southern California Intercollegiate Athletic Conference,Occidental,ATT,Attacker,Fr.,Fr,"Newtown Square, PA",Newtown Square,PA,domestic,Episcopal Academy,1,https://oxyathletics.com/sports/womens-water-polo/roster/2026
wp_8f363339ad91,Victoria,Duncan,Undecided,,5-6,66.0,,,water_polo,2025-26,2025,D3,Women,Southern California Intercollegiate Athletic Conference,Occidental,ATT,Attacker,Fr.,Fr,"Lincolnshire, IL",Lincolnshire,IL,domestic,Adlai E. Stevenson,0,https://oxyathletics.com/sports/womens-water-polo/roster/2026
wp_d433d8d3ba1b,Maja,Lizy Dulic,Economics - Applied Economics,,5-10,70.0,,,water_polo,2025-26,2025,D1,Women,West Coast Conference,Pacific,GK,Goalkeeper,Jr.,Jr,"Kecskemet, Hungary",Kecskemet,,international,Kecskemeti Reformed Secondary Grammar School,0,https://pacifictigers.com/sports/womens-water-polo/roster/2026
wp_ef0b3e7d649a,Laurel,Cooper,,,5-7,67.0,,,water_polo,2025-26,2025,D1,Women,West Coast Conference,Pacific,GK,Goalkeeper,So.,So,"San Anselmo, Calif.",San Anselmo,CA,domestic,Archie Williams HS,0,https://pacifictigers.com/sports/womens-water-polo/roster/2026
wp_261a5d525907,Lillian,Ecklund,Mechanical Engineering,,5-8,68.0,,,water_polo,2025-26,2025,D1,Women,West Coast Conference,Pacific,GK,Goalkeeper,So.,So,"University Place, Wash.",University Place,WA,domestic,George R. Curtis Senior HS,0,https://pacifictigers.com/sports/womens-water-polo/roster/2026
wp_0cf8d6a220be,Alicia,Petkov,Bioengineering,,5-8,68.0,,,water_polo,2025-26,2025,D1,Women,West Coast Conference,Pacific,CTR,Center,R-Jr.,Jr,"Quebec, Canada",Quebec,,international,École Secondaire Cavelier-De LaSalle,0,https://pacifictigers.com/sports/womens-water-polo/roster/2026
wp_f7bcb7610736,Penny,Cowan,,,5-7,67.0,,,water_polo,2025-26,2025,D1,Women,West Coast Conference,Pacific,UTL,Utility,So.,So,"Alberta, Canada",Alberta,,international,St. Peter the Apostle,0,https://pacifictigers.com/sports/womens-water-polo/roster/2026
wp_6668510805bd,Lauryn,Lucero,Health & Exercise Science - Human Performance,San Joaquin Delta,5-5,65.0,,,water_polo,2025-26,2025,D1,Women,West Coast Conference,Pacific,ATT,Attacker,So.,So,"Tracy, Calif.",Tracy,CA,domestic,John C. Kimball HS,0,https://pacifictigers.com/sports/womens-water-polo/roster/2026
wp_c7afeacc9ee8,Chloe,Morgan,,Cal Baptist,5-6,66.0,,,water_polo,2025-26,2025,D1,Women,West Coast Conference,Pacific,ATT,Attacker,Jr.,Jr,"San Diego, Calif.",San Diego,CA,domestic,Granite Hills HS,0,https://pacifictigers.com/sports/womens-water-polo/roster/2026
wp_ce1db4eabf8e,Amaya,Leiby,Political Science - Criminal Justice,Arizona State,5-7,67.0,,,water_polo,2025-26,2025,D1,Women,West Coast Conference,Pacific,CTR,Center,Sr.,Sr,"Gresham, Ore.",Gresham,OR,domestic,Sam Barlow,0,https://pacifictigers.com/sports/womens-water-polo/roster/2026
wp_814f164080e6,Noemi,Alaksza,,,5-11,71.0,,,water_polo,2025-26,2025,D1,Women,West Coast Conference,Pacific,2MD,Other,R-Jr.,Jr,"Budapest, Hungary",Budapest,,international,DKRMG,0,https://pacifictigers.com/sports/womens-water-polo/roster/2026
wp_8924c2e93aec,Ariel,Cordova,Business Administration - Marketing,,5-6,66.0,,,water_polo,2025-26,2025,D1,Women,West Coast Conference,Pacific,ATT,Attacker,Jr.,Jr,"Long Beach, Calif.",Long Beach,CA,domestic,Long Beach Poly,0,https://pacifictigers.com/sports/womens-water-polo/roster/2026
wp_e7ed08a9aa6e,Eleni,Ikonomou,Business Analytics,,5-3,63.0,,,water_polo,2025-26,2025,D1,Women,West Coast Conference,Pacific,ATT,Attacker,Fr.,Fr,"Athens, Greece",Athens,,international,,0,https://pacifictigers.com/sports/womens-water-polo/roster/2026
wp_0f460dd6b41d,Anna,Crum,Biological Sciences,,5-9,69.0,,,water_polo,2025-26,2025,D1,Women,West Coast Conference,Pacific,2MD,Other,Jr.,Jr,"Annapolis, Md.",Annapolis,MD,domestic,Indian Creek,0,https://pacifictigers.com/sports/womens-water-polo/roster/2026
wp_01b20261211a,Olivia,Turney,,,5-7,67.0,,,water_polo,2025-26,2025,D1,Women,West Coast Conference,Pacific,ATT,Attacker,So.,So,"Salt Lake City, Utah",Salt Lake City,UT,domestic,Skyline HS,0,https://pacifictigers.com/sports/womens-water-polo/roster/2026
wp_0c262f94aebd,Tèa,Fitzgerald,Business Administration - Marketing,,5-7,67.0,,,water_polo,2025-26,2025,D1,Women,West Coast Conference,Pacific,ATT,Attacker,Jr.,Jr,"Fresno, Calif.",Fresno,CA,domestic,Clovis North,0,https://pacifictigers.com/sports/womens-water-polo/roster/2026
wp_1b01509e2df4,Maria,Ikonomou,Business Analytics,,5-3,63.0,,,water_polo,2025-26,2025,D1,Women,West Coast Conference,Pacific,ATT,Attacker,Fr.,Fr,"Athens, Greece",Athens,,international,,0,https://pacifictigers.com/sports/womens-water-polo/roster/2026
wp_2ee7430dd75a,Laia,Marsinach Ortega,,Azusa Pacific,5-4,64.0,,,water_polo,2025-26,2025,D1,Women,West Coast Conference,Pacific,ATT,Attacker,Jr.,Jr,"Barcelona, Spain",Barcelona,,international,Joan Pelegri,0,https://pacifictigers.com/sports/womens-water-polo/roster/2026
wp_b873bad5391b,Millie,Jacobson,Mechanical Engineering,,5-7,67.0,,,water_polo,2025-26,2025,D1,Women,West Coast Conference,Pacific,UTL,Utility,Jr.,Jr,"Canberra, Australia",Canberra,,international,Canberra Grammar School,0,https://pacifictigers.com/sports/womens-water-polo/roster/2026
wp_35d511dfedcf,Kyra,Lurito,Business,,5-4,64.0,,,water_polo,2025-26,2025,D1,Women,West Coast Conference,Pacific,ATT,Attacker,So.,So,"Kaneohe, Hawaii",Kaneohe,HI,domestic,Iolani School,0,https://pacifictigers.com/sports/womens-water-polo/roster/2026
wp_0d49873070f1,Lauren,Davis,Psychology,,5-7,67.0,,,water_polo,2025-26,2025,D1,Women,West Coast Conference,Pacific,ATT,Attacker,Fr.,Fr,"San Jose, Calif.",San Jose,CA,domestic,Saint Francis HS,0,https://pacifictigers.com/sports/womens-water-polo/roster/2026
wp_93331c8fb9e3,Ella,Cowan,Bioengineering,,5-5,65.0,,,water_polo,2025-26,2025,D1,Women,West Coast Conference,Pacific,ATT,Attacker,Jr.,Jr,"Alberta, Canada",Alberta,,international,St. Peter the Apostle,0,https://pacifictigers.com/sports/womens-water-polo/roster/2026
wp_41f0ebd0f5e9,Lily,Van Putten,Health & Exercise Science - Human Performance,,5-9,69.0,,,water_polo,2025-26,2025,D1,Women,West Coast Conference,Pacific,ATT,Attacker,Jr.,Jr,"Los Gatos, Calif.",Los Gatos,CA,domestic,Los Gatos,0,https://pacifictigers.com/sports/womens-water-polo/roster/2026
wp_a631458f9dd4,Sophie,Pethers,,,5-8,68.0,,,water_polo,2025-26,2025,D1,Women,West Coast Conference,Pacific,CTR,Center,Fr.,Fr,"New South Wales, Australia",New South Wales,,international,Meriden School,0,https://pacifictigers.com/sports/womens-water-polo/roster/2026
wp_9ba68ce9e775,Dora,Alaksza,,,6-3,75.0,,,water_polo,2025-26,2025,D1,Women,West Coast Conference,Pacific,ATT,Attacker,Sr.,Sr,"Budapest, Hungary",Budapest,,international,DKRMG,0,https://pacifictigers.com/sports/womens-water-polo/roster/2026
wp_08185e43f3ba,Paige,Elder,,,5-7,67.0,,,water_polo,2025-26,2025,D1,Women,West Coast Conference,Pacific,GK,Goalkeeper,Fr.,Fr,"Long Beach, Calif.",Long Beach,CA,domestic,Woodrow Wilson HS,0,https://pacifictigers.com/sports/womens-water-polo/roster/2026
wp_57ce2074190e,Giselle,Orson,Criminal Justice,,6-0,72.0,,,water_polo,2025-26,2025,D1,Women,West Coast Conference,Pacific,CTR,Center,Fr.,Fr,"Corte Madera, Calif.",Corte Madera,CA,domestic,Redwood HS,0,https://pacifictigers.com/sports/womens-water-polo/roster/2026
wp_e1667098a989,Sofia,Mather,Business Administration,Riverside City College,5-3,63.0,,,water_polo,2025-26,2025,D3,Women,Southern California Intercollegiate Athletic Conference,Redlands,GK,Goalkeeper,Jr.,Jr,"Riverside, Calif.",Riverside,CA,domestic,Martin Luther King,0,https://goredlands.com/sports/womens-water-polo/roster/2026
wp_c1dddd6350a5,Natalie,Abril,Business and Marketing,"Augustana, Citrus",5-8,68.0,,,water_polo,2025-26,2025,D3,Women,Southern California Intercollegiate Athletic Conference,Redlands,GK,Goalkeeper,Jr.,Jr,"Rancho Cucamonga, Calif.",Rancho Cucamonga,CA,domestic,Alta Loma,0,https://goredlands.com/sports/womens-water-polo/roster/2026
wp_5da89d73fc68,Elena,Sanchez Alcaraz,Computer Science,,5-5,65.0,,,water_polo,2025-26,2025,D3,Women,Southern California Intercollegiate Athletic Conference,Redlands,GK,Goalkeeper,Fr.,Fr,"Tijuana, Mexico",Tijuana,,international,Granite Hills,0,https://goredlands.com/sports/womens-water-polo/roster/2026
wp_142357923b8d,Sam,Gould,Business Administration,,5-2,62.0,,,water_polo,2025-26,2025,D3,Women,Southern California Intercollegiate Athletic Conference,Redlands,GK,Goalkeeper,Fr.,Fr,"Half Moon Bay, Calif.",Half Moon Bay,CA,domestic,Notre Dame,0,https://goredlands.com/sports/womens-water-polo/roster/2026
wp_73e4b933f006,Aubree,Nabors,Business Administration,,6-2,74.0,,,water_polo,2025-26,2025,D3,Women,Southern California Intercollegiate Athletic Conference,Redlands,CD,Other,So.,So,"Conroe, Texas",Conroe,TX,domestic,Conroe,0,https://goredlands.com/sports/womens-water-polo/roster/2026
wp_89f23bfc9f0b,Teagan,May,Sustainable Business,,5-4,64.0,,,water_polo,2025-26,2025,D3,Women,Southern California Intercollegiate Athletic Conference,Redlands,Att,Attacker,So.,So,"Carlsbad, Calif.",Carlsbad,CA,domestic,Carlsbad,0,https://goredlands.com/sports/womens-water-polo/roster/2026
wp_3390321ad33c,Ainsley,Killian,Political Science,,5-7,67.0,,,water_polo,2025-26,2025,D3,Women,Southern California Intercollegiate Athletic Conference,Redlands,Att,Attacker,Sr.,Sr,"Beaverton, Ore.",Beaverton,OR,domestic,Southridge,0,https://goredlands.com/sports/womens-water-polo/roster/2026
wp_c15baeac7370,Kiera,Federline,"HMS: Health, Medicine, and Society",,5-7,67.0,,,water_polo,2025-26,2025,D3,Women,Southern California Intercollegiate Athletic Conference,Redlands,Utl,Utility,Fr.,Fr,"Ashland, Ore.",Ashland,OR,domestic,Ashland,0,https://goredlands.com/sports/womens-water-polo/roster/2026
wp_7558ad88053c,Gianna,Ratto,Environmental Science,,5-9,69.0,,,water_polo,2025-26,2025,D3,Women,Southern California Intercollegiate Athletic Conference,Redlands,CD,Other,Sr.,Sr,"Santa Rosa, Calif.",Santa Rosa,CA,domestic,Cardinal Newman,0,https://goredlands.com/sports/womens-water-polo/roster/2026
wp_3d1ca4873b85,Lucia,Notaro,Biology,,5-7,67.0,,,water_polo,2025-26,2025,D3,Women,Southern California Intercollegiate Athletic Conference,Redlands,Att,Attacker,Jr.,Jr,"Ventura, Calif.",Ventura,CA,domestic,Agoura,0,https://goredlands.com/sports/womens-water-polo/roster/2026
wp_29971e9f3e77,Brooklyn,Green,Journalism/Screenwriting,,5-9,69.0,,,water_polo,2025-26,2025,D3,Women,Southern California Intercollegiate Athletic Conference,Redlands,Att,Attacker,Fr.,Fr,"Fontana, Calif.",Fontana,CA,domestic,Fontana,0,https://goredlands.com/sports/womens-water-polo/roster/2026
wp_75fe10e61464,Katie,Raber,Education,,5-7,67.0,,,water_polo,2025-26,2025,D3,Women,Southern California Intercollegiate Athletic Conference,Redlands,Utl,Utility,Fr.,Fr,"Portland, Ore.",Portland,OR,domestic,Sunset,0,https://goredlands.com/sports/womens-water-polo/roster/2026
wp_15ad2f98dc04,Marlie,Potocki,Political Science and Public Policy,,5-8,68.0,,,water_polo,2025-26,2025,D3,Women,Southern California Intercollegiate Athletic Conference,Redlands,Att,Attacker,Jr.,Jr,"Joliet, Ill.",Joliet,IL,domestic,Joliet West,0,https://goredlands.com/sports/womens-water-polo/roster/2026
wp_c6ed131416d6,Alyssa,Sorrell,Biochemistry and Molecular Biology,,5-7,67.0,,,water_polo,2025-26,2025,D3,Women,Southern California Intercollegiate Athletic Conference,Redlands,Ctr,Center,Sr.,Sr,"Highland, Calif.",Highland,CA,domestic,Citrus Valley,0,https://goredlands.com/sports/womens-water-polo/roster/2026
wp_9c4788059c74,Emberly,De La Vega,Creative Writing,,5-4,64.0,,,water_polo,2025-26,2025,D3,Women,Southern California Intercollegiate Athletic Conference,Redlands,Att,Attacker,Fr.,Fr,"Nipomo, Calif.",Nipomo,CA,domestic,Nipomo,0,https://goredlands.com/sports/womens-water-polo/roster/2026
wp_9d1d9185037d,Nora,Jackson,"HMS: Health, Medicine, and Society",,5-9,69.0,,,water_polo,2025-26,2025,D3,Women,Southern California Intercollegiate Athletic Conference,Redlands,Att,Attacker,So.,So,"Palatine, Ill.",Palatine,IL,domestic,Palatine,0,https://goredlands.com/sports/womens-water-polo/roster/2026
wp_585e7f76b327,Aubrey,Stevenson,Communication Sciences and Disorders,,5-4,64.0,,,water_polo,2025-26,2025,D3,Women,Southern California Intercollegiate Athletic Conference,Redlands,Att,Attacker,Fr.,Fr,"Calimesa, Calif.",Calimesa,CA,domestic,Redlands High School,0,https://goredlands.com/sports/womens-water-polo/roster/2026
wp_397bee3982cc,Lani,Weaver,Environmental Studies,,,,,,water_polo,2025-26,2025,D3,Women,Presidents' Athletic Conference,Washington and Jefferson,GK,Goalkeeper,Fr.,Fr,"Conroe, Texas",Conroe,TX,domestic,Conroe,0,https://gopresidents.com/sports/womens-water-polo/roster/2026
wp_8231543936ff,Riley,Gutierrez,Accounting,,,,,,water_polo,2025-26,2025,D3,Women,Presidents' Athletic Conference,Washington and Jefferson,U,Utility,Fr.,Fr,"Deer Park, Texas",Deer Park,TX,domestic,Deer Park,0,https://gopresidents.com/sports/womens-water-polo/roster/2026
wp_9aba16689c49,Madison,Mansell,,Liberty,,,,,water_polo,2025-26,2025,D3,Women,Presidents' Athletic Conference,Washington and Jefferson,U,Utility,Fr.,Fr,"York Springs, Pa.",York Springs,PA,domestic,Northern,0,https://gopresidents.com/sports/womens-water-polo/roster/2026
wp_6218c63b6410,Chloe,Majorprice,Biology,,,,,,water_polo,2025-26,2025,D3,Women,Presidents' Athletic Conference,Washington and Jefferson,U,Utility,Fr.,Fr,"Manchester, Mich.",Manchester,MI,domestic,Skyline,0,https://gopresidents.com/sports/womens-water-polo/roster/2026
wp_bd6ef60a9129,Sophie,Talamonti,Psychology,,,,,,water_polo,2025-26,2025,D3,Women,Presidents' Athletic Conference,Washington and Jefferson,U,Utility,So.,So,"Flushing, Ohio",Flushing,OH,domestic,Union Local,0,https://gopresidents.com/sports/womens-water-polo/roster/2026
wp_ebf2565c5e79,Emmie,Ratcliff,Biology,,,,,,water_polo,2025-26,2025,D3,Women,Presidents' Athletic Conference,Washington and Jefferson,U,Utility,So.,So,"Friendswood, Texas",Friendswood,TX,domestic,Friendswood,0,https://gopresidents.com/sports/womens-water-polo/roster/2026
wp_95ed6f5778eb,Mackenzie,Caron,Child Development and Education,,,,,,water_polo,2025-26,2025,D3,Women,Presidents' Athletic Conference,Washington and Jefferson,C,Center,Fr.,Fr,"Reading, Pa.",Reading,PA,domestic,Governor Mifflin,0,https://gopresidents.com/sports/womens-water-polo/roster/2026
wp_1e30363eb6dc,Hallie,Ratcliff,Molecular Biology,,,,,,water_polo,2025-26,2025,D3,Women,Presidents' Athletic Conference,Washington and Jefferson,U,Utility,Jr.,Jr,"Friendswood, Texas",Friendswood,TX,domestic,Friendswood,0,https://gopresidents.com/sports/womens-water-polo/roster/2026
wp_bf64f4883976,Sabrina,Estrada,Psychology,,,,,,water_polo,2025-26,2025,D3,Women,Presidents' Athletic Conference,Washington and Jefferson,U,Utility,Jr.,Jr,"Pico Rivera, Calif.",Pico Rivera,CA,domestic,Santa Fe,0,https://gopresidents.com/sports/womens-water-polo/roster/2026
wp_049085b8b2cb,Autumn,Woollcott,Creative Writing,,,,,,water_polo,2025-26,2025,D3,Women,Presidents' Athletic Conference,Washington and Jefferson,U,Utility,So.,So,"Grand Blanc, Mich.",Grand Blanc,MI,domestic,Grand Blanc,0,https://gopresidents.com/sports/womens-water-polo/roster/2026
wp_ac33c8150815,Aubrie,Kirkby Tatro,,Cuesta College,5-10,70.0,,,water_polo,2025-26,2025,D3,Women,Southern California Intercollegiate Athletic Conference,Whittier,GK,Goalkeeper,Jr.,Jr,"San Luis Obispo, Calif.",San Luis Obispo,CA,domestic,Arroyo Grande,0,https://wcpoets.com/sports/womens-water-polo/roster/2026
wp_054a81799dbc,Annie,Marcucci,,Chaffey College,5-11,71.0,,,water_polo,2025-26,2025,D3,Women,Southern California Intercollegiate Athletic Conference,Whittier,GK,Goalkeeper,Jr.,Jr,"Lake Elsinore, Calif.",Lake Elsinore,CA,domestic,Lakeside,0,https://wcpoets.com/sports/womens-water-polo/roster/2026
wp_6573ab58ba39,Arianna,Worcester,,Fullerton College,5-8,68.0,,,water_polo,2025-26,2025,D3,Women,Southern California Intercollegiate Athletic Conference,Whittier,GK,Goalkeeper,Fr.,Fr,"Fullerton, Calif.",Fullerton,CA,domestic,El Dorado,0,https://wcpoets.com/sports/womens-water-polo/roster/2026
wp_74098700c064,Brooke,Shiohama,,Cypress College,5-4,64.0,,,water_polo,2025-26,2025,D3,Women,Southern California Intercollegiate Athletic Conference,Whittier,UTL,Utility,Jr.,Jr,"Cerritos, Calif.",Cerritos,CA,domestic,Sunny Hills,0,https://wcpoets.com/sports/womens-water-polo/roster/2026
wp_e944ecc741d5,Madison,Scorgie,,,5-6,66.0,,,water_polo,2025-26,2025,D3,Women,Southern California Intercollegiate Athletic Conference,Whittier,UTL,Utility,Fr.,Fr,"Johannesburg, South Africa",Johannesburg,,international,Northcliff,0,https://wcpoets.com/sports/womens-water-polo/roster/2026
wp_23728deee9d0,Giana,Diaz,,,5-4,64.0,,,water_polo,2025-26,2025,D3,Women,Southern California Intercollegiate Athletic Conference,Whittier,UTL,Utility,So.,So,"La Puente, Calif.",La Puente,CA,domestic,Los Altos,0,https://wcpoets.com/sports/womens-water-polo/roster/2026
wp_70db329a6052,Jayz,Tomisa,,,5-2,62.0,,,water_polo,2025-26,2025,D3,Women,Southern California Intercollegiate Athletic Conference,Whittier,ATK,Other,Fr.,Fr,"Honolulu, Hawaii",Honolulu,HI,domestic,Roosevelt,0,https://wcpoets.com/sports/womens-water-polo/roster/2026
wp_e0ea60590329,Alexandra,Haluska,,Fullerton College,5-8,68.0,,,water_polo,2025-26,2025,D3,Women,Southern California Intercollegiate Athletic Conference,Whittier,ATK,Other,Sr.,Sr,"Brea, Calif.",Brea,CA,domestic,Brea Olinda,0,https://wcpoets.com/sports/womens-water-polo/roster/2026
wp_b2ce4baf56a2,Paula,Fernandez,,Westcliff University,5-5,65.0,,,water_polo,2025-26,2025,D3,Women,Southern California Intercollegiate Athletic Conference,Whittier,ATK,Other,Sr.,Sr,"Barcelona, Spain",Barcelona,,international,,0,https://wcpoets.com/sports/womens-water-polo/roster/2026
wp_aac2a6bfe498,Hayley,Bradshaw,,Cypress College,5-6,66.0,,,water_polo,2025-26,2025,D3,Women,Southern California Intercollegiate Athletic Conference,Whittier,C,Center,Jr.,Jr,"Anaheim, Calif.",Anaheim,CA,domestic,Valencia,0,https://wcpoets.com/sports/womens-water-polo/roster/2026
wp_2c002fb0a19e,Kristin,Lambert,,,5-4,64.0,,,water_polo,2025-26,2025,D3,Women,Southern California Intercollegiate Athletic Conference,Whittier,UTL,Utility,Fr.,Fr,"Orange, Calif.",Orange,CA,domestic,Villa Park,0,https://wcpoets.com/sports/womens-water-polo/roster/2026
wp_0aa49da259ca,Madison,Mathewson,,Ottawa University (AZ),5-2,62.0,,,water_polo,2025-26,2025,D3,Women,Southern California Intercollegiate Athletic Conference,Whittier,UTL,Utility,Jr.,Jr,"Hayward, Calif.",Hayward,CA,domestic,Moreau Catholic,0,https://wcpoets.com/sports/womens-water-polo/roster/2026
wp_8e9c34f2f096,Kayla,Arias,,Fullerton College,5-9,69.0,,,water_polo,2025-26,2025,D3,Women,Southern California Intercollegiate Athletic Conference,Whittier,C,Center,Jr.,Jr,"Brea, Calif.",Brea,CA,domestic,Brea Olinda,0,https://wcpoets.com/sports/womens-water-polo/roster/2026
wp_547ed299240f,Victoria,Ortegon,,,,,,,water_polo,2025-26,2025,D3,Women,Southern California Intercollegiate Athletic Conference,Whittier,UTL,Utility,Fr.,Fr,"Whittier, Calif.",Whittier,CA,domestic,Pioneer,0,https://wcpoets.com/sports/womens-water-polo/roster/2026
wp_7f1bbfef1b6e,Shirley,Ramirez,,,5-6,66.0,,,water_polo,2025-26,2025,D3,Women,Southern California Intercollegiate Athletic Conference,Whittier,UTL,Utility,Fr.,Fr,"Moreno Valley, Calif.",Moreno Valley,CA,domestic,Moreno Valley,0,https://wcpoets.com/sports/womens-water-polo/roster/2026
wp_87dbe6d5a679,Lorelai,Weaver,,,,,,,water_polo,2025-26,2025,D2,Women,Independent,Salem WV,,UNK,"Clovis, California",UNK,"Clovis, California",Clovis,CA,domestic,Buchanan High School,0,https://salemtigers.com/sports/womens-water-polo/roster/2026
wp_27a57bd05977,Morgan,Fenner,,,,,,,water_polo,2025-26,2025,D2,Women,Independent,Salem WV,,UNK,"Stockton, California",UNK,"Stockton, California",Stockton,CA,domestic,,0,https://salemtigers.com/sports/womens-water-polo/roster/2026
wp_1f0473f9db17,Kara,Wicht,,,,,,,water_polo,2025-26,2025,D2,Women,Independent,Salem WV,,UNK,"Johannesburg, South Africa",UNK,"Johannesburg, South Africa",Johannesburg,,international,,0,https://salemtigers.com/sports/womens-water-polo/roster/2026
wp_063d3d7e3789,Lucy,Bramwell,,,,,,,water_polo,2025-26,2025,D2,Women,Independent,Salem WV,,UNK,"Auckland, New Zealand",UNK,"Auckland, New Zealand",Auckland,,international,,0,https://salemtigers.com/sports/womens-water-polo/roster/2026
wp_aba05ae74ee7,Tilly,Hale,,,,,,,water_polo,2025-26,2025,D2,Women,Independent,Salem WV,,UNK,"Melbourne, Austrailia",UNK,"Melbourne, Austrailia",Melbourne,,international,,0,https://salemtigers.com/sports/womens-water-polo/roster/2026
wp_0a0e32f6cdff,Courtney,Repinz,,,,,,,water_polo,2025-26,2025,D2,Women,Independent,Salem WV,,UNK,"Grahamstown, South Africa",Gr,"Grahamstown, South Africa",Grahamstown,,international,,0,https://salemtigers.com/sports/womens-water-polo/roster/2026
wp_8c2c2ec17166,Iris,Oudshoorn,,,,,,,water_polo,2025-26,2025,D2,Women,Independent,Salem WV,,UNK,"Hoofddorp, Netherlands",UNK,"Hoofddorp, Netherlands",Hoofddorp,,international,,0,https://salemtigers.com/sports/womens-water-polo/roster/2026
wp_b844034f9ebd,Sheridan,Hamilton,,,,,,,water_polo,2025-26,2025,D2,Women,Independent,Salem WV,,UNK,"Lawrenceville, Georgia",UNK,"Lawrenceville, Georgia",Lawrenceville,GA,domestic,,0,https://salemtigers.com/sports/womens-water-polo/roster/2026
wp_9006562e66ff,Mackenzie,Hamilton,,,,,,,water_polo,2025-26,2025,D2,Women,Independent,Salem WV,,UNK,"Lawrenceville, Georgia",UNK,"Lawrenceville, Georgia",Lawrenceville,GA,domestic,,0,https://salemtigers.com/sports/womens-water-polo/roster/2026
wp_190d6a274200,Emma,Donnelly,,,,,,,water_polo,2025-26,2025,D2,Women,Independent,Salem WV,,UNK,"Pittsburgh, Pennsylvania",UNK,"Pittsburgh, Pennsylvania",Pittsburgh,PA,domestic,,0,https://salemtigers.com/sports/womens-water-polo/roster/2026
wp_1fbac2e9fe6a,Matipa,Karimazondo,,,,,,,water_polo,2025-26,2025,D2,Women,Independent,Salem WV,,UNK,,UNK,,,,unknown,,0,https://salemtigers.com/sports/womens-water-polo/roster/2026
wp_cb75cb3e2b6a,Leila,Maynard,,,,,,,water_polo,2025-26,2025,D2,Women,Independent,Salem WV,,UNK,"Mililani, Hawaii",UNK,"Mililani, Hawaii",Mililani,HI,domestic,,0,https://salemtigers.com/sports/womens-water-polo/roster/2026
wp_94c4e0fa3a4e,Kristen,Hemmila,,McKendree University,,,,,water_polo,2025-26,2025,D2,Women,Independent,Salem WV,,UNK,"Cincinnati, Ohio McKendree University",UNK,"Cincinnati, Ohio",Cincinnati,OH,domestic,Foothill High School,0,https://salemtigers.com/sports/womens-water-polo/roster/2026
wp_cdfc13d70b56,Avery,Sturdevant,,,,,,,water_polo,2025-26,2025,D2,Women,Independent,Salem WV,,UNK,"League City, Texas",UNK,"League City, Texas",League City,TX,domestic,,0,https://salemtigers.com/sports/womens-water-polo/roster/2026
wp_e591d5c26db8,Keri,Brooks,,,,,,,water_polo,2025-26,2025,D2,Women,Independent,Salem WV,,UNK,"Port Elizabeth, South Africa",UNK,"Port Elizabeth, South Africa",Port Elizabeth,,international,,0,https://salemtigers.com/sports/womens-water-polo/roster/2026
wp_007c31aa15ad,Madeline,Nelson,,Cabrillo College,,,,,water_polo,2025-26,2025,D2,Women,Independent,Salem WV,,UNK,"San Jose, California Cabrillo College",UNK,"San Jose, California",San Jose,CA,domestic,Ann Sobrato High School,0,https://salemtigers.com/sports/womens-water-polo/roster/2026
wp_14a2dd68d6f1,Milica,Zelic,,,,,,,water_polo,2025-26,2025,D2,Women,Independent,Salem WV,,UNK,"Zadar, Croatia",UNK,"Zadar, Croatia",Zadar,,international,,0,https://salemtigers.com/sports/womens-water-polo/roster/2026
wp_45bd0b86e1a3,Aleksandra,Antanasijevic,,,,,,,water_polo,2025-26,2025,D1,Women,Western Athletic Conference,California Baptist,G,Goalkeeper,So.,So,"Pozarevac, Serbia",Pozarevac,,international,,0,https://cbulancers.com/api/v2/rosters?sportId=20
wp_b31e185662e2,Kendall,Donahue,,,,,,,water_polo,2025-26,2025,D1,Women,Western Athletic Conference,California Baptist,G,Goalkeeper,Fr.,Fr,"Culver City, California",Culver City,CA,domestic,El Segundo HS,0,https://cbulancers.com/api/v2/rosters?sportId=20
wp_1ab0b3381c83,Tyanna,Schneider,,,,,,,water_polo,2025-26,2025,D1,Women,Western Athletic Conference,California Baptist,G,Goalkeeper,Gr.,Gr,"Murrieta, Calif.",Murrieta,CA,domestic,Murrieta Valley HS,0,https://cbulancers.com/api/v2/rosters?sportId=20
wp_faff230499eb,Amelia,Urry,,,,,,,water_polo,2025-26,2025,D1,Women,Western Athletic Conference,California Baptist,G,Goalkeeper,Jr.,Jr,"Donaghadee, Ireland",Donaghadee,,international,Glenlola Collegiate Girls School,0,https://cbulancers.com/api/v2/rosters?sportId=20
wp_7ae4b229aada,Charlotte,Winters,,,,,,,water_polo,2025-26,2025,D1,Women,Western Athletic Conference,California Baptist,G,Goalkeeper,Fr.,Fr,"Alta Loma, California",Alta Loma,CA,domestic,Alta Loma HS,0,https://cbulancers.com/api/v2/rosters?sportId=20
wp_ac7bb35bbbb5,Niya,Bumbaca,,,,,,,water_polo,2025-26,2025,D1,Women,Western Athletic Conference,California Baptist,ATT,Attacker,Jr.,Jr,"Sacramento, CA",Sacramento,CA,domestic,Monterey Trail HS,0,https://cbulancers.com/api/v2/rosters?sportId=20
wp_e5ed55c5887f,Devyn,Ruffer,,,,,,,water_polo,2025-26,2025,D1,Women,Western Athletic Conference,California Baptist,CD,Other,Sr.,Sr,"La Mesa, Calif.",La Mesa,CA,domestic,Valhalla HS,0,https://cbulancers.com/api/v2/rosters?sportId=20
wp_227ddf270474,Briana,Livingston,,,,,,,water_polo,2025-26,2025,D1,Women,Western Athletic Conference,California Baptist,CD,Other,So.,So,"San Jose, CA",San Jose,CA,domestic,Leland HS,0,https://cbulancers.com/api/v2/rosters?sportId=20
wp_62d1ec225f80,Georgia,Eccles,,,,,,,water_polo,2025-26,2025,D1,Women,Western Athletic Conference,California Baptist,ATT,Attacker,So.,So,"Johannesburg, South Africa",Johannesburg,,international,St. Stithians College,0,https://cbulancers.com/api/v2/rosters?sportId=20
wp_de1ef089dd78,Morgan,Gates,,,,,,,water_polo,2025-26,2025,D1,Women,Western Athletic Conference,California Baptist,ATT,Attacker,Sr.,Sr,"Reedley, Calif.",Reedley,CA,domestic,Reedley HS,0,https://cbulancers.com/api/v2/rosters?sportId=20
wp_b8c339051c77,Morgan,Vice,,,,,,,water_polo,2025-26,2025,D1,Women,Western Athletic Conference,California Baptist,ATT,Attacker,So.,So,"Lodi, CA",Lodi,CA,domestic,Lodi HS,0,https://cbulancers.com/api/v2/rosters?sportId=20
wp_e24d4bf2562b,Julia,Almendariz,,,,,,,water_polo,2025-26,2025,D1,Women,Western Athletic Conference,California Baptist,UT,Utility,Jr.,Jr,"Hawthorne, CA",Hawthorne,CA,domestic,Mira Costa HS,0,https://cbulancers.com/api/v2/rosters?sportId=20
wp_30ad90898f62,Riley,Milne,,,,,,,water_polo,2025-26,2025,D1,Women,Western Athletic Conference,California Baptist,C,Center,Fr.,Fr,"Burnaby, British Columbia",Burnaby,,international,Burnaby South Secondary,0,https://cbulancers.com/api/v2/rosters?sportId=20
wp_2efb13561ec1,Aubrey,Newton,,,,,,,water_polo,2025-26,2025,D1,Women,Western Athletic Conference,California Baptist,C,Center,Sr.,Sr,"Concord, Calif.",Concord,CA,domestic,Carondelet HS,0,https://cbulancers.com/api/v2/rosters?sportId=20
wp_c27bbb8cbbc2,Kyla,Cutler,,,,,,,water_polo,2025-26,2025,D1,Women,Western Athletic Conference,California Baptist,ATT,Attacker,So.,So,"Davis, CA",Davis,CA,domestic,Davis Senior HS,0,https://cbulancers.com/api/v2/rosters?sportId=20
wp_e06c80f083b5,Madison,Haworth,,,,,,,water_polo,2025-26,2025,D1,Women,Western Athletic Conference,California Baptist,ATT,Attacker,Jr.,Jr,"Johannesburg, South Africa",Johannesburg,,international,St. Stithians College,0,https://cbulancers.com/api/v2/rosters?sportId=20
wp_e536013df94e,Reese,Beringer,,,,,,,water_polo,2025-26,2025,D1,Women,Western Athletic Conference,California Baptist,ATT,Attacker,Gr.,Gr,"Murrieta, CA",Murrieta,CA,domestic,Vista Murrieta High School,0,https://cbulancers.com/api/v2/rosters?sportId=20
wp_8d26dcdc3c89,Jessica,Jang,,,,,,,water_polo,2025-26,2025,D1,Women,Western Athletic Conference,California Baptist,ATT,Attacker,So.,So,"Garden Grove, CA",Garden Grove,CA,domestic,Fountain Valley HS,0,https://cbulancers.com/api/v2/rosters?sportId=20
wp_f164dc337997,Delilah,Moreno,,,,,,,water_polo,2025-26,2025,D1,Women,Western Athletic Conference,California Baptist,ATT,Attacker,Jr.,Jr,"Commerce, CA",Commerce,CA,domestic,Schurr HS,0,https://cbulancers.com/api/v2/rosters?sportId=20
wp_17f543f7982c,Bailey,Rosa,,,,,,,water_polo,2025-26,2025,D1,Women,Western Athletic Conference,California Baptist,UT,Utility,So.,So,"Riverside, CA",Riverside,CA,domestic,King HS,0,https://cbulancers.com/api/v2/rosters?sportId=20
wp_01395e76d935,Emmie,Ramirez,,,,,,,water_polo,2025-26,2025,D1,Women,Western Athletic Conference,California Baptist,ATT,Attacker,So.,So,"Hawthorne, California",Hawthorne,CA,domestic,El Segundo HS,0,https://cbulancers.com/api/v2/rosters?sportId=20
wp_3aabfda81161,Bella,Raynes,,,,,,,water_polo,2025-26,2025,D1,Women,Western Athletic Conference,California Baptist,CD,Other,Jr.,Jr,"Auckland, New Zealand",Auckland,,international,,0,https://cbulancers.com/api/v2/rosters?sportId=20
wp_5261fa9642ac,Ivana,Malenkovic,,,,,,,water_polo,2025-26,2025,D1,Women,Western Athletic Conference,California Baptist,UT,Utility,Fr.,Fr,"Thousand Oaks, California",Thousand Oaks,CA,domestic,Oaks Christian HS,0,https://cbulancers.com/api/v2/rosters?sportId=20
wp_eac4c85273d1,Anna,Reed,,,,,,,water_polo,2025-26,2025,D1,Women,Big Ten Conference,Southern California,G,Goalkeeper,R-So.,So,"Newport Beach, Calif.",Newport Beach,CA,domestic,Newport Harbor HS,0,https://usctrojans.com:443/api/v2/rosters?sportId=22
wp_b0d13ae36cb3,Lauren,Schneider,,,,,,,water_polo,2025-26,2025,D1,Women,Big Ten Conference,Southern California,G,Goalkeeper,R-So.,So,"Laguna Beach, Calif.",Laguna Beach,CA,domestic,Laguna Beach HS,0,https://usctrojans.com:443/api/v2/rosters?sportId=22
wp_0ca50f9b9757,Jada,Ward,,,,,,,water_polo,2025-26,2025,D1,Women,Big Ten Conference,Southern California,G,Goalkeeper,Sr.,Sr,"Irvine, Calif.",Irvine,CA,domestic,Mater Dei HS,0,https://usctrojans.com:443/api/v2/rosters?sportId=22
wp_6c62f7adbbbb,Madison,Haaland-Ford,,,,,,,water_polo,2025-26,2025,D1,Women,Big Ten Conference,Southern California,C,Center,Jr.,Jr,"Santa Barbara, Calif.",Santa Barbara,CA,domestic,San Marcos HS,0,https://usctrojans.com:443/api/v2/rosters?sportId=22
wp_fd3730ee868c,Sinia,Plotz,,,,,,,water_polo,2025-26,2025,D1,Women,Big Ten Conference,Southern California,UT,Utility,Sr.,Sr,"Duisburg, Germany",Duisburg,,international,Mannesmann Gymnasium,0,https://usctrojans.com:443/api/v2/rosters?sportId=22
wp_a0e41514c6a0,Morgan,Netherton,,,,,,,water_polo,2025-26,2025,D1,Women,Big Ten Conference,Southern California,ATT,Attacker,Sr.,Sr,"Newport Beach, Calif.",Newport Beach,CA,domestic,Newport Harbor HS,0,https://usctrojans.com:443/api/v2/rosters?sportId=22
wp_50388edec18a,Ava,Stryker,,,,,,,water_polo,2025-26,2025,D1,Women,Big Ten Conference,Southern California,ATT,Attacker,Jr.,Jr,"Santa Barbara, Calif.",Santa Barbara,CA,domestic,San Marcos HS,0,https://usctrojans.com:443/api/v2/rosters?sportId=22
wp_5af3d63998d3,Maggie,Johnson,,,,,,,water_polo,2025-26,2025,D1,Women,Big Ten Conference,Southern California,ATT,Attacker,Sr.,Sr,"La Jolla, Calif.",La Jolla,CA,domestic,The Bishop's School,0,https://usctrojans.com:443/api/v2/rosters?sportId=22
wp_2c2fe208544a,Caitlin,Cohen,,,,,,,water_polo,2025-26,2025,D1,Women,Big Ten Conference,Southern California,ATT,Attacker,R-Jr.,Jr,"Newport Beach, Calif.",Newport Beach,CA,domestic,Orange Lutheran HS,0,https://usctrojans.com:443/api/v2/rosters?sportId=22
wp_09b1c08fe27b,Alma,Yaacobi,,,,,,,water_polo,2025-26,2025,D1,Women,Big Ten Conference,Southern California,C,Center,So.,So,"Tel Aviv, Israel",Tel Aviv,,international,Hof Hasharon HS,0,https://usctrojans.com:443/api/v2/rosters?sportId=22
wp_0426170e7ebc,Emily,Ausmus,,,,,,,water_polo,2025-26,2025,D1,Women,Big Ten Conference,Southern California,ATT,Attacker,So.,So,"Riverside, Calif.",Riverside,CA,domestic,Martin Luther King HS,0,https://usctrojans.com:443/api/v2/rosters?sportId=22
wp_568d209eb5e1,Meghan,McAninch,,,,,,,water_polo,2025-26,2025,D1,Women,Big Ten Conference,Southern California,ATT,Attacker,Jr.,Jr,"Orinda, Calif.",Orinda,CA,domestic,Miramonte HS,0,https://usctrojans.com:443/api/v2/rosters?sportId=22
wp_d550a02259c8,Ashley,Kwan,,,,,,,water_polo,2025-26,2025,D1,Women,Big Ten Conference,Southern California,ATT,Attacker,Fr.,Fr,"Irvine, Calif.",Irvine,CA,domestic,Foothill HS,0,https://usctrojans.com:443/api/v2/rosters?sportId=22
wp_fa1fa6958cf4,Ava,Knepper,,,,,,,water_polo,2025-26,2025,D1,Women,Big Ten Conference,Southern California,ATT,Attacker,So.,So,"Laguna Beach, Calif.",Laguna Beach,CA,domestic,Laguna Beach HS,0,https://usctrojans.com:443/api/v2/rosters?sportId=22
wp_f18070fa516f,Sofia,Umeda,,,,,,,water_polo,2025-26,2025,D1,Women,Big Ten Conference,Southern California,UT,Utility,So.,So,"Whittier, Calif.",Whittier,CA,domestic,Orange Lutheran HS,0,https://usctrojans.com:443/api/v2/rosters?sportId=22
wp_5f82e3776280,Rachel,Gazzaniga,,,,,,,water_polo,2025-26,2025,D1,Women,Big Ten Conference,Southern California,C,Center,Jr.,Jr,"North Tustin, Calif.",North Tustin,CA,domestic,Foothill HS,0,https://usctrojans.com:443/api/v2/rosters?sportId=22
wp_e65b6456b6ff,Jelena,Sarac,,,,,,,water_polo,2025-26,2025,D1,Women,Big Ten Conference,Southern California,UT,Utility,R-Jr.,Jr,"Novi Sad, Serbia",Novi Sad,,international,Jovan Jovanovic Zmaj,0,https://usctrojans.com:443/api/v2/rosters?sportId=22
wp_231edc13de22,Hannah,Carver,,,,,,,water_polo,2025-26,2025,D1,Women,Big Ten Conference,Southern California,ATT,Attacker,R-Jr.,Jr,"Laguna Beach, Calif.",Laguna Beach,CA,domestic,Laguna Beach HS,0,https://usctrojans.com:443/api/v2/rosters?sportId=22
wp_07e28062d6d4,Kara,Carver,,,,,,,water_polo,2025-26,2025,D1,Women,Big Ten Conference,Southern California,ATT,Attacker,Fr.,Fr,"Laguna Beach, Calif.",Laguna Beach,CA,domestic,Laguna Beach HS,0,https://usctrojans.com:443/api/v2/rosters?sportId=22
wp_3dbe642050a8,Kate,Sloman,,,,,,,water_polo,2025-26,2025,D1,Women,Big Ten Conference,Southern California,ATT,Attacker,Fr.,Fr,"Newport Beach, Calif.",Newport Beach,CA,domestic,Orange Lutheran HS,0,https://usctrojans.com:443/api/v2/rosters?sportId=22
wp_2522a797fad7,Natalia,Blazevic,,,,,,,water_polo,2025-26,2025,D1,Women,Big Ten Conference,Southern California,UT,Utility,Fr.,Fr,"Vancouver, B.C., Canada","Vancouver, B.C.",,international,Magee Secondary School,0,https://usctrojans.com:443/api/v2/rosters?sportId=22
wp_15928d4a4a39,Payton,Netherton,,,,,,,water_polo,2025-26,2025,D1,Women,Big Ten Conference,Southern California,UT,Utility,Fr.,Fr,"Newport Beach, Calif.",Newport Beach,CA,domestic,JSerra HS,0,https://usctrojans.com:443/api/v2/rosters?sportId=22
wp_01411ba0b75a,EJ,Hourigan,,,,,,,water_polo,2025-26,2025,D1,Women,Big Ten Conference,Southern California,ATT,Attacker,Fr.,Fr,"Newport Beach, Calif.",Newport Beach,CA,domestic,Mater Dei HS,0,https://usctrojans.com:443/api/v2/rosters?sportId=22
wp_04ac4b92612b,Steen,,,,,,,,water_polo,2025-26,2025,D3,Women,Collegiate Water Polo Association,Grove City,Goalie/Utility,Multi,Sr.,Sr,"Schaumburg, Ill.",Schaumburg,IL,domestic,Schaumburg,0,https://athletics.gcc.edu/sports/womens-water-polo/roster/2026
wp_0210b1854d1f,Hervey,,,,,,,,water_polo,2025-26,2025,D3,Women,Collegiate Water Polo Association,Grove City,Utility,Utility,Fr.,Fr,"Naperville, Ill.",Naperville,IL,domestic,Metea Valley,0,https://athletics.gcc.edu/sports/womens-water-polo/roster/2026
wp_1a31948040f2,Addison,,,,,,,,water_polo,2025-26,2025,D3,Women,Collegiate Water Polo Association,Grove City,Utility,Utility,Fr.,Fr,"Eads, Tenn.",Eads,TN,domestic,Faith Heritage Christian,0,https://athletics.gcc.edu/sports/womens-water-polo/roster/2026
wp_272e266c32ef,Sill,,,,,,,,water_polo,2025-26,2025,D3,Women,Collegiate Water Polo Association,Grove City,Utility,Utility,Sr.,Sr,"Virginia Beach, Va.",Virginia Beach,VA,domestic,Princess Anne,0,https://athletics.gcc.edu/sports/womens-water-polo/roster/2026
wp_05368c36c765,Rehm,,,,,,,,water_polo,2025-26,2025,D3,Women,Collegiate Water Polo Association,Grove City,Driver,Driver,Fr.,Fr,"Hatfield, Pa.",Hatfield,PA,domestic,North Penn,0,https://athletics.gcc.edu/sports/womens-water-polo/roster/2026
wp_bdb5f3b6037d,Strahorn,,,,,,,,water_polo,2025-26,2025,D3,Women,Collegiate Water Polo Association,Grove City,Driver,Driver,So.,So,"Harleysville, Pa.",Harleysville,PA,domestic,North Penn,0,https://athletics.gcc.edu/sports/womens-water-polo/roster/2026
wp_bedce8e17008,Scalise,,,,,,,,water_polo,2025-26,2025,D3,Women,Collegiate Water Polo Association,Grove City,Driver,Driver,Sr.,Sr,"Clarence, N.Y.",Clarence,NY,domestic,Clarence,0,https://athletics.gcc.edu/sports/womens-water-polo/roster/2026
wp_ac3aae774043,Tihansky,,,,,,,,water_polo,2025-26,2025,D3,Women,Collegiate Water Polo Association,Grove City,Utility,Utility,Jr.,Jr,"Hazleton, Pa.",Hazleton,PA,domestic,Hazleton,0,https://athletics.gcc.edu/sports/womens-water-polo/roster/2026
wp_55bcfd8a89b6,Baksa,,,,,,,,water_polo,2025-26,2025,D3,Women,Collegiate Water Polo Association,Grove City,Utility,Utility,So.,So,"Longwood, Fla.",Longwood,FL,domestic,Lake Mary,0,https://athletics.gcc.edu/sports/womens-water-polo/roster/2026
wp_d0b849d000eb,Marissa,White,Marine Science,,5-9,69.0,,,water_polo,2025-26,2025,D2,Women,California Collegiate Athletic Association,Cal State Monterey Bay,GK,Goalkeeper,So.,So,"Union City, Calif.",Union City,CA,domestic,Mission San Jose HS,0,https://otterathletics.com/sports/womens-polo/roster/2026
wp_b78cc3975242,Kendra,Weaver,Kinesiology/Psychology,,5-9,69.0,,,water_polo,2025-26,2025,D2,Women,California Collegiate Athletic Association,Cal State Monterey Bay,GK,Goalkeeper,So.,So,"Valley Center, Calif.",Valley Center,CA,domestic,Valley Center HS,0,https://otterathletics.com/sports/womens-polo/roster/2026
wp_991b4086c6a3,Jenna,Martin,Business Administration,,5-5,65.0,,,water_polo,2025-26,2025,D2,Women,California Collegiate Athletic Association,Cal State Monterey Bay,GK,Goalkeeper,Fr.,Fr,"Fresno, Calif.",Fresno,CA,domestic,Clovis West HS,0,https://otterathletics.com/sports/womens-polo/roster/2026
wp_04e108566f94,Natalie,Mancinelli,Humanities and Communications,Santa Barbara City College,5-5,65.0,,,water_polo,2025-26,2025,D2,Women,California Collegiate Athletic Association,Cal State Monterey Bay,A,Attacker,Sr.,Sr,"El Dorado Hills, Calif.",El Dorado Hills,CA,domestic,Oak Ridge HS,0,https://otterathletics.com/sports/womens-polo/roster/2026
wp_779e33b9585f,Stella,Martin,Business Administration,,5-5,65.0,,,water_polo,2025-26,2025,D2,Women,California Collegiate Athletic Association,Cal State Monterey Bay,A,Attacker,Jr.,Jr,"Fresno, Calif.",Fresno,CA,domestic,Clovis West HS,0,https://otterathletics.com/sports/womens-polo/roster/2026
wp_37dd1f667aea,Alex,Harris,Psychology,Long Beach State,5-11,71.0,,,water_polo,2025-26,2025,D2,Women,California Collegiate Athletic Association,Cal State Monterey Bay,UTL,Utility,Sr.,Sr,"Davis, Calif.",Davis,CA,domestic,Davis Senior HS,0,https://otterathletics.com/sports/womens-polo/roster/2026
wp_1ff1901edbd7,Nalani,Galindo,Business Administration,Miramar College,5-4,64.0,,,water_polo,2025-26,2025,D2,Women,California Collegiate Athletic Association,Cal State Monterey Bay,UTL,Utility,Jr.,Jr,"San Diego, Calif.",San Diego,CA,domestic,Poway HS,0,https://otterathletics.com/sports/womens-polo/roster/2026
wp_7a74a882dc2e,Kira,Clark,Psychology,,5-4,64.0,,,water_polo,2025-26,2025,D2,Women,California Collegiate Athletic Association,Cal State Monterey Bay,A,Attacker,So.,So,"Fremont, Calif.",Fremont,CA,domestic,Mission San Jose HS,0,https://otterathletics.com/sports/womens-polo/roster/2026
wp_12d971ec0995,Riley,Becker,Kinesiology,,5-6,66.0,,,water_polo,2025-26,2025,D2,Women,California Collegiate Athletic Association,Cal State Monterey Bay,C,Center,Fr.,Fr,"Simi Valley, Calif.",Simi Valley,CA,domestic,Oaks Christian,0,https://otterathletics.com/sports/womens-polo/roster/2026
wp_f898593c7583,Shea,Tully,Kinesiology,,5-7,67.0,,,water_polo,2025-26,2025,D2,Women,California Collegiate Athletic Association,Cal State Monterey Bay,CD,Other,Sr.,Sr,"Yucaipa, Calif.",Yucaipa,CA,domestic,Yucaipa HS,0,https://otterathletics.com/sports/womens-polo/roster/2026
wp_74480e8bc6f7,Ximena,Pichon,Spanish Language & Hispanic Cultures,,5-4,64.0,,,water_polo,2025-26,2025,D2,Women,California Collegiate Athletic Association,Cal State Monterey Bay,UTL,Utility,Sr.,Sr,"Fresno, Calif.",Fresno,CA,domestic,Clovis HS,0,https://otterathletics.com/sports/womens-polo/roster/2026
wp_bd6e9bfb285f,Becca,Bijold,Biology,,5-5,65.0,,,water_polo,2025-26,2025,D2,Women,California Collegiate Athletic Association,Cal State Monterey Bay,A,Attacker,Jr.,Jr,"Arvada, Colo.",Arvada,CO,domestic,Ralston Valley HS,0,https://otterathletics.com/sports/womens-polo/roster/2026
wp_7510425c2fc2,Annika,Harper,Environmental Science and Technology,,5-7,67.0,,,water_polo,2025-26,2025,D2,Women,California Collegiate Athletic Association,Cal State Monterey Bay,A,Attacker,Jr.,Jr,"San Diego, Calif.",San Diego,CA,domestic,Clairemont HS,0,https://otterathletics.com/sports/womens-polo/roster/2026
wp_4462e4ea74a3,Izzy,Headley,Social Science,,5-5,65.0,,,water_polo,2025-26,2025,D2,Women,California Collegiate Athletic Association,Cal State Monterey Bay,CD,Other,Fr.,Fr,"Sunnyvale, Calif.",Sunnyvale,CA,domestic,Fremont HS,0,https://otterathletics.com/sports/womens-polo/roster/2026
wp_a333203f6b90,Catt,Jenkins,Psychology,,5-3,63.0,,,water_polo,2025-26,2025,D2,Women,California Collegiate Athletic Association,Cal State Monterey Bay,A,Attacker,Fr.,Fr,"Corona, Calif.",Corona,CA,domestic,Centennial HS,0,https://otterathletics.com/sports/womens-polo/roster/2026
wp_7d06a5897bfc,Abby,Allan,Liberal Studies,,5-7,67.0,,,water_polo,2025-26,2025,D2,Women,California Collegiate Athletic Association,Cal State Monterey Bay,CF,Other,So.,So,"Clovis, Calif.",Clovis,CA,domestic,Sanger HS,0,https://otterathletics.com/sports/womens-polo/roster/2026
wp_df4cb761478b,Emma,Sosa,Kinesiology,,5-9,69.0,,,water_polo,2025-26,2025,D2,Women,California Collegiate Athletic Association,Cal State Monterey Bay,CF,Other,So.,So,"Tustin, Calif.",Tustin,CA,domestic,Foothill HS,0,https://otterathletics.com/sports/womens-polo/roster/2026
wp_c5e35b486c41,Shelby,Pfister,Marine Science,,5-6,66.0,,,water_polo,2025-26,2025,D2,Women,California Collegiate Athletic Association,Cal State Monterey Bay,A,Attacker,So.,So,"Kodiak, Alaska",Kodiak,AK,domestic,Stockdale HS,0,https://otterathletics.com/sports/womens-polo/roster/2026
wp_eccfe2e61726,Olivia,Gutierrez,Business Administration,,5-6,66.0,,,water_polo,2025-26,2025,D2,Women,California Collegiate Athletic Association,Cal State Monterey Bay,A,Attacker,Fr.,Fr,"San Diego, Calif.",San Diego,CA,domestic,Bonita Vista HS,0,https://otterathletics.com/sports/womens-polo/roster/2026
wp_b4fdd93effd6,Kaya,Eaton,Liberal Studies,,5-9,69.0,,,water_polo,2025-26,2025,D2,Women,California Collegiate Athletic Association,Cal State Monterey Bay,CF,Other,Sr.,Sr,"San Diego, Calif.",San Diego,CA,domestic,Helix Charter HS,0,https://otterathletics.com/sports/womens-polo/roster/2026
wp_7daf086d6571,Katie,Rudis,Marine Science,,5-9,69.0,,,water_polo,2025-26,2025,D2,Women,California Collegiate Athletic Association,Cal State Monterey Bay,UTL,Utility,Jr.,Jr,"Oceanside, Calif.",Oceanside,CA,domestic,El Camino HS,0,https://otterathletics.com/sports/womens-polo/roster/2026
wp_b628ddb35a1e,Jerzie,Jaurigue-Mora,Psychology,,5-6,66.0,,,water_polo,2025-26,2025,D2,Women,California Collegiate Athletic Association,Cal State Monterey Bay,CD,Other,So.,So,"Redlands, Calif.",Redlands,CA,domestic,Yucaipa HS,0,https://otterathletics.com/sports/womens-polo/roster/2026
wp_5beed33612d0,Gabby,Swaim,Biology,,5-1,61.0,,,water_polo,2025-26,2025,D2,Women,California Collegiate Athletic Association,Cal State Monterey Bay,A,Attacker,So.,So,"Ventura, Calif.",Ventura,CA,domestic,Buena HS,0,https://otterathletics.com/sports/womens-polo/roster/2026
wp_9b38c1a593f5,Maddie,Day,,,,,,,water_polo,2025-26,2025,D1,Women,Southern Conference,VMI,G,Goalkeeper,Jr.,Jr,"Prunedale, Calif.",Prunedale,CA,domestic,Notre Dame High School,0,https://vmikeydets.com/sports/womens-water-polo/roster/2026
wp_fac4e7d3341b,Ysabel,Casillas,Civil Engineering,,"5'5""",65.0,,,water_polo,2025-26,2025,D1,Women,Southern Conference,VMI,G,Goalkeeper,Jr.,Jr,"Wildomar, Calif.",Wildomar,CA,domestic,Elsinore,0,https://vmikeydets.com/sports/womens-water-polo/roster/2026
wp_780fac23d74a,Taylor,Hammond,,,,,,,water_polo,2025-26,2025,D1,Women,Southern Conference,VMI,G,Goalkeeper,So.,So,"Newton Square, Pa.",Newton Square,PA,domestic,Episcopal,0,https://vmikeydets.com/sports/womens-water-polo/roster/2026
wp_d0e5b790bce5,Sarah,Fitzsimmons,Computer Science,,"5'11""",71.0,,,water_polo,2025-26,2025,D1,Women,Southern Conference,VMI,CD/U,Utility,Jr.,Jr,"Dacula, Ga.",Dacula,GA,domestic,Collins,0,https://vmikeydets.com/sports/womens-water-polo/roster/2026
wp_16d849c52620,Sydney,Smith,,,,,,,water_polo,2025-26,2025,D1,Women,Southern Conference,VMI,C,Center,Sr.,Sr,"McLean, Va.",McLean,VA,domestic,Bishop O'Connell,0,https://vmikeydets.com/sports/womens-water-polo/roster/2026
wp_d223a38e2962,Noa,Ziv,,,,,,,water_polo,2025-26,2025,D1,Women,Southern Conference,VMI,A,Attacker,Fr.,Fr,"Lake Oswego, Ore.",Lake Oswego,OR,domestic,Lake Oswego,0,https://vmikeydets.com/sports/womens-water-polo/roster/2026
wp_914c75f5a637,Meagan,Riding,Biology,,"5'4""",64.0,,,water_polo,2025-26,2025,D1,Women,Southern Conference,VMI,A,Attacker,Jr.,Jr,"Peachtree City, Ga.",Peachtree City,GA,domestic,McIntosh,0,https://vmikeydets.com/sports/womens-water-polo/roster/2026
wp_1de43d6ebc99,Haley,Minnich,,,,,,,water_polo,2025-26,2025,D1,Women,Southern Conference,VMI,CD/U,Utility,So.,So,"Shillington, Pa.",Shillington,PA,domestic,Governor Mifflin,0,https://vmikeydets.com/sports/womens-water-polo/roster/2026
wp_4fb6c1daf968,Makynna,Smith,International Studies,,,,,,water_polo,2025-26,2025,D1,Women,Southern Conference,VMI,C,Center,So.,So,"Houston, Texas",Houston,TX,domestic,Cypress Creek,0,https://vmikeydets.com/sports/womens-water-polo/roster/2026
wp_593b9a4612ec,Kathryn,Myler,,,"5'4""",64.0,,,water_polo,2025-26,2025,D1,Women,Southern Conference,VMI,A,Attacker,So.,So,"Davis, Calif.",Davis,CA,domestic,Davis,0,https://vmikeydets.com/sports/womens-water-polo/roster/2026
wp_111ed4ee87f6,Hollie,Sauceda,,,,,,,water_polo,2025-26,2025,D1,Women,Southern Conference,VMI,A,Attacker,So.,So,"Clovis, Calif.",Clovis,CA,domestic,Buchanan,0,https://vmikeydets.com/sports/womens-water-polo/roster/2026
wp_700f7f47e48e,Sadie,Smith,,,,,,,water_polo,2025-26,2025,D1,Women,Southern Conference,VMI,CD/U,Utility,Sr.,Sr,"Ontario, Calif.",Ontario,CA,domestic,St. Lucy's,0,https://vmikeydets.com/sports/womens-water-polo/roster/2026
wp_e313a4baa88f,Maria,Fitzsimmons,,,,,,,water_polo,2025-26,2025,D1,Women,Southern Conference,VMI,U,Utility,Fr.,Fr,"Dacula, Ga.",Dacula,GA,domestic,Collins,0,https://vmikeydets.com/sports/womens-water-polo/roster/2026
wp_28338f0db8b5,Gabriella,Falcon,,,,,,,water_polo,2025-26,2025,D1,Women,Southern Conference,VMI,U,Utility,Fr.,Fr,"Pearland, Texas",Pearland,TX,domestic,Pearland,0,https://vmikeydets.com/sports/womens-water-polo/roster/2026
wp_fc440c1e5271,Victoria,Tamarit,International Business,,5-5,65.0,,,water_polo,2025-26,2025,D1,Women,Northeast Conference,Saint Francis,,UNK,Fr.,Fr,"Valencia, Spain",Valencia,,international,IES Conselleria,0,https://sfuathletics.com/sports/womens-polo/roster/2026
wp_9a298233af1c,Olivia,George,Biology,,5-1,61.0,,,water_polo,2025-26,2025,D1,Women,Northeast Conference,Saint Francis,,UNK,So.,So,"Grand Blanc, Mich.",Grand Blanc,MI,domestic,Grand Blanc,0,https://sfuathletics.com/sports/womens-polo/roster/2026
wp_cb6777350d1a,Bella,Castaneda,Education,,5-3,63.0,,,water_polo,2025-26,2025,D1,Women,Northeast Conference,Saint Francis,,UNK,So.,So,"Brea, Calif.",Brea,CA,domestic,Sunny Hills,0,https://sfuathletics.com/sports/womens-polo/roster/2026
wp_f3c5b4e8da25,Alondra,Torres,General Engineering,,5-6,66.0,,,water_polo,2025-26,2025,D1,Women,Northeast Conference,Saint Francis,,UNK,So.,So,"Chicago, Ill.",Chicago,IL,domestic,Saint Ignatius College Prep,1,https://sfuathletics.com/sports/womens-polo/roster/2026
wp_6f2b42913725,Laura,Knight,Occupational Therapy,,5-7,67.0,,,water_polo,2025-26,2025,D1,Women,Northeast Conference,Saint Francis,,UNK,Fr.,Fr,"Auckland, New Zealand",Auckland,,international,St Cuthbert's College,0,https://sfuathletics.com/sports/womens-polo/roster/2026
wp_537d4e5d1ef0,Megan,Marlin,Marketing,,5-9,69.0,,,water_polo,2025-26,2025,D1,Women,Northeast Conference,Saint Francis,,UNK,Sr.,Sr,"Flower Mound, Texas",Flower Mound,TX,domestic,Marcus,0,https://sfuathletics.com/sports/womens-polo/roster/2026
wp_058a1faee90d,Lucy,Willis,Occupational Therapy,,5-7,67.0,,,water_polo,2025-26,2025,D1,Women,Northeast Conference,Saint Francis,,UNK,Sr.,Sr,"Fort Thomas, Ky.",Fort Thomas,KY,domestic,Highlands,0,https://sfuathletics.com/sports/womens-polo/roster/2026
wp_3e8920aee33a,Aubrey,Miller,Nursing,,5-7,67.0,,,water_polo,2025-26,2025,D1,Women,Northeast Conference,Saint Francis,,UNK,Sr.,Sr,"Mohnton, Pa.",Mohnton,PA,domestic,Governor Mifflin,0,https://sfuathletics.com/sports/womens-polo/roster/2026
wp_3582f77e3cc2,Lexanny,Gonzalez,Biology,,5-3,63.0,,,water_polo,2025-26,2025,D1,Women,Northeast Conference,Saint Francis,,UNK,Sr.,Sr,"Reading, Pa.",Reading,PA,domestic,Wilson High School,0,https://sfuathletics.com/sports/womens-polo/roster/2026
wp_348f339d8109,Caylah,Olay,Physician Assistant,,5-7,67.0,,,water_polo,2025-26,2025,D1,Women,Northeast Conference,Saint Francis,,UNK,Sr.,Sr,"Redondo Beach, Calif.",Redondo Beach,CA,domestic,Redondo Union,0,https://sfuathletics.com/sports/womens-polo/roster/2026
wp_528fd8101b31,Sofia,Maioriello Pankova,Political Science,,5-6,66.0,,,water_polo,2025-26,2025,D1,Women,Northeast Conference,Saint Francis,,UNK,So.,So,"Naples, Italy",Naples,,international,Liceo Salvatore Pizzi,0,https://sfuathletics.com/sports/womens-polo/roster/2026
wp_68b5f0add7c4,Sarah,Hartwell,Environmental Engineering,,5-5,65.0,,,water_polo,2025-26,2025,D1,Women,Northeast Conference,Saint Francis,,UNK,Sr.,Sr,"Grand Blanc, Mich.",Grand Blanc,MI,domestic,Grand Blanc,0,https://sfuathletics.com/sports/womens-polo/roster/2026
wp_a0b3c2463860,Amelie,Ramirez,Management & Business Economics,Schurr High School,5-10,70.0,,,water_polo,2025-26,2025,D2,Women,Western Water Polo Association Men,"University of California, Merced",GK,Goalkeeper,Fr.,Fr,"Commerce, CA",Commerce,CA,domestic,Schurr High School,0,https://ucmercedbobcats.com/sports/womens-water-polo/roster/2025
wp_3d0840a09525,Kamarin,Holm,Public Health,Reedley High School,5-5,65.0,,,water_polo,2025-26,2025,D2,Women,Western Water Polo Association Men,"University of California, Merced",GK/ATT,Multi,Fr.,Fr,"Reedley, CA",Reedley,CA,domestic,Reedley High School,0,https://ucmercedbobcats.com/sports/womens-water-polo/roster/2025
wp_a18232fe790f,Grace,Tademy,Public Health,Reedley Middle College High School,5-10,70.0,,,water_polo,2025-26,2025,D2,Women,Western Water Polo Association Men,"University of California, Merced",UTIL,Other,Fr.,Fr,"Reedley, CA",Reedley,CA,domestic,Reedley Middle College High School,0,https://ucmercedbobcats.com/sports/womens-water-polo/roster/2025
wp_0e1dc0920a8a,Arianna,Martinez,,Patterson High School,,,,,water_polo,2025-26,2025,D2,Women,Western Water Polo Association Men,"University of California, Merced",ATT,Attacker,Jr.,Jr,"Patterson, CA",Patterson,CA,domestic,Patterson High School,0,https://ucmercedbobcats.com/sports/womens-water-polo/roster/2025
wp_3b4153a5e0ce,Melanie,Torres,,Clovis North High School,,,,,water_polo,2025-26,2025,D2,Women,Western Water Polo Association Men,"University of California, Merced",ATT,Attacker,So.,So,"Clovis, CA",Clovis,CA,domestic,Clovis North High School,0,https://ucmercedbobcats.com/sports/womens-water-polo/roster/2025
wp_93978ab32be5,Aislyn,Sorsky,,Bullard High School,,,,,water_polo,2025-26,2025,D2,Women,Western Water Polo Association Men,"University of California, Merced",ATT,Attacker,So.,So,"Fresno, CA",Fresno,CA,domestic,Bullard High School,0,https://ucmercedbobcats.com/sports/womens-water-polo/roster/2025
wp_122fcabe762c,Piper,Ferris,,Sheldon High School,,,,,water_polo,2025-26,2025,D2,Women,Western Water Polo Association Men,"University of California, Merced",UTIL,Other,So.,So,"Eugene, OR",Eugene,OR,domestic,Sheldon High School,0,https://ucmercedbobcats.com/sports/womens-water-polo/roster/2025
wp_ef23172cbb09,Breyenne,Pierce,Management & Business Economics,Sierra College,5-6,66.0,,,water_polo,2025-26,2025,D2,Women,Western Water Polo Association Men,"University of California, Merced",ATT,Attacker,Jr.,Jr,"Turlock, CA",Turlock,CA,domestic,Turlock High School,0,https://ucmercedbobcats.com/sports/womens-water-polo/roster/2025
wp_63c5888cfa90,Claudette,Asenjo,,Merced College,,,,,water_polo,2025-26,2025,D2,Women,Western Water Polo Association Men,"University of California, Merced",C,Center,Jr.,Jr,"Merced, CA",Merced,CA,domestic,El Capitan High School,0,https://ucmercedbobcats.com/sports/womens-water-polo/roster/2025
wp_ce72f15d835d,Madeline,Guo,Biological Sciences,Heritage High School,5-7,67.0,,,water_polo,2025-26,2025,D2,Women,Western Water Polo Association Men,"University of California, Merced",ATT,Attacker,Fr.,Fr,"Brentwood, CA",Brentwood,CA,domestic,Heritage High School,0,https://ucmercedbobcats.com/sports/womens-water-polo/roster/2025
wp_957dd6a86a1a,Juliana,Torres,,Marin Catholic High School,,,,,water_polo,2025-26,2025,D2,Women,Western Water Polo Association Men,"University of California, Merced",ATT,Attacker,Jr.,Jr,"Novato, CA",Novato,CA,domestic,Marin Catholic,0,https://ucmercedbobcats.com/sports/womens-water-polo/roster/2025
wp_ce35fbfd1fac,Jacqueline,Azevedo,,Hilmar High School,,,,,water_polo,2025-26,2025,D2,Women,Western Water Polo Association Men,"University of California, Merced",ATT,Attacker,Sr.,Sr,"Hilmar, CA",Hilmar,CA,domestic,Hilmar High School,0,https://ucmercedbobcats.com/sports/womens-water-polo/roster/2025
wp_f4f91de0bc2b,Viviana,Luna,,Menlo Atherton High School,,,,,water_polo,2025-26,2025,D2,Women,Western Water Polo Association Men,"University of California, Merced",UTIL,Other,Jr.,Jr,"Atherton, CA",Atherton,CA,domestic,Menlo Atherton High School,0,https://ucmercedbobcats.com/sports/womens-water-polo/roster/2025
wp_bf093b7d7cae,Kiryn,Wicker,Biological Sciences,El Capitan High School,5-10,70.0,,,water_polo,2025-26,2025,D2,Women,Western Water Polo Association Men,"University of California, Merced",C,Center,Fr.,Fr,"Merced, CA",Merced,CA,domestic,El Capitan High School,0,https://ucmercedbobcats.com/sports/womens-water-polo/roster/2025
wp_c895dcd6ad25,Yaritza,Elizondo,Management & Business Economics,Menlo-Atherton High School,5-4,64.0,,,water_polo,2025-26,2025,D2,Women,Western Water Polo Association Men,"University of California, Merced",UTIL,Other,Fr.,Fr,"Menlo Park, CA",Menlo Park,CA,domestic,Menlo-Atherton High School,0,https://ucmercedbobcats.com/sports/womens-water-polo/roster/2025
wp_f49e863f7ba8,Alyssa,Estrada,Psychology,La Serna High School,5-3,63.0,,,water_polo,2025-26,2025,D2,Women,Western Water Polo Association Men,"University of California, Merced",ATT,Attacker,Fr.,Fr,"Whittier, CA",Whittier,CA,domestic,La Serna High School,0,https://ucmercedbobcats.com/sports/womens-water-polo/roster/2025
wp_bbb76a4d04b0,Kaitlyn,Kimmel,,Concord High School,,,,,water_polo,2025-26,2025,D2,Women,Western Water Polo Association Men,"University of California, Merced",UTIL,Other,Jr.,Jr,"Concord, CA",Concord,CA,domestic,Concord High School,0,https://ucmercedbobcats.com/sports/womens-water-polo/roster/2025
wp_beee557aac13,Francesca,Sena,,,5-9,69.0,,,water_polo,2025-26,2025,D1,Women,Northeast Conference,Wagner,Goalkeeper,Goalkeeper,Sr.,Sr,"Cosenza, Italy",Cosenza,,international,Liceo Classic Gloacchio De Flore,0,https://wagnerathletics.com/sports/wpolo/roster/2026
wp_8f86c512cf6d,Maria,Matamala Román,,,,,,,water_polo,2025-26,2025,D1,Women,Northeast Conference,Wagner,Goalkeeper,Goalkeeper,So.,So,"Madrid, Spain",Madrid,,international,,0,https://wagnerathletics.com/sports/wpolo/roster/2026
wp_aa477d2acaed,Maggie,Pike,,Socal Water polo Club,5-8,68.0,,,water_polo,2025-26,2025,D1,Women,Northeast Conference,Wagner,Attacker,Attacker,Sr.,Sr,"San Clemente, California",San Clemente,CA,domestic,San Juan Hills High School,0,https://wagnerathletics.com/sports/wpolo/roster/2026
wp_ad737b2ed1ff,Lacey,Aquaro,,,5-10,70.0,,,water_polo,2025-26,2025,D1,Women,Northeast Conference,Wagner,Utility,Utility,Fr.,Fr,"Seattle, WA",Seattle,WA,domestic,Bellevue High School,0,https://wagnerathletics.com/sports/wpolo/roster/2026
wp_838764269f49,Lily,Carrick,,St Rita's College Clayfield,5-6,66.0,,,water_polo,2025-26,2025,D1,Women,Northeast Conference,Wagner,Attacker,Attacker,Jr.,Jr,"Brisbane, Australia",Brisbane,,international,"St Rita's College, Clayfield",0,https://wagnerathletics.com/sports/wpolo/roster/2026
wp_c4e709d1489e,Maylen,Sampedro Tarela,,Club Natacio Atletic Barceloneta,5-4,64.0,,,water_polo,2025-26,2025,D1,Women,Northeast Conference,Wagner,Attacker,Attacker,Jr.,Jr,"Barcelona, Spain",Barcelona,,international,Club Natacio Sant Andreu,0,https://wagnerathletics.com/sports/wpolo/roster/2026
wp_2347d7f272cb,Magali,Ogg,,Sydney Northern Beaches Breakers,5-10,70.0,,,water_polo,2025-26,2025,D1,Women,Northeast Conference,Wagner,Attacker,Attacker,Sr.,Sr,"Sydney, Australia",Sydney,,international,Brigidine College St Ives,0,https://wagnerathletics.com/sports/wpolo/roster/2026
wp_510ed55ca0ee,Martina,Parisi,,Napoli Nuoto,5-8,68.0,,,water_polo,2025-26,2025,D1,Women,Northeast Conference,Wagner,Attacker,Attacker,Sr.,Sr,"Naples, Italy",Naples,,international,Vilfredo Pareto High School,0,https://wagnerathletics.com/sports/wpolo/roster/2026
wp_1effe63f756c,Sarah,Potter,,680 Drivers Water Polo Club,5-7,67.0,,,water_polo,2025-26,2025,D1,Women,Northeast Conference,Wagner,Attacker,Attacker,Jr.,Jr,"Lafayette, CA",Lafayette,CA,domestic,Acalanes High School,0,https://wagnerathletics.com/sports/wpolo/roster/2026
wp_70ca89ad8c0b,Ella,Jacklin-Walker,,Aesa Prep Barcelona,5-6,66.0,,,water_polo,2025-26,2025,D1,Women,Northeast Conference,Wagner,Attacker,Attacker,Fr.,Fr,"Sydney, Australia",Sydney,,international,Domremy Catholic,0,https://wagnerathletics.com/sports/wpolo/roster/2026
wp_858b62b47ed1,Makayla,Ulmer-Lutudromu,,,5-5,65.0,,,water_polo,2025-26,2025,D1,Women,Northeast Conference,Wagner,Attacker,Attacker,Fr.,Fr,"Regina, Saskatchewan, Canada",Regina,,international,Martin Collegiate,0,https://wagnerathletics.com/sports/wpolo/roster/2026
wp_88ae744672e9,Alex,Hlohovsky Andrist,,Cal State East Bay,5-10,70.0,,,water_polo,2025-26,2025,D1,Women,Northeast Conference,Wagner,Utility,Utility,Jr.,Jr,"Estevan, Saskatchewan, Canada",Estevan,,international,Martin Collegiate,0,https://wagnerathletics.com/sports/wpolo/roster/2026
wp_60735e5e232c,Ana,Arias Pérez,,"Club Natación Madrid Moscardó, Madrid",5-7,67.0,,,water_polo,2025-26,2025,D1,Women,Northeast Conference,Wagner,Attacker,Attacker,Jr.,Jr,"Madrid, Spain",Madrid,,international,Colegi Closa,0,https://wagnerathletics.com/sports/wpolo/roster/2026
wp_53f2ce872e44,Talia,Ramsey,,,5-9,69.0,,,water_polo,2025-26,2025,D1,Women,Northeast Conference,Wagner,Attacker,Attacker,Fr.,Fr,"Wildwood, MO",Wildwood,MO,domestic,Lafayette High School,0,https://wagnerathletics.com/sports/wpolo/roster/2026
wp_bafc30fd4831,Madison,Watson,,,5-8,68.0,,,water_polo,2025-26,2025,D1,Women,Northeast Conference,Wagner,Center,Center,Fr.,Fr,"London, Ontario, Canada",London,,international,AB Lucas Secondary School,0,https://wagnerathletics.com/sports/wpolo/roster/2026
wp_4bd9fd7bdba9,Genevieve,Bland,,Mavericks Water Polo,5-6,66.0,,,water_polo,2025-26,2025,D1,Women,Northeast Conference,Wagner,Center,Center,Sr.,Sr,"Toronto, Ontario",Toronto,,international,North Toronto Collegiate,0,https://wagnerathletics.com/sports/wpolo/roster/2026
wp_8c4cc7a6ebdb,Emma,Friedlander,,,5-9,69.0,,,water_polo,2025-26,2025,D1,Women,Northeast Conference,Wagner,Attacker,Attacker,So.,So,"Mohnton, PA",Mohnton,PA,domestic,Governor Mifflin,0,https://wagnerathletics.com/sports/wpolo/roster/2026
wp_6e7022a87de4,Amelia,Dean,,,5-2,62.0,,,water_polo,2025-26,2025,D1,Women,Northeast Conference,Wagner,Attacker,Attacker,So.,So,"Chilliwack BC, Candada",Chilliwack BC,,international,,0,https://wagnerathletics.com/sports/wpolo/roster/2026
wp_5cc09f16dc79,Estel,Ramon Torrent,,,5-7,67.0,,,water_polo,2025-26,2025,D1,Women,Northeast Conference,Wagner,Utility,Utility,Fr.,Fr,"Barcelona, Spain",Barcelona,,international,Centre d'alt Rendiment Esportiu,0,https://wagnerathletics.com/sports/wpolo/roster/2026
wp_4c2a0c815344,Catherine,Mentz,,,5-6,66.0,,,water_polo,2025-26,2025,D1,Women,Northeast Conference,Wagner,Center,Center,Jr.,Jr,"Grook Brak Riveir, South Africa",Grook Brak Riveir,,international,Glenwood House College,0,https://wagnerathletics.com/sports/wpolo/roster/2026
wp_ae41ddb7b6cd,Sanne,Keijzer,,,,,,,water_polo,2025-26,2025,D1,Women,Big 12 Conference,Arizona St.,GK,Goalkeeper,Freshman,Fr,"Maassluis, Netherlands",Maassluis,,international,,0,https://thesundevils.com/sports/womens-water-polo/roster
wp_1617109fd23a,Keri,Glad,,,,,,,water_polo,2025-26,2025,D1,Women,Big 12 Conference,Arizona St.,GK,Goalkeeper,Sophomore,So,"West Linn, Ore.",West Linn,OR,domestic,,0,https://thesundevils.com/sports/womens-water-polo/roster
wp_677a526f4c41,Nioka,Thomas,,,,,,,water_polo,2025-26,2025,D1,Women,Big 12 Conference,Arizona St.,C,Center,Graduate Student,Gr,"Sydney, Australia",Sydney,,international,,0,https://thesundevils.com/sports/womens-water-polo/roster
wp_b94f9b5c3275,Laura,Kardos,,,,,,,water_polo,2025-26,2025,D1,Women,Big 12 Conference,Arizona St.,ATK,Other,Freshman,Fr,Hungary,Hungary,,international,,0,https://thesundevils.com/sports/womens-water-polo/roster
wp_9e6d851299cf,Camelia,Bouloukbachi,,,,,,,water_polo,2025-26,2025,D1,Women,Big 12 Conference,Arizona St.,UTL,Utility,Freshman,Fr,"Paris, France",Paris,,international,,0,https://thesundevils.com/sports/womens-water-polo/roster
wp_657c2e224aec,Margot,Chammas,,,,,,,water_polo,2025-26,2025,D1,Women,Big 12 Conference,Arizona St.,ATK,Other,Sophomore,So,"El Cajon, Calif.",El Cajon,CA,domestic,,0,https://thesundevils.com/sports/womens-water-polo/roster
wp_ab00f81bfd7e,Jasmijn,Dikmans,,,,,,,water_polo,2025-26,2025,D1,Women,Big 12 Conference,Arizona St.,ATK,Other,Junior,Jr,"Zwolle, Netherlands",Zwolle,,international,,0,https://thesundevils.com/sports/womens-water-polo/roster
wp_64d941eedef8,Leila,Meraz,,,,,,,water_polo,2025-26,2025,D1,Women,Big 12 Conference,Arizona St.,ATK,Other,Sophomore,So,"Davis, Calif.",Davis,CA,domestic,,0,https://thesundevils.com/sports/womens-water-polo/roster
wp_01c4154f3995,Millie,Quin,,,,,,,water_polo,2025-26,2025,D1,Women,Big 12 Conference,Arizona St.,ATK,Other,Senior,Sr,"Auckland, New Zealand",Auckland,,international,,0,https://thesundevils.com/sports/womens-water-polo/roster
wp_0c594f3b7308,Sophie,Shorter-Robinson,,,,,,,water_polo,2025-26,2025,D1,Women,Big 12 Conference,Arizona St.,C,Center,Senior,Sr,"Auckland, New Zealand",Auckland,,international,,0,https://thesundevils.com/sports/womens-water-polo/roster
wp_a5c8e1b9f99a,Itziar,Almeda,,,,,,,water_polo,2025-26,2025,D1,Women,Big 12 Conference,Arizona St.,ATK,Other,Sophomore,So,"Barcelona, Spain",Barcelona,,international,,0,https://thesundevils.com/sports/womens-water-polo/roster
wp_f7c0cabf840f,Kat,Featherstone,,,,,,,water_polo,2025-26,2025,D1,Women,Big 12 Conference,Arizona St.,ATK,Other,Junior,Jr,"Calgary, Canada",Calgary,,international,,0,https://thesundevils.com/sports/womens-water-polo/roster
wp_47e26d4a93fd,Hannah,McClaskey,,,,,,,water_polo,2025-26,2025,D1,Women,Big 12 Conference,Arizona St.,ATK,Other,Sophomore,So,"Ladera Ranch, Calif.",Ladera Ranch,CA,domestic,,0,https://thesundevils.com/sports/womens-water-polo/roster
wp_e5173083ad3c,Gabby,Gaetano,,,,,,,water_polo,2025-26,2025,D1,Women,Big 12 Conference,Arizona St.,ATK,Other,Junior,Jr,"Lake Forest, California",Lake Forest,CA,domestic,,0,https://thesundevils.com/sports/womens-water-polo/roster
wp_e70ac1fc1307,Jelena,Butic,,,,,,,water_polo,2025-26,2025,D1,Women,Big 12 Conference,Arizona St.,ATK,Other,Freshman,Fr,Croatia,Croatia,,international,,0,https://thesundevils.com/sports/womens-water-polo/roster
wp_1c35b08d593d,Sydney,Krushen,,,,,,,water_polo,2025-26,2025,D1,Women,Big 12 Conference,Arizona St.,2MD,Other,Freshman,Fr,"Regina, Saskatchewan - Canada",Regina,,international,,0,https://thesundevils.com/sports/womens-water-polo/roster
wp_aecfcb196c1b,Lulu,Gaetano,,,,,,,water_polo,2025-26,2025,D1,Women,Big 12 Conference,Arizona St.,C,Center,Freshman,Fr,"Lake Forest, California",Lake Forest,CA,domestic,,0,https://thesundevils.com/sports/womens-water-polo/roster
wp_162146a1b71b,Miya,Tirosh,,,,,,,water_polo,2025-26,2025,D1,Women,Big 12 Conference,Arizona St.,UTL,Utility,Freshman,Fr,Israel,Israel,,international,,0,https://thesundevils.com/sports/womens-water-polo/roster
wp_8226ef9d46da,Molly,Glad,,,,,,,water_polo,2025-26,2025,D1,Women,Big 12 Conference,Arizona St.,2MD,Other,Redshirt Senior,Sr,"West Linn, Ore.",West Linn,OR,domestic,,0,https://thesundevils.com/sports/womens-water-polo/roster
wp_1a9cda1fcfb5,Ashley,Ferguson,,,,,,,water_polo,2025-26,2025,D1,Women,Big 12 Conference,Arizona St.,UTIL,Other,Junior,Jr,"Pointe-Claire, Quebec, Canada",Pointe-Claire,,international,,0,https://thesundevils.com/sports/womens-water-polo/roster
wp_a0fff4d58a4e,Iris,Vreeling,,,,,,,water_polo,2025-26,2025,D1,Women,Big 12 Conference,Arizona St.,ATK,Other,Freshman,Fr,Netherlands,Netherlands,,international,,0,https://thesundevils.com/sports/womens-water-polo/roster
wp_602d63b188d2,Maci,Magee,,,,,,,water_polo,2025-26,2025,D1,Women,Big 12 Conference,Arizona St.,ATK,Other,Freshman,Fr,"Las Vegas, Nevada",Las Vegas,NV,domestic,,0,https://thesundevils.com/sports/womens-water-polo/roster
wp_b88bc524ba1a,Dominika,Kardos,,,,,,,water_polo,2025-26,2025,D1,Women,Big 12 Conference,Arizona St.,ATK,Other,Freshman,Fr,Hungary,Hungary,,international,,0,https://thesundevils.com/sports/womens-water-polo/roster
wp_34d25ee57d18,Olivia,Fernie,,,,,,,water_polo,2025-26,2025,D1,Women,Metro Atlantic Athletic Conference,Mount St. Mary's,GK,Goalkeeper,Jr.,Jr,"Sydney, Australia",Sydney,,international,Freshwater Senior Campus,0,https://mountathletics.com/sports/womens-water-polo/roster/2026
wp_650b8f6a0d6c,Daniella,Cervantes,,,,,,,water_polo,2025-26,2025,D1,Women,Metro Atlantic Athletic Conference,Mount St. Mary's,,UNK,Fr.,Fr,"San Antonio, Texas",San Antonio,TX,domestic,Brennan,0,https://mountathletics.com/sports/womens-water-polo/roster/2026
wp_da4420d4de58,Jenna,Bigelow,,San Joaquin Delta,,,,,water_polo,2025-26,2025,D1,Women,Metro Atlantic Athletic Conference,Mount St. Mary's,,UNK,Jr.,Jr,"Lodi, Calif.",Lodi,CA,domestic,Lodi,0,https://mountathletics.com/sports/womens-water-polo/roster/2026
wp_a43de2125dcf,Lotte,Schreurs,,,,,,,water_polo,2025-26,2025,D1,Women,Metro Atlantic Athletic Conference,Mount St. Mary's,,UNK,Fr.,Fr,"Markelo, Netherlands",Markelo,,international,,0,https://mountathletics.com/sports/womens-water-polo/roster/2026
wp_176f62c5798b,Anna,Kegel,,,5-5,65.0,,,water_polo,2025-26,2025,D1,Women,Metro Atlantic Athletic Conference,Mount St. Mary's,UT,Utility,Sr.,Sr,"Wexford, Pa.",Wexford,PA,domestic,North Allegheny,0,https://mountathletics.com/sports/womens-water-polo/roster/2026
wp_dcf4060448cd,Lucia,Redaelli,Political Science,Saint Francis (PA),,,,,water_polo,2025-26,2025,D1,Women,Metro Atlantic Athletic Conference,Mount St. Mary's,,UNK,So.,So,"Bologna, Emilia-Romagna",Bologna,,international,"Liceo, Malpighi",0,https://mountathletics.com/sports/womens-water-polo/roster/2026
wp_845ad424d215,Natalie,Marquiss,,,,,,,water_polo,2025-26,2025,D1,Women,Metro Atlantic Athletic Conference,Mount St. Mary's,CD,Other,Sr.,Sr,"Pittsburgh, PA",Pittsburgh,PA,domestic,North Allegheny,0,https://mountathletics.com/sports/womens-water-polo/roster/2026
wp_1d92cfab4f4a,Kailee,Viers,,,5-7,67.0,,,water_polo,2025-26,2025,D1,Women,Metro Atlantic Athletic Conference,Mount St. Mary's,UT/C,Multi,Jr.,Jr,"Mission Viejo, Calif.",Mission Viejo,CA,domestic,Trabuco Hills,0,https://mountathletics.com/sports/womens-water-polo/roster/2026
wp_7bee45d9e231,Abigail,Benavidez,,,5-6,66.0,,,water_polo,2025-26,2025,D1,Women,Metro Atlantic Athletic Conference,Mount St. Mary's,C/UT,Multi,Fr.,Fr,"Racho Murieta, Calif.",Racho Murieta,CA,domestic,St. Francis,0,https://mountathletics.com/sports/womens-water-polo/roster/2026
wp_ea4d815f4506,Laila,Holloway,,,,,,,water_polo,2025-26,2025,D1,Women,Metro Atlantic Athletic Conference,Mount St. Mary's,,UNK,Fr.,Fr,"Missouri City, Texas",Missouri City,TX,domestic,St. Agnes Academy,1,https://mountathletics.com/sports/womens-water-polo/roster/2026
wp_e596555b394c,Emily,Hatcher,,,5-8,68.0,,,water_polo,2025-26,2025,D1,Women,Metro Atlantic Athletic Conference,Mount St. Mary's,C,Center,Sr.,Sr,"Grapevine, Texas",Grapevine,TX,domestic,Carroll Senior,0,https://mountathletics.com/sports/womens-water-polo/roster/2026
wp_2c05309fba8f,Leilani,Horan,,,,,,,water_polo,2025-26,2025,D1,Women,Metro Atlantic Athletic Conference,Mount St. Mary's,C/CD,Center,So.,So,"Papamoa, New Zealand",Papamoa,,international,,0,https://mountathletics.com/sports/womens-water-polo/roster/2026
wp_5453d465f493,Breanna,Wood,Sports Management,,5-3,63.0,,,water_polo,2025-26,2025,D1,Women,Metro Atlantic Athletic Conference,Mount St. Mary's,UT,Utility,Jr.,Jr,"Deerfield Beach, Fla.",Deerfield Beach,FL,domestic,Saint Andrew's,0,https://mountathletics.com/sports/womens-water-polo/roster/2026
wp_ffe4f257a9ba,Kiele,Davidson,,,,,,,water_polo,2025-26,2025,D1,Women,Metro Atlantic Athletic Conference,Mount St. Mary's,,UNK,Fr.,Fr,"Flower Mound, Texas",Flower Mound,TX,domestic,Flower Mound,0,https://mountathletics.com/sports/womens-water-polo/roster/2026
wp_9212900ca782,Rylie,Johnson,,,,,,,water_polo,2025-26,2025,D1,Women,Metro Atlantic Athletic Conference,Mount St. Mary's,C/CD,Center,So.,So,"Davis, Calif.",Davis,CA,domestic,Davis HS,0,https://mountathletics.com/sports/womens-water-polo/roster/2026
wp_bfa4aa2cf32c,Claire,Gebhardt,Communications,Saint Francis (PA),,,,,water_polo,2025-26,2025,D1,Women,Metro Atlantic Athletic Conference,Mount St. Mary's,,UNK,So.,So,"Erie, PA",Erie,PA,domestic,McDowell,0,https://mountathletics.com/sports/womens-water-polo/roster/2026
wp_7a4e2cbf8a4f,Taylor,Wilson,,,5-8,68.0,,,water_polo,2025-26,2025,D1,Women,Metro Atlantic Athletic Conference,Mount St. Mary's,UT,Utility,Jr.,Jr,"Hudsonville, Mich.",Hudsonville,MI,domestic,Hudsonville,0,https://mountathletics.com/sports/womens-water-polo/roster/2026
wp_ace5eaebe244,Mandy,Lagerlof,,,,,,,water_polo,2025-26,2025,D1,Women,Mountain West Conference,San Diego St.,Goalkeeper,Goalkeeper,Senior,Sr,"Irvine, Calif.",Irvine,CA,domestic,Irvine High,0,https://web.archive.org/web/20260213222736/https://goaztecs.com/sports/water-polo/roster
wp_260df32dcb92,Tiaare,Ahovelo,,,,,,,water_polo,2025-26,2025,D1,Women,Mountain West Conference,San Diego St.,Goalkeeper,Goalkeeper,Senior,Sr,"Auckland, New Zealand",Auckland,,international,St. Cuthbert's College,0,https://web.archive.org/web/20260213222736/https://goaztecs.com/sports/water-polo/roster
wp_5d1058a997af,Kyla,Pranajaya,,,,,,,water_polo,2025-26,2025,D1,Women,Mountain West Conference,San Diego St.,Goalkeeper,Goalkeeper,Freshman,Fr,"Orange, Calif.",Orange,CA,domestic,Orange Lutheran High,0,https://web.archive.org/web/20260213222736/https://goaztecs.com/sports/water-polo/roster
wp_053bc8e72a87,Marie,Fehring,,,,,,,water_polo,2025-26,2025,D1,Women,Mountain West Conference,San Diego St.,Goalkeeper,Goalkeeper,Junior,Jr,"Novato, Calif.",Novato,CA,domestic,San Marin High,0,https://web.archive.org/web/20260213222736/https://goaztecs.com/sports/water-polo/roster
wp_8aac4a1786cd,Lucy,Bullock,,,,,,,water_polo,2025-26,2025,D1,Women,Mountain West Conference,San Diego St.,Defender,Other,Junior,Jr,"London, England",London,,international,Trinity School,0,https://web.archive.org/web/20260213222736/https://goaztecs.com/sports/water-polo/roster
wp_585ff8ee586d,Shannon,Murphy,,,,,,,water_polo,2025-26,2025,D1,Women,Mountain West Conference,San Diego St.,Attacker,Attacker,Senior,Sr,"Orinda, Calif.",Orinda,CA,domestic,Miramonte High,0,https://web.archive.org/web/20260213222736/https://goaztecs.com/sports/water-polo/roster
wp_3146e5c04c95,Delanney,Ewing,,,,,,,water_polo,2025-26,2025,D1,Women,Mountain West Conference,San Diego St.,Attacker,Attacker,Sophomore,So,"Anaheim, Calif.",Anaheim,CA,domestic,Canyon High,0,https://web.archive.org/web/20260213222736/https://goaztecs.com/sports/water-polo/roster
wp_53bfd93e6389,Sydney,Gish,,,,,,,water_polo,2025-26,2025,D1,Women,Mountain West Conference,San Diego St.,Attacker,Attacker,Senior,Sr,"Clovis, Calif.",Clovis,CA,domestic,Clovis West High,0,https://web.archive.org/web/20260213222736/https://goaztecs.com/sports/water-polo/roster
wp_5a3a4c2988b1,Poppy,Phillips,,,,,,,water_polo,2025-26,2025,D1,Women,Mountain West Conference,San Diego St.,Attacker,Attacker,Redshirt Freshman,Fr,"Melbourne, Australia",Melbourne,,international,Long Beach State,0,https://web.archive.org/web/20260213222736/https://goaztecs.com/sports/water-polo/roster
wp_e36b26a20e4b,Mimi,Stoupas,,,,,,,water_polo,2025-26,2025,D1,Women,Mountain West Conference,San Diego St.,Center,Center,Junior,Jr,"Melbourne, Australia",Melbourne,,international,Caulfield Grammar School,0,https://web.archive.org/web/20260213222736/https://goaztecs.com/sports/water-polo/roster
wp_83355e80f21c,Julianne,Stark,,,,,,,water_polo,2025-26,2025,D1,Women,Mountain West Conference,San Diego St.,Attacker,Attacker,Sophomore,So,"Danville, Calif.",Danville,CA,domestic,Monte Vista High,0,https://web.archive.org/web/20260213222736/https://goaztecs.com/sports/water-polo/roster
wp_69cbf0420b16,Hannah,Bell,,,,,,,water_polo,2025-26,2025,D1,Women,Mountain West Conference,San Diego St.,Center,Center,Senior,Sr,"Auckland, New Zealand",Auckland,,international,Diocesan School,0,https://web.archive.org/web/20260213222736/https://goaztecs.com/sports/water-polo/roster
wp_43c1e21043ef,Aiyana,Mendoza,,,,,,,water_polo,2025-26,2025,D1,Women,Mountain West Conference,San Diego St.,Utility,Utility,Senior,Sr,"Union City, Calif.",Union City,CA,domestic,James Logan High,0,https://web.archive.org/web/20260213222736/https://goaztecs.com/sports/water-polo/roster
wp_b170851eec7d,Claudia,Valdes,,,,,,,water_polo,2025-26,2025,D1,Women,Mountain West Conference,San Diego St.,Attacker,Attacker,Senior,Sr,"Madrid, Spain",Madrid,,international,IES Ortega y Gasset,0,https://web.archive.org/web/20260213222736/https://goaztecs.com/sports/water-polo/roster
wp_b8fa00e9119b,Makena,Macedo,,,,,,,water_polo,2025-26,2025,D1,Women,Mountain West Conference,San Diego St.,Utility,Utility,Junior,Jr,"Newport Beach, Calif.",Newport Beach,CA,domestic,Corona del Mar High,0,https://web.archive.org/web/20260213222736/https://goaztecs.com/sports/water-polo/roster
wp_85ccd76eeea3,Megan,Holcomb,,,,,,,water_polo,2025-26,2025,D1,Women,Mountain West Conference,San Diego St.,Utility,Utility,Senior,Sr,"La Verne, Calif.",La Verne,CA,domestic,s Priory High,0,https://web.archive.org/web/20260213222736/https://goaztecs.com/sports/water-polo/roster
wp_e447f7f13800,Sammi,Byers,,,,,,,water_polo,2025-26,2025,D1,Women,Mountain West Conference,San Diego St.,Attacker,Attacker,Junior,Jr,"Yucaipa, Calif.",Yucaipa,CA,domestic,Yucaipa High,0,https://web.archive.org/web/20260213222736/https://goaztecs.com/sports/water-polo/roster
wp_9ba05ff7423f,Ioanna,Petiki,,,,,,,water_polo,2025-26,2025,D1,Women,Mountain West Conference,San Diego St.,Attacker,Attacker,Freshman,Fr,"Stuttgart, Germany",Stuttgart,,international,Johann Friedrich Cotta School,0,https://web.archive.org/web/20260213222736/https://goaztecs.com/sports/water-polo/roster
wp_27a34f28a7fa,Anay,Smith,,,,,,,water_polo,2025-26,2025,D1,Women,Mountain West Conference,San Diego St.,Attacker,Attacker,Freshman,Fr,"Arroyo Grande, Calif.",Arroyo Grande,CA,domestic,Arroyo Grande High,0,https://web.archive.org/web/20260213222736/https://goaztecs.com/sports/water-polo/roster
wp_d03b0d68b42b,Natalia,Barrot,,,,,,,water_polo,2025-26,2025,D1,Women,Mountain West Conference,San Diego St.,Attacker,Attacker,Freshman,Fr,"Santa Ana, Calif.",Santa Ana,CA,domestic,Foothill HIgh,0,https://web.archive.org/web/20260213222736/https://goaztecs.com/sports/water-polo/roster
wp_f2ebab38baf7,Avery,Sullivan,,,,,,,water_polo,2025-26,2025,D1,Women,Mountain West Conference,San Diego St.,Defender,Other,Freshman,Fr,"Moraga, Calif.",Moraga,CA,domestic,Campolindo High,0,https://web.archive.org/web/20260213222736/https://goaztecs.com/sports/water-polo/roster
wp_f3772fa71fce,Mackenzie,Dollander,,,,,,,water_polo,2025-26,2025,D1,Women,Mountain West Conference,San Diego St.,Attacker,Attacker,Freshman,Fr,"Newport Beach, Calif.",Newport Beach,CA,domestic,Corona del Mar High,0,https://web.archive.org/web/20260213222736/https://goaztecs.com/sports/water-polo/roster
