athlete_id,first_name,last_name,sport,athletic_year,season,division,gender,conference,school,position_raw,position_group,class_year_raw,class_standing,hometown_raw,hometown_city,hometown_state,origin,high_school,high_school_is_academy,source_url
eq_39a10dc832e8,Avery,Adamson,equestrian,2025-26,2025-26,D1,Women,Big West Conference,UC Davis,Reining,Reining,So.,So,"Oklahoma City, OK",Oklahoma City,OK,domestic,Edmond Memorial HS '24,0,https://ucdavisaggies.com/sports/equestrian/roster/2025-26
eq_c1aa874ee11a,Maddie,Allen,equestrian,2025-26,2025-26,D1,Women,Big West Conference,UC Davis,Hunt Seat,Hunt Seat,Fr.,Fr,"Pleasant Hill, Calif.",Pleasant Hill,CA,domestic,,0,https://ucdavisaggies.com/sports/equestrian/roster/2025-26
eq_912546bf0b3c,Alethea,Bergad,equestrian,2025-26,2025-26,D1,Women,Big West Conference,UC Davis,Hunt Seat,Hunt Seat,Sr.,Sr,"Chester, NJ",Chester,NJ,domestic,West Morris Mendham '21,0,https://ucdavisaggies.com/sports/equestrian/roster/2025-26
eq_a041cce740be,Sophia,Blake,equestrian,2025-26,2025-26,D1,Women,Big West Conference,UC Davis,Hunt Seat,Hunt Seat,So.,So,"Santa Barbara, Calif.",Santa Barbara,CA,domestic,San Marcos High School,0,https://ucdavisaggies.com/sports/equestrian/roster/2025-26
eq_2f7f2971cf59,Addyson,Brown,equestrian,2025-26,2025-26,D1,Women,Big West Conference,UC Davis,Horsemanship,Horsemanship,Fr.,Fr,"Fennville, Mich.",Fennville,MI,domestic,,0,https://ucdavisaggies.com/sports/equestrian/roster/2025-26
eq_7de6b6194754,Alexa,Brown,equestrian,2025-26,2025-26,D1,Women,Big West Conference,UC Davis,Horsemanship,Horsemanship,So.,So,"Valley Center, Calif.",Valley Center,CA,domestic,Valley Center HS '24,0,https://ucdavisaggies.com/sports/equestrian/roster/2025-26
eq_897c149eb21b,Mya,Clader,equestrian,2025-26,2025-26,D1,Women,Big West Conference,UC Davis,Reining,Reining,Sr.,Sr,"Newcastle, Calif.",Newcastle,CA,domestic,,0,https://ucdavisaggies.com/sports/equestrian/roster/2025-26
eq_01c4bd929633,Aya,Clear,equestrian,2025-26,2025-26,D1,Women,Big West Conference,UC Davis,Hunt Seat,Hunt Seat,Sr.,Sr,"Piedmont, Calif.",Piedmont,CA,domestic,,0,https://ucdavisaggies.com/sports/equestrian/roster/2025-26
eq_5a3c3dd53d40,Sabine,Close,equestrian,2025-26,2025-26,D1,Women,Big West Conference,UC Davis,Hunt Seat,Hunt Seat,So.,So,"San Carlos, Calif.",San Carlos,CA,domestic,Laurel Springs '24,0,https://ucdavisaggies.com/sports/equestrian/roster/2025-26
eq_a03954db9891,Blair,Conlan,equestrian,2025-26,2025-26,D1,Women,Big West Conference,UC Davis,Hunt Seat,Hunt Seat,So.,So,"Portola Valley, Calif.",Portola Valley,CA,domestic,Woodside HS '24,0,https://ucdavisaggies.com/sports/equestrian/roster/2025-26
eq_bf01b3c11acf,Anna,Donovan,equestrian,2025-26,2025-26,D1,Women,Big West Conference,UC Davis,Hunt Seat,Hunt Seat,So.,So,"Greenwich, CT",Greenwich,CT,domestic,Greenwich HS '24,0,https://ucdavisaggies.com/sports/equestrian/roster/2025-26
eq_23430ce7829b,Katya,Dundas,equestrian,2025-26,2025-26,D1,Women,Big West Conference,UC Davis,Horsemanship Horsemanship,Horsemanship,Sr.,Sr,"Tustin, Calif.",Tustin,CA,domestic,Newport Christian,0,https://ucdavisaggies.com/sports/equestrian/roster/2025-26
eq_5238e6322710,Chloe,Fares,equestrian,2025-26,2025-26,D1,Women,Big West Conference,UC Davis,Hunt Seat,Hunt Seat,So.,So,"Bloomfield, CT",Bloomfield,CT,domestic,Ethel Walker School,0,https://ucdavisaggies.com/sports/equestrian/roster/2025-26
eq_7f84f32336cd,Madeleine,Gleason,equestrian,2025-26,2025-26,D1,Women,Big West Conference,UC Davis,Horsemanship,Horsemanship,Sr.,Sr,"Redwood City, Calif.",Redwood City,CA,domestic,Notre Dame Belmont,0,https://ucdavisaggies.com/sports/equestrian/roster/2025-26
eq_5c7cfb50e935,Carmen,Gonzalez,equestrian,2025-26,2025-26,D1,Women,Big West Conference,UC Davis,Hunt Seat,Hunt Seat,So.,So,"Santa Cruz, Calif.",Santa Cruz,CA,domestic,Monte Vista Christian,0,https://ucdavisaggies.com/sports/equestrian/roster/2025-26
eq_ccdf10a7ccf5,Lily,Grosz,equestrian,2025-26,2025-26,D1,Women,Big West Conference,UC Davis,Hunt Seat,Hunt Seat,Fr.,Fr,"Huntington Beach, Calif.",Huntington Beach,CA,domestic,,0,https://ucdavisaggies.com/sports/equestrian/roster/2025-26
eq_79b072d20348,Anisa,Hajibrahim,equestrian,2025-26,2025-26,D1,Women,Big West Conference,UC Davis,Hunt Seat Jump Seat,Hunt Seat,Jr.,Jr,"Monument, Colo.",Monument,CO,domestic,Palmer Ridge HS,0,https://ucdavisaggies.com/sports/equestrian/roster/2025-26
eq_5bc3a6a81ea9,Kyleigh,Heikes,equestrian,2025-26,2025-26,D1,Women,Big West Conference,UC Davis,Horsemanship,Horsemanship,Fr.,Fr,"Olathe, Kan.",Olathe,KS,domestic,,0,https://ucdavisaggies.com/sports/equestrian/roster/2025-26
eq_cfae9c00efd4,Ada,Hirschfeld,equestrian,2025-26,2025-26,D1,Women,Big West Conference,UC Davis,Reining,Reining,Sr.,Sr,"Kearney, Neb.",Kearney,NE,domestic,,0,https://ucdavisaggies.com/sports/equestrian/roster/2025-26
eq_9834c50d8f89,Laura,Kate Holliday,equestrian,2025-26,2025-26,D1,Women,Big West Conference,UC Davis,Horsemanship,Horsemanship,Jr.,Jr,"Carmichael, Calif.",Carmichael,CA,domestic,St. Francis Catholic,0,https://ucdavisaggies.com/sports/equestrian/roster/2025-26
eq_42bffd9d7881,Kristen,Hwang,equestrian,2025-26,2025-26,D1,Women,Big West Conference,UC Davis,Hunt Seat,Hunt Seat,So.,So,"Bellevue, Wash.",Bellevue,WA,domestic,The Overlake School,0,https://ucdavisaggies.com/sports/equestrian/roster/2025-26
eq_aa8034871fa1,Kylie,Jacobson,equestrian,2025-26,2025-26,D1,Women,Big West Conference,UC Davis,Horsemanship,Horsemanship,Jr.,Jr,"Fall City, Wash.",Fall City,WA,domestic,,0,https://ucdavisaggies.com/sports/equestrian/roster/2025-26
eq_938a5e6f37f4,Hannah,Janicki,equestrian,2025-26,2025-26,D1,Women,Big West Conference,UC Davis,Reining,Reining,Jr.,Jr,"Carmichael, Calif.",Carmichael,CA,domestic,,0,https://ucdavisaggies.com/sports/equestrian/roster/2025-26
eq_06f2d13eed94,Nicole,Jimenez,equestrian,2025-26,2025-26,D1,Women,Big West Conference,UC Davis,Horsemanship,Horsemanship,Jr.,Jr,"West Simsbury, Conn.",West Simsbury,CT,domestic,,0,https://ucdavisaggies.com/sports/equestrian/roster/2025-26
eq_476f350b977d,Lauren,Kolbe,equestrian,2025-26,2025-26,D1,Women,Big West Conference,UC Davis,Hunt Seat,Hunt Seat,Jr.,Jr,"Santa Rosa Valley, Calif.",Santa Rosa Valley,CA,domestic,Oak Park HS '23,0,https://ucdavisaggies.com/sports/equestrian/roster/2025-26
eq_99f6ff894407,Amanda,Paul,equestrian,2025-26,2025-26,D1,Women,Big West Conference,UC Davis,Hunt Seat,Hunt Seat,Fr.,Fr,"Menlo Park, Calif.",Menlo Park,CA,domestic,,0,https://ucdavisaggies.com/sports/equestrian/roster/2025-26
eq_a6407a779e51,Eliza,Plum,equestrian,2025-26,2025-26,D1,Women,Big West Conference,UC Davis,Horsemanship,Horsemanship,So.,So,"Lebanon, OH",Lebanon,OH,domestic,Cincinnati Hills Christian,0,https://ucdavisaggies.com/sports/equestrian/roster/2025-26
eq_5a1477ed203c,Lizzy,Schulz,equestrian,2025-26,2025-26,D1,Women,Big West Conference,UC Davis,Reining,Reining,Jr.,Jr,"Marietta, Ga.",Marietta,GA,domestic,Carlton J Kell High School,0,https://ucdavisaggies.com/sports/equestrian/roster/2025-26
eq_80539266ef2f,Nicole,Shroyer,equestrian,2025-26,2025-26,D1,Women,Big West Conference,UC Davis,Reining,Reining,Sr.,Sr,"Novato, Calif.",Novato,CA,domestic,San Marin HS,0,https://ucdavisaggies.com/sports/equestrian/roster/2025-26
eq_068d49adfba7,Cavan,Smith,equestrian,2025-26,2025-26,D1,Women,Big West Conference,UC Davis,Hunt Seat,Hunt Seat,Fr.,Fr,"Watsonville, Calif.",Watsonville,CA,domestic,,0,https://ucdavisaggies.com/sports/equestrian/roster/2025-26
eq_365214677d97,Zadie,Stack,equestrian,2025-26,2025-26,D1,Women,Big West Conference,UC Davis,Hunt Seat,Hunt Seat,So.,So,"Santa Cruz, Calif.",Santa Cruz,CA,domestic,,0,https://ucdavisaggies.com/sports/equestrian/roster/2025-26
eq_c342a26aa650,Lola,Sullivan,equestrian,2025-26,2025-26,D1,Women,Big West Conference,UC Davis,Hunt Seat,Hunt Seat,Jr.,Jr,"Portland, Ore.",Portland,OR,domestic,Lincoln HS '23,0,https://ucdavisaggies.com/sports/equestrian/roster/2025-26
eq_118433b7cf7a,Mylea,Trimble,equestrian,2025-26,2025-26,D1,Women,Big West Conference,UC Davis,Reining Reining,Reining,Jr.,Jr,"Exeter, Calif.",Exeter,CA,domestic,Exeter Union HS,0,https://ucdavisaggies.com/sports/equestrian/roster/2025-26
eq_6efdae824bc7,Emmanuelle,Bal,equestrian,2025-26,2025-26,D1,Women,Ivy League,Brown,Introductory,Other,So.,So,"Chicago, Ill.",Chicago,IL,domestic,Chicago Laboratory Schools,0,https://brownbears.com/sports/equestrian/roster/2025-26
eq_724229b71107,Isabella,Cope,equestrian,2025-26,2025-26,D1,Women,Ivy League,Brown,Intermediate,Other,Fr.,Fr,"Oklahoma City, Okla.",Oklahoma City,OK,domestic,,0,https://brownbears.com/sports/equestrian/roster/2025-26
eq_593dd5ef481e,Catalina,Coral,equestrian,2025-26,2025-26,D1,Women,Ivy League,Brown,Novice,Other,Sr.,Sr,"San Mateo, Calif.",San Mateo,CA,domestic,Aragon,0,https://brownbears.com/sports/equestrian/roster/2025-26
eq_4d91ff2a5d7b,Adelynne,Crisfield,equestrian,2025-26,2025-26,D1,Women,Ivy League,Brown,Limit,Other,So.,So,"Portsmouth, R.I.",Portsmouth,RI,domestic,Portsmouth,0,https://brownbears.com/sports/equestrian/roster/2025-26
eq_4fd7a76b2e72,Daria,Dolgonos,equestrian,2025-26,2025-26,D1,Women,Ivy League,Brown,Novice,Other,So.,So,"New York, N.Y.",New York,NY,domestic,Horace Mann School,0,https://brownbears.com/sports/equestrian/roster/2025-26
eq_68edbde2cbd2,Lottie,Doughty,equestrian,2025-26,2025-26,D1,Women,Ivy League,Brown,Pre-Novice,Other,Sr.,Sr,"Takoma Park, Md.",Takoma Park,MD,domestic,Montgomery Blair,0,https://brownbears.com/sports/equestrian/roster/2025-26
eq_b725190cca67,Sofia,Ene,equestrian,2025-26,2025-26,D1,Women,Ivy League,Brown,Limit,Other,So.,So,"Bucharest, Romania",Bucharest,,international,Avenor College,0,https://brownbears.com/sports/equestrian/roster/2025-26
eq_3e010320b195,Mimi,Gochman,equestrian,2025-26,2025-26,D1,Women,Ivy League,Brown,Open,Other,Jr.,Jr,"New York, N.Y.",New York,NY,domestic,Spence,0,https://brownbears.com/sports/equestrian/roster/2025-26
eq_10e44be8a8be,Elle,Graham,equestrian,2025-26,2025-26,D1,Women,Ivy League,Brown,"Limit Flat, Limit Fences",Multi,Fr.,Fr,"Glen Ridge, N.J.",Glen Ridge,NJ,domestic,Glen Ridge,0,https://brownbears.com/sports/equestrian/roster/2025-26
eq_47d150857318,Abigail,Grove,equestrian,2025-26,2025-26,D1,Women,Ivy League,Brown,Novice,Other,Sr.,Sr,"Alfred, N.Y.",Alfred,NY,domestic,Alfred-Almond,0,https://brownbears.com/sports/equestrian/roster/2025-26
eq_abec68880da5,Nyah,Guari Bhat,equestrian,2025-26,2025-26,D1,Women,Ivy League,Brown,"Limit Flat, Limit Fences",Multi,Fr.,Fr,"Mumbai, India",Mumbai,,international,The Cathedral and John Connon School,0,https://brownbears.com/sports/equestrian/roster/2025-26
eq_c7100bdc656f,Bridget,Hickton,equestrian,2025-26,2025-26,D1,Women,Ivy League,Brown,"Open Fences, Intermediate Flat",Multi,Jr.,Jr,"Pittsburgh, Pa.",Pittsburgh,PA,domestic,Laurel Springs,0,https://brownbears.com/sports/equestrian/roster/2025-26
eq_a6ef74d3288b,Angela,Jin,equestrian,2025-26,2025-26,D1,Women,Ivy League,Brown,Introductory,Other,Fr.,Fr,"Beijing, China",Beijing,,international,Beijing National Day School,0,https://brownbears.com/sports/equestrian/roster/2025-26
eq_fa15fdacce81,Kathryn,Joukovski,equestrian,2025-26,2025-26,D1,Women,Ivy League,Brown,Introductory,Other,Jr.,Jr,"Templeton, Calif.",Templeton,CA,domestic,Stanford Online,0,https://brownbears.com/sports/equestrian/roster/2025-26
eq_38746f82e86a,Lana,Khalidi,equestrian,2025-26,2025-26,D1,Women,Ivy League,Brown,Limit,Other,So.,So,"Dubai, UAE",Dubai,,international,NAS Dubai,0,https://brownbears.com/sports/equestrian/roster/2025-26
eq_160cc862e2b2,Diqiu,Liu,equestrian,2025-26,2025-26,D1,Women,Ivy League,Brown,Introductory,Other,Jr.,Jr,"Beijing, China",Beijing,,international,of the Experimental,0,https://brownbears.com/sports/equestrian/roster/2025-26
eq_fc7312b6dc81,Ashley,Luo,equestrian,2025-26,2025-26,D1,Women,Ivy League,Brown,Pre-Novice,Other,So.,So,,,,unknown,,0,https://brownbears.com/sports/equestrian/roster/2025-26
eq_2999f8cc3937,Lauryn,Mills,equestrian,2025-26,2025-26,D1,Women,Ivy League,Brown,Introductory,Other,Sr.,Sr,"Annandale, Va.",Annandale,VA,domestic,Annandale,0,https://brownbears.com/sports/equestrian/roster/2025-26
eq_8eb85d1e31d6,Lanyi,Stroud,equestrian,2025-26,2025-26,D1,Women,Ivy League,Brown,Introductory,Other,So.,So,"Arlington, Va.",Arlington,VA,domestic,Yorktown,0,https://brownbears.com/sports/equestrian/roster/2025-26
eq_fe5365858cc5,Micaela,Winthrop,equestrian,2025-26,2025-26,D1,Women,Ivy League,Brown,"Intermediate Fences, Limit Flat",Multi,Fr.,Fr,"Marin County, Calif.",Marin County,CA,domestic,The Urban School,0,https://brownbears.com/sports/equestrian/roster/2025-26
eq_0f8c118f68d4,Jenny,You,equestrian,2025-26,2025-26,D1,Women,Ivy League,Brown,Pre-Novice,Other,So.,So,"Rockville, Maryland",Rockville,MD,domestic,Montgomery Blair,0,https://brownbears.com/sports/equestrian/roster/2025-26
eq_6f6b7a25cd36,Halle,Avratin,equestrian,2025-26,2025-26,D1,Women,Ivy League,Cornell,Intermediate Fences,Fences,Sr.,Sr,"Orchard Park, N.Y.",Orchard Park,NY,domestic,Orchard Park High School,0,https://cornellbigred.com/sports/equestrian/roster/2025-26
eq_e514dac3fa95,Estelle,Azurin,equestrian,2025-26,2025-26,D1,Women,Ivy League,Cornell,Limit Flat/Limit Fences,Multi,So.,So,"Orchard Park, N.Y.",Orchard Park,NY,domestic,Orchard Park High School,0,https://cornellbigred.com/sports/equestrian/roster/2025-26
eq_3d443e3a3808,Clara,Beck,equestrian,2025-26,2025-26,D1,Women,Ivy League,Cornell,Intermediate Fences,Fences,Sr.,Sr,"Titusville, Pa.",Titusville,PA,domestic,Venango Catholic,0,https://cornellbigred.com/sports/equestrian/roster/2025-26
eq_bbf3488569cd,Milla,Berg,equestrian,2025-26,2025-26,D1,Women,Ivy League,Cornell,Novice,Other,Jr.,Jr,"Beacon, N.Y.",Beacon,NY,domestic,,0,https://cornellbigred.com/sports/equestrian/roster/2025-26
eq_52b6534ee25a,Alexa,Carey,equestrian,2025-26,2025-26,D1,Women,Ivy League,Cornell,Pre-Novice,Other,So.,So,"Los Altos Hills, Calif.",Los Altos Hills,CA,domestic,Crystal Springs Uplands School,0,https://cornellbigred.com/sports/equestrian/roster/2025-26
eq_68a3fa11de80,Taylor,Carpentieri,equestrian,2025-26,2025-26,D1,Women,Ivy League,Cornell,,UNK,Fr.,Fr,,,,unknown,,0,https://cornellbigred.com/sports/equestrian/roster/2025-26
eq_cae2dd2d2b9c,Emerson,Cassidy,equestrian,2025-26,2025-26,D1,Women,Ivy League,Cornell,Intermediate Fences/Limit Flat,Multi,So.,So,"New York, N.Y.",New York,NY,domestic,Riverdale Country School,0,https://cornellbigred.com/sports/equestrian/roster/2025-26
eq_4e004caa6f9d,Isabella,Colangelo,equestrian,2025-26,2025-26,D1,Women,Ivy League,Cornell,Novice,Other,So.,So,"New Bedford, Mass.",New Bedford,MA,domestic,New Bedford HS,0,https://cornellbigred.com/sports/equestrian/roster/2025-26
eq_590e755bf196,Uma,Comfort,equestrian,2025-26,2025-26,D1,Women,Ivy League,Cornell,Pre-Novice,Other,Sr.,Sr,"Bridgehampton, N.Y.",Bridgehampton,NY,domestic,Bridgehampton HS,0,https://cornellbigred.com/sports/equestrian/roster/2025-26
eq_cea9b97e71b9,Arlene,Cortez,equestrian,2025-26,2025-26,D1,Women,Ivy League,Cornell,Introductory,Other,5th,Gr,"Santa Ana, Calif.",Santa Ana,CA,domestic,Santa Ana High School,0,https://cornellbigred.com/sports/equestrian/roster/2025-26
eq_363d23231cbb,Savannah,Fasner,equestrian,2025-26,2025-26,D1,Women,Ivy League,Cornell,Limit Flat/Limit Fences,Multi,Fr.,Fr,"Smithtown, N.Y.",Smithtown,NY,domestic,Hauppauge HS,0,https://cornellbigred.com/sports/equestrian/roster/2025-26
eq_e475fbec90ef,Natalie,Ferguson,equestrian,2025-26,2025-26,D1,Women,Ivy League,Cornell,Limit Flat/Limit Fences,Multi,Sr.,Sr,"Richmond, Va.",Richmond,VA,domestic,Glen Allen High School,0,https://cornellbigred.com/sports/equestrian/roster/2025-26
eq_1a356fc8f6f2,Arabella,Ferris,equestrian,2025-26,2025-26,D1,Women,Ivy League,Cornell,Limit Flat/Limit Fences,Multi,Fr.,Fr,"Syracuse, N.Y.",Syracuse,NY,domestic,Manlius Pebble HS,0,https://cornellbigred.com/sports/equestrian/roster/2025-26
eq_680e2459b1cd,Amelia,Gallagher,equestrian,2025-26,2025-26,D1,Women,Ivy League,Cornell,Limit Flat/Limit Fences,Multi,Fr.,Fr,"St. Augustine, Fla.",St. Augustine,FL,domestic,Tocoi Creek HS,0,https://cornellbigred.com/sports/equestrian/roster/2025-26
eq_aba3ddc42904,Riley,Gerardo,equestrian,2025-26,2025-26,D1,Women,Ivy League,Cornell,Open Flat/Open Fences,Multi,Sr.,Sr,"State College, Pa.",State College,PA,domestic,State College Area High School,0,https://cornellbigred.com/sports/equestrian/roster/2025-26
eq_ab12f5de9981,Evelyn,Gurvich,equestrian,2025-26,2025-26,D1,Women,Ivy League,Cornell,Limit Flat/Limit Fences,Multi,Sr.,Sr,"Brooklyn, N.Y.",Brooklyn,NY,domestic,,0,https://cornellbigred.com/sports/equestrian/roster/2025-26
eq_011792161cc0,Grace,Kilarjian,equestrian,2025-26,2025-26,D1,Women,Ivy League,Cornell,Introductory,Other,So.,So,"Rockville Centre, N.Y.",Rockville Centre,NY,domestic,South side HS,0,https://cornellbigred.com/sports/equestrian/roster/2025-26
eq_52bf29b7f657,Sunny,Liu,equestrian,2025-26,2025-26,D1,Women,Ivy League,Cornell,Limit Flat/Limit Fences,Multi,Jr.,Jr,"Walnut, Calif.",Walnut,CA,domestic,Walnut High School,0,https://cornellbigred.com/sports/equestrian/roster/2025-26
eq_d336e6411339,Gabrielle,Maggio,equestrian,2025-26,2025-26,D1,Women,Ivy League,Cornell,,UNK,Fr.,Fr,,,,unknown,,0,https://cornellbigred.com/sports/equestrian/roster/2025-26
eq_60b2b0d2b6ca,Sydney,Mallow,equestrian,2025-26,2025-26,D1,Women,Ivy League,Cornell,Pre-Novice,Other,Fr.,Fr,"New City, N.Y.",New City,NY,domestic,Dwight-Englewood,0,https://cornellbigred.com/sports/equestrian/roster/2025-26
eq_43a4172672c9,Erin,Morera,equestrian,2025-26,2025-26,D1,Women,Ivy League,Cornell,Open Flat,Flat,So.,So,"Greenwich, Conn.",Greenwich,CT,domestic,Greenwich Academy,1,https://cornellbigred.com/sports/equestrian/roster/2025-26
eq_c70d80476214,Alexis,Musselman,equestrian,2025-26,2025-26,D1,Women,Ivy League,Cornell,Novice,Other,Jr.,Jr,"Purcellville, Va.",Purcellville,VA,domestic,Woodgrove HS,0,https://cornellbigred.com/sports/equestrian/roster/2025-26
eq_1a5e756f5b62,Sara,Ortiz Vey,equestrian,2025-26,2025-26,D1,Women,Ivy League,Cornell,Introductory,Other,So.,So,"Miami, Fla.",Miami,FL,domestic,US Performace Academy,1,https://cornellbigred.com/sports/equestrian/roster/2025-26
eq_dabc17189b84,Catie,O'Shea,equestrian,2025-26,2025-26,D1,Women,Ivy League,Cornell,Introductory,Other,Jr.,Jr,"McLean, Va.",McLean,VA,domestic,Sidwell Friends School,0,https://cornellbigred.com/sports/equestrian/roster/2025-26
eq_65dca97d06c6,Allison,Claire Rice,equestrian,2025-26,2025-26,D1,Women,Ivy League,Cornell,Intermediate Fences/Intermediate Flat,Multi,Fr.,Fr,"Port Charlotte, Fla.",Port Charlotte,FL,domestic,The Out-of-Door Academy,1,https://cornellbigred.com/sports/equestrian/roster/2025-26
eq_631033cf3557,Alesandrea,Rodriguez,equestrian,2025-26,2025-26,D1,Women,Ivy League,Cornell,,UNK,Jr.,Jr,"Middletown, N.Y.",Middletown,NY,domestic,Middletown High School,0,https://cornellbigred.com/sports/equestrian/roster/2025-26
eq_aa9efcd05392,Jillian,Ryan,equestrian,2025-26,2025-26,D1,Women,Ivy League,Cornell,Limit Flat/Limit Fences,Multi,Jr.,Jr,"East Moriches, N.Y.",East Moriches,NY,domestic,Center Moriches High School,0,https://cornellbigred.com/sports/equestrian/roster/2025-26
eq_99ae94e99b75,Madelyn,Samtani,equestrian,2025-26,2025-26,D1,Women,Ivy League,Cornell,,UNK,Jr.,Jr,,,,unknown,,0,https://cornellbigred.com/sports/equestrian/roster/2025-26
eq_eb6efcd7094b,Janice,Shen,equestrian,2025-26,2025-26,D1,Women,Ivy League,Cornell,Pre-Novice,Other,Jr.,Jr,"Hong Kong, China",Hong Kong,,international,Hong Kong International School,0,https://cornellbigred.com/sports/equestrian/roster/2025-26
eq_633c680feac5,Jianna,Simcik,equestrian,2025-26,2025-26,D1,Women,Ivy League,Cornell,Open Flat/Open Fences,Multi,Sr.,Sr,"Taneytown, Md.",Taneytown,MD,domestic,Garrison Forest School,0,https://cornellbigred.com/sports/equestrian/roster/2025-26
eq_71733fa03897,Lilian,Skillern,equestrian,2025-26,2025-26,D1,Women,Ivy League,Cornell,Limit Flat,Flat,So.,So,"Lake Oswego, Ore.",Lake Oswego,OR,domestic,Lakeridge HS,0,https://cornellbigred.com/sports/equestrian/roster/2025-26
eq_c21059fd6710,Quinn,Turner Carroll,equestrian,2025-26,2025-26,D1,Women,Ivy League,Cornell,Pre-Novice,Other,Fr.,Fr,"Chicago, Ill.",Chicago,IL,domestic,Walter Payton College Prep,1,https://cornellbigred.com/sports/equestrian/roster/2025-26
eq_a2ec6a80f76c,Charlotte,Warmington,equestrian,2025-26,2025-26,D1,Women,Ivy League,Cornell,,UNK,Fr.,Fr,"Newport Beach, Calif.",Newport Beach,CA,domestic,Newport Harbor HS,0,https://cornellbigred.com/sports/equestrian/roster/2025-26
eq_05472a0a96e3,Daria,Yushchenko,equestrian,2025-26,2025-26,D1,Women,Ivy League,Cornell,intermediate,Other,Jr.,Jr,"Kyiv, Ukraine",Kyiv,,international,Ardrey Kell HS,0,https://cornellbigred.com/sports/equestrian/roster/2025-26
eq_b6d2b967449f,Samantha,Aisenberg,equestrian,2025-26,2025-26,D1,Women,Coastal Athletic Association,Col. of Charleston,NCEA,Other,So.,So,"Midlothian, Va.",Midlothian,VA,domestic,South Dakota State,0,https://cofcsports.com/sports/equestrian/roster/2025-26
eq_ded5dba9e41c,Maggie,Armes,equestrian,2025-26,2025-26,D1,Women,Coastal Athletic Association,Col. of Charleston,IHSA,Other,Sr.,Sr,"Beaufort, S.C.",Beaufort,SC,domestic,Battery Creek High School,0,https://cofcsports.com/sports/equestrian/roster/2025-26
eq_67b2c18f7b0b,Camryn,Bell,equestrian,2025-26,2025-26,D1,Women,Coastal Athletic Association,Col. of Charleston,IHSA,Other,Fr.,Fr,"Beaufort, S.C.",Beaufort,SC,domestic,Beaufort High School,0,https://cofcsports.com/sports/equestrian/roster/2025-26
eq_3316e0c4b690,Lucia,Bellafiore,equestrian,2025-26,2025-26,D1,Women,Coastal Athletic Association,Col. of Charleston,IHSA,Other,So.,So,"Huntingtown, Md.",Huntingtown,MD,domestic,Huntingtown High School,0,https://cofcsports.com/sports/equestrian/roster/2025-26
eq_6d2d9f4e580d,Michelle,Ben-Hayun,equestrian,2025-26,2025-26,D1,Women,Coastal Athletic Association,Col. of Charleston,IHSA,Other,Jr.,Jr,,,,unknown,,0,https://cofcsports.com/sports/equestrian/roster/2025-26
eq_e48fd99648e5,Clara,Bowman,equestrian,2025-26,2025-26,D1,Women,Coastal Athletic Association,Col. of Charleston,IHSA Is Captain (C),Other,So.,So,"Charleston, S.C.",Charleston,SC,domestic,West Ashley High School,0,https://cofcsports.com/sports/equestrian/roster/2025-26
eq_980e4d43afdd,Sydney,Callagy,equestrian,2025-26,2025-26,D1,Women,Coastal Athletic Association,Col. of Charleston,NCEA,Other,Sr.,Sr,"Virginia Beach, Va.",Virginia Beach,VA,domestic,Frank W Cox High School,0,https://cofcsports.com/sports/equestrian/roster/2025-26
eq_36ffbba9bdb2,Maddi,Cardelli,equestrian,2025-26,2025-26,D1,Women,Coastal Athletic Association,Col. of Charleston,NCEA Is Captain (C),Other,Sr.,Sr,"Hawthorn Woods, Ill.",Hawthorn Woods,IL,domestic,Adlai E Stevenson High School,0,https://cofcsports.com/sports/equestrian/roster/2025-26
eq_154811253f01,Ella,Collins,equestrian,2025-26,2025-26,D1,Women,Coastal Athletic Association,Col. of Charleston,NCEA,Other,So.,So,"Fort Mill, S.C.",Fort Mill,SC,domestic,Fort Mill High School,0,https://cofcsports.com/sports/equestrian/roster/2025-26
eq_d6c823534bdc,Samantha,Elliott,equestrian,2025-26,2025-26,D1,Women,Coastal Athletic Association,Col. of Charleston,NCEA,Other,So.,So,"Winston Salem, N.C.",Winston Salem,NC,domestic,Mount Tabor High School,0,https://cofcsports.com/sports/equestrian/roster/2025-26
eq_d64fdf5675c5,Gillian,Folk,equestrian,2025-26,2025-26,D1,Women,Coastal Athletic Association,Col. of Charleston,IHSA,Other,So.,So,"Argyle, Texas",Argyle,TX,domestic,Liberty Christian,0,https://cofcsports.com/sports/equestrian/roster/2025-26
eq_e378671cad3d,Sally,Greene,equestrian,2025-26,2025-26,D1,Women,Coastal Athletic Association,Col. of Charleston,IHSA,Other,So.,So,"Annapolis, MD.",Annapolis,MD,domestic,Indian Creek School,0,https://cofcsports.com/sports/equestrian/roster/2025-26
eq_5b5a475a361b,Emma,Heatherton,equestrian,2025-26,2025-26,D1,Women,Coastal Athletic Association,Col. of Charleston,IHSA,Other,So.,So,"Rumford, Rhode Island",Rumford,RI,domestic,East Providence High School,0,https://cofcsports.com/sports/equestrian/roster/2025-26
eq_d895cdcde3c0,Victoria,Holtz,equestrian,2025-26,2025-26,D1,Women,Coastal Athletic Association,Col. of Charleston,IHSA,Other,Jr.,Jr,"Radnor, Pa.",Radnor,PA,domestic,Radnor,0,https://cofcsports.com/sports/equestrian/roster/2025-26
eq_1b4932d6844d,Langston,Hopkins,equestrian,2025-26,2025-26,D1,Women,Coastal Athletic Association,Col. of Charleston,IHSA,Other,Jr.,Jr,"Cary, N.C.",Cary,NC,domestic,Needham Broughton High School,0,https://cofcsports.com/sports/equestrian/roster/2025-26
eq_b97e3ab59e2c,Alex,Koscelnik,equestrian,2025-26,2025-26,D1,Women,Coastal Athletic Association,Col. of Charleston,IHSA,Other,So.,So,"Kensington, Maryland",Kensington,MD,domestic,Walter Johnson High School,0,https://cofcsports.com/sports/equestrian/roster/2025-26
eq_9c22c03ef564,Lily,Kress-Davies,equestrian,2025-26,2025-26,D1,Women,Coastal Athletic Association,Col. of Charleston,IHSA,Other,Fr.,Fr,"Wilton, South Carolina",Wilton,SC,domestic,Weston High School,0,https://cofcsports.com/sports/equestrian/roster/2025-26
eq_5c0c42a3e16b,Mikaela,Leandrou,equestrian,2025-26,2025-26,D1,Women,Coastal Athletic Association,Col. of Charleston,IHSA,Other,Jr.,Jr,,,,unknown,,0,https://cofcsports.com/sports/equestrian/roster/2025-26
eq_127fe80354a8,Olivia,Lonneman,equestrian,2025-26,2025-26,D1,Women,Coastal Athletic Association,Col. of Charleston,NCEA Is Captain (C),Other,Sr.,Sr,"Mt. Pleasant, South Carolina",Mt. Pleasant,SC,domestic,Oceanside Collegiate,0,https://cofcsports.com/sports/equestrian/roster/2025-26
eq_7c61622b197d,Meredith,Miramonti,equestrian,2025-26,2025-26,D1,Women,Coastal Athletic Association,Col. of Charleston,IHSA,Other,So.,So,"Columbia, S.C.",Columbia,SC,domestic,Dreher High School,0,https://cofcsports.com/sports/equestrian/roster/2025-26
eq_7cd17f6d8891,Alexa,Mordas,equestrian,2025-26,2025-26,D1,Women,Coastal Athletic Association,Col. of Charleston,IHSA,Other,So.,So,"Wellesley, Mass.",Wellesley,MA,domestic,The Rivers School,0,https://cofcsports.com/sports/equestrian/roster/2025-26
eq_87391a5e7b77,Camilla,Murray,equestrian,2025-26,2025-26,D1,Women,Coastal Athletic Association,Col. of Charleston,NCEA,Other,Jr.,Jr,"Dartmouth, Mass.",Dartmouth,MA,domestic,Dartmouth High School,0,https://cofcsports.com/sports/equestrian/roster/2025-26
eq_25ffc0e52bb4,Kenda,Murray,equestrian,2025-26,2025-26,D1,Women,Coastal Athletic Association,Col. of Charleston,NCEA,Other,So.,So,"Vancouver, British Columbia",Vancouver,,international,Handsworth Secondary,0,https://cofcsports.com/sports/equestrian/roster/2025-26
eq_3175bf1d8dc6,Ella,Muschlitz,equestrian,2025-26,2025-26,D1,Women,Coastal Athletic Association,Col. of Charleston,IHSA Is Captain (C),Other,Jr.,Jr,"Lusby, MD",Lusby,MD,domestic,Patuxent High School,0,https://cofcsports.com/sports/equestrian/roster/2025-26
eq_9781f45dffaa,Abby,Oehlmann,equestrian,2025-26,2025-26,D1,Women,Coastal Athletic Association,Col. of Charleston,IHSA,Other,Fr.,Fr,"Brielle, New Jersey",Brielle,NJ,domestic,Communications High School,0,https://cofcsports.com/sports/equestrian/roster/2025-26
eq_093b9c705ee5,Kayla,Petrovich,equestrian,2025-26,2025-26,D1,Women,Coastal Athletic Association,Col. of Charleston,IHSA,Other,Jr.,Jr,"Berthoud, Colorado",Berthoud,CO,domestic,Berthoud High School,0,https://cofcsports.com/sports/equestrian/roster/2025-26
eq_c2d168f36543,Lainie,Rubin,equestrian,2025-26,2025-26,D1,Women,Coastal Athletic Association,Col. of Charleston,NCEA,Other,Jr.,Jr,"Columbia, S.C.",Columbia,SC,domestic,Dreher High School,0,https://cofcsports.com/sports/equestrian/roster/2025-26
eq_d0d161ee4b85,Cece,Tamburini,equestrian,2025-26,2025-26,D1,Women,Coastal Athletic Association,Col. of Charleston,IHSA,Other,Fr.,Fr,"East Greenwich, Rhode Island",East Greenwich,RI,domestic,Rocky Hill Country Day School,0,https://cofcsports.com/sports/equestrian/roster/2025-26
eq_cbe544162ef8,Emma,Tester,equestrian,2025-26,2025-26,D1,Women,Coastal Athletic Association,Col. of Charleston,IHSA,Other,So.,So,"Cape May, N.J.",Cape May,NJ,domestic,Lower Cape May Regional,0,https://cofcsports.com/sports/equestrian/roster/2025-26
eq_aaa228cbfe53,Olivia,Welsh,equestrian,2025-26,2025-26,D1,Women,Coastal Athletic Association,Col. of Charleston,NCEA Is Captain (C),Other,Sr.,Sr,"Barrington, Ill.",Barrington,IL,domestic,Elgin Academy,1,https://cofcsports.com/sports/equestrian/roster/2025-26
eq_e9e6c076fa74,Lily,Wilson,equestrian,2025-26,2025-26,D1,Women,Coastal Athletic Association,Col. of Charleston,IHSA,Other,Fr.,Fr,"Parker, Colo.",Parker,CO,domestic,ICL Academy,1,https://cofcsports.com/sports/equestrian/roster/2025-26
eq_dc3af3a04423,Addisyn,Albers,equestrian,2025-26,2025-26,D1,Women,Big 12 Conference,Baylor,W,Other,Jr.,Jr,"Wisner, Neb.",Wisner,NE,domestic,Wisner-Pilger HS,0,https://baylorbears.com/sports/equestrian/roster/2025-26
eq_be04b048de89,Lucia,Ament,equestrian,2025-26,2025-26,D1,Women,Big 12 Conference,Baylor,JS,Other,Sr.,Sr,"Orono, Minn.",Orono,MN,domestic,Benilde-St. Margaret's HS,0,https://baylorbears.com/sports/equestrian/roster/2025-26
eq_2a2abd4ece8d,Lilly,Anthes,equestrian,2025-26,2025-26,D1,Women,Big 12 Conference,Baylor,JS,Other,Sr.,Sr,"Grand Haven, Mich.",Grand Haven,MI,domestic,Grand Haven HS,0,https://baylorbears.com/sports/equestrian/roster/2025-26
eq_cf69f6982c6f,Lila,Badham,equestrian,2025-26,2025-26,D1,Women,Big 12 Conference,Baylor,JS,Other,Fr.,Fr,"Honolulu, Hawaii",Honolulu,HI,domestic,,0,https://baylorbears.com/sports/equestrian/roster/2025-26
eq_c1fc2a9cc2e0,Sofia,Barquin,equestrian,2025-26,2025-26,D1,Women,Big 12 Conference,Baylor,JS,Other,Fr.,Fr,"Alpharetta, Ga.",Alpharetta,GA,domestic,,0,https://baylorbears.com/sports/equestrian/roster/2025-26
eq_7437421ccd8f,Kaydee,Bennett,equestrian,2025-26,2025-26,D1,Women,Big 12 Conference,Baylor,W,Other,Sr.,Sr,"Perry, Iowa",Perry,IA,domestic,Woodward-Granger HS,0,https://baylorbears.com/sports/equestrian/roster/2025-26
eq_641e25cc5612,Chloe,Cannon,equestrian,2025-26,2025-26,D1,Women,Big 12 Conference,Baylor,W,Other,Fr.,Fr,"Driftwood, Texas",Driftwood,TX,domestic,,0,https://baylorbears.com/sports/equestrian/roster/2025-26
eq_14327109cd1c,Daniela,Carvajal,equestrian,2025-26,2025-26,D1,Women,Big 12 Conference,Baylor,JS,Other,So.,So,"Sagamore Beach, Mass.",Sagamore Beach,MA,domestic,Falmouth Academy,1,https://baylorbears.com/sports/equestrian/roster/2025-26
eq_c606f36a8b99,Mia,Chimenti,equestrian,2025-26,2025-26,D1,Women,Big 12 Conference,Baylor,JS,Other,Sr.,Sr,"Far Hills, N.J.",Far Hills,NJ,domestic,Kent Place School,0,https://baylorbears.com/sports/equestrian/roster/2025-26
eq_60f14815aa1a,Emma,Covarrubias,equestrian,2025-26,2025-26,D1,Women,Big 12 Conference,Baylor,JS,Other,Sr.,Sr,"Eldora, N.J.",Eldora,NJ,domestic,Middle Township HS,0,https://baylorbears.com/sports/equestrian/roster/2025-26
eq_8021edb08f0d,Allison,Dodds,equestrian,2025-26,2025-26,D1,Women,Big 12 Conference,Baylor,JS,Other,Fr.,Fr,"Wimberley, Texas",Wimberley,TX,domestic,Wimberley HS,0,https://baylorbears.com/sports/equestrian/roster/2025-26
eq_5721a3be347b,Juliette,Earley,equestrian,2025-26,2025-26,D1,Women,Big 12 Conference,Baylor,JS,Other,Jr.,Jr,"Wellesley, Mass.",Wellesley,MA,domestic,Montrose School,0,https://baylorbears.com/sports/equestrian/roster/2025-26
eq_2387820e0780,Taylor,Eller,equestrian,2025-26,2025-26,D1,Women,Big 12 Conference,Baylor,W,Other,Fr.,Fr,"Krum, Texas",Krum,TX,domestic,Valley View HS,0,https://baylorbears.com/sports/equestrian/roster/2025-26
eq_1e81e36280fa,Nicole,Golia,equestrian,2025-26,2025-26,D1,Women,Big 12 Conference,Baylor,JS,Other,Jr.,Jr,"Lloyd Harbor, N.Y.",Lloyd Harbor,NY,domestic,Palm Beach International Academy,1,https://baylorbears.com/sports/equestrian/roster/2025-26
eq_829d40e104c6,Lenzi,Halling,equestrian,2025-26,2025-26,D1,Women,Big 12 Conference,Baylor,W,Other,Fr.,Fr,"College Station, Texas",College Station,TX,domestic,College Station HS,0,https://baylorbears.com/sports/equestrian/roster/2025-26
eq_aff8d9825bf3,Bella,Hehr,equestrian,2025-26,2025-26,D1,Women,Big 12 Conference,Baylor,W,Other,5th,Gr,"Hollywood, S.C.",Hollywood,SC,domestic,Liberty University Online Academy,1,https://baylorbears.com/sports/equestrian/roster/2025-26
eq_be8aa2134d72,Isabelle,Hildebrandt,equestrian,2025-26,2025-26,D1,Women,Big 12 Conference,Baylor,W,Other,So.,So,"Pearland, Texas",Pearland,TX,domestic,Glenda Dawson HS,0,https://baylorbears.com/sports/equestrian/roster/2025-26
eq_3945e5787e5e,Olive,Holm,equestrian,2025-26,2025-26,D1,Women,Big 12 Conference,Baylor,W,Other,So.,So,"Issaquah, Wash.",Issaquah,WA,domestic,Yellow Wood Academy,1,https://baylorbears.com/sports/equestrian/roster/2025-26
eq_045c8cc230e3,Ava,Holman,equestrian,2025-26,2025-26,D1,Women,Big 12 Conference,Baylor,W,Other,So.,So,"Metamora, Mich.",Metamora,MI,domestic,Oxford HS,0,https://baylorbears.com/sports/equestrian/roster/2025-26
eq_cfb7e3126cf7,Maddie,Jordan,equestrian,2025-26,2025-26,D1,Women,Big 12 Conference,Baylor,JS,Other,Sr.,Sr,"Tallahassee, Fla.",Tallahassee,FL,domestic,Aucilla Christian,0,https://baylorbears.com/sports/equestrian/roster/2025-26
eq_ca06532e595a,Lauren,Jorgensen,equestrian,2025-26,2025-26,D1,Women,Big 12 Conference,Baylor,JS,Other,Sr.,Sr,"Albuquerque, N.M.",Albuquerque,NM,domestic,Albuquerque Academy,1,https://baylorbears.com/sports/equestrian/roster/2025-26
eq_8a9b0b2a2592,Morgan,McCarthy,equestrian,2025-26,2025-26,D1,Women,Big 12 Conference,Baylor,JS,Other,Fr.,Fr,"Grafton, Mass.",Grafton,MA,domestic,Laurel Springs HS,0,https://baylorbears.com/sports/equestrian/roster/2025-26
eq_1b99e414b1ea,Britt,McIlnay,equestrian,2025-26,2025-26,D1,Women,Big 12 Conference,Baylor,W,Other,So.,So,"Bennington, Neb.",Bennington,NE,domestic,Bennington HS,0,https://baylorbears.com/sports/equestrian/roster/2025-26
eq_d852fb073c6c,Meredith,Miller,equestrian,2025-26,2025-26,D1,Women,Big 12 Conference,Baylor,JS,Other,Sr.,Sr,"Downingtown, Pa.",Downingtown,PA,domestic,Downingtown West HS,0,https://baylorbears.com/sports/equestrian/roster/2025-26
eq_4458c2e3ab51,Avery,Mortman,equestrian,2025-26,2025-26,D1,Women,Big 12 Conference,Baylor,W,Other,Jr.,Jr,"Magnolia, Texas",Magnolia,TX,domestic,Legacy Christian,0,https://baylorbears.com/sports/equestrian/roster/2025-26
eq_b176f3dc7af4,Sofia,Moskowitz,equestrian,2025-26,2025-26,D1,Women,Big 12 Conference,Baylor,JS,Other,Jr.,Jr,"Colts Neck, N.J.",Colts Neck,NJ,domestic,Ranney School,0,https://baylorbears.com/sports/equestrian/roster/2025-26
eq_8042fd52dece,Caroline,Muth,equestrian,2025-26,2025-26,D1,Women,Big 12 Conference,Baylor,JS,Other,Jr.,Jr,"Knoxville, Tenn.",Knoxville,TN,domestic,Knoxville Catholic,0,https://baylorbears.com/sports/equestrian/roster/2025-26
eq_5ea900382da4,Grace,O'Connell,equestrian,2025-26,2025-26,D1,Women,Big 12 Conference,Baylor,JS,Other,So.,So,"Long Grove, Ill.",Long Grove,IL,domestic,Laurel Springs School,0,https://baylorbears.com/sports/equestrian/roster/2025-26
eq_6ddc4399547d,Nicolette,Perry,equestrian,2025-26,2025-26,D1,Women,Big 12 Conference,Baylor,JS,Other,So.,So,"Medford, N.J.",Medford,NJ,domestic,Bishop Eustace Preparatory School,1,https://baylorbears.com/sports/equestrian/roster/2025-26
eq_9eaefcc877ed,Sadie,Peters,equestrian,2025-26,2025-26,D1,Women,Big 12 Conference,Baylor,W,Other,Jr.,Jr,"Bishopville, Md.",Bishopville,MD,domestic,Stephen Decatur HS,0,https://baylorbears.com/sports/equestrian/roster/2025-26
eq_810cb7b2f729,Natalie,Rasperger,equestrian,2025-26,2025-26,D1,Women,Big 12 Conference,Baylor,W,Other,So.,So,"Parker, Colo.",Parker,CO,domestic,Regis Jesuit High School,0,https://baylorbears.com/sports/equestrian/roster/2025-26
eq_7d60225bc18c,Lauren,Reid,equestrian,2025-26,2025-26,D1,Women,Big 12 Conference,Baylor,JS,Other,Sr.,Sr,"Nazareth, Pa.",Nazareth,PA,domestic,Moravian Academy,1,https://baylorbears.com/sports/equestrian/roster/2025-26
eq_fd90bc8f3535,Kalena,Reynolds,equestrian,2025-26,2025-26,D1,Women,Big 12 Conference,Baylor,W,Other,Sr.,Sr,"Austin, Texas",Austin,TX,domestic,Grace Christian,0,https://baylorbears.com/sports/equestrian/roster/2025-26
eq_f11133e0ee84,Caroline,Robelen,equestrian,2025-26,2025-26,D1,Women,Big 12 Conference,Baylor,JS,Other,Sr.,Sr,"Weston, Mass.",Weston,MA,domestic,Laurel Springs School,0,https://baylorbears.com/sports/equestrian/roster/2025-26
eq_eed2494c7e4d,Blaise,Runyon,equestrian,2025-26,2025-26,D1,Women,Big 12 Conference,Baylor,W,Other,Sr.,Sr,"Hilliard, Ohio",Hilliard,OH,domestic,Hilliard Bradley HS,0,https://baylorbears.com/sports/equestrian/roster/2025-26
eq_403971422dc2,Carley,Rutledge,equestrian,2025-26,2025-26,D1,Women,Big 12 Conference,Baylor,W,Other,Jr.,Jr,"Altoona, Iowa",Altoona,IA,domestic,Southeast Polk HS,0,https://baylorbears.com/sports/equestrian/roster/2025-26
eq_5e03eef5c190,Nyla,Semaan,equestrian,2025-26,2025-26,D1,Women,Big 12 Conference,Baylor,JS,Other,Fr.,Fr,"Tampa, Fla.",Tampa,FL,domestic,Sickles HS,0,https://baylorbears.com/sports/equestrian/roster/2025-26
eq_547d295b0cd6,Kaitlyn,Smith,equestrian,2025-26,2025-26,D1,Women,Big 12 Conference,Baylor,W,Other,Sr.,Sr,"Plainfield, Ind.",Plainfield,IN,domestic,Plainfield HS,0,https://baylorbears.com/sports/equestrian/roster/2025-26
eq_6e14b3378b24,Katie,Smith,equestrian,2025-26,2025-26,D1,Women,Big 12 Conference,Baylor,JS,Other,So.,So,"Manhattan Beach, Calif.",Manhattan Beach,CA,domestic,Fusion Academy,1,https://baylorbears.com/sports/equestrian/roster/2025-26
eq_4dbf9c72a74e,Taylor,Smith,equestrian,2025-26,2025-26,D1,Women,Big 12 Conference,Baylor,W,Other,Jr.,Jr,"College Station, Texas",College Station,TX,domestic,A&M Consolidated HS,0,https://baylorbears.com/sports/equestrian/roster/2025-26
eq_ea9ce3b199f4,Carly,Stasio,equestrian,2025-26,2025-26,D1,Women,Big 12 Conference,Baylor,JS,Other,Jr.,Jr,"Davie, Fla.",Davie,FL,domestic,American Heritage HS,0,https://baylorbears.com/sports/equestrian/roster/2025-26
eq_d3c9bdbda3b0,Lauren,Stebbins,equestrian,2025-26,2025-26,D1,Women,Big 12 Conference,Baylor,JS,Other,5th,Gr,"Atlanta, Ga.",Atlanta,GA,domestic,Pace Academy,1,https://baylorbears.com/sports/equestrian/roster/2025-26
eq_2b248e70b7f5,Anna,Thron,equestrian,2025-26,2025-26,D1,Women,Big 12 Conference,Baylor,W,Other,Sr.,Sr,"Hugo, Minn.",Hugo,MN,domestic,Hill Murray School,0,https://baylorbears.com/sports/equestrian/roster/2025-26
eq_70fd069b48a1,Audrey,Turner,equestrian,2025-26,2025-26,D1,Women,Big 12 Conference,Baylor,JS,Other,So.,So,"Timberlake, N.C.",Timberlake,NC,domestic,The Ogburn School,0,https://baylorbears.com/sports/equestrian/roster/2025-26
eq_7972749695a0,Emma,Vandenhouten,equestrian,2025-26,2025-26,D1,Women,Big 12 Conference,Baylor,JS,Other,Fr.,Fr,"Plantation, Fla.",Plantation,FL,domestic,,0,https://baylorbears.com/sports/equestrian/roster/2025-26
eq_32e1dd411b19,Addison,Webb,equestrian,2025-26,2025-26,D1,Women,Big 12 Conference,Baylor,W,Other,Fr.,Fr,"Spring Grove, Ill.",Spring Grove,IL,domestic,Richmond Burton Community HS,0,https://baylorbears.com/sports/equestrian/roster/2025-26
eq_415531805d3b,Discipline,,equestrian,2025-26,2025-26,D1,Women,Big 12 Conference,Baylor,,UNK,,UNK,,,,unknown,Mass. Falmouth Academy,1,https://baylorbears.com/sports/equestrian/roster/2025-26
eq_7c3ec1f77033,Ava,Aguilar,equestrian,2025-26,2025-26,D1,Women,Mountain West Conference,Fresno St.,Jumping Seat,Fences,Fr.,Fr,"Costa Mesa, Calif.",Costa Mesa,CA,domestic,,0,https://gobulldogs.com/sports/equestrian/roster/2025-26
eq_59cd7a2e784f,Alana,Becker,equestrian,2025-26,2025-26,D1,Women,Mountain West Conference,Fresno St.,Western,Western,Jr.,Jr,"Grass Valley, Calif.",Grass Valley,CA,domestic,North Point Academy,1,https://gobulldogs.com/sports/equestrian/roster/2025-26
eq_e09384444ddb,Isabella,Bertozzi,equestrian,2025-26,2025-26,D1,Women,Mountain West Conference,Fresno St.,Jumping Seat,Fences,Jr.,Jr,"Leesburg, Va.",Leesburg,VA,domestic,Independence HS,0,https://gobulldogs.com/sports/equestrian/roster/2025-26
eq_88f2c10a9549,Autumn,Bradbury,equestrian,2025-26,2025-26,D1,Women,Mountain West Conference,Fresno St.,Jumping Seat,Fences,Sr.,Sr,"Carmel, Ind.",Carmel,IN,domestic,Carmel HS,0,https://gobulldogs.com/sports/equestrian/roster/2025-26
eq_32ea54c273df,Maya,Douglas,equestrian,2025-26,2025-26,D1,Women,Mountain West Conference,Fresno St.,Western,Western,Fr.,Fr,"Chuluota, Fla.",Chuluota,FL,domestic,Hagerty HS,0,https://gobulldogs.com/sports/equestrian/roster/2025-26
eq_a4484b1aba95,Quinn,Durbin,equestrian,2025-26,2025-26,D1,Women,Mountain West Conference,Fresno St.,Jumping Seat,Fences,Sr.,Sr,"Sacramento, Calif.",Sacramento,CA,domestic,Bradshaw Christian,0,https://gobulldogs.com/sports/equestrian/roster/2025-26
eq_e47959763e62,Ryley,Ferguson,equestrian,2025-26,2025-26,D1,Women,Mountain West Conference,Fresno St.,Jumping Seat,Fences,Sr.,Sr,"Clovis, Calif.",Clovis,CA,domestic,Buchanan HS,0,https://gobulldogs.com/sports/equestrian/roster/2025-26
eq_578550df15f1,Gianna,Fleming,equestrian,2025-26,2025-26,D1,Women,Mountain West Conference,Fresno St.,Western,Western,So.,So,"Nicolaus, Calif.",Nicolaus,CA,domestic,Woodland Christian,0,https://gobulldogs.com/sports/equestrian/roster/2025-26
eq_7ae65d7c9a93,Aubrey,Gerdes,equestrian,2025-26,2025-26,D1,Women,Mountain West Conference,Fresno St.,Western,Western,Jr.,Jr,"Dodge City, Kan.",Dodge City,KS,domestic,Dodge City HS,0,https://gobulldogs.com/sports/equestrian/roster/2025-26
eq_b155655062e4,Lilly,Gilson,equestrian,2025-26,2025-26,D1,Women,Mountain West Conference,Fresno St.,Western,Western,Fr.,Fr,"Sanger, Calif.",Sanger,CA,domestic,Immanuel Schools,0,https://gobulldogs.com/sports/equestrian/roster/2025-26
eq_e0ae1ca73642,Abby,Goddard,equestrian,2025-26,2025-26,D1,Women,Mountain West Conference,Fresno St.,Western,Western,Sr.,Sr,"Saskatchewan, Canada",Saskatchewan,,international,Swift Current Comprehensive High School,0,https://gobulldogs.com/sports/equestrian/roster/2025-26
eq_640bbe639605,Emma,Hanson,equestrian,2025-26,2025-26,D1,Women,Mountain West Conference,Fresno St.,Western,Western,So.,So,"Maple Grove, Minn.",Maple Grove,MN,domestic,Minnesota Connections Academy,1,https://gobulldogs.com/sports/equestrian/roster/2025-26
eq_bdc3cc3d40e6,Alison,Heupel,equestrian,2025-26,2025-26,D1,Women,Mountain West Conference,Fresno St.,Western,Western,Sr.,Sr,"LeGrand, Calif.",LeGrand,CA,domestic,Golden Valley HS,0,https://gobulldogs.com/sports/equestrian/roster/2025-26
eq_d386823d4664,Brogan,Hill,equestrian,2025-26,2025-26,D1,Women,Mountain West Conference,Fresno St.,Western,Western,R-Sr.,Sr,"Saint Anthony, Id.",Saint Anthony,ID,domestic,Madison Senior HS,0,https://gobulldogs.com/sports/equestrian/roster/2025-26
eq_63170eee827f,Taylor,Hinely,equestrian,2025-26,2025-26,D1,Women,Mountain West Conference,Fresno St.,Western,Western,Fr.,Fr,"Norco, Calif.",Norco,CA,domestic,Pivot Charter School,0,https://gobulldogs.com/sports/equestrian/roster/2025-26
eq_bbce837d2e93,Charlotte,Holtke,equestrian,2025-26,2025-26,D1,Women,Mountain West Conference,Fresno St.,Jumping Seat,Fences,Jr.,Jr,"Simi Valley, Calif.",Simi Valley,CA,domestic,Chaminade College Preparatory,1,https://gobulldogs.com/sports/equestrian/roster/2025-26
eq_9cfc397f9323,Sophia,James,equestrian,2025-26,2025-26,D1,Women,Mountain West Conference,Fresno St.,Jumping Seat,Fences,So.,So,"Sammamish, Wash.",Sammamish,WA,domestic,Chrysalis HS,0,https://gobulldogs.com/sports/equestrian/roster/2025-26
eq_66533a05d9ae,Bridey,Jones,equestrian,2025-26,2025-26,D1,Women,Mountain West Conference,Fresno St.,Jumping Seat,Fences,Sr.,Sr,"West Newbury, Mass.",West Newbury,MA,domestic,Pentucket Regional,0,https://gobulldogs.com/sports/equestrian/roster/2025-26
eq_c2d53607e9f5,Megan,Kenoyer,equestrian,2025-26,2025-26,D1,Women,Mountain West Conference,Fresno St.,Western,Western,Fr.,Fr,"Peyton, Colo.",Peyton,CO,domestic,,0,https://gobulldogs.com/sports/equestrian/roster/2025-26
eq_4e6a9e81d2ae,Klarice,Killian,equestrian,2025-26,2025-26,D1,Women,Mountain West Conference,Fresno St.,Jumping Seat,Fences,Jr.,Jr,"Clovis, Calif.",Clovis,CA,domestic,Lemoore Online College Prep,1,https://gobulldogs.com/sports/equestrian/roster/2025-26
eq_4a3233dd1e93,Julianna,Kovacs,equestrian,2025-26,2025-26,D1,Women,Mountain West Conference,Fresno St.,Jumping Seat,Fences,Fr.,Fr,"Simi Valley, Calif.",Simi Valley,CA,domestic,La Reina HS,0,https://gobulldogs.com/sports/equestrian/roster/2025-26
eq_7a0f544b1842,Sage,Lindvall,equestrian,2025-26,2025-26,D1,Women,Mountain West Conference,Fresno St.,Jumping Seat,Fences,Jr.,Jr,"San Luis Obispo, Calif.",San Luis Obispo,CA,domestic,San Luis Obispo HS,0,https://gobulldogs.com/sports/equestrian/roster/2025-26
eq_8b4b1c819bc7,Paris,Mahoney,equestrian,2025-26,2025-26,D1,Women,Mountain West Conference,Fresno St.,Jumping Seat,Fences,So.,So,"Mt. Madonna, Calif.",Mt. Madonna,CA,domestic,Santa Cruz Alternative Education,0,https://gobulldogs.com/sports/equestrian/roster/2025-26
eq_d6168f5494a6,Addison,Mathias,equestrian,2025-26,2025-26,D1,Women,Mountain West Conference,Fresno St.,Jumping Seat,Fences,Fr.,Fr,"Waterford, Calif.",Waterford,CA,domestic,Central Catholic,0,https://gobulldogs.com/sports/equestrian/roster/2025-26
eq_8e63fdeea020,Meagan,Mejia,equestrian,2025-26,2025-26,D1,Women,Mountain West Conference,Fresno St.,Jumping Seat,Fences,Fr.,Fr,"Watsonville, Calif.",Watsonville,CA,domestic,,0,https://gobulldogs.com/sports/equestrian/roster/2025-26
eq_631e6e21969f,Margaret,Meyer,equestrian,2025-26,2025-26,D1,Women,Mountain West Conference,Fresno St.,Western,Western,Fr.,Fr,"Findlay, Ohio",Findlay,OH,domestic,Findlay HS,0,https://gobulldogs.com/sports/equestrian/roster/2025-26
eq_7478ffde1e46,Lucia,Nunes,equestrian,2025-26,2025-26,D1,Women,Mountain West Conference,Fresno St.,Western,Western,Fr.,Fr,"Hilmar, Calif.",Hilmar,CA,domestic,Hilmar HS,0,https://gobulldogs.com/sports/equestrian/roster/2025-26
eq_f18520355b94,Mia,Nunes,equestrian,2025-26,2025-26,D1,Women,Mountain West Conference,Fresno St.,Western,Western,Sr.,Sr,"Hilmar, Calif.",Hilmar,CA,domestic,Hilmar HS,0,https://gobulldogs.com/sports/equestrian/roster/2025-26
eq_14755d3e84ff,Hailey,Olson,equestrian,2025-26,2025-26,D1,Women,Mountain West Conference,Fresno St.,Western,Western,So.,So,"Maryfield, Saskatchewan, Canada",Maryfield,,international,Maryfield School,0,https://gobulldogs.com/sports/equestrian/roster/2025-26
eq_34260db40b01,Layla,Perrine,equestrian,2025-26,2025-26,D1,Women,Mountain West Conference,Fresno St.,Western,Western,Fr.,Fr,"Puyallup, Washington",Puyallup,WA,domestic,Puyallup HS,0,https://gobulldogs.com/sports/equestrian/roster/2025-26
eq_0d2ec604e077,Paloma,Primavera,equestrian,2025-26,2025-26,D1,Women,Mountain West Conference,Fresno St.,Jumping Seat,Fences,So.,So,"Aptos, Calif.",Aptos,CA,domestic,Aptos HS,0,https://gobulldogs.com/sports/equestrian/roster/2025-26
eq_513ff9d67d78,Shelby,Robinette,equestrian,2025-26,2025-26,D1,Women,Mountain West Conference,Fresno St.,Western,Western,Sr.,Sr,"Sterling, Colo.",Sterling,CO,domestic,Prairie Jr.-Sr. HS,0,https://gobulldogs.com/sports/equestrian/roster/2025-26
eq_bbf1d30c295e,Adrianna,Runzo,equestrian,2025-26,2025-26,D1,Women,Mountain West Conference,Fresno St.,Western,Western,Jr.,Jr,"North Cantan, Ohio",North Cantan,OH,domestic,Lake HS,0,https://gobulldogs.com/sports/equestrian/roster/2025-26
eq_5755e7a419e7,Riley,Schmidt,equestrian,2025-26,2025-26,D1,Women,Mountain West Conference,Fresno St.,Western,Western,Fr.,Fr,"Hudson, Wisc.",Hudson,WI,domestic,River Falls HS,0,https://gobulldogs.com/sports/equestrian/roster/2025-26
eq_4f92bfe6f52e,Delaney,Shanks,equestrian,2025-26,2025-26,D1,Women,Mountain West Conference,Fresno St.,Western,Western,Sr.,Sr,"Krum, Texas",Krum,TX,domestic,Krum HS,0,https://gobulldogs.com/sports/equestrian/roster/2025-26
eq_34510c789d1f,Sydney,Sisil,equestrian,2025-26,2025-26,D1,Women,Mountain West Conference,Fresno St.,Western,Western,Jr.,Jr,"Madera Ranchos, Calif.",Madera Ranchos,CA,domestic,Liberty HS,0,https://gobulldogs.com/sports/equestrian/roster/2025-26
eq_6c2605b049d1,Molly,Stewart,equestrian,2025-26,2025-26,D1,Women,Mountain West Conference,Fresno St.,Jumping Seat,Fences,Sr.,Sr,"Carlsbad, Calif.",Carlsbad,CA,domestic,Carlsbad HS,0,https://gobulldogs.com/sports/equestrian/roster/2025-26
eq_82c417b90924,River,Sage Red Eagle Valenzuela,equestrian,2025-26,2025-26,D1,Women,Mountain West Conference,Fresno St.,Western,Western,So.,So,"Auburn, Calif.",Auburn,CA,domestic,San Benito HS,0,https://gobulldogs.com/sports/equestrian/roster/2025-26
eq_4792b4c67af1,Holly,Wagner,equestrian,2025-26,2025-26,D1,Women,Mountain West Conference,Fresno St.,Western,Western,So.,So,"Folsom, Calif.",Folsom,CA,domestic,Folsom HS,0,https://gobulldogs.com/sports/equestrian/roster/2025-26
eq_a5b026292ef1,Emma,Wright,equestrian,2025-26,2025-26,D1,Women,Mountain West Conference,Fresno St.,Jumping Seat,Fences,So.,So,"Hollister, Calif.",Hollister,CA,domestic,Monte Vista HS,0,https://gobulldogs.com/sports/equestrian/roster/2025-26
eq_dd780584cf7f,Melissa,Acker,equestrian,2025-26,2025-26,D1,Women,Mid-Eastern Athletic Conference,Delaware St.,Jumping Seat JS,Fences,Fr.,Fr,"Englewood, CO",Englewood,CO,domestic,Colorado Academy,1,https://dsuhornets.com/sports/equestrian/roster/2025-26
eq_9382d3db32cb,Claire,Andrews,equestrian,2025-26,2025-26,D1,Women,Mid-Eastern Athletic Conference,Delaware St.,Western West,Western,Sr.,Sr,"Bellefonte, Pa.",Bellefonte,PA,domestic,Bald Eagle Area,0,https://dsuhornets.com/sports/equestrian/roster/2025-26
eq_dde979934dc1,Kaylynn,Berry,equestrian,2025-26,2025-26,D1,Women,Mid-Eastern Athletic Conference,Delaware St.,,UNK,Fr.,Fr,,,,unknown,,0,https://dsuhornets.com/sports/equestrian/roster/2025-26
eq_45318e258708,Cheyenne,Brand,equestrian,2025-26,2025-26,D1,Women,Mid-Eastern Athletic Conference,Delaware St.,Horsemanship HS,Horsemanship,Fr.,Fr,"North Olmsted, OH",North Olmsted,OH,domestic,North Olmsted HS,0,https://dsuhornets.com/sports/equestrian/roster/2025-26
eq_103bb946ec4d,Kirsten,Buckwalter,equestrian,2025-26,2025-26,D1,Women,Mid-Eastern Athletic Conference,Delaware St.,Western West,Western,So.,So,"East Petersburg, PA",East Petersburg,PA,domestic,Hempfield,0,https://dsuhornets.com/sports/equestrian/roster/2025-26
eq_22f19199e4f6,Avery,Crook,equestrian,2025-26,2025-26,D1,Women,Mid-Eastern Athletic Conference,Delaware St.,Hunt,Hunt Seat,So.,So,"Minnetonka, MN",Minnetonka,MN,domestic,Minnetonka HS,0,https://dsuhornets.com/sports/equestrian/roster/2025-26
eq_8c2bb01d84a5,Renee,Cuff,equestrian,2025-26,2025-26,D1,Women,Mid-Eastern Athletic Conference,Delaware St.,Western West,Western,So.,So,"Mount Laurel, NJ",Mount Laurel,NJ,domestic,Lenape,0,https://dsuhornets.com/sports/equestrian/roster/2025-26
eq_138350483ebe,Hannah,D'Aguilar,equestrian,2025-26,2025-26,D1,Women,Mid-Eastern Athletic Conference,Delaware St.,Jumping Seat JS,Fences,Jr.,Jr,"Nassau, Bahamas",Nassau,,international,Queens College,0,https://dsuhornets.com/sports/equestrian/roster/2025-26
eq_154af9e16702,Lauren,Dumeah,equestrian,2025-26,2025-26,D1,Women,Mid-Eastern Athletic Conference,Delaware St.,Jumping Seat JS,Fences,So.,So,"Lake Orion, MI",Lake Orion,MI,domestic,Lake Orion,0,https://dsuhornets.com/sports/equestrian/roster/2025-26
eq_381c86db5358,McKenzie,Elkins,equestrian,2025-26,2025-26,D1,Women,Mid-Eastern Athletic Conference,Delaware St.,Jumping Seat JS,Fences,Gr.,Gr,"Woodlands, TX",Woodlands,TX,domestic,Woodlands College Park,0,https://dsuhornets.com/sports/equestrian/roster/2025-26
eq_4c16e70f197a,Ryan,Englebert,equestrian,2025-26,2025-26,D1,Women,Mid-Eastern Athletic Conference,Delaware St.,Western West,Western,So.,So,"Allentown, PA",Allentown,PA,domestic,Parkland,0,https://dsuhornets.com/sports/equestrian/roster/2025-26
eq_085cd08fe9d1,Estella,Estus,equestrian,2025-26,2025-26,D1,Women,Mid-Eastern Athletic Conference,Delaware St.,Western West,Western,Sr.,Sr,"South Dayton, N.Y.",South Dayton,NY,domestic,Mount Mercy Academy,1,https://dsuhornets.com/sports/equestrian/roster/2025-26
eq_e4eaf43e86cd,Emily,Firth,equestrian,2025-26,2025-26,D1,Women,Mid-Eastern Athletic Conference,Delaware St.,West,Other,Fr.,Fr,Brookswood Secondary School,Brookswood Secondary School,,international,,0,https://dsuhornets.com/sports/equestrian/roster/2025-26
eq_4b7c6568d9bc,Cambrey,Hedges,equestrian,2025-26,2025-26,D1,Women,Mid-Eastern Athletic Conference,Delaware St.,Western West,Western,So.,So,"Springfield, IL",Springfield,IL,domestic,Lanphier,0,https://dsuhornets.com/sports/equestrian/roster/2025-26
eq_3204f8657f34,Bailey,Henderson,equestrian,2025-26,2025-26,D1,Women,Mid-Eastern Athletic Conference,Delaware St.,Reining R,Reining,Jr.,Jr,"Pasadena, Md.",Pasadena,MD,domestic,Chesapeake Senior,0,https://dsuhornets.com/sports/equestrian/roster/2025-26
eq_5780d7088146,Sarah,Hoffmeyer,equestrian,2025-26,2025-26,D1,Women,Mid-Eastern Athletic Conference,Delaware St.,Jumping Seat JS,Fences,Sr.,Sr,"Waterford, Mich.",Waterford,MI,domestic,Waterford Mott,0,https://dsuhornets.com/sports/equestrian/roster/2025-26
eq_ec52073539b3,Paityn,Holm,equestrian,2025-26,2025-26,D1,Women,Mid-Eastern Athletic Conference,Delaware St.,Western West,Western,Sr.,Sr,"Wausau, Wis.",Wausau,WI,domestic,Wausau West,0,https://dsuhornets.com/sports/equestrian/roster/2025-26
eq_9fb9747f02f7,Elizabeth,Hopkins,equestrian,2025-26,2025-26,D1,Women,Mid-Eastern Athletic Conference,Delaware St.,"5'3""",Other,Fr.,Fr,"Wilsonville, AL",Wilsonville,AL,domestic,Chelsea HS,0,https://dsuhornets.com/sports/equestrian/roster/2025-26
eq_65a8f620f77a,Lily,Kosal,equestrian,2025-26,2025-26,D1,Women,Mid-Eastern Athletic Conference,Delaware St.,Jumping Seat JS,Fences,So.,So,"Romero, MI",Romero,MI,domestic,Romero,0,https://dsuhornets.com/sports/equestrian/roster/2025-26
eq_1776ca7df229,Anna,LeGault,equestrian,2025-26,2025-26,D1,Women,Mid-Eastern Athletic Conference,Delaware St.,Western West,Western,So.,So,"London, OH",London,OH,domestic,Madison Plains,0,https://dsuhornets.com/sports/equestrian/roster/2025-26
eq_9cba25405664,Grace,Mangrum,equestrian,2025-26,2025-26,D1,Women,Mid-Eastern Athletic Conference,Delaware St.,Jumping Seat JS,Fences,Sr.,Sr,"Milton, Ga.",Milton,GA,domestic,Milton,0,https://dsuhornets.com/sports/equestrian/roster/2025-26
eq_8b1a557977fd,Joann,Nelson,equestrian,2025-26,2025-26,D1,Women,Mid-Eastern Athletic Conference,Delaware St.,"4'11""",Other,Fr.,Fr,"Fort Lauderdale, FL",Fort Lauderdale,FL,domestic,Blanche Ely HS,0,https://dsuhornets.com/sports/equestrian/roster/2025-26
eq_e81f760ec5ba,Anna,Payne,equestrian,2025-26,2025-26,D1,Women,Mid-Eastern Athletic Conference,Delaware St.,Reining R,Reining,Jr.,Jr,"Canton, Pa.",Canton,PA,domestic,Canton,0,https://dsuhornets.com/sports/equestrian/roster/2025-26
eq_359d7ce48dcb,Hallie,Prater,equestrian,2025-26,2025-26,D1,Women,Mid-Eastern Athletic Conference,Delaware St.,Western West,Western,So.,So,"Bradenton, FL",Bradenton,FL,domestic,Parrish Community,0,https://dsuhornets.com/sports/equestrian/roster/2025-26
eq_c4534f4be632,Sumir,Talik-Martinez,equestrian,2025-26,2025-26,D1,Women,Mid-Eastern Athletic Conference,Delaware St.,"5'6""",Other,Fr.,Fr,"Lynwood, WA",Lynwood,WA,domestic,Edmonds Woodway HS,0,https://dsuhornets.com/sports/equestrian/roster/2025-26
eq_33a6480bd209,Kendall,Very,equestrian,2025-26,2025-26,D1,Women,Mid-Eastern Athletic Conference,Delaware St.,,UNK,Fr.,Fr,,,,unknown,,0,https://dsuhornets.com/sports/equestrian/roster/2025-26
eq_74d5bf8ba66a,Madison,Wojcek,equestrian,2025-26,2025-26,D1,Women,Mid-Eastern Athletic Conference,Delaware St.,"5'4""",Other,Jr.,Jr,"Bremerton, WA",Bremerton,WA,domestic,Olympic HS,0,https://dsuhornets.com/sports/equestrian/roster/2025-26
eq_07a7817a8952,Lyla,Bellar,equestrian,2025-26,2025-26,D1,Women,Southeastern Conference,Georgia,Western,Western,Jr.,Jr,"Peru, Ind.",Peru,IN,domestic,,0,https://georgiadogs.com/sports/equestrian/roster/2025-26
eq_29441f3c6e18,Hallie,Blair,equestrian,2025-26,2025-26,D1,Women,Southeastern Conference,Georgia,Western,Western,Fr.,Fr,"Albuquerque, N.M.",Albuquerque,NM,domestic,,0,https://georgiadogs.com/sports/equestrian/roster/2025-26
eq_d5005a215e99,Maggie,Bresch,equestrian,2025-26,2025-26,D1,Women,Southeastern Conference,Georgia,Jumping Seat,Fences,Sr.,Sr,"Barrington, Ill.",Barrington,IL,domestic,,0,https://georgiadogs.com/sports/equestrian/roster/2025-26
eq_d50e70a2b576,Tessa,Brown,equestrian,2025-26,2025-26,D1,Women,Southeastern Conference,Georgia,Jumping Seat,Fences,Sr.,Sr,"Bloomfield, Conn.",Bloomfield,CT,domestic,,0,https://georgiadogs.com/sports/equestrian/roster/2025-26
eq_5fc0c5790cec,Kennedy,Buchanan,equestrian,2025-26,2025-26,D1,Women,Southeastern Conference,Georgia,Western,Western,Jr.,Jr,"Scottsdale, Ariz.",Scottsdale,AZ,domestic,,0,https://georgiadogs.com/sports/equestrian/roster/2025-26
eq_7747918b07d5,Parker,Cliff,equestrian,2025-26,2025-26,D1,Women,Southeastern Conference,Georgia,Jumping Seat,Fences,Jr.,Jr,"Folsom, Calif.",Folsom,CA,domestic,,0,https://georgiadogs.com/sports/equestrian/roster/2025-26
eq_3cc1c8fc6a2d,Kinsey,Cooper,equestrian,2025-26,2025-26,D1,Women,Southeastern Conference,Georgia,Western,Western,Sr.,Sr,"Montrose, Ga.",Montrose,GA,domestic,,0,https://georgiadogs.com/sports/equestrian/roster/2025-26
eq_630f42d99c66,Liza,Cram,equestrian,2025-26,2025-26,D1,Women,Southeastern Conference,Georgia,Jumping Seat,Fences,Jr.,Jr,"Aiken, S.C.",Aiken,SC,domestic,,0,https://georgiadogs.com/sports/equestrian/roster/2025-26
eq_bc790a140779,Gabriella,Curry,equestrian,2025-26,2025-26,D1,Women,Southeastern Conference,Georgia,Jumping Seat,Fences,Fr.,Fr,"Fort Lauderdale, Fla.",Fort Lauderdale,FL,domestic,,0,https://georgiadogs.com/sports/equestrian/roster/2025-26
eq_1e5ac0229132,Sarina,Da Cruz,equestrian,2025-26,2025-26,D1,Women,Southeastern Conference,Georgia,Jumping Seat,Fences,Jr.,Jr,"East Northport, N.Y.",East Northport,NY,domestic,,0,https://georgiadogs.com/sports/equestrian/roster/2025-26
eq_5ecf4d11f888,Kendall,Dean,equestrian,2025-26,2025-26,D1,Women,Southeastern Conference,Georgia,Jumping Seat,Fences,So.,So,"Ocala, Fla.",Ocala,FL,domestic,,0,https://georgiadogs.com/sports/equestrian/roster/2025-26
eq_6e47e6a665aa,Emma,DeJong,equestrian,2025-26,2025-26,D1,Women,Southeastern Conference,Georgia,Western,Western,So.,So,"Bargersville, Ind.",Bargersville,IN,domestic,,0,https://georgiadogs.com/sports/equestrian/roster/2025-26
eq_e5fb6958c0dc,Kingsley,Dey,equestrian,2025-26,2025-26,D1,Women,Southeastern Conference,Georgia,Jumping Seat,Fences,Fr.,Fr,"Kailua, Hawaii",Kailua,HI,domestic,,0,https://georgiadogs.com/sports/equestrian/roster/2025-26
eq_61474a07913b,Alyvia,Dixon,equestrian,2025-26,2025-26,D1,Women,Southeastern Conference,Georgia,Western,Western,Sr.,Sr,"Hickory Corners, Mich.",Hickory Corners,MI,domestic,,0,https://georgiadogs.com/sports/equestrian/roster/2025-26
eq_0872f3a62db9,Tessa,Downey,equestrian,2025-26,2025-26,D1,Women,Southeastern Conference,Georgia,Jumping Seat,Fences,Jr.,Jr,"Houston, Texas",Houston,TX,domestic,,0,https://georgiadogs.com/sports/equestrian/roster/2025-26
eq_af3041726d33,Ella,Duffy,equestrian,2025-26,2025-26,D1,Women,Southeastern Conference,Georgia,Jumping Seat,Fences,Sr.,Sr,"Marietta, Ga.",Marietta,GA,domestic,,0,https://georgiadogs.com/sports/equestrian/roster/2025-26
eq_865d81a3f459,Cadence,Eger,equestrian,2025-26,2025-26,D1,Women,Southeastern Conference,Georgia,Western,Western,Jr.,Jr,"Marysville, Ohio",Marysville,OH,domestic,,0,https://georgiadogs.com/sports/equestrian/roster/2025-26
eq_d4320bde4e6d,Skyler,Ezzell,equestrian,2025-26,2025-26,D1,Women,Southeastern Conference,Georgia,Jumping Seat,Fences,So.,So,"Peachtree Corners, Ga.",Peachtree Corners,GA,domestic,,0,https://georgiadogs.com/sports/equestrian/roster/2025-26
eq_166cd3538513,Caroline,Fletcher,equestrian,2025-26,2025-26,D1,Women,Southeastern Conference,Georgia,Western,Western,So.,So,"Greenville, S.C.",Greenville,SC,domestic,,0,https://georgiadogs.com/sports/equestrian/roster/2025-26
eq_b8b6edd86aa8,Mia,Frigon,equestrian,2025-26,2025-26,D1,Women,Southeastern Conference,Georgia,Jumping Seat,Fences,So.,So,"Sudbury, Mass.",Sudbury,MA,domestic,,0,https://georgiadogs.com/sports/equestrian/roster/2025-26
eq_4305317653ce,Abbie,Gordon,equestrian,2025-26,2025-26,D1,Women,Southeastern Conference,Georgia,Jumping Seat,Fences,Fr.,Fr,"Statesville, N.C.",Statesville,NC,domestic,,0,https://georgiadogs.com/sports/equestrian/roster/2025-26
eq_b554f0df7900,Aggie,Hahn,equestrian,2025-26,2025-26,D1,Women,Southeastern Conference,Georgia,Jumping Seat,Fences,Sr.,Sr,"Richmond, Va.",Richmond,VA,domestic,,0,https://georgiadogs.com/sports/equestrian/roster/2025-26
eq_5a7d029288bb,Ava,Hathaway,equestrian,2025-26,2025-26,D1,Women,Southeastern Conference,Georgia,Western,Western,Fr.,Fr,"Bronson, Mich.",Bronson,MI,domestic,,0,https://georgiadogs.com/sports/equestrian/roster/2025-26
eq_a83521fdfd1b,Madison,Hill,equestrian,2025-26,2025-26,D1,Women,Southeastern Conference,Georgia,Jumping Seat,Fences,Jr.,Jr,"Germantown, Tenn.",Germantown,TN,domestic,,0,https://georgiadogs.com/sports/equestrian/roster/2025-26
eq_fdc10a5e1f0c,Sally,Ives,equestrian,2025-26,2025-26,D1,Women,Southeastern Conference,Georgia,Jumping Seat,Fences,So.,So,,,,unknown,"Durham, N.C.",0,https://georgiadogs.com/sports/equestrian/roster/2025-26
eq_a7b059aff8c3,Katie,Jedele,equestrian,2025-26,2025-26,D1,Women,Southeastern Conference,Georgia,Western,Western,So.,So,"Chelsea, Mich.",Chelsea,MI,domestic,,0,https://georgiadogs.com/sports/equestrian/roster/2025-26
eq_c30813e919db,Emma,Lackey,equestrian,2025-26,2025-26,D1,Women,Southeastern Conference,Georgia,Jumping Seat,Fences,So.,So,"Glencoe, Ill.",Glencoe,IL,domestic,,0,https://georgiadogs.com/sports/equestrian/roster/2025-26
eq_3a0472c5e592,Shelby,Lynch,equestrian,2025-26,2025-26,D1,Women,Southeastern Conference,Georgia,Western,Western,Sr.,Sr,"McLean, Ill.",McLean,IL,domestic,,0,https://georgiadogs.com/sports/equestrian/roster/2025-26
eq_2041f90ba341,Kendall,McClintock,equestrian,2025-26,2025-26,D1,Women,Southeastern Conference,Georgia,Western,Western,Sr.,Sr,"Galena, Ohio",Galena,OH,domestic,,0,https://georgiadogs.com/sports/equestrian/roster/2025-26
eq_76d3897b96f4,Shea,McCoy,equestrian,2025-26,2025-26,D1,Women,Southeastern Conference,Georgia,Jumping Seat,Fences,Jr.,Jr,"Wintersville, Ohio",Wintersville,OH,domestic,,0,https://georgiadogs.com/sports/equestrian/roster/2025-26
eq_112b283747b4,Cassie,Mercier,equestrian,2025-26,2025-26,D1,Women,Southeastern Conference,Georgia,Western,Western,Fr.,Fr,"Franklin, Ga.",Franklin,GA,domestic,,0,https://georgiadogs.com/sports/equestrian/roster/2025-26
eq_5697fe377130,Madison,Nadolenco,equestrian,2025-26,2025-26,D1,Women,Southeastern Conference,Georgia,Jumping Seat,Fences,Jr.,Jr,"Calabasas, Calif.",Calabasas,CA,domestic,,0,https://georgiadogs.com/sports/equestrian/roster/2025-26
eq_b86b708b9791,Aviana,Nemeth,equestrian,2025-26,2025-26,D1,Women,Southeastern Conference,Georgia,Western,Western,Fr.,Fr,"Mason, Ohio",Mason,OH,domestic,,0,https://georgiadogs.com/sports/equestrian/roster/2025-26
eq_f11cf7890bf7,Gigi,Phillips,equestrian,2025-26,2025-26,D1,Women,Southeastern Conference,Georgia,Jumping Seat,Fences,Fr.,Fr,"Charlotte, N.C.",Charlotte,NC,domestic,,0,https://georgiadogs.com/sports/equestrian/roster/2025-26
eq_c12abff543b6,Sienna,Pilla,equestrian,2025-26,2025-26,D1,Women,Southeastern Conference,Georgia,Jumping Seat,Fences,So.,So,"Ridgefield, Conn.",Ridgefield,CT,domestic,,0,https://georgiadogs.com/sports/equestrian/roster/2025-26
eq_31d3868bfdaf,Emma,Popp,equestrian,2025-26,2025-26,D1,Women,Southeastern Conference,Georgia,Western,Western,Fr.,Fr,"Jasper, Ind.",Jasper,IN,domestic,,0,https://georgiadogs.com/sports/equestrian/roster/2025-26
eq_105b940aa591,Lendon,Reeder,equestrian,2025-26,2025-26,D1,Women,Southeastern Conference,Georgia,Western,Western,So.,So,"Rutledge, Ga.",Rutledge,GA,domestic,,0,https://georgiadogs.com/sports/equestrian/roster/2025-26
eq_66564e2e4f0f,Katharine,Reuter,equestrian,2025-26,2025-26,D1,Women,Southeastern Conference,Georgia,Jumping Seat,Fences,Fr.,Fr,"Mill Valley, Calif.",Mill Valley,CA,domestic,,0,https://georgiadogs.com/sports/equestrian/roster/2025-26
eq_6a7dd57510f3,Baylie,Robbins,equestrian,2025-26,2025-26,D1,Women,Southeastern Conference,Georgia,Western,Western,So.,So,"Port Saint Lucie, Fla.",Port Saint Lucie,FL,domestic,,0,https://georgiadogs.com/sports/equestrian/roster/2025-26
eq_4cea20cc69c6,Ellie,Royal,equestrian,2025-26,2025-26,D1,Women,Southeastern Conference,Georgia,Western,Western,So.,So,"Grayson, Ga.",Grayson,GA,domestic,,0,https://georgiadogs.com/sports/equestrian/roster/2025-26
eq_d87beb04d3b7,Lauren,Sanders,equestrian,2025-26,2025-26,D1,Women,Southeastern Conference,Georgia,Western,Western,So.,So,"Watkinsville, Ga.",Watkinsville,GA,domestic,,0,https://georgiadogs.com/sports/equestrian/roster/2025-26
eq_48fe9588d11a,Raegan,Shepherd,equestrian,2025-26,2025-26,D1,Women,Southeastern Conference,Georgia,Western,Western,Sr.,Sr,"Clayton, N.C.",Clayton,NC,domestic,,0,https://georgiadogs.com/sports/equestrian/roster/2025-26
eq_a0b22ccea942,Avery,Taylor,equestrian,2025-26,2025-26,D1,Women,Southeastern Conference,Georgia,Western,Western,Fr.,Fr,"Statesboro, Ga.",Statesboro,GA,domestic,,0,https://georgiadogs.com/sports/equestrian/roster/2025-26
eq_5a6e5cffa345,Helena,Timpany,equestrian,2025-26,2025-26,D1,Women,Southeastern Conference,Georgia,Jumping Seat,Fences,Fr.,Fr,"Monroe, Conn.",Monroe,CT,domestic,,0,https://georgiadogs.com/sports/equestrian/roster/2025-26
eq_1fc74633be87,Devin,VanZanten,equestrian,2025-26,2025-26,D1,Women,Southeastern Conference,Georgia,Western,Western,Jr.,Jr,"Lynden, Wash.",Lynden,WA,domestic,,0,https://georgiadogs.com/sports/equestrian/roster/2025-26
eq_3c579a850bcc,Ella,Witt,equestrian,2025-26,2025-26,D1,Women,Southeastern Conference,Georgia,Jumping Seat,Fences,So.,So,"Califon, N.J.",Califon,NJ,domestic,,0,https://georgiadogs.com/sports/equestrian/roster/2025-26
eq_850b0aba4f2c,Abbey,Zawisza,equestrian,2025-26,2025-26,D1,Women,Southeastern Conference,Georgia,Western,Western,Jr.,Jr,"Findlay, Ohio",Findlay,OH,domestic,,0,https://georgiadogs.com/sports/equestrian/roster/2025-26
eq_be0ec45efc15,Piper,Anderson,equestrian,2025-26,2025-26,D1,Women,Big 12 Conference,Oklahoma St.,Horsemanship,Horsemanship,So.,So,"Fargo, North Dakota",Fargo,ND,domestic,Sheyenne High School,0,https://okstate.com/sports/equestrian/roster/2025-26
eq_5cc3bd5596bb,Tristan,Bagby,equestrian,2025-26,2025-26,D1,Women,Big 12 Conference,Oklahoma St.,Western Is Captain (C),Western,Sr.,Sr,"Benton, Kentucky",Benton,KY,domestic,Barren Academy,1,https://okstate.com/sports/equestrian/roster/2025-26
eq_aff285cf5a22,Sheridan,Baringer,equestrian,2025-26,2025-26,D1,Women,Big 12 Conference,Oklahoma St.,Horsemanship,Horsemanship,So.,So,"Seattle, Washington",Seattle,WA,domestic,Mountlake Terrace High School,0,https://okstate.com/sports/equestrian/roster/2025-26
eq_4342254a9eed,Tyris,Bowdle,equestrian,2025-26,2025-26,D1,Women,Big 12 Conference,Oklahoma St.,Reining,Reining,Fr.,Fr,"Sherwood, OR",Sherwood,OR,domestic,,0,https://okstate.com/sports/equestrian/roster/2025-26
eq_b2f1058b814d,Abby,Budd,equestrian,2025-26,2025-26,D1,Women,Big 12 Conference,Oklahoma St.,Western,Western,Sr.,Sr,"Pueblo, Colorado",Pueblo,CO,domestic,Pueblo County High School,0,https://okstate.com/sports/equestrian/roster/2025-26
eq_205daee53457,Ava,Bush,equestrian,2025-26,2025-26,D1,Women,Big 12 Conference,Oklahoma St.,Western,Western,Jr.,Jr,"Spokane, Washington",Spokane,WA,domestic,Saint George's School,0,https://okstate.com/sports/equestrian/roster/2025-26
eq_ffe9bc30f0b1,Mackenzie,Carreras,equestrian,2025-26,2025-26,D1,Women,Big 12 Conference,Oklahoma St.,Jumping Seat,Fences,5th,Gr,"Chandler, Arizona",Chandler,AZ,domestic,Arizona Connections Academy,1,https://okstate.com/sports/equestrian/roster/2025-26
eq_8b4b0455bc82,Kate,Chatham,equestrian,2025-26,2025-26,D1,Women,Big 12 Conference,Oklahoma St.,,UNK,Jr.,Jr,"Tulsa, Oklahoma",Tulsa,OK,domestic,Philosophy Academy,1,https://okstate.com/sports/equestrian/roster/2025-26
eq_e365591c86dc,Maggie,Conner,equestrian,2025-26,2025-26,D1,Women,Big 12 Conference,Oklahoma St.,Horsemanship,Horsemanship,Fr.,Fr,"LaPorte, IN",LaPorte,IN,domestic,,0,https://okstate.com/sports/equestrian/roster/2025-26
eq_e9202cb236aa,Kelly,Coonce,equestrian,2025-26,2025-26,D1,Women,Big 12 Conference,Oklahoma St.,Western,Western,Sr.,Sr,"Lone Jack, Missouri",Lone Jack,MO,domestic,Blue Springs South High School,0,https://okstate.com/sports/equestrian/roster/2025-26
eq_1c2ff16bf7c4,Lily,Corbin,equestrian,2025-26,2025-26,D1,Women,Big 12 Conference,Oklahoma St.,Western,Western,Sr.,Sr,"Jones, Oklahoma",Jones,OK,domestic,Jones High School,0,https://okstate.com/sports/equestrian/roster/2025-26
eq_53c897a66d26,Bella,D'Onofrio,equestrian,2025-26,2025-26,D1,Women,Big 12 Conference,Oklahoma St.,Western,Western,Jr.,Jr,"Columbus, Ohio",Columbus,OH,domestic,Upper Arlington High School,0,https://okstate.com/sports/equestrian/roster/2025-26
eq_b8f82ba49647,Ellie,DuPuis,equestrian,2025-26,2025-26,D1,Women,Big 12 Conference,Oklahoma St.,Jumping Seat Is Captain (C),Fences,Sr.,Sr,"Charlottesville, Virginia",Charlottesville,VA,domestic,St. Anne's-Belfield School,0,https://okstate.com/sports/equestrian/roster/2025-26
eq_0984f6428903,Emma,Filiatreau,equestrian,2025-26,2025-26,D1,Women,Big 12 Conference,Oklahoma St.,Western,Western,Jr.,Jr,"Bardstown, Kentucky",Bardstown,KY,domestic,Bethlehem High School,0,https://okstate.com/sports/equestrian/roster/2025-26
eq_f5ffd649d33a,Makayla,Foster,equestrian,2025-26,2025-26,D1,Women,Big 12 Conference,Oklahoma St.,Western,Western,Jr.,Jr,"Kerrville, Texas",Kerrville,TX,domestic,Tivy HS,0,https://okstate.com/sports/equestrian/roster/2025-26
eq_d2406ad6ebb3,Lauren,Gee,equestrian,2025-26,2025-26,D1,Women,Big 12 Conference,Oklahoma St.,Jumping Seat,Fences,Fr.,Fr,"Valdosta, GA",Valdosta,GA,domestic,,0,https://okstate.com/sports/equestrian/roster/2025-26
eq_8e747f0aef9c,Gable,Gering,equestrian,2025-26,2025-26,D1,Women,Big 12 Conference,Oklahoma St.,Jumping Seat,Fences,So.,So,"Pacific Palisades, California",Pacific Palisades,CA,domestic,Brentwood High School,0,https://okstate.com/sports/equestrian/roster/2025-26
eq_e5ba8d3218f4,Harper,Gottlieb,equestrian,2025-26,2025-26,D1,Women,Big 12 Conference,Oklahoma St.,Jumping Seat,Fences,So.,So,"Newport Beach, California",Newport Beach,CA,domestic,Arizona University Prep,1,https://okstate.com/sports/equestrian/roster/2025-26
eq_db400ff78719,Skylar,Gurtis,equestrian,2025-26,2025-26,D1,Women,Big 12 Conference,Oklahoma St.,Jumping Seat,Fences,Fr.,Fr,"Winter Park, FL",Winter Park,FL,domestic,Trinity Preparatory School,1,https://okstate.com/sports/equestrian/roster/2025-26
eq_0bb06fe3ff9a,Colvin,Hall,equestrian,2025-26,2025-26,D1,Women,Big 12 Conference,Oklahoma St.,Jumping Seat,Fences,Fr.,Fr,"Amelia Island, FL",Amelia Island,FL,domestic,Saint Andrews School,0,https://okstate.com/sports/equestrian/roster/2025-26
eq_2baea4478bba,Emma,Hechtman,equestrian,2025-26,2025-26,D1,Women,Big 12 Conference,Oklahoma St.,Jumping Seat,Fences,So.,So,"Wellington, Florida",Wellington,FL,domestic,American Heritage School,0,https://okstate.com/sports/equestrian/roster/2025-26
eq_c46075721ff3,Bella,Holway,equestrian,2025-26,2025-26,D1,Women,Big 12 Conference,Oklahoma St.,Jumping Seat,Fences,Jr.,Jr,"Encinitas, California",Encinitas,CA,domestic,La Costa Canyon High School,0,https://okstate.com/sports/equestrian/roster/2025-26
eq_64afa82bc22f,Siena,Holyoak,equestrian,2025-26,2025-26,D1,Women,Big 12 Conference,Oklahoma St.,Horsemanship,Horsemanship,So.,So,"Morgan, UT",Morgan,UT,domestic,Morgan High School,0,https://okstate.com/sports/equestrian/roster/2025-26
eq_0d959e202db2,Alie,Hunter,equestrian,2025-26,2025-26,D1,Women,Big 12 Conference,Oklahoma St.,Jumping Seat,Fences,Jr.,Jr,"Wilsonville, Alabama",Wilsonville,AL,domestic,Hope Christian,0,https://okstate.com/sports/equestrian/roster/2025-26
eq_85ba0eec1d64,Olivia,Klug,equestrian,2025-26,2025-26,D1,Women,Big 12 Conference,Oklahoma St.,Western,Western,5th,Gr,"Columbus, Nebraska",Columbus,NE,domestic,Scotus Central Catholic,0,https://okstate.com/sports/equestrian/roster/2025-26
eq_47b2a4dc070b,Cadence,Kueker,equestrian,2025-26,2025-26,D1,Women,Big 12 Conference,Oklahoma St.,Jumping Seat,Fences,Sr.,Sr,"Wamego, Kansas",Wamego,KS,domestic,Wamego High School,0,https://okstate.com/sports/equestrian/roster/2025-26
eq_561df7f52024,Taylor,Landstrom,equestrian,2025-26,2025-26,D1,Women,Big 12 Conference,Oklahoma St.,Jumping Seat,Fences,Fr.,Fr,"Excelsior, MN",Excelsior,MN,domestic,Minnetonka High School,0,https://okstate.com/sports/equestrian/roster/2025-26
eq_659dd5042e7a,Avery,Langley,equestrian,2025-26,2025-26,D1,Women,Big 12 Conference,Oklahoma St.,Western,Western,Sr.,Sr,"Oxford, Mississippi",Oxford,MS,domestic,Oxford High School,0,https://okstate.com/sports/equestrian/roster/2025-26
eq_e31ad351f533,Ainsley,Larcombe,equestrian,2025-26,2025-26,D1,Women,Big 12 Conference,Oklahoma St.,Reining,Reining,So.,So,"Whitesboro, Texas",Whitesboro,TX,domestic,Whitesboro High School,0,https://okstate.com/sports/equestrian/roster/2025-26
eq_1779533a4954,Lourdes,Low,equestrian,2025-26,2025-26,D1,Women,Big 12 Conference,Oklahoma St.,Jumping Seat,Fences,Jr.,Jr,"Bluffton, South Carolina",Bluffton,SC,domestic,John Paul II Catholic,0,https://okstate.com/sports/equestrian/roster/2025-26
eq_d39953db07b1,Jalyn,McElmurray,equestrian,2025-26,2025-26,D1,Women,Big 12 Conference,Oklahoma St.,Western,Western,Jr.,Jr,"Galena, Ohio",Galena,OH,domestic,Olentangy Berlin High School,0,https://okstate.com/sports/equestrian/roster/2025-26
eq_8eeba416da4c,Maddie,Milo,equestrian,2025-26,2025-26,D1,Women,Big 12 Conference,Oklahoma St.,Jumping Seat,Fences,Sr.,Sr,"Orange County, California",Orange County,CA,domestic,Jserra Catholic,0,https://okstate.com/sports/equestrian/roster/2025-26
eq_9bdef64ecb70,Caroline,Mirts,equestrian,2025-26,2025-26,D1,Women,Big 12 Conference,Oklahoma St.,Jumping Seat,Fences,Jr.,Jr,"Knoxville, Tennessee",Knoxville,TN,domestic,George Washington Online High School,0,https://okstate.com/sports/equestrian/roster/2025-26
eq_7e2fa7fc81d1,Sydney,Pifer,equestrian,2025-26,2025-26,D1,Women,Big 12 Conference,Oklahoma St.,Jumping Seat,Fences,Fr.,Fr,"Charlotte, NC",Charlotte,NC,domestic,Charlotte Country Day,0,https://okstate.com/sports/equestrian/roster/2025-26
eq_0f87252fd406,Katie,Ramsey,equestrian,2025-26,2025-26,D1,Women,Big 12 Conference,Oklahoma St.,Reining,Reining,So.,So,"Sidney, Nebraska",Sidney,NE,domestic,Sidney High School,0,https://okstate.com/sports/equestrian/roster/2025-26
eq_c131d8974490,June,Roberson,equestrian,2025-26,2025-26,D1,Women,Big 12 Conference,Oklahoma St.,Western Is Captain (C),Western,Sr.,Sr,"Stratford, Oklahoma",Stratford,OK,domestic,Stratford High School,0,https://okstate.com/sports/equestrian/roster/2025-26
eq_c3a6963963d8,Kate,Roman,equestrian,2025-26,2025-26,D1,Women,Big 12 Conference,Oklahoma St.,Jumping Seat,Fences,Jr.,Jr,"Wantage, New Jersey",Wantage,NJ,domestic,High Point Regional,0,https://okstate.com/sports/equestrian/roster/2025-26
eq_127a9db5268f,Blake,Rowan,equestrian,2025-26,2025-26,D1,Women,Big 12 Conference,Oklahoma St.,Jumping Seat,Fences,Fr.,Fr,"Little Compton, RI",Little Compton,RI,domestic,,0,https://okstate.com/sports/equestrian/roster/2025-26
eq_2203bf2c4dd9,Madison,Sanders,equestrian,2025-26,2025-26,D1,Women,Big 12 Conference,Oklahoma St.,Jumping Seat,Fences,So.,So,"Simi Valley, California",Simi Valley,CA,domestic,Fusion Academy,1,https://okstate.com/sports/equestrian/roster/2025-26
eq_9a485a4d5ec8,Avery,Schauder,equestrian,2025-26,2025-26,D1,Women,Big 12 Conference,Oklahoma St.,Jumping Seat,Fences,Jr.,Jr,"Greenwich, Connecticut",Greenwich,CT,domestic,Greenwich High School,0,https://okstate.com/sports/equestrian/roster/2025-26
eq_05f83e2906b5,Stella,Shdeed,equestrian,2025-26,2025-26,D1,Women,Big 12 Conference,Oklahoma St.,Jumping Seat,Fences,Fr.,Fr,"Oklahoma City, OK",Oklahoma City,OK,domestic,,0,https://okstate.com/sports/equestrian/roster/2025-26
eq_39f23b21c290,Sophia,Tabasso,equestrian,2025-26,2025-26,D1,Women,Big 12 Conference,Oklahoma St.,Jumping Seat,Fences,Fr.,Fr,"Newton Square, PA",Newton Square,PA,domestic,The Episcopal Academy,1,https://okstate.com/sports/equestrian/roster/2025-26
eq_13454abf1527,Lily,Thorpe,equestrian,2025-26,2025-26,D1,Women,Big 12 Conference,Oklahoma St.,Horsemanship,Horsemanship,So.,So,"Oakes, North Dakota",Oakes,ND,domestic,Oakes Public School,0,https://okstate.com/sports/equestrian/roster/2025-26
eq_8b363838837c,Alana,Tietz,equestrian,2025-26,2025-26,D1,Women,Big 12 Conference,Oklahoma St.,Western,Western,Jr.,Jr,"Shawnee, Oklahoma",Shawnee,OK,domestic,Dale High School,0,https://okstate.com/sports/equestrian/roster/2025-26
eq_0163017bee24,Ava,Welman,equestrian,2025-26,2025-26,D1,Women,Big 12 Conference,Oklahoma St.,Reining,Reining,So.,So,"River Falls, WI",River Falls,WI,domestic,River Falls High School,0,https://okstate.com/sports/equestrian/roster/2025-26
eq_a0621d5d7c14,Ayden,Welman,equestrian,2025-26,2025-26,D1,Women,Big 12 Conference,Oklahoma St.,Reining,Reining,Fr.,Fr,"River Falls, WI",River Falls,WI,domestic,,0,https://okstate.com/sports/equestrian/roster/2025-26
eq_7fd16dde42ed,Zoe,Williams,equestrian,2025-26,2025-26,D1,Women,Big 12 Conference,Oklahoma St.,Jumping Seat,Fences,Sr.,Sr,"Flower Mound, Texas",Flower Mound,TX,domestic,Flower Mound High School,0,https://okstate.com/sports/equestrian/roster/2025-26
eq_1066170bc1ea,Addison,Azmoun,equestrian,2025-26,2025-26,D1,Women,Metro Atlantic Athletic Conference,Sacred Heart,,UNK,Fy.,Fr,"Centereach, N.Y.",Centereach,NY,domestic,Centereach High School,0,https://sacredheartpioneers.com/sports/equestrian/roster/2025-26
eq_c901247a31f7,Beverly,Banerji,equestrian,2025-26,2025-26,D1,Women,Metro Atlantic Athletic Conference,Sacred Heart,,UNK,Sr.,Sr,"Madison, Conn.",Madison,CT,domestic,Daniel Hand High School,0,https://sacredheartpioneers.com/sports/equestrian/roster/2025-26
eq_c30c1a7772e5,Emily,Belies,equestrian,2025-26,2025-26,D1,Women,Metro Atlantic Athletic Conference,Sacred Heart,,UNK,Sr.,Sr,"Brentwood, N.Y.",Brentwood,NY,domestic,St. John The Baptist Diocesan High School,0,https://sacredheartpioneers.com/sports/equestrian/roster/2025-26
eq_3d7bdf82af56,Gianna,Carducci,equestrian,2025-26,2025-26,D1,Women,Metro Atlantic Athletic Conference,Sacred Heart,,UNK,Sr.,Sr,"Farmington, Conn.",Farmington,CT,domestic,Farmington High School,0,https://sacredheartpioneers.com/sports/equestrian/roster/2025-26
eq_a0b2b65e8d8d,Kayla,DeStephanis,equestrian,2025-26,2025-26,D1,Women,Metro Atlantic Athletic Conference,Sacred Heart,,UNK,Sr.,Sr,"Horsham, Pa.",Horsham,PA,domestic,Hatboro-Horsham High School,0,https://sacredheartpioneers.com/sports/equestrian/roster/2025-26
eq_d92c9655acb0,Ella,DiFazio,equestrian,2025-26,2025-26,D1,Women,Metro Atlantic Athletic Conference,Sacred Heart,,UNK,Jr.,Jr,"Califon, N.J.",Califon,NJ,domestic,Voorhees High School,0,https://sacredheartpioneers.com/sports/equestrian/roster/2025-26
eq_94aa7e943da0,Sophie,DiGregorio,equestrian,2025-26,2025-26,D1,Women,Metro Atlantic Athletic Conference,Sacred Heart,,UNK,Fy.,Fr,"Holliston, Mass.",Holliston,MA,domestic,Norfolk County Agricultural High School,0,https://sacredheartpioneers.com/sports/equestrian/roster/2025-26
eq_b85893b7a2fe,Olivia,Dolan,equestrian,2025-26,2025-26,D1,Women,Metro Atlantic Athletic Conference,Sacred Heart,,UNK,So.,So,"Westfield, Mass.",Westfield,MA,domestic,Pope Francis Prep,1,https://sacredheartpioneers.com/sports/equestrian/roster/2025-26
eq_3d6e58ba700f,Marian,Ehlers,equestrian,2025-26,2025-26,D1,Women,Metro Atlantic Athletic Conference,Sacred Heart,,UNK,Fy.,Fr,"Bend, Ore.",Bend,OR,domestic,Summit High School,0,https://sacredheartpioneers.com/sports/equestrian/roster/2025-26
eq_146d5a229409,Frankie,Falise,equestrian,2025-26,2025-26,D1,Women,Metro Atlantic Athletic Conference,Sacred Heart,,UNK,So.,So,"Arnold, Md.",Arnold,MD,domestic,Laurel Springs Academy,1,https://sacredheartpioneers.com/sports/equestrian/roster/2025-26
eq_a46c6e6a8697,Morgan,Gariepy,equestrian,2025-26,2025-26,D1,Women,Metro Atlantic Athletic Conference,Sacred Heart,,UNK,Jr.,Jr,"Norton, Mass.",Norton,MA,domestic,Bishop Feehan High School,0,https://sacredheartpioneers.com/sports/equestrian/roster/2025-26
eq_972dcf26d34a,Sofia,Greene,equestrian,2025-26,2025-26,D1,Women,Metro Atlantic Athletic Conference,Sacred Heart,,UNK,Sr.,Sr,"Pawcatuck, Conn.",Pawcatuck,CT,domestic,Stonington High School,0,https://sacredheartpioneers.com/sports/equestrian/roster/2025-26
eq_bdbafd30644a,Olivia,Herfert,equestrian,2025-26,2025-26,D1,Women,Metro Atlantic Athletic Conference,Sacred Heart,,UNK,Fy.,Fr,"Tiverton, R.I.",Tiverton,RI,domestic,Tiverton High School,0,https://sacredheartpioneers.com/sports/equestrian/roster/2025-26
eq_3c9831f2ac1c,Ava,Hufford,equestrian,2025-26,2025-26,D1,Women,Metro Atlantic Athletic Conference,Sacred Heart,,UNK,Sr.,Sr,"Ballston Spa, N.Y.",Ballston Spa,NY,domestic,Burnt Hills Ballston Lake High School,0,https://sacredheartpioneers.com/sports/equestrian/roster/2025-26
eq_8249e914b4a4,Isabel,Hunt,equestrian,2025-26,2025-26,D1,Women,Metro Atlantic Athletic Conference,Sacred Heart,,UNK,Fy.,Fr,"Kensington, N.H.",Kensington,NH,domestic,Exeter High School,0,https://sacredheartpioneers.com/sports/equestrian/roster/2025-26
eq_64939b775c15,Kylie,Hwalek,equestrian,2025-26,2025-26,D1,Women,Metro Atlantic Athletic Conference,Sacred Heart,,UNK,Sr.,Sr,"Vernon, Conn.",Vernon,CT,domestic,Rockville High School,0,https://sacredheartpioneers.com/sports/equestrian/roster/2025-26
eq_adbdef8a9790,Norah,Jackson,equestrian,2025-26,2025-26,D1,Women,Metro Atlantic Athletic Conference,Sacred Heart,,UNK,Jr.,Jr,"Norfolk, Mass.",Norfolk,MA,domestic,King Philip Regional,0,https://sacredheartpioneers.com/sports/equestrian/roster/2025-26
eq_1ddc85d01fc6,Harley,Jimenez,equestrian,2025-26,2025-26,D1,Women,Metro Atlantic Athletic Conference,Sacred Heart,,UNK,Sr.,Sr,"Poughquag, N.Y.",Poughquag,NY,domestic,Arlington High School,0,https://sacredheartpioneers.com/sports/equestrian/roster/2025-26
eq_9f6762a05155,Virginia,Martin,equestrian,2025-26,2025-26,D1,Women,Metro Atlantic Athletic Conference,Sacred Heart,,UNK,Jr.,Jr,"Ayer, Mass.",Ayer,MA,domestic,Academy of Notre Dame-Tyngsboro,1,https://sacredheartpioneers.com/sports/equestrian/roster/2025-26
eq_cb7413b6597a,Morgan,McCrave,equestrian,2025-26,2025-26,D1,Women,Metro Atlantic Athletic Conference,Sacred Heart,,UNK,Sr.,Sr,"Smithtown, N.Y.",Smithtown,NY,domestic,St. John the Baptist DHS,0,https://sacredheartpioneers.com/sports/equestrian/roster/2025-26
eq_866621d9d4b1,Molly,McKegney,equestrian,2025-26,2025-26,D1,Women,Metro Atlantic Athletic Conference,Sacred Heart,,UNK,Jr.,Jr,"Summit, N.J.",Summit,NJ,domestic,Academy of St. Elizabeth,1,https://sacredheartpioneers.com/sports/equestrian/roster/2025-26
eq_50ab7d228f02,Carina,Muratore,equestrian,2025-26,2025-26,D1,Women,Metro Atlantic Athletic Conference,Sacred Heart,,UNK,Sr.,Sr,"Mount Sinai, N.Y.",Mount Sinai,NY,domestic,Mount Sinai High School,0,https://sacredheartpioneers.com/sports/equestrian/roster/2025-26
eq_ab46a9c43b68,Julia,Parlapiano,equestrian,2025-26,2025-26,D1,Women,Metro Atlantic Athletic Conference,Sacred Heart,,UNK,Sr.,Sr,"Windsor, Conn.",Windsor,CT,domestic,South Windsor High School,0,https://sacredheartpioneers.com/sports/equestrian/roster/2025-26
eq_74a62a8adb9f,Erin,Phillips,equestrian,2025-26,2025-26,D1,Women,Metro Atlantic Athletic Conference,Sacred Heart,,UNK,Sr.,Sr,"Bethel, Conn.",Bethel,CT,domestic,The Harvey School,0,https://sacredheartpioneers.com/sports/equestrian/roster/2025-26
eq_c0a2f6db7f59,Sophia,Poling,equestrian,2025-26,2025-26,D1,Women,Metro Atlantic Athletic Conference,Sacred Heart,,UNK,Sr.,Sr,"Perrysburg, Ohio",Perrysburg,OH,domestic,Central Catholic,0,https://sacredheartpioneers.com/sports/equestrian/roster/2025-26
eq_923ae770717b,Kallie,Ramistella,equestrian,2025-26,2025-26,D1,Women,Metro Atlantic Athletic Conference,Sacred Heart,,UNK,So.,So,"Littleton, Mass.",Littleton,MA,domestic,Littleton High School,0,https://sacredheartpioneers.com/sports/equestrian/roster/2025-26
eq_25981a01a297,Isabella,Ruisi,equestrian,2025-26,2025-26,D1,Women,Metro Atlantic Athletic Conference,Sacred Heart,,UNK,Sr.,Sr,"Kingston, Mass.",Kingston,MA,domestic,Silver Lake Regional,0,https://sacredheartpioneers.com/sports/equestrian/roster/2025-26
eq_88c19acf7448,Ella,Sandvig,equestrian,2025-26,2025-26,D1,Women,Metro Atlantic Athletic Conference,Sacred Heart,,UNK,Fy.,Fr,"Vero Beach, Fla.",Vero Beach,FL,domestic,Saint Edward's High School,0,https://sacredheartpioneers.com/sports/equestrian/roster/2025-26
eq_91a04da7efa6,Eleese,Shillingford,equestrian,2025-26,2025-26,D1,Women,Metro Atlantic Athletic Conference,Sacred Heart,,UNK,Jr.,Jr,"Milton, Ga.",Milton,GA,domestic,Rivers Academy,1,https://sacredheartpioneers.com/sports/equestrian/roster/2025-26
eq_f60719b74afa,Rebecca,Skelton,equestrian,2025-26,2025-26,D1,Women,Metro Atlantic Athletic Conference,Sacred Heart,,UNK,So.,So,Yorktown,Yorktown,,international,Kennedy Catholic,0,https://sacredheartpioneers.com/sports/equestrian/roster/2025-26
eq_61aba1bb9669,Lilliana,St. Pierre,equestrian,2025-26,2025-26,D1,Women,Metro Atlantic Athletic Conference,Sacred Heart,,UNK,Fy.,Fr,"South Berwick, Me.",South Berwick,ME,domestic,Beriwck Academy,1,https://sacredheartpioneers.com/sports/equestrian/roster/2025-26
eq_1aba2aeacb65,Reagan,Waggoner,equestrian,2025-26,2025-26,D1,Women,Metro Atlantic Athletic Conference,Sacred Heart,,UNK,Jr.,Jr,"Media, Penn.",Media,PA,domestic,Archer Academy,1,https://sacredheartpioneers.com/sports/equestrian/roster/2025-26
eq_156db70b4bba,Elodie,Watrous,equestrian,2025-26,2025-26,D1,Women,Metro Atlantic Athletic Conference,Sacred Heart,,UNK,Fy.,Fr,"Wilmette, Ill.",Wilmette,IL,domestic,Signature One-to-One School,0,https://sacredheartpioneers.com/sports/equestrian/roster/2025-26
eq_2c2e00f58f25,Sydney,Woychuk,equestrian,2025-26,2025-26,D1,Women,Metro Atlantic Athletic Conference,Sacred Heart,,UNK,So.,So,"Aquebogue, N.Y.",Aquebogue,NY,domestic,Riverhead High School,0,https://sacredheartpioneers.com/sports/equestrian/roster/2025-26
eq_b98d7b7a76a7,Avery,Bergan,equestrian,2025-26,2025-26,D1,Women,Summit League,South Dakota St.,Western,Western,So.,So,"Baldwin City, Kan.",Baldwin City,KS,domestic,Baldwin H.S.,0,https://gojacks.com/sports/equestrian/roster/2025-26
eq_14ec570c928d,Brooke,Borges,equestrian,2025-26,2025-26,D1,Women,Summit League,South Dakota St.,Jumping Seat,Fences,Jr.,Jr,"Osceola, Fla.",Osceola,FL,domestic,Osceola Fundamental H.S.,0,https://gojacks.com/sports/equestrian/roster/2025-26
eq_04e98aec5cf3,Sydney,Chmel,equestrian,2025-26,2025-26,D1,Women,Summit League,South Dakota St.,Jumping Seat,Fences,So.,So,"Lake Quivira, Kan.",Lake Quivira,KS,domestic,St. Teresa's Academy,1,https://gojacks.com/sports/equestrian/roster/2025-26
eq_979d187c726b,Hannah,Dutton,equestrian,2025-26,2025-26,D1,Women,Summit League,South Dakota St.,Western,Western,Jr.,Jr,"Mount Vernon, Wash.",Mount Vernon,WA,domestic,Mount Vernon H.S.,0,https://gojacks.com/sports/equestrian/roster/2025-26
eq_1d92874c7792,Sierra,Elliott,equestrian,2025-26,2025-26,D1,Women,Summit League,South Dakota St.,Jumping Seat,Fences,Jr.,Jr,"Harmony, Fla.",Harmony,FL,domestic,Homeschool,1,https://gojacks.com/sports/equestrian/roster/2025-26
eq_40e7584dedca,Reagan,Gehm,equestrian,2025-26,2025-26,D1,Women,Summit League,South Dakota St.,Jumping Seat,Fences,Fr.,Fr,"St. Louis, Mo.",St. Louis,MO,domestic,Villa Duchesne Catholic,0,https://gojacks.com/sports/equestrian/roster/2025-26
eq_b450a702ced8,Grace,Gerbus,equestrian,2025-26,2025-26,D1,Women,Summit League,South Dakota St.,Western,Western,Sr.,Sr,"Pendleton, Ky.",Pendleton,KY,domestic,Oldham County H.S.,0,https://gojacks.com/sports/equestrian/roster/2025-26
eq_8bccc65ec319,Sarah,Gould,equestrian,2025-26,2025-26,D1,Women,Summit League,South Dakota St.,Jumping Seat,Fences,Jr.,Jr,"Carmel, Ind.",Carmel,IN,domestic,Carmel H.S.,0,https://gojacks.com/sports/equestrian/roster/2025-26
eq_f241c8373967,Juliana,Gullo,equestrian,2025-26,2025-26,D1,Women,Summit League,South Dakota St.,Jumping Seat,Fences,Sr.,Sr,"Itasca, Ill.",Itasca,IL,domestic,Lake Park H.S.,0,https://gojacks.com/sports/equestrian/roster/2025-26
eq_b358821050ca,Hailey,Hanson,equestrian,2025-26,2025-26,D1,Women,Summit League,South Dakota St.,Western,Western,So.,So,Inver Grove,Inver Grove,,international,Rosemount H.S.,0,https://gojacks.com/sports/equestrian/roster/2025-26
eq_d7a107c3459e,Adisyn,Kuxhaus,equestrian,2025-26,2025-26,D1,Women,Summit League,South Dakota St.,Western,Western,Sr.,Sr,"Pierre, S.D.",Pierre,SD,domestic,T.F. Riggs H.S.,0,https://gojacks.com/sports/equestrian/roster/2025-26
eq_73f43369dfec,Isabelle,Malick,equestrian,2025-26,2025-26,D1,Women,Summit League,South Dakota St.,Jumping Seat,Fences,So.,So,"Colorado Springs, Colo.",Colorado Springs,CO,domestic,Village H.S.,0,https://gojacks.com/sports/equestrian/roster/2025-26
eq_53a7aa867c46,Brighton,McBride,equestrian,2025-26,2025-26,D1,Women,Summit League,South Dakota St.,Western,Western,Sr.,Sr,"Overland Park, Kan.",Overland Park,KS,domestic,Blue Valley West H.S.,0,https://gojacks.com/sports/equestrian/roster/2025-26
eq_37827b05dee6,Maryn,Mead,equestrian,2025-26,2025-26,D1,Women,Summit League,South Dakota St.,Western,Western,Jr.,Jr,"Norfolk, Neb.",Norfolk,NE,domestic,Norfolk H.S.,0,https://gojacks.com/sports/equestrian/roster/2025-26
eq_e488a2dde4f5,Anna,Minich,equestrian,2025-26,2025-26,D1,Women,Summit League,South Dakota St.,Western,Western,So.,So,"LaPorte, Ind.",LaPorte,IN,domestic,South Central Senior H.S.,0,https://gojacks.com/sports/equestrian/roster/2025-26
eq_737b4a5fc53e,Lucy,Puhalla,equestrian,2025-26,2025-26,D1,Women,Summit League,South Dakota St.,Jumping Seat,Fences,Fr.,Fr,"Pittsburgh, Pa.",Pittsburgh,PA,domestic,North Catholic,0,https://gojacks.com/sports/equestrian/roster/2025-26
eq_881d62972547,Emma,Riggs,equestrian,2025-26,2025-26,D1,Women,Summit League,South Dakota St.,Western,Western,So.,So,"Alexandria, S.D.",Alexandria,SD,domestic,"Hanson, H.S.",0,https://gojacks.com/sports/equestrian/roster/2025-26
eq_82381d427803,Caroline,Roche,equestrian,2025-26,2025-26,D1,Women,Summit League,South Dakota St.,Jumping Seat,Fences,So.,So,"St. Louis, Mo.",St. Louis,MO,domestic,Ladue Horton Watkins H.S.,0,https://gojacks.com/sports/equestrian/roster/2025-26
eq_ee636b119b04,Kendyl,Rudolf,equestrian,2025-26,2025-26,D1,Women,Summit League,South Dakota St.,Jumping Seat,Fences,Jr.,Jr,"Zionsville, Ind.",Zionsville,IN,domestic,Zionsville H.S.,0,https://gojacks.com/sports/equestrian/roster/2025-26
eq_c3e77fa17b89,Addison,Saterback,equestrian,2025-26,2025-26,D1,Women,Summit League,South Dakota St.,Western,Western,Fr.,Fr,"St. Paul, Minn.",St. Paul,MN,domestic,Mahtomedi H.S.,0,https://gojacks.com/sports/equestrian/roster/2025-26
eq_fef2d81b1a05,Kayla,Scherer,equestrian,2025-26,2025-26,D1,Women,Summit League,South Dakota St.,Jumping Seat,Fences,Jr.,Jr,"Fort Collins, Colo.",Fort Collins,CO,domestic,Fossil Ridge H.S.,0,https://gojacks.com/sports/equestrian/roster/2025-26
eq_9488918ae3eb,Kathleen,Schmitz,equestrian,2025-26,2025-26,D1,Women,Summit League,South Dakota St.,Western,Western,Fr.,Fr,"Harlan, Iowa",Harlan,IA,domestic,Harlan Community H.S.,0,https://gojacks.com/sports/equestrian/roster/2025-26
eq_518fc2606223,Cora,Theis,equestrian,2025-26,2025-26,D1,Women,Summit League,South Dakota St.,Jumping Seat,Fences,Sr.,Sr,"Farmington, Minn.",Farmington,MN,domestic,Rosemount H.S.,0,https://gojacks.com/sports/equestrian/roster/2025-26
eq_d686f8088987,Lillie,Wallis,equestrian,2025-26,2025-26,D1,Women,Summit League,South Dakota St.,Western,Western,So.,So,"Chesterfield, Mo.",Chesterfield,MO,domestic,Marquette H.S.,0,https://gojacks.com/sports/equestrian/roster/2025-26
eq_7e1d1f349258,Heidi,White,equestrian,2025-26,2025-26,D1,Women,Summit League,South Dakota St.,Jumping Seat,Fences,Fr.,Fr,"Senoia, Ga.",Senoia,GA,domestic,Georgia Connections Academy,1,https://gojacks.com/sports/equestrian/roster/2025-26
eq_5387b83268ed,Event,,equestrian,2025-26,2025-26,D1,Women,Summit League,South Dakota St.,,UNK,,UNK,,,,unknown,Kan. St. Teresa's Academy,1,https://gojacks.com/sports/equestrian/roster/2025-26
eq_afaf38b42da9,Alyssa,Bauer,equestrian,2025-26,2025-26,D1,Women,Southeastern Conference,South Carolina,Jumping Seat,Fences,Sophomore,So,"Califon, NJ",Califon,NJ,domestic,Voorhees High School,0,https://gamecocksonline.com/sports/equestrian/roster/
eq_b1c3295d263c,Abby,Bauknight,equestrian,2025-26,2025-26,D1,Women,Southeastern Conference,South Carolina,Jumping Seat,Fences,Junior,Jr,"Irmo, SC",Irmo,SC,domestic,,0,https://gamecocksonline.com/sports/equestrian/roster/
eq_8634d73bc1b0,Jenna,Berghorst,equestrian,2025-26,2025-26,D1,Women,Southeastern Conference,South Carolina,Horsemanship,Horsemanship,Junior,Jr,"Hamilton, MI",Hamilton,MI,domestic,,0,https://gamecocksonline.com/sports/equestrian/roster/
eq_20609091d8a7,Chloe,Canter,equestrian,2025-26,2025-26,D1,Women,Southeastern Conference,South Carolina,Flat and Fences,Multi,Sophomore,So,"Whitehall, MD",Whitehall,MD,domestic,Garrison Forest School,0,https://gamecocksonline.com/sports/equestrian/roster/
eq_d2e5dda80195,Olivia,Cardi,equestrian,2025-26,2025-26,D1,Women,Southeastern Conference,South Carolina,Reining,Reining,Sophomore,So,"Delaware, OH",Delaware,OH,domestic,Olentangy Berlin High School,0,https://gamecocksonline.com/sports/equestrian/roster/
eq_b3746d26a6ea,Samantha,Cichos,equestrian,2025-26,2025-26,D1,Women,Southeastern Conference,South Carolina,Horsemanship,Horsemanship,Sophomore,So,"Bellevue, WA",Bellevue,WA,domestic,Eastside Prep,1,https://gamecocksonline.com/sports/equestrian/roster/
eq_84dbe5d92dfb,Alexis,Daugird,equestrian,2025-26,2025-26,D1,Women,Southeastern Conference,South Carolina,Horsemanship,Horsemanship,Senior,Sr,"Waunakee, WI",Waunakee,WI,domestic,Waunakee Community,0,https://gamecocksonline.com/sports/equestrian/roster/
eq_2e8a4357fa2b,Brooke,Farfone,equestrian,2025-26,2025-26,D1,Women,Southeastern Conference,South Carolina,Jumping Seat,Fences,Freshman,Fr,"Charleston, SC",Charleston,SC,domestic,,0,https://gamecocksonline.com/sports/equestrian/roster/
eq_22fc75e6fd27,Opal,Fomish,equestrian,2025-26,2025-26,D1,Women,Southeastern Conference,South Carolina,Reining,Reining,Sophomore,So,"Oxford, FL",Oxford,FL,domestic,Florida Virtual,0,https://gamecocksonline.com/sports/equestrian/roster/
eq_8171867f63ac,Mahaley,Gann,equestrian,2025-26,2025-26,D1,Women,Southeastern Conference,South Carolina,Flat and Fences,Multi,Senior,Sr,"Denton, TX",Denton,TX,domestic,,0,https://gamecocksonline.com/sports/equestrian/roster/
eq_1df8a0f7c1b6,Maddie,Godard,equestrian,2025-26,2025-26,D1,Women,Southeastern Conference,South Carolina,Jumping Seat,Fences,Freshman,Fr,,,,unknown,,0,https://gamecocksonline.com/sports/equestrian/roster/
eq_5b250ea681fe,Madison,Hammon,equestrian,2025-26,2025-26,D1,Women,Southeastern Conference,South Carolina,Horsemanship,Horsemanship,Senior,Sr,"Kingston, WA",Kingston,WA,domestic,,0,https://gamecocksonline.com/sports/equestrian/roster/
eq_3e8523f27b70,Addison,Hinton,equestrian,2025-26,2025-26,D1,Women,Southeastern Conference,South Carolina,Reining,Reining,Freshman,Fr,"Ashland, MO",Ashland,MO,domestic,,0,https://gamecocksonline.com/sports/equestrian/roster/
eq_741eb8a66c35,Faith,Horner,equestrian,2025-26,2025-26,D1,Women,Southeastern Conference,South Carolina,Reining,Reining,Sophomore,So,"Dallas, TX",Dallas,TX,domestic,,0,https://gamecocksonline.com/sports/equestrian/roster/
eq_be347882ac4e,Caylee,Howerton,equestrian,2025-26,2025-26,D1,Women,Southeastern Conference,South Carolina,Reining,Reining,Freshman,Fr,"Sebring, FL",Sebring,FL,domestic,,0,https://gamecocksonline.com/sports/equestrian/roster/
eq_ce5039c3aa84,Jordyn,Humbert,equestrian,2025-26,2025-26,D1,Women,Southeastern Conference,South Carolina,Horsemanship,Horsemanship,Junior,Jr,"Republic, OH",Republic,OH,domestic,,0,https://gamecocksonline.com/sports/equestrian/roster/
eq_7b65239e2a0f,Natalie,Jayne,equestrian,2025-26,2025-26,D1,Women,Southeastern Conference,South Carolina,Flat and Fences,Multi,Senior,Sr,"Elign, IL",Elign,IL,domestic,Elign Academy,1,https://gamecocksonline.com/sports/equestrian/roster/
eq_73cd16a70b92,Carly,Jenkins,equestrian,2025-26,2025-26,D1,Women,Southeastern Conference,South Carolina,Horsemanship,Horsemanship,Senior,Sr,"Jericho, VT",Jericho,VT,domestic,Mount Mansfield Union,0,https://gamecocksonline.com/sports/equestrian/roster/
eq_a7f3ea035b80,Alyssa,Jipping,equestrian,2025-26,2025-26,D1,Women,Southeastern Conference,South Carolina,Horsemanship,Horsemanship,Senior,Sr,"Hamilton, MI",Hamilton,MI,domestic,Hamilton High School,0,https://gamecocksonline.com/sports/equestrian/roster/
eq_7fb2700956b8,Susannah,Johnson,equestrian,2025-26,2025-26,D1,Women,Southeastern Conference,South Carolina,Flat and Fences,Multi,Senior,Sr,"Chapin, SC",Chapin,SC,domestic,,0,https://gamecocksonline.com/sports/equestrian/roster/
eq_4aba549682fb,Charlotte,Jumper,equestrian,2025-26,2025-26,D1,Women,Southeastern Conference,South Carolina,Jumping Seat,Fences,Freshman,Fr,"Westport, CT",Westport,CT,domestic,,0,https://gamecocksonline.com/sports/equestrian/roster/
eq_9a44a8c9ef4b,Amira,Kettaneh,equestrian,2025-26,2025-26,D1,Women,Southeastern Conference,South Carolina,Flat and Fences,Multi,Sophomore,So,"Hollis, NH",Hollis,NH,domestic,,0,https://gamecocksonline.com/sports/equestrian/roster/
eq_67adbdadf58a,Camden,Kitchens,equestrian,2025-26,2025-26,D1,Women,Southeastern Conference,South Carolina,Flat and Fences,Multi,Junior,Jr,"Chapel Hill, NC",Chapel Hill,NC,domestic,,0,https://gamecocksonline.com/sports/equestrian/roster/
eq_8eadb38dc0d6,Kenley,Koch,equestrian,2025-26,2025-26,D1,Women,Southeastern Conference,South Carolina,Flat and Fences,Multi,Senior,Sr,"Brick, NJ",Brick,NJ,domestic,Point Pleasant Beach,0,https://gamecocksonline.com/sports/equestrian/roster/
eq_53c85856cee6,Kelsey,Lambert,equestrian,2025-26,2025-26,D1,Women,Southeastern Conference,South Carolina,Jumping Seat,Fences,Freshman,Fr,"Chevy Chase, MD",Chevy Chase,MD,domestic,,0,https://gamecocksonline.com/sports/equestrian/roster/
eq_2ff129a3e26d,Lillian,Laney,equestrian,2025-26,2025-26,D1,Women,Southeastern Conference,South Carolina,Horsemanship,Horsemanship,Freshman,Fr,"Rosebush, MI",Rosebush,MI,domestic,UT Martin,0,https://gamecocksonline.com/sports/equestrian/roster/
eq_3517b6d82b5b,Julia,Lee,equestrian,2025-26,2025-26,D1,Women,Southeastern Conference,South Carolina,Horsemanship,Horsemanship,Junior,Jr,"Grove City, OH",Grove City,OH,domestic,,0,https://gamecocksonline.com/sports/equestrian/roster/
eq_d272e92aabb0,Paris,Levy,equestrian,2025-26,2025-26,D1,Women,Southeastern Conference,South Carolina,Jumping Seat,Fences,Freshman,Fr,"Hillsdale, NY",Hillsdale,NY,domestic,,0,https://gamecocksonline.com/sports/equestrian/roster/
eq_70e01c645018,Emerson,Madonia,equestrian,2025-26,2025-26,D1,Women,Southeastern Conference,South Carolina,Reining,Reining,Senior,Sr,"Lincolnton, NC",Lincolnton,NC,domestic,Laurel Springs,0,https://gamecocksonline.com/sports/equestrian/roster/
eq_941ba044eb20,Vanessa,McCaughley,equestrian,2025-26,2025-26,D1,Women,Southeastern Conference,South Carolina,Flat and Fences,Multi,Sophomore,So,"Lexington, KY",Lexington,KY,domestic,,0,https://gamecocksonline.com/sports/equestrian/roster/
eq_6b5a96c755cc,Abby,McCullough,equestrian,2025-26,2025-26,D1,Women,Southeastern Conference,South Carolina,Horsemanship,Horsemanship,Freshman,Fr,"Greensburg, PA",Greensburg,PA,domestic,,0,https://gamecocksonline.com/sports/equestrian/roster/
eq_bd7bab9e7ad2,Mattilyn,McNeill,equestrian,2025-26,2025-26,D1,Women,Southeastern Conference,South Carolina,Reining,Reining,Senior,Sr,"Elizabeth City, NC",Elizabeth City,NC,domestic,Northeast Academy,1,https://gamecocksonline.com/sports/equestrian/roster/
eq_e3187fc6ddda,Mary,Hunter Millet,equestrian,2025-26,2025-26,D1,Women,Southeastern Conference,South Carolina,Flat and Fences,Multi,Senior,Sr,"Hillsborough, NC",Hillsborough,NC,domestic,Cedar Ridge,0,https://gamecocksonline.com/sports/equestrian/roster/
eq_acbde2af4f5a,Eddyn,Molden,equestrian,2025-26,2025-26,D1,Women,Southeastern Conference,South Carolina,Jumping Seat,Fences,Freshman,Fr,"Winchester, VA",Winchester,VA,domestic,,0,https://gamecocksonline.com/sports/equestrian/roster/
eq_be6960444851,Kendal,Norcross,equestrian,2025-26,2025-26,D1,Women,Southeastern Conference,South Carolina,Reining,Reining,Freshman,Fr,"Corvallis, OR",Corvallis,OR,domestic,,0,https://gamecocksonline.com/sports/equestrian/roster/
eq_0d20a1d89b91,Emily,Patton,equestrian,2025-26,2025-26,D1,Women,Southeastern Conference,South Carolina,Reining,Reining,Freshman,Fr,"Ostrander, OH",Ostrander,OH,domestic,,0,https://gamecocksonline.com/sports/equestrian/roster/
eq_642b9f3729b3,Alexis,Potts,equestrian,2025-26,2025-26,D1,Women,Southeastern Conference,South Carolina,Horsemanship,Horsemanship,Junior,Jr,"Fountain Inn, SC",Fountain Inn,SC,domestic,,,https://gamecocksonline.com/sports/equestrian/roster/
eq_a5f6e7085294,Bella,Primavera,equestrian,2025-26,2025-26,D1,Women,Southeastern Conference,South Carolina,Flat and Fences,Multi,Senior,Sr,"Aptos, CA",Aptos,CA,domestic,Monte Vista Christian,0,https://gamecocksonline.com/sports/equestrian/roster/
eq_ff351597c812,Grace,Rabb,equestrian,2025-26,2025-26,D1,Women,Southeastern Conference,South Carolina,Flat and Fences,Multi,Junior,Jr,"Rock Hill, SC",Rock Hill,SC,domestic,,0,https://gamecocksonline.com/sports/equestrian/roster/
eq_5043c030c837,Sarah,Rabb,equestrian,2025-26,2025-26,D1,Women,Southeastern Conference,South Carolina,Flat and Fences,Multi,Junior,Jr,"Rock Hill, SC",Rock Hill,SC,domestic,,0,https://gamecocksonline.com/sports/equestrian/roster/
eq_60dffbe27181,Abigail,Roos,equestrian,2025-26,2025-26,D1,Women,Southeastern Conference,South Carolina,Horsemanship,Horsemanship,Freshman,Fr,"Niles, MI",Niles,MI,domestic,,0,https://gamecocksonline.com/sports/equestrian/roster/
eq_d3ced553e18e,Georgia,Schmidt,equestrian,2025-26,2025-26,D1,Women,Southeastern Conference,South Carolina,Flat and Fences,Multi,Sophomore,So,"Cockeysville, MD",Cockeysville,MD,domestic,McDonogh School,0,https://gamecocksonline.com/sports/equestrian/roster/
eq_a7ccf650c34c,Chloe,Smith,equestrian,2025-26,2025-26,D1,Women,Southeastern Conference,South Carolina,Horsemanship,Horsemanship,Sophomore,So,"Maple Valley, WA",Maple Valley,WA,domestic,,0,https://gamecocksonline.com/sports/equestrian/roster/
eq_fa1fdb9cf3b8,Gracie,Mae Stingle,equestrian,2025-26,2025-26,D1,Women,Southeastern Conference,South Carolina,Reining,Reining,Sophomore,So,"London, OH",London,OH,domestic,Madison-Plains High School,0,https://gamecocksonline.com/sports/equestrian/roster/
eq_fb2e06bfdcfb,Chloe,Tanner,equestrian,2025-26,2025-26,D1,Women,Southeastern Conference,South Carolina,Jumping Seat,Fences,Freshman,Fr,"Ponte Vedra Beach, FL",Ponte Vedra Beach,FL,domestic,,0,https://gamecocksonline.com/sports/equestrian/roster/
eq_0b4c1208b532,Carson,Tulloss,equestrian,2025-26,2025-26,D1,Women,Southeastern Conference,South Carolina,Reining,Reining,Junior,Jr,"Flagstaff, AZ",Flagstaff,AZ,domestic,,0,https://gamecocksonline.com/sports/equestrian/roster/
eq_173f9c1e3448,Haley,Turner,equestrian,2025-26,2025-26,D1,Women,Southeastern Conference,South Carolina,Reining,Reining,Graduate Student,Gr,"Columbus, OH",Columbus,OH,domestic,,0,https://gamecocksonline.com/sports/equestrian/roster/
eq_e8b384da0c5c,Ruby,Voortmeyer,equestrian,2025-26,2025-26,D1,Women,Southeastern Conference,South Carolina,Horsemanship,Horsemanship,Senior,Sr,"Holladay, UT",Holladay,UT,domestic,,0,https://gamecocksonline.com/sports/equestrian/roster/
eq_21c4d9d3c236,Madison,Widmer,equestrian,2025-26,2025-26,D1,Women,Southeastern Conference,South Carolina,Jumping Seat,Fences,Freshman,Fr,"Doyline, LA",Doyline,LA,domestic,,0,https://gamecocksonline.com/sports/equestrian/roster/
eq_cea4926db124,Hampton,Baker,equestrian,2025-26,2025-26,D1,Women,Atlantic Coast Conference,SMU,Jumping Seat,Fences,FR,Fr,"Austin, Texas",Austin,TX,domestic,St. Michael's,0,https://smumustangs.com/sports/equestrian/roster/2025-26
eq_ec7ac63c7602,Brooke,Banks,equestrian,2025-26,2025-26,D1,Women,Atlantic Coast Conference,SMU,Western,Western,FR,Fr,"Redwood City, Calif.",Redwood City,CA,domestic,Woodside,0,https://smumustangs.com/sports/equestrian/roster/2025-26
eq_195690575b40,Alexa,Black,equestrian,2025-26,2025-26,D1,Women,Atlantic Coast Conference,SMU,Western,Western,SR,Sr,"Cedarville, Ohio",Cedarville,OH,domestic,Cedarville HS,0,https://smumustangs.com/sports/equestrian/roster/2025-26
eq_16dd06e1af7b,Ava,Blyth,equestrian,2025-26,2025-26,D1,Women,Atlantic Coast Conference,SMU,Western,Western,SO,So,"Bend, Ore.",Bend,OR,domestic,Mountain View HS,0,https://smumustangs.com/sports/equestrian/roster/2025-26
eq_e297933a3b0a,Makenna,Bomke,equestrian,2025-26,2025-26,D1,Women,Atlantic Coast Conference,SMU,Western,Western,JR,Jr,"Bend, Ore.",Bend,OR,domestic,Mountain View HS,0,https://smumustangs.com/sports/equestrian/roster/2025-26
eq_3dce054de676,Shaelyn,Boutelle,equestrian,2025-26,2025-26,D1,Women,Atlantic Coast Conference,SMU,Western,Western,SO,So,"Elkhorn, Wis.",Elkhorn,WI,domestic,Elkhorn,0,https://smumustangs.com/sports/equestrian/roster/2025-26
eq_5b46ad9aa20f,Rachel,Brandt,equestrian,2025-26,2025-26,D1,Women,Atlantic Coast Conference,SMU,Jumping Seat,Fences,SO,So,"Orange County, Calif.",Orange County,CA,domestic,Santa Margarita Catholic,0,https://smumustangs.com/sports/equestrian/roster/2025-26
eq_5848fe2e0dba,Reynolds,Cole,equestrian,2025-26,2025-26,D1,Women,Atlantic Coast Conference,SMU,Jumping Seat,Fences,SR,Sr,"Tuscaloosa, Ala.",Tuscaloosa,AL,domestic,Tuscaloosa Academy,1,https://smumustangs.com/sports/equestrian/roster/2025-26
eq_48fce5a74e64,Schuyler,Dayner,equestrian,2025-26,2025-26,D1,Women,Atlantic Coast Conference,SMU,Jumping Seat,Fences,FR,Fr,"Odessa, Fla.",Odessa,FL,domestic,U.S. Performance Academy,1,https://smumustangs.com/sports/equestrian/roster/2025-26
eq_7adc8c9918ba,Evie,Doles,equestrian,2025-26,2025-26,D1,Women,Atlantic Coast Conference,SMU,Western,Western,JR,Jr,"Saint Louis, Mo.",Saint Louis,MO,domestic,Whitfield School,0,https://smumustangs.com/sports/equestrian/roster/2025-26
eq_d466d88d6160,Grayson,Douglas,equestrian,2025-26,2025-26,D1,Women,Atlantic Coast Conference,SMU,Western,Western,JR,Jr,"Franklin, Tenn.",Franklin,TN,domestic,Battle Ground Academy,1,https://smumustangs.com/sports/equestrian/roster/2025-26
eq_cfeb0ae626ad,Sara,Beth Filiatreau,equestrian,2025-26,2025-26,D1,Women,Atlantic Coast Conference,SMU,Western,Western,SO,So,"Bardstown, Ky.",Bardstown,KY,domestic,Thomas Nelson HS,0,https://smumustangs.com/sports/equestrian/roster/2025-26
eq_c5db00f02de8,Avery,Hansen,equestrian,2025-26,2025-26,D1,Women,Atlantic Coast Conference,SMU,Jumping Seat,Fences,JR,Jr,"Houston, Texas",Houston,TX,domestic,The Woodlands Christian,0,https://smumustangs.com/sports/equestrian/roster/2025-26
eq_bd119389ea61,Hannah,Hoch,equestrian,2025-26,2025-26,D1,Women,Atlantic Coast Conference,SMU,Jumping Seat,Fences,SR,Sr,"Whitefish Bay, Wisc.",Whitefish Bay,WI,domestic,University School,0,https://smumustangs.com/sports/equestrian/roster/2025-26
eq_af2e56cb1ad0,Augusta,Iwasaki,equestrian,2025-26,2025-26,D1,Women,Atlantic Coast Conference,SMU,Jumping Seat,Fences,SR,Sr,"Calabasas, Calif.",Calabasas,CA,domestic,University of Nebraska Online HS,0,https://smumustangs.com/sports/equestrian/roster/2025-26
eq_d3716da1cbfc,Genevieve,Johns,equestrian,2025-26,2025-26,D1,Women,Atlantic Coast Conference,SMU,Jumping Seat,Fences,JR,Jr,"Munster, Ind.",Munster,IN,domestic,Indiana University HS,0,https://smumustangs.com/sports/equestrian/roster/2025-26
eq_3f558a891c8a,Katie,Kiely,equestrian,2025-26,2025-26,D1,Women,Atlantic Coast Conference,SMU,Jumping Seat,Fences,SO,So,"Rumson, N.J.",Rumson,NJ,domestic,The Ranney School,0,https://smumustangs.com/sports/equestrian/roster/2025-26
eq_eba35f9b31ff,Taylor,Kraft,equestrian,2025-26,2025-26,D1,Women,Atlantic Coast Conference,SMU,Jumping Seat,Fences,SR,Sr,"Bernardsville, N.J.",Bernardsville,NJ,domestic,Villa Wash Academy,1,https://smumustangs.com/sports/equestrian/roster/2025-26
eq_a4a23e426c77,Siena,Krueger,equestrian,2025-26,2025-26,D1,Women,Atlantic Coast Conference,SMU,Western,Western,SR,Sr,"Bellevue, Wash.",Bellevue,WA,domestic,Eastside Catholic,0,https://smumustangs.com/sports/equestrian/roster/2025-26
eq_cf633a08592c,Jayna,Lagace,equestrian,2025-26,2025-26,D1,Women,Atlantic Coast Conference,SMU,Western,Western,JR,Jr,"Higganum, Conn.",Higganum,CT,domestic,Haddam-Killingworth HS,0,https://smumustangs.com/sports/equestrian/roster/2025-26
eq_75333d5cc1d8,Anya,Leland,equestrian,2025-26,2025-26,D1,Women,Atlantic Coast Conference,SMU,Western,Western,SO,So,"Bellevue, Wash.",Bellevue,WA,domestic,Bellevue HS,0,https://smumustangs.com/sports/equestrian/roster/2025-26
eq_f2e7883e222c,Anna,Markcrow,equestrian,2025-26,2025-26,D1,Women,Atlantic Coast Conference,SMU,Jumping Seat,Fences,FR,Fr,"Manchester Center, Vt.",Manchester Center,VT,domestic,Burr and Burton Academy,1,https://smumustangs.com/sports/equestrian/roster/2025-26
eq_f03b1978a78d,Aedan,Mooney,equestrian,2025-26,2025-26,D1,Women,Atlantic Coast Conference,SMU,Jumping Seat,Fences,RS SO,UNK,"Golden, Colo.",Golden,CO,domestic,Faith Christian,0,https://smumustangs.com/sports/equestrian/roster/2025-26
eq_73210ade6b3c,Elle,Moreno,equestrian,2025-26,2025-26,D1,Women,Atlantic Coast Conference,SMU,Jumping Seat,Fences,SR,Sr,"Dallas, Texas",Dallas,TX,domestic,Spring Creek Academy,1,https://smumustangs.com/sports/equestrian/roster/2025-26
eq_96012ab849fe,Adair,Moses,equestrian,2025-26,2025-26,D1,Women,Atlantic Coast Conference,SMU,Jumping Seat,Fences,FR,Fr,"Dallas, Texas",Dallas,TX,domestic,Greenhill,0,https://smumustangs.com/sports/equestrian/roster/2025-26
eq_d17a1b20c56e,Ava,Peck,equestrian,2025-26,2025-26,D1,Women,Atlantic Coast Conference,SMU,Jumping Seat,Fences,GR,Gr,"Los Angeles, Calif.",Los Angeles,CA,domestic,,,https://smumustangs.com/sports/equestrian/roster/2025-26
eq_e24d3ccbe3f7,Madison,Rafacz,equestrian,2025-26,2025-26,D1,Women,Atlantic Coast Conference,SMU,Western,Western,FR,Fr,"Ocala, Fla.",Ocala,FL,domestic,North Marion,0,https://smumustangs.com/sports/equestrian/roster/2025-26
eq_133f06ac0df5,Addi,Schmersal,equestrian,2025-26,2025-26,D1,Women,Atlantic Coast Conference,SMU,Western,Western,SO,So,"Scottsdale, Ariz.",Scottsdale,AZ,domestic,Scottsdale Online Learning,0,https://smumustangs.com/sports/equestrian/roster/2025-26
eq_f73a62c99a82,Violet,Shetler,equestrian,2025-26,2025-26,D1,Women,Atlantic Coast Conference,SMU,Western,Western,SO,So,"Seagertown, Pa.",Seagertown,PA,domestic,Seagertown HS,0,https://smumustangs.com/sports/equestrian/roster/2025-26
eq_760a9e35103d,Caroline,Signorino,equestrian,2025-26,2025-26,D1,Women,Atlantic Coast Conference,SMU,Jumping Seat,Fences,SO,So,"Basking Ridge, N.J.",Basking Ridge,NJ,domestic,Gill St. Bernard's,0,https://smumustangs.com/sports/equestrian/roster/2025-26
eq_7ad7233fb317,Katelyn,VanDenburg,equestrian,2025-26,2025-26,D1,Women,Atlantic Coast Conference,SMU,Jumping Seat,Fences,JR,Jr,"Miller Place, N.Y.",Miller Place,NY,domestic,Miller Place HS,0,https://smumustangs.com/sports/equestrian/roster/2025-26
eq_09e2c42f4362,Annie,Veenstra,equestrian,2025-26,2025-26,D1,Women,Atlantic Coast Conference,SMU,Jumping Seat,Fences,SR,Sr,"Santa Fe, N.M.",Santa Fe,NM,domestic,Santa Fe Preparatory,1,https://smumustangs.com/sports/equestrian/roster/2025-26
eq_06389dd551d5,Paige,Walkenbach,equestrian,2025-26,2025-26,D1,Women,Atlantic Coast Conference,SMU,Jumping Seat,Fences,FR,Fr,"Paradise Valley, Ariz.",Paradise Valley,AZ,domestic,Phoenix Country,0,https://smumustangs.com/sports/equestrian/roster/2025-26
eq_7356f7263e6a,Annabele,Whitehead,equestrian,2025-26,2025-26,D1,Women,Atlantic Coast Conference,SMU,Jumping Seat,Fences,SR,Sr,"Richmond, Va.",Richmond,VA,domestic,Chatham Hall HS,0,https://smumustangs.com/sports/equestrian/roster/2025-26
eq_4149d2969dcd,Sakari,Wilkinson,equestrian,2025-26,2025-26,D1,Women,Atlantic Coast Conference,SMU,Western,Western,FR,Fr,"Amber, Okla.",Amber,OK,domestic,Community Christian,0,https://smumustangs.com/sports/equestrian/roster/2025-26
eq_7a1d152076cf,Meagan,Braun,equestrian,2025-26,2025-26,D1,Women,Southeastern Conference,Texas A&M,HORSEMANSHIP,Horsemanship,Senior,Sr,"Franktown, Colo.",Franktown,CO,domestic,,0,https://12thman.com/sports/equestrian/roster/season/2025-26
eq_ba601303c0b3,Kendall,Austin,equestrian,2025-26,2025-26,D1,Women,Southeastern Conference,Texas A&M,JUMPING SEAT,Fences,Senior,Sr,"Virginia Beach, Va.",Virginia Beach,VA,domestic,,0,https://12thman.com/sports/equestrian/roster/season/2025-26
eq_07b81a845aa3,Kaitlyn,Bloom,equestrian,2025-26,2025-26,D1,Women,Southeastern Conference,Texas A&M,HORSEMANSHIP,Horsemanship,Senior,Sr,"Bonanza, Ore.",Bonanza,OR,domestic,,0,https://12thman.com/sports/equestrian/roster/season/2025-26
eq_326cb5f23df7,Natalie,Coffin,equestrian,2025-26,2025-26,D1,Women,Southeastern Conference,Texas A&M,JUMPING SEAT,Fences,Freshman,Fr,"St. Charles, Ill.",St. Charles,IL,domestic,,0,https://12thman.com/sports/equestrian/roster/season/2025-26
eq_af1b327e92cf,Cara,Christensen,equestrian,2025-26,2025-26,D1,Women,Southeastern Conference,Texas A&M,HORSEMANSHIP,Horsemanship,Freshman,Fr,"Pilot Point, Texas",Pilot Point,TX,domestic,,0,https://12thman.com/sports/equestrian/roster/season/2025-26
eq_dafa236af0ff,Marina,Caputo,equestrian,2025-26,2025-26,D1,Women,Southeastern Conference,Texas A&M,HORSEMANSHIP,Horsemanship,Junior,Jr,"Seattle, Wash.",Seattle,WA,domestic,,0,https://12thman.com/sports/equestrian/roster/season/2025-26
eq_52c82c49f12c,McKenna,Bein,equestrian,2025-26,2025-26,D1,Women,Southeastern Conference,Texas A&M,REINING,Reining,Freshman,Fr,"Cave Creek, Ariz.",Cave Creek,AZ,domestic,,0,https://12thman.com/sports/equestrian/roster/season/2025-26
eq_4823c688fe88,McKayla,Brombach,equestrian,2025-26,2025-26,D1,Women,Southeastern Conference,Texas A&M,JUMPING SEAT,Fences,Sophomore,So,"Wimberley, Texas",Wimberley,TX,domestic,,0,https://12thman.com/sports/equestrian/roster/season/2025-26
eq_25d4af3d02c5,McKinney,Atkinson,equestrian,2025-26,2025-26,D1,Women,Southeastern Conference,Texas A&M,HORSEMANSHIP,Horsemanship,Sophomore,So,"Chapin, S.C.",Chapin,SC,domestic,,0,https://12thman.com/sports/equestrian/roster/season/2025-26
eq_7f5207d76464,Kate,Egan,equestrian,2025-26,2025-26,D1,Women,Southeastern Conference,Texas A&M,JUMPING SEAT,Fences,Junior,Jr,"Glen Gardner, N.J.",Glen Gardner,NJ,domestic,,0,https://12thman.com/sports/equestrian/roster/season/2025-26
eq_54bf5fc03074,Gracie,Casebolt,equestrian,2025-26,2025-26,D1,Women,Southeastern Conference,Texas A&M,REINING,Reining,Senior,Sr,"Wapakoneta, Ohio",Wapakoneta,OH,domestic,,0,https://12thman.com/sports/equestrian/roster/season/2025-26
eq_4ff748c9d876,Kendall,Dirksen,equestrian,2025-26,2025-26,D1,Women,Southeastern Conference,Texas A&M,HORSEMANSHIP,Horsemanship,Junior,Jr,"Windsor, Colo.",Windsor,CO,domestic,,0,https://12thman.com/sports/equestrian/roster/season/2025-26
eq_9ee6e619c635,Avery,DeYoung,equestrian,2025-26,2025-26,D1,Women,Southeastern Conference,Texas A&M,JUMPING SEAT,Fences,Junior,Jr,"Richmond, Texas",Richmond,TX,domestic,,0,https://12thman.com/sports/equestrian/roster/season/2025-26
eq_c754ba4b9a70,Grace,DeFoe,equestrian,2025-26,2025-26,D1,Women,Southeastern Conference,Texas A&M,JUMPING SEAT,Fences,Sophomore,So,"Perrysburg, Ohio",Perrysburg,OH,domestic,,0,https://12thman.com/sports/equestrian/roster/season/2025-26
eq_00b3b03f07e4,Kaylynn,Heitman,equestrian,2025-26,2025-26,D1,Women,Southeastern Conference,Texas A&M,HORSEMANSHIP,Horsemanship,Junior,Jr,"Marengo, Iowa",Marengo,IA,domestic,,0,https://12thman.com/sports/equestrian/roster/season/2025-26
eq_e752b233f581,Brooke,Hudson,equestrian,2025-26,2025-26,D1,Women,Southeastern Conference,Texas A&M,REINING,Reining,Sophomore,So,"Elbert, Colo.",Elbert,CO,domestic,,0,https://12thman.com/sports/equestrian/roster/season/2025-26
eq_d9515380637f,Kyla,Jackson,equestrian,2025-26,2025-26,D1,Women,Southeastern Conference,Texas A&M,HORSEMANSHIP,Horsemanship,Senior,Sr,"Vacaville, Calif.",Vacaville,CA,domestic,,0,https://12thman.com/sports/equestrian/roster/season/2025-26
eq_aa48f1fbaca3,Kennedy,Marshall,equestrian,2025-26,2025-26,D1,Women,Southeastern Conference,Texas A&M,REINING,Reining,Freshman,Fr,"Junction City, Ore.",Junction City,OR,domestic,,0,https://12thman.com/sports/equestrian/roster/season/2025-26
eq_0debbffe12eb,Mattie,Gustin,equestrian,2025-26,2025-26,D1,Women,Southeastern Conference,Texas A&M,REINING,Reining,Fifth,UNK,"Aledo, Texas",Aledo,TX,domestic,,0,https://12thman.com/sports/equestrian/roster/season/2025-26
eq_35f2935528bd,Isabelle,Gonzalez,equestrian,2025-26,2025-26,D1,Women,Southeastern Conference,Texas A&M,REINING,Reining,Junior,Jr,"Lafayette, La.",Lafayette,LA,domestic,,0,https://12thman.com/sports/equestrian/roster/season/2025-26
eq_8a0c792c702e,Ady,Kallay,equestrian,2025-26,2025-26,D1,Women,Southeastern Conference,Texas A&M,HORSEMANSHIP,Horsemanship,Freshman,Fr,"Drayton Valley, Alberta",Drayton Valley,,international,,0,https://12thman.com/sports/equestrian/roster/season/2025-26
eq_0c573d1f58e0,Liz,Marmor,equestrian,2025-26,2025-26,D1,Women,Southeastern Conference,Texas A&M,HORSEMANSHIP,Horsemanship,Sophomore,So,"Devine, Texas",Devine,TX,domestic,,0,https://12thman.com/sports/equestrian/roster/season/2025-26
eq_9758bf989ff7,Karsen,Kadien,equestrian,2025-26,2025-26,D1,Women,Southeastern Conference,Texas A&M,JUMPING SEAT,Fences,Junior,Jr,"Rancho Murieta, Calif.",Rancho Murieta,CA,domestic,,0,https://12thman.com/sports/equestrian/roster/season/2025-26
eq_f86fef013350,Anna,Harris,equestrian,2025-26,2025-26,D1,Women,Southeastern Conference,Texas A&M,REINING,Reining,Junior,Jr,"Sheridan, Ark.",Sheridan,AR,domestic,,0,https://12thman.com/sports/equestrian/roster/season/2025-26
eq_801376ded722,Ella,McCullough,equestrian,2025-26,2025-26,D1,Women,Southeastern Conference,Texas A&M,HORSEMANSHIP,Horsemanship,Senior,Sr,"Stanwood, Wash.",Stanwood,WA,domestic,,0,https://12thman.com/sports/equestrian/roster/season/2025-26
eq_c41ec19fdf22,Aubree,Leyva,equestrian,2025-26,2025-26,D1,Women,Southeastern Conference,Texas A&M,REINING,Reining,Sophomore,So,"Scottsdale, Ariz.",Scottsdale,AZ,domestic,,0,https://12thman.com/sports/equestrian/roster/season/2025-26
eq_414d9f839bd9,Annabelle,Kotler,equestrian,2025-26,2025-26,D1,Women,Southeastern Conference,Texas A&M,JUMPING SEAT,Fences,Freshman,Fr,"Sammamish, Wash.",Sammamish,WA,domestic,,0,https://12thman.com/sports/equestrian/roster/season/2025-26
eq_130d9b601df4,Moriah,McQueen,equestrian,2025-26,2025-26,D1,Women,Southeastern Conference,Texas A&M,REINING,Reining,Junior,Jr,"Berthoud, Colo.",Berthoud,CO,domestic,,0,https://12thman.com/sports/equestrian/roster/season/2025-26
eq_2772e421b900,Claire,Mullally,equestrian,2025-26,2025-26,D1,Women,Southeastern Conference,Texas A&M,JUMPING SEAT,Fences,Freshman,Fr,"Kalamazoo, Mich.",Kalamazoo,MI,domestic,,0,https://12thman.com/sports/equestrian/roster/season/2025-26
eq_52760eb77b49,Clara,Nemeth,equestrian,2025-26,2025-26,D1,Women,Southeastern Conference,Texas A&M,HORSEMANSHIP,Horsemanship,Senior,Sr,"Mason, Ohio",Mason,OH,domestic,,0,https://12thman.com/sports/equestrian/roster/season/2025-26
eq_f24dc320e331,Ella,Roberts,equestrian,2025-26,2025-26,D1,Women,Southeastern Conference,Texas A&M,HORSEMANSHIP,Horsemanship,Junior,Jr,"San Marcos, Texas",San Marcos,TX,domestic,,0,https://12thman.com/sports/equestrian/roster/season/2025-26
eq_7e8fc9850770,Lenora,Roberts,equestrian,2025-26,2025-26,D1,Women,Southeastern Conference,Texas A&M,HORSEMANSHIP,Horsemanship,Sophomore,So,"San Marcos, Texas",San Marcos,TX,domestic,,0,https://12thman.com/sports/equestrian/roster/season/2025-26
eq_bcf60f5c7194,Kacey,Murphy,equestrian,2025-26,2025-26,D1,Women,Southeastern Conference,Texas A&M,JUMPING SEAT,Fences,Senior,Sr,"Brussels, Belgium",Brussels,,international,,0,https://12thman.com/sports/equestrian/roster/season/2025-26
eq_fc716be9e4af,Dylanne,Rodriguez,equestrian,2025-26,2025-26,D1,Women,Southeastern Conference,Texas A&M,REINING,Reining,Junior,Jr,"Cumming, Ga.",Cumming,GA,domestic,,0,https://12thman.com/sports/equestrian/roster/season/2025-26
eq_e0b5ffaf87d8,Lila,Seider,equestrian,2025-26,2025-26,D1,Women,Southeastern Conference,Texas A&M,HORSEMANSHIP,Horsemanship,Freshman,Fr,"Scottsdale, Ariz.",Scottsdale,AZ,domestic,,0,https://12thman.com/sports/equestrian/roster/season/2025-26
eq_0f282b24a98b,Nicole,McMillion,equestrian,2025-26,2025-26,D1,Women,Southeastern Conference,Texas A&M,JUMPING SEAT,Fences,Junior,Jr,"Huntington Beach, Calif.",Huntington Beach,CA,domestic,,0,https://12thman.com/sports/equestrian/roster/season/2025-26
eq_a14c73daf88f,Marianna,Rodriguez,equestrian,2025-26,2025-26,D1,Women,Southeastern Conference,Texas A&M,REINING,Reining,Sophomore,So,"Collinsville, Texas",Collinsville,TX,domestic,,0,https://12thman.com/sports/equestrian/roster/season/2025-26
eq_e12b0c37a96f,Alexa,Leong,equestrian,2025-26,2025-26,D1,Women,Southeastern Conference,Texas A&M,JUMPING SEAT,Fences,Senior,Sr,"Sacramento, Calif.",Sacramento,CA,domestic,,0,https://12thman.com/sports/equestrian/roster/season/2025-26
eq_3dc4641b692c,Logan,Thomas,equestrian,2025-26,2025-26,D1,Women,Southeastern Conference,Texas A&M,JUMPING SEAT,Fences,Freshman,Fr,"Millburn, N.J.",Millburn,NJ,domestic,,0,https://12thman.com/sports/equestrian/roster/season/2025-26
eq_77594dacf999,Brooke,Tegtmeyer,equestrian,2025-26,2025-26,D1,Women,Southeastern Conference,Texas A&M,JUMPING SEAT,Fences,Sophomore,So,"Bartlett, Ill.",Bartlett,IL,domestic,,0,https://12thman.com/sports/equestrian/roster/season/2025-26
eq_8c634c8d270b,Londyn,Samlaska,equestrian,2025-26,2025-26,D1,Women,Southeastern Conference,Texas A&M,JUMPING SEAT,Fences,Sophomore,So,"Henderson, Nev.",Henderson,NV,domestic,,0,https://12thman.com/sports/equestrian/roster/season/2025-26
eq_dde034ff86f8,Grace,Shipman,equestrian,2025-26,2025-26,D1,Women,Southeastern Conference,Texas A&M,JUMPING SEAT,Fences,Sophomore,So,"Ridgefield, Conn.",Ridgefield,CT,domestic,,0,https://12thman.com/sports/equestrian/roster/season/2025-26
eq_8860bae4bcea,Alida,Treuting,equestrian,2025-26,2025-26,D1,Women,Southeastern Conference,Texas A&M,JUMPING SEAT,Fences,Junior,Jr,"Selden, N.Y.",Selden,NY,domestic,,0,https://12thman.com/sports/equestrian/roster/season/2025-26
eq_5b59a5df193e,Devan,Thomas,equestrian,2025-26,2025-26,D1,Women,Southeastern Conference,Texas A&M,JUMPING SEAT,Fences,Senior,Sr,"Double Oak, Texas",Double Oak,TX,domestic,,0,https://12thman.com/sports/equestrian/roster/season/2025-26
eq_8b701ae54779,Reagan,Royalty,equestrian,2025-26,2025-26,D1,Women,Southeastern Conference,Texas A&M,JUMPING SEAT,Fences,Senior,Sr,"Lexington, Ky.",Lexington,KY,domestic,,0,https://12thman.com/sports/equestrian/roster/season/2025-26
eq_6f6d2f721fc7,Estelle,Atkinson,equestrian,2025-26,2025-26,D1,Women,Big 12 Conference,TCU,Western,Western,So.,So,"Independence, Minn.",Independence,MN,domestic,Orono High School,0,https://gofrogs.com/sports/equestrian/roster/2025-26
eq_fa8c3cda6166,Kylie,Baker,equestrian,2025-26,2025-26,D1,Women,Big 12 Conference,TCU,Western,Western,Sr.,Sr,"Dripping Springs, Texas",Dripping Springs,TX,domestic,Grace Christian,0,https://gofrogs.com/sports/equestrian/roster/2025-26
eq_639843f49001,Marcella,Bee,equestrian,2025-26,2025-26,D1,Women,Big 12 Conference,TCU,Western,Western,Jr.,Jr,"Colorado Springs, Colo.",Colorado Springs,CO,domestic,Cheyenne Mountain High School,0,https://gofrogs.com/sports/equestrian/roster/2025-26
eq_bb71caf0a1aa,Anna,Clausen,equestrian,2025-26,2025-26,D1,Women,Big 12 Conference,TCU,Western,Western,Sr.,Sr,"Scottsdale, Ariz.",Scottsdale,AZ,domestic,Cactus Shadows High School,0,https://gofrogs.com/sports/equestrian/roster/2025-26
eq_7f9ae38ca0cb,Rita,Clausen,equestrian,2025-26,2025-26,D1,Women,Big 12 Conference,TCU,Western,Western,Fr.,Fr,"Scottsdale, Ariz.",Scottsdale,AZ,domestic,Cactus Shadows HS,0,https://gofrogs.com/sports/equestrian/roster/2025-26
eq_df08536326c4,Katalina,Considine,equestrian,2025-26,2025-26,D1,Women,Big 12 Conference,TCU,Jumping Seat,Fences,Jr.,Jr,"Sherman Oaks, Calif.",Sherman Oaks,CA,domestic,Village Christian,0,https://gofrogs.com/sports/equestrian/roster/2025-26
eq_499f1e08c6ea,Brianna,Cooper,equestrian,2025-26,2025-26,D1,Women,Big 12 Conference,TCU,Jumping Seat,Fences,Fr.,Fr,"Mclean, Va.",Mclean,VA,domestic,Langley HS,0,https://gofrogs.com/sports/equestrian/roster/2025-26
eq_e4116600c63c,Adele,Cunningham,equestrian,2025-26,2025-26,D1,Women,Big 12 Conference,TCU,Western,Western,So.,So,"Weatherford, Texas",Weatherford,TX,domestic,Weatherford High School,0,https://gofrogs.com/sports/equestrian/roster/2025-26
eq_54ac016e8242,Kaylene,Cunningham,equestrian,2025-26,2025-26,D1,Women,Big 12 Conference,TCU,Western,Western,Sr.,Sr,"Weatherford, Texas",Weatherford,TX,domestic,Riverdale Ridge High School,0,https://gofrogs.com/sports/equestrian/roster/2025-26
eq_510380eb98d7,Hanna,Dolan,equestrian,2025-26,2025-26,D1,Women,Big 12 Conference,TCU,Jumping Seat,Fences,Jr.,Jr,"Essex, Conn.",Essex,CT,domestic,Mercy HS,0,https://gofrogs.com/sports/equestrian/roster/2025-26
eq_e42930baf95b,Maggie,Dumrauf,equestrian,2025-26,2025-26,D1,Women,Big 12 Conference,TCU,Jumping Seat,Fences,So.,So,"San Diego, Calif.",San Diego,CA,domestic,Torrey Pines High School,0,https://gofrogs.com/sports/equestrian/roster/2025-26
eq_91c83b069a04,Maria,Fagundes,equestrian,2025-26,2025-26,D1,Women,Big 12 Conference,TCU,Western,Western,Fr.,Fr,"Portão City, Brazil",Portão City,,international,,0,https://gofrogs.com/sports/equestrian/roster/2025-26
eq_80f3712058aa,Sydney,Feager,equestrian,2025-26,2025-26,D1,Women,Big 12 Conference,TCU,Western,Western,So.,So,"Wright City, Mo.",Wright City,MO,domestic,Mizzou High School,0,https://gofrogs.com/sports/equestrian/roster/2025-26
eq_68c16e19623f,Tiffany,Geere,equestrian,2025-26,2025-26,D1,Women,Big 12 Conference,TCU,Jumping Seat,Fences,So.,So,"Las Vegas, Nev.",Las Vegas,NV,domestic,Arbor View High School,0,https://gofrogs.com/sports/equestrian/roster/2025-26
eq_a0fa0bbac07f,Lilly,Goldstein,equestrian,2025-26,2025-26,D1,Women,Big 12 Conference,TCU,Jumping Seat,Fences,Jr.,Jr,"Argyle, Texas",Argyle,TX,domestic,Laurel Springs School,0,https://gofrogs.com/sports/equestrian/roster/2025-26
eq_b8cc7f3a9d9a,Cassie,Hacking,equestrian,2025-26,2025-26,D1,Women,Big 12 Conference,TCU,Western,Western,Fr.,Fr,"Weatherford, Texas",Weatherford,TX,domestic,Utah Virtual Academy,1,https://gofrogs.com/sports/equestrian/roster/2025-26
eq_dc8222632e8c,Piper,Keller,equestrian,2025-26,2025-26,D1,Women,Big 12 Conference,TCU,Western,Western,Fr.,Fr,"El Reno, Okla.",El Reno,OK,domestic,Yukon HS,0,https://gofrogs.com/sports/equestrian/roster/2025-26
eq_edf635c4e06f,Tatum,Keller,equestrian,2025-26,2025-26,D1,Women,Big 12 Conference,TCU,Western,Western,Sr.,Sr,"El Reno, Okla.",El Reno,OK,domestic,Yukon High School,0,https://gofrogs.com/sports/equestrian/roster/2025-26
eq_11f318df4bc2,Annie,Kimball,equestrian,2025-26,2025-26,D1,Women,Big 12 Conference,TCU,Jumping Seat,Fences,Fr.,Fr,"Milton, Ga.",Milton,GA,domestic,Cambridge HS,0,https://gofrogs.com/sports/equestrian/roster/2025-26
eq_c3c5f68bf018,Lex,Lipacis,equestrian,2025-26,2025-26,D1,Women,Big 12 Conference,TCU,Jumping Seat,Fences,Sr.,Sr,"Oakland, Calif.",Oakland,CA,domestic,Head-Royce School,0,https://gofrogs.com/sports/equestrian/roster/2025-26
eq_5df5f68873e6,Lannie-Jo,Lisac,equestrian,2025-26,2025-26,D1,Women,Big 12 Conference,TCU,Western,Western,Sr.,Sr,"Pueblo, Colo.",Pueblo,CO,domestic,Pueblo County High School,0,https://gofrogs.com/sports/equestrian/roster/2025-26
eq_076815052a57,Madi,Lo Porto,equestrian,2025-26,2025-26,D1,Women,Big 12 Conference,TCU,Jumping Seat,Fences,Fr.,Fr,"Danville, Calif.",Danville,CA,domestic,Laurel Springs Online Academy,1,https://gofrogs.com/sports/equestrian/roster/2025-26
eq_a7041e7e10d8,Haylee,Martin,equestrian,2025-26,2025-26,D1,Women,Big 12 Conference,TCU,Western,Western,Jr.,Jr,"Sorrento, Fla.",Sorrento,FL,domestic,Florida Virtual School,0,https://gofrogs.com/sports/equestrian/roster/2025-26
eq_368a5c538980,Lily,Muzzy,equestrian,2025-26,2025-26,D1,Women,Big 12 Conference,TCU,Jumping Seat,Fences,Fr.,Fr,"Coto de Caza, Calif.",Coto de Caza,CA,domestic,Family Partnership Charter School,0,https://gofrogs.com/sports/equestrian/roster/2025-26
eq_d77b40bed8e1,Hattie,Nance,equestrian,2025-26,2025-26,D1,Women,Big 12 Conference,TCU,Western,Western,So.,So,"Ardmore, Okla.",Ardmore,OK,domestic,Plainview High School,0,https://gofrogs.com/sports/equestrian/roster/2025-26
eq_23e2c91e8693,Julia,Nickl,equestrian,2025-26,2025-26,D1,Women,Big 12 Conference,TCU,Jumping Seat,Fences,Sr.,Sr,"Palos Verdes, Calif.",Palos Verdes,CA,domestic,Marymount High School,0,https://gofrogs.com/sports/equestrian/roster/2025-26
eq_c44e49df98a6,Elivia,Papcun,equestrian,2025-26,2025-26,D1,Women,Big 12 Conference,TCU,Western,Western,Fr.,Fr,"Norwalk, Iowa",Norwalk,IA,domestic,Norwalk High School,0,https://gofrogs.com/sports/equestrian/roster/2025-26
eq_8a4e2abd583c,Olivia,Quinn,equestrian,2025-26,2025-26,D1,Women,Big 12 Conference,TCU,Western,Western,Fr.,Fr,"Weatherford, Texas",Weatherford,TX,domestic,Trinity Christian,0,https://gofrogs.com/sports/equestrian/roster/2025-26
eq_a4886f06e298,Peyton,Rathbun,equestrian,2025-26,2025-26,D1,Women,Big 12 Conference,TCU,Jumping Seat,Fences,Jr.,Jr,"Austin, Texas",Austin,TX,domestic,Lake Travis HS,0,https://gofrogs.com/sports/equestrian/roster/2025-26
eq_7b10012ff4d0,Sydney,Sargent,equestrian,2025-26,2025-26,D1,Women,Big 12 Conference,TCU,Western,Western,Jr.,Jr,"Paris, Ky.",Paris,KY,domestic,Lexington Catholic,0,https://gofrogs.com/sports/equestrian/roster/2025-26
eq_077621bd14dd,Jordyn,Scelsa,equestrian,2025-26,2025-26,D1,Women,Big 12 Conference,TCU,Jumping Seat,Fences,Sr.,Sr,"Islip, N.Y.",Islip,NY,domestic,Laurel Springs High School,0,https://gofrogs.com/sports/equestrian/roster/2025-26
eq_0f13334559e1,Peyton,Staat,equestrian,2025-26,2025-26,D1,Women,Big 12 Conference,TCU,Western,Western,Jr.,Jr,"Bakersfield, Calif.",Bakersfield,CA,domestic,Bakersfield Christian,0,https://gofrogs.com/sports/equestrian/roster/2025-26
eq_3aafed32ab59,Jackie,Stary,equestrian,2025-26,2025-26,D1,Women,Big 12 Conference,TCU,Jumping Seat,Fences,So.,So,"Oswego, Ill.",Oswego,IL,domestic,Joliet Catholic,0,https://gofrogs.com/sports/equestrian/roster/2025-26
eq_a2ae21b86588,Kyla,Sullivan,equestrian,2025-26,2025-26,D1,Women,Big 12 Conference,TCU,Jumping Seat,Fences,So.,So,"Wallingford, Conn.",Wallingford,CT,domestic,Excel HS,0,https://gofrogs.com/sports/equestrian/roster/2025-26
eq_176cec87b447,Calla,Thomas,equestrian,2025-26,2025-26,D1,Women,Big 12 Conference,TCU,Western,Western,Fr.,Fr,"Saginaw, Mich.",Saginaw,MI,domestic,Swan Valley High School,0,https://gofrogs.com/sports/equestrian/roster/2025-26
eq_ad93ba7bbf9e,Luisa,Tomazela,equestrian,2025-26,2025-26,D1,Women,Big 12 Conference,TCU,Western,Western,Fr.,Fr,"São Paulo, Brazil",São Paulo,,international,Colégio Visconde de Porto Seguro,0,https://gofrogs.com/sports/equestrian/roster/2025-26
eq_584ef5b1de12,Chandler,Wilks,equestrian,2025-26,2025-26,D1,Women,Big 12 Conference,TCU,Jumping Seat,Fences,Fr.,Fr,"Canton, Ga.",Canton,GA,domestic,Rivers Academy,1,https://gofrogs.com/sports/equestrian/roster/2025-26
eq_78f2d36f969a,Victoria,Zahorik,equestrian,2025-26,2025-26,D1,Women,Big 12 Conference,TCU,Jumping Seat,Fences,Sr.,Sr,"Bartonville, Texas",Bartonville,TX,domestic,Soli Deo Gloria Preparatory Home School,1,https://gofrogs.com/sports/equestrian/roster/2025-26
eq_0e5974f60dc9,Reese,Barrett,equestrian,2025-26,2025-26,D1,Women,Ohio Valley Conference,UT Martin,Western,Western,Jr.,Jr,"Loveland, Colo.",Loveland,CO,domestic,Berthoud HS,0,https://utmsports.com/sports/equestrian/roster/2025-26
eq_93e168b1f5c3,Annie,Batsche,equestrian,2025-26,2025-26,D1,Women,Ohio Valley Conference,UT Martin,Western,Western,So.,So,"Mason, Ohio",Mason,OH,domestic,William Mason HS,0,https://utmsports.com/sports/equestrian/roster/2025-26
eq_e4201662c032,Stevie,Brown,equestrian,2025-26,2025-26,D1,Women,Ohio Valley Conference,UT Martin,Western,Western,Sr.,Sr,"Shelby, NC",Shelby,NC,domestic,Thomas Jefferson,0,https://utmsports.com/sports/equestrian/roster/2025-26
eq_a3eedc3aacf9,Payton,Bundy,equestrian,2025-26,2025-26,D1,Women,Ohio Valley Conference,UT Martin,Western,Western,So.,So,"Tallahassee, Fla.",Tallahassee,FL,domestic,Maclay School,0,https://utmsports.com/sports/equestrian/roster/2025-26
eq_f0c2b30ad054,Claire,Carpenter,equestrian,2025-26,2025-26,D1,Women,Ohio Valley Conference,UT Martin,Western,Western,Jr.,Jr,"Bowling Green, Ohio",Bowling Green,OH,domestic,Eastwood HS,0,https://utmsports.com/sports/equestrian/roster/2025-26
eq_c54bf184de3f,Shelby,Davis,equestrian,2025-26,2025-26,D1,Women,Ohio Valley Conference,UT Martin,Jumping Seat,Fences,Sr.,Sr,"Greensboro, Ga.",Greensboro,GA,domestic,Lake Oconee Academy,1,https://utmsports.com/sports/equestrian/roster/2025-26
eq_4fb35659b61b,Kathleen,DeGenova,equestrian,2025-26,2025-26,D1,Women,Ohio Valley Conference,UT Martin,Jumping Seat,Fences,Sr.,Sr,"Cape May Court House, NJ",Cape May Court House,NJ,domestic,Middle Township HS,0,https://utmsports.com/sports/equestrian/roster/2025-26
eq_0f28e4870ee7,Kara,Flickinger,equestrian,2025-26,2025-26,D1,Women,Ohio Valley Conference,UT Martin,Western,Western,Fr.,Fr,"Earlham, Iowa",Earlham,IA,domestic,Earlham HS,0,https://utmsports.com/sports/equestrian/roster/2025-26
eq_67aa4a0e2e3b,Riley,Francis,equestrian,2025-26,2025-26,D1,Women,Ohio Valley Conference,UT Martin,Western,Western,So.,So,"Richland, Mich.",Richland,MI,domestic,Gull Lake HS,0,https://utmsports.com/sports/equestrian/roster/2025-26
eq_383df43c6576,Jocelin,Gallaher,equestrian,2025-26,2025-26,D1,Women,Ohio Valley Conference,UT Martin,Western,Western,Fr.,Fr,"Bowling Green, Ohio",Bowling Green,OH,domestic,Eastwood HS,0,https://utmsports.com/sports/equestrian/roster/2025-26
eq_e3f8ad2b2024,Ava,Jo Glenn,equestrian,2025-26,2025-26,D1,Women,Ohio Valley Conference,UT Martin,Western,Western,Jr.,Jr,"Ennis, Texas",Ennis,TX,domestic,Ennis HS,0,https://utmsports.com/sports/equestrian/roster/2025-26
eq_387cb24c03e8,Ruby,Gunderson,equestrian,2025-26,2025-26,D1,Women,Ohio Valley Conference,UT Martin,Western,Western,So.,So,"Ephrata, Wash.",Ephrata,WA,domestic,Ephrata HS,0,https://utmsports.com/sports/equestrian/roster/2025-26
eq_22b115166924,Riley,Hayes,equestrian,2025-26,2025-26,D1,Women,Ohio Valley Conference,UT Martin,Jumping Seat,Fences,So.,So,"Clarksburg, Calif.",Clarksburg,CA,domestic,Delta HS,0,https://utmsports.com/sports/equestrian/roster/2025-26
eq_d2d3499d579a,Lydia,Jordan,equestrian,2025-26,2025-26,D1,Women,Ohio Valley Conference,UT Martin,Jumping Seat,Fences,Jr.,Jr,"Keswick, Va.",Keswick,VA,domestic,Monticello HS,0,https://utmsports.com/sports/equestrian/roster/2025-26
eq_092c52baec66,Abigail,Karl,equestrian,2025-26,2025-26,D1,Women,Ohio Valley Conference,UT Martin,Jumping Seat,Fences,Fr.,Fr,"Mundelein, Ill.",Mundelein,IL,domestic,Vernon Hills HS,0,https://utmsports.com/sports/equestrian/roster/2025-26
eq_b55f5dd3241d,Caroline,Krier,equestrian,2025-26,2025-26,D1,Women,Ohio Valley Conference,UT Martin,Jumping Seat,Fences,Fr.,Fr,"Parker, Colo.",Parker,CO,domestic,Douglas County HS,0,https://utmsports.com/sports/equestrian/roster/2025-26
eq_760437686b9a,Payton,Lussen,equestrian,2025-26,2025-26,D1,Women,Ohio Valley Conference,UT Martin,Jumping Seat,Fences,So.,So,"Columbia, Conn.",Columbia,CT,domestic,Edwin O. Smith HS,0,https://utmsports.com/sports/equestrian/roster/2025-26
eq_7e10cf6195d4,Brianna,Marks,equestrian,2025-26,2025-26,D1,Women,Ohio Valley Conference,UT Martin,Jumping Seat,Fences,So.,So,"Thousand Oaks, Calif.",Thousand Oaks,CA,domestic,Hillcrest Christian,0,https://utmsports.com/sports/equestrian/roster/2025-26
eq_71b6f204ef80,Elise,Mason,equestrian,2025-26,2025-26,D1,Women,Ohio Valley Conference,UT Martin,Western,Western,Jr.,Jr,"Olympia, Wash.",Olympia,WA,domestic,North Thurston HS,0,https://utmsports.com/sports/equestrian/roster/2025-26
eq_3abccc771be5,Katie,Meyer,equestrian,2025-26,2025-26,D1,Women,Ohio Valley Conference,UT Martin,Western,Western,Fr.,Fr,"Pella, Iowa",Pella,IA,domestic,Pella HS,0,https://utmsports.com/sports/equestrian/roster/2025-26
eq_22b7937c9743,Kate,Mills,equestrian,2025-26,2025-26,D1,Women,Ohio Valley Conference,UT Martin,Jumping Seat,Fences,Jr.,Jr,"Charlotte, NC",Charlotte,NC,domestic,Laurel Springs School,0,https://utmsports.com/sports/equestrian/roster/2025-26
eq_df68476f2cab,Audrey,Morris,equestrian,2025-26,2025-26,D1,Women,Ohio Valley Conference,UT Martin,Jumping Seat,Fences,Jr.,Jr,"Flower Mound, Texas",Flower Mound,TX,domestic,Morris Homeschool,1,https://utmsports.com/sports/equestrian/roster/2025-26
eq_a62f3f66e19e,Ava,Newsom,equestrian,2025-26,2025-26,D1,Women,Ohio Valley Conference,UT Martin,Western,Western,Jr.,Jr,"Lebanon, Ind.",Lebanon,IN,domestic,Lebanon HS,0,https://utmsports.com/sports/equestrian/roster/2025-26
eq_4d60dde58566,Camille,Panuwat,equestrian,2025-26,2025-26,D1,Women,Ohio Valley Conference,UT Martin,Jumping Seat,Fences,Fr.,Fr,"Walnut Creek, Calif.",Walnut Creek,CA,domestic,Northgate HS,0,https://utmsports.com/sports/equestrian/roster/2025-26
eq_f7df103c80b1,Averey,Pritchard,equestrian,2025-26,2025-26,D1,Women,Ohio Valley Conference,UT Martin,Jumping Seat,Fences,Jr.,Jr,"Collingwood, Ontario, Canada",Collingwood,,international,Our Lady of the Bay Catholic,0,https://utmsports.com/sports/equestrian/roster/2025-26
eq_a4415dd22b0f,Gracie,Roberts,equestrian,2025-26,2025-26,D1,Women,Ohio Valley Conference,UT Martin,Jumping Seat,Fences,Fr.,Fr,"San Marcos, Texas",San Marcos,TX,domestic,San Marcos Academy,1,https://utmsports.com/sports/equestrian/roster/2025-26
eq_5fca9ab89245,Sienna,Schlenker,equestrian,2025-26,2025-26,D1,Women,Ohio Valley Conference,UT Martin,Jumping Seat,Fences,Fr.,Fr,"Portland, Ore.",Portland,OR,domestic,Liberty HS,0,https://utmsports.com/sports/equestrian/roster/2025-26
eq_3ca2abcef2c4,Madison,Snyder,equestrian,2025-26,2025-26,D1,Women,Ohio Valley Conference,UT Martin,Western,Western,Jr.,Jr,"Dublin, Ohio",Dublin,OH,domestic,Dublin Jerome HS,0,https://utmsports.com/sports/equestrian/roster/2025-26
eq_dc145331d19f,Daphne,Stavig,equestrian,2025-26,2025-26,D1,Women,Ohio Valley Conference,UT Martin,Jumping Seat,Fences,Fr.,Fr,"Oregon City, Ore.",Oregon City,OR,domestic,Clackamas Web Academy,1,https://utmsports.com/sports/equestrian/roster/2025-26
eq_7cc4f5530b2e,Abby,Tibbits,equestrian,2025-26,2025-26,D1,Women,Ohio Valley Conference,UT Martin,Western,Western,So.,So,"Elbert, Colo.",Elbert,CO,domestic,Fountain Valley HS,0,https://utmsports.com/sports/equestrian/roster/2025-26
eq_cfe4c727008e,Amelia,Turner,equestrian,2025-26,2025-26,D1,Women,Ohio Valley Conference,UT Martin,Jumping Seat,Fences,Jr.,Jr,"Greenville, SC",Greenville,SC,domestic,Christ Church Episcopal School,0,https://utmsports.com/sports/equestrian/roster/2025-26
eq_81f5773480c3,Kailyn,Veale,equestrian,2025-26,2025-26,D1,Women,Ohio Valley Conference,UT Martin,Western,Western,Sr.,Sr,"Ooltewah, Tenn.",Ooltewah,TN,domestic,East Hamilton HS,0,https://utmsports.com/sports/equestrian/roster/2025-26
eq_d46a143d6d93,Madison,Wachtel,equestrian,2025-26,2025-26,D1,Women,Ohio Valley Conference,UT Martin,Western,Western,Jr.,Jr,"Wells, Nev.",Wells,NV,domestic,Wells HS,0,https://utmsports.com/sports/equestrian/roster/2025-26
eq_863c0ad6b46b,Ellie,Wilburn,equestrian,2025-26,2025-26,D1,Women,Ohio Valley Conference,UT Martin,Western,Western,Jr.,Jr,"Belleville, Ark.",Belleville,AR,domestic,Pottsville HS,0,https://utmsports.com/sports/equestrian/roster/2025-26
eq_48e48b9b7e87,Olivia,Wynn,equestrian,2025-26,2025-26,D1,Women,Ohio Valley Conference,UT Martin,Western,Western,Jr.,Jr,"Chana, Ill.",Chana,IL,domestic,Oregon HS,0,https://utmsports.com/sports/equestrian/roster/2025-26
eq_fb9f47ae414d,Lucinda,Exner,equestrian,2025-26,2025-26,D1,Women,Ivy League,Dartmouth,,UNK,Fy.,Fr,"Goffstown, N.H.",Goffstown,NH,domestic,Goffstown,0,https://dartmouthsports.com/sports/equestrian/roster/2025-26
eq_6aca7501a7af,Camilla,Jerng,equestrian,2025-26,2025-26,D1,Women,Ivy League,Dartmouth,,UNK,Fy.,Fr,"Woodside, Calif.",Woodside,CA,domestic,Woodside,0,https://dartmouthsports.com/sports/equestrian/roster/2025-26
eq_3bb43bf27680,Jordan,Rodgers,equestrian,2025-26,2025-26,D1,Women,Ivy League,Dartmouth,,UNK,Sr.,Sr,"Silver Spring, Md.",Silver Spring,MD,domestic,James Hubert Blake,0,https://dartmouthsports.com/sports/equestrian/roster/2025-26
eq_24a73310dd31,Grace,Russo,equestrian,2025-26,2025-26,D1,Women,Ivy League,Dartmouth,,UNK,Fy.,Fr,"Pasadena, Calif.",Pasadena,CA,domestic,Flintridge Sacred Heart Academy,1,https://dartmouthsports.com/sports/equestrian/roster/2025-26
eq_281ea0cd6447,Alexa,Strauss,equestrian,2025-26,2025-26,D1,Women,Ivy League,Dartmouth,,UNK,Sr.,Sr,"Little Rock, Ark.",Little Rock,AR,domestic,The Episcopal Collegiate,0,https://dartmouthsports.com/sports/equestrian/roster/2025-26
eq_0523c26a9953,Cassidy,Exner,equestrian,2025-26,2025-26,D1,Women,Ivy League,Dartmouth,,UNK,Jr.,Jr,"Goffstown, N.H.",Goffstown,NH,domestic,Goffstown High School,0,https://dartmouthsports.com/sports/equestrian/roster/2025-26
eq_13e4bf5694b9,Mary,Haferd,equestrian,2025-26,2025-26,D1,Women,Ivy League,Dartmouth,,UNK,Jr.,Jr,"Cambridge, Mass.",Cambridge,MA,domestic,Dana Hall School,0,https://dartmouthsports.com/sports/equestrian/roster/2025-26
eq_ecf3e9f153f5,Olivia,Hochberg,equestrian,2025-26,2025-26,D1,Women,Ivy League,Dartmouth,,UNK,Jr.,Jr,"Brookline, Mass.",Brookline,MA,domestic,The Winsor School,0,https://dartmouthsports.com/sports/equestrian/roster/2025-26
eq_0d271c7a274c,Kileigh,Van Ness,equestrian,2025-26,2025-26,D1,Women,Ivy League,Dartmouth,,UNK,So.,So,"Ringwood, N.J.",Ringwood,NJ,domestic,DePaul Catholic,0,https://dartmouthsports.com/sports/equestrian/roster/2025-26
eq_5c78aaf2ca9e,Jill,Alexander,equestrian,2025-26,2025-26,D1,Women,Southeastern Conference,Auburn,Jumping Seat,Fences,Junior,Jr,"Chelsea, Ala.",Chelsea,AL,domestic,Chelsea,0,https://auburntigers.com/sports/equestrian/roster/season/2025-26
eq_914515876d15,Taylor,Banks,equestrian,2025-26,2025-26,D1,Women,Southeastern Conference,Auburn,Western,Western,Senior,Sr,"Redwood City, Calif.",Redwood City,CA,domestic,Woodside,0,https://auburntigers.com/sports/equestrian/roster/season/2025-26
eq_d8f4a5f6d3b1,Holland,Barnett,equestrian,2025-26,2025-26,D1,Women,Southeastern Conference,Auburn,Jumping Seat,Fences,Senior,Sr,"Lexington, Ky.",Lexington,KY,domestic,Lexington Catholic,0,https://auburntigers.com/sports/equestrian/roster/season/2025-26
eq_fe8b3f2ac124,Sadie,Berkhout,equestrian,2025-26,2025-26,D1,Women,Southeastern Conference,Auburn,Jumping Seat,Fences,Sophomore,So,"Eastport, N.Y.",Eastport,NY,domestic,Eastport South Manor,0,https://auburntigers.com/sports/equestrian/roster/season/2025-26
eq_4127d114a6a0,Caroline,Buchanan,equestrian,2025-26,2025-26,D1,Women,Southeastern Conference,Auburn,Western,Western,Senior,Sr,"Scottsdale, Ariz.",Scottsdale,AZ,domestic,K12 International Academy,1,https://auburntigers.com/sports/equestrian/roster/season/2025-26
eq_9d9301604f14,Charlotte,Clark,equestrian,2025-26,2025-26,D1,Women,Southeastern Conference,Auburn,Jumping Seat,Fences,Sophomore,So,"Chapel Hill, N.C.",Chapel Hill,NC,domestic,Chapel Hill,0,https://auburntigers.com/sports/equestrian/roster/season/2025-26
eq_571b17b1fc57,Mara,Clennon,equestrian,2025-26,2025-26,D1,Women,Southeastern Conference,Auburn,Western,Western,Freshman,Fr,"New Richmond, Wisc.",New Richmond,WI,domestic,New Richmond,0,https://auburntigers.com/sports/equestrian/roster/season/2025-26
eq_87c3b4cb17ee,Kate,Marie Davis,equestrian,2025-26,2025-26,D1,Women,Southeastern Conference,Auburn,Jumping Seat,Fences,Junior,Jr,"Milton, Ga.",Milton,GA,domestic,Rivers Academy,1,https://auburntigers.com/sports/equestrian/roster/season/2025-26
eq_9a57f74f0795,Kendra,Dick,equestrian,2025-26,2025-26,D1,Women,Southeastern Conference,Auburn,Western,Western,Freshman,Fr,"Avon, Ind.",Avon,IN,domestic,Plainfield,0,https://auburntigers.com/sports/equestrian/roster/season/2025-26
eq_e8b9d10f78d5,Abby,Eddy,equestrian,2025-26,2025-26,D1,Women,Southeastern Conference,Auburn,Western,Western,Sophomore,So,"Rocheport, Mo.",Rocheport,MO,domestic,David H. Hickman,0,https://auburntigers.com/sports/equestrian/roster/season/2025-26
eq_65217b906d08,Caroline,Fredenburg,equestrian,2025-26,2025-26,D1,Women,Southeastern Conference,Auburn,Western,Western,Senior,Sr,"Straughn, Ind.",Straughn,IN,domestic,Tri Jr/Sr,0,https://auburntigers.com/sports/equestrian/roster/season/2025-26
eq_61ba88e4adde,Michelle,Fumagalli,equestrian,2025-26,2025-26,D1,Women,Southeastern Conference,Auburn,Western,Western,Sophomore,So,"Scottsdale, Ariz.",Scottsdale,AZ,domestic,Cactus Shadows,0,https://auburntigers.com/sports/equestrian/roster/season/2025-26
eq_e977366660e4,Avery,Glynn,equestrian,2025-26,2025-26,D1,Women,Southeastern Conference,Auburn,Jumping Seat,Fences,Junior,Jr,"Petaluma, Calif.",Petaluma,CA,domestic,Laurel Springs,0,https://auburntigers.com/sports/equestrian/roster/season/2025-26
eq_24ab9f63f8a8,Kate,Hagerty,equestrian,2025-26,2025-26,D1,Women,Southeastern Conference,Auburn,Jumping Seat,Fences,Sophomore,So,"Terrebonne, Ore.",Terrebonne,OR,domestic,Upper Echelon Academy,1,https://auburntigers.com/sports/equestrian/roster/season/2025-26
eq_488ecb4365b7,Lauren,Hall,equestrian,2025-26,2025-26,D1,Women,Southeastern Conference,Auburn,Western,Western,Senior,Sr,"Sammamish, Wash.",Sammamish,WA,domestic,Washington Virtual Academies,0,https://auburntigers.com/sports/equestrian/roster/season/2025-26
eq_454fc72f0c3f,Callie,Hogg,equestrian,2025-26,2025-26,D1,Women,Southeastern Conference,Auburn,Western,Western,Junior,Jr,"Bakersfield, Calif.",Bakersfield,CA,domestic,Liberty University Online Academy,1,https://auburntigers.com/sports/equestrian/roster/season/2025-26
eq_ce97975e4997,Brooke,Jolstad,equestrian,2025-26,2025-26,D1,Women,Southeastern Conference,Auburn,Western,Western,Junior,Jr,"Lakewood, Colo.",Lakewood,CO,domestic,Jeffco Virtual Academy,1,https://auburntigers.com/sports/equestrian/roster/season/2025-26
eq_0d2ff5769b72,Emily,Jurnovoy,equestrian,2025-26,2025-26,D1,Women,Southeastern Conference,Auburn,Jumping Seat,Fences,Freshman,Fr,"Woodstock Valley, Conn.",Woodstock Valley,CT,domestic,Woodstock Academy,1,https://auburntigers.com/sports/equestrian/roster/season/2025-26
eq_5234a2331eb3,Elizabeth,Klein,equestrian,2025-26,2025-26,D1,Women,Southeastern Conference,Auburn,Jumping Seat,Fences,Senior,Sr,"Simpsonville, Ky.",Simpsonville,KY,domestic,Christian Academy,1,https://auburntigers.com/sports/equestrian/roster/season/2025-26
eq_e0f543a2e281,Isabel,Litkenhous,equestrian,2025-26,2025-26,D1,Women,Southeastern Conference,Auburn,Jumping Seat,Fences,Senior,Sr,"Auburn, Ala.",Auburn,AL,domestic,Lee Scott Academy,1,https://auburntigers.com/sports/equestrian/roster/season/2025-26
eq_ddd5dd56e050,Ariana,Marnell,equestrian,2025-26,2025-26,D1,Women,Southeastern Conference,Auburn,Jumping Seat,Fences,Sophomore,So,"Las Vegas, Nev.",Las Vegas,NV,domestic,Bishop Gorman,0,https://auburntigers.com/sports/equestrian/roster/season/2025-26
eq_f27a49c56e72,Madison,Mascuch,equestrian,2025-26,2025-26,D1,Women,Southeastern Conference,Auburn,Jumping Seat,Fences,Sophomore,So,"Woodstock, Ga.",Woodstock,GA,domestic,Etowah,0,https://auburntigers.com/sports/equestrian/roster/season/2025-26
eq_25e6f8f5a67e,Isabel,McGovern,equestrian,2025-26,2025-26,D1,Women,Southeastern Conference,Auburn,Jumping Seat,Fences,Sophomore,So,"Woodside, Calif.",Woodside,CA,domestic,Menlo Atherton,0,https://auburntigers.com/sports/equestrian/roster/season/2025-26
eq_091fe0c0aabd,Baylee,Mckeever,equestrian,2025-26,2025-26,D1,Women,Southeastern Conference,Auburn,Jumping Seat,Fences,Senior,Sr,"Brewster, N.Y.",Brewster,NY,domestic,Brewster,0,https://auburntigers.com/sports/equestrian/roster/season/2025-26
eq_ec27589e2edb,Charlotte,McLaughlin,equestrian,2025-26,2025-26,D1,Women,Southeastern Conference,Auburn,Jumping Seat,Fences,Senior,Sr,"Ottawa, Ontario",Ottawa,,international,Elmwood School,0,https://auburntigers.com/sports/equestrian/roster/season/2025-26
eq_089b09150f3e,Frankie,Nicklaus,equestrian,2025-26,2025-26,D1,Women,Southeastern Conference,Auburn,Jumping Seat,Fences,Sophomore,So,"Duluth, Ga.",Duluth,GA,domestic,Rivers Academy,1,https://auburntigers.com/sports/equestrian/roster/season/2025-26
eq_66a8dfe35a6b,Elizabeth,Noll,equestrian,2025-26,2025-26,D1,Women,Southeastern Conference,Auburn,Jumping Seat,Fences,Sophomore,So,"Kennesaw, Ga.",Kennesaw,GA,domestic,Harrison,0,https://auburntigers.com/sports/equestrian/roster/season/2025-26
eq_a9bfad602f65,Caroline,Olsen,equestrian,2025-26,2025-26,D1,Women,Southeastern Conference,Auburn,Jumping Seat,Fences,Freshman,Fr,"Sherborn, Mass.",Sherborn,MA,domestic,Upper Echelon Academy,1,https://auburntigers.com/sports/equestrian/roster/season/2025-26
eq_11f3eb142d23,Kate,Parker,equestrian,2025-26,2025-26,D1,Women,Southeastern Conference,Auburn,Jumping Seat,Fences,Sophomore,So,"Laguna Beach, Calif.",Laguna Beach,CA,domestic,Laguna Beach,0,https://auburntigers.com/sports/equestrian/roster/season/2025-26
eq_3f194b6364a5,Catie,Reachard,equestrian,2025-26,2025-26,D1,Women,Southeastern Conference,Auburn,Western,Western,Sophomore,So,"Hollidaysburg, Pa.",Hollidaysburg,PA,domestic,Grier School,0,https://auburntigers.com/sports/equestrian/roster/season/2025-26
eq_4069f32870e4,Emerson,Ricketts,equestrian,2025-26,2025-26,D1,Women,Southeastern Conference,Auburn,Jumping Seat,Fences,Freshman,Fr,"Chicago, Ill.",Chicago,IL,domestic,Jones College Prep,1,https://auburntigers.com/sports/equestrian/roster/season/2025-26
eq_41cfefa1ea56,Kailee,Rife,equestrian,2025-26,2025-26,D1,Women,Southeastern Conference,Auburn,Western,Western,Freshman,Fr,"Raymond, Ohio",Raymond,OH,domestic,North Union,0,https://auburntigers.com/sports/equestrian/roster/season/2025-26
eq_4a85e802c66c,Molly,Segars,equestrian,2025-26,2025-26,D1,Women,Southeastern Conference,Auburn,Jumping Seat,Fences,Junior,Jr,"Canton, Ga.",Canton,GA,domestic,Creekview,0,https://auburntigers.com/sports/equestrian/roster/season/2025-26
eq_c7779c472f8b,Sandy,Smith,equestrian,2025-26,2025-26,D1,Women,Southeastern Conference,Auburn,Jumping Seat,Fences,Freshman,Fr,"Palm Beach Gardens, Fla.",Palm Beach Gardens,FL,domestic,Indiana University High School,0,https://auburntigers.com/sports/equestrian/roster/season/2025-26
eq_42e6d787e2b2,Sydney,Swallom,equestrian,2025-26,2025-26,D1,Women,Southeastern Conference,Auburn,Western,Western,Junior,Jr,"Scottsdale, Ariz.",Scottsdale,AZ,domestic,Lake Washington,0,https://auburntigers.com/sports/equestrian/roster/season/2025-26
eq_035de77c61e4,Sofia,Tieche,equestrian,2025-26,2025-26,D1,Women,Southeastern Conference,Auburn,Western,Western,Freshman,Fr,"Ocala, Fla.",Ocala,FL,domestic,Trinity Catholic,0,https://auburntigers.com/sports/equestrian/roster/season/2025-26
eq_41de5b595be8,Alexia,Tordoff,equestrian,2025-26,2025-26,D1,Women,Southeastern Conference,Auburn,Western,Western,Senior,Sr,"Powell, Ohio",Powell,OH,domestic,Laurel Springs,0,https://auburntigers.com/sports/equestrian/roster/season/2025-26
eq_4550c447a1cb,Libby,Wilhelm,equestrian,2025-26,2025-26,D1,Women,Southeastern Conference,Auburn,Western,Western,Freshman,Fr,"Prosper, Texas",Prosper,TX,domestic,Laurel Springs Academy,1,https://auburntigers.com/sports/equestrian/roster/season/2025-26
eq_d5ab72c1a20d,Abbey,Bartlett,equestrian,2025-26,2025-26,D1,Women,Northeast Conference,LIU,"5'6""",Other,Sr.,Sr,"Wayne, N.J.",Wayne,NJ,domestic,Wayne Hills H.S.,0,https://www.liuathletics.com/sports/equestrian/roster
eq_99083d27cd1c,Alyssa,Baychuk,equestrian,2025-26,2025-26,D1,Women,Northeast Conference,LIU,"5'2""",Other,Jr.,Jr,"Old Bethpage, N.Y.",Old Bethpage,NY,domestic,Plainview-Old Bethpage JFK,0,https://www.liuathletics.com/sports/equestrian/roster
eq_7739a9ca1c82,Rachel,Carmody,equestrian,2025-26,2025-26,D1,Women,Northeast Conference,LIU,"5'2""",Other,Fr.,Fr,"Babylon, N.Y.",Babylon,NY,domestic,Babylon H.S.,0,https://www.liuathletics.com/sports/equestrian/roster
eq_31deb9886666,Jenna,Choinski,equestrian,2025-26,2025-26,D1,Women,Northeast Conference,LIU,"5'10""",Other,Fr.,Fr,"Marlton, N.J.",Marlton,NJ,domestic,Cherokee,0,https://www.liuathletics.com/sports/equestrian/roster
eq_5ab8f46c4d1c,Antonia,Collins,equestrian,2025-26,2025-26,D1,Women,Northeast Conference,LIU,"5'6""",Other,So.,So,"West Babylon, N.Y.",West Babylon,NY,domestic,North Babylon H.S.,0,https://www.liuathletics.com/sports/equestrian/roster
eq_9af5c343c86d,Sarah,Daniels,equestrian,2025-26,2025-26,D1,Women,Northeast Conference,LIU,"5'6""",Other,Jr.,Jr,"Huntington Station, N.Y.",Huntington Station,NY,domestic,Walt Whitman,0,https://www.liuathletics.com/sports/equestrian/roster
eq_2ca51daeb2c5,Addy,Docherty,equestrian,2025-26,2025-26,D1,Women,Northeast Conference,LIU,"5'6""",Other,Sr.,Sr,"Sayville, N.Y.",Sayville,NY,domestic,Sayville H.S.,0,https://www.liuathletics.com/sports/equestrian/roster
eq_79c7ebb116ff,Janina,"""Nina"" Dubicki",equestrian,2025-26,2025-26,D1,Women,Northeast Conference,LIU,"5'8""",Other,So.,So,"Glen Cove, N.Y.",Glen Cove,NY,domestic,Kellenberg Memorial,0,https://www.liuathletics.com/sports/equestrian/roster
eq_f80d57ff1ccd,Amanda,Esposito,equestrian,2025-26,2025-26,D1,Women,Northeast Conference,LIU,"5'6""",Other,Sr.,Sr,"Huntington, N.Y.",Huntington,NY,domestic,Walt Whitman,0,https://www.liuathletics.com/sports/equestrian/roster
eq_aad8da530f1f,Natalie,Farina,equestrian,2025-26,2025-26,D1,Women,Northeast Conference,LIU,"5'6""",Other,Sr.,Sr,"Seaford, N.Y.",Seaford,NY,domestic,General Douglas MacArthur,0,https://www.liuathletics.com/sports/equestrian/roster
eq_c2398db19e75,Madison,Frankel,equestrian,2025-26,2025-26,D1,Women,Northeast Conference,LIU,"5'5""",Other,So.,So,"Roslyn Harbor, N.Y.",Roslyn Harbor,NY,domestic,Laurel Springs,0,https://www.liuathletics.com/sports/equestrian/roster
eq_fec907028cbd,Kathryn,Gargiulo,equestrian,2025-26,2025-26,D1,Women,Northeast Conference,LIU,"5'5""",Other,Sr.,Sr,"St. James, N.Y.",St. James,NY,domestic,Smithtown East,0,https://www.liuathletics.com/sports/equestrian/roster
eq_6818e9514bdc,Brooke,Greenstein,equestrian,2025-26,2025-26,D1,Women,Northeast Conference,LIU,"5'2""",Other,Sr.,Sr,"Bethpage, N.Y.",Bethpage,NY,domestic,Bethpage H.S.,0,https://www.liuathletics.com/sports/equestrian/roster
eq_14ffd78f016d,Sabra,"""Sadie"" Harry",equestrian,2025-26,2025-26,D1,Women,Northeast Conference,LIU,"5'3""",Other,So.,So,"Southampton, N.Y.",Southampton,NY,domestic,Westhampton Beach H.S.,0,https://www.liuathletics.com/sports/equestrian/roster
eq_90767a498cfe,Saige,Hinch,equestrian,2025-26,2025-26,D1,Women,Northeast Conference,LIU,"5'7""",Other,Jr.,Jr,"Farmingdale, N.Y.",Farmingdale,NY,domestic,Mattituck H.S.,0,https://www.liuathletics.com/sports/equestrian/roster
eq_7d08e92cad9e,Deanna,Johnson,equestrian,2025-26,2025-26,D1,Women,Northeast Conference,LIU,"5'4""",Other,Fr.,Fr,"Bronx, N.Y.",Bronx,NY,domestic,Maria Regina,0,https://www.liuathletics.com/sports/equestrian/roster
eq_eb5ee1b5e63b,Fatima,Karim,equestrian,2025-26,2025-26,D1,Women,Northeast Conference,LIU,"5'6""",Other,So.,So,"Westchester, N.Y.",Westchester,NY,domestic,,0,https://www.liuathletics.com/sports/equestrian/roster
eq_5174a7c2ae40,Rebecca,Kats,equestrian,2025-26,2025-26,D1,Women,Northeast Conference,LIU,"5'5""",Other,Jr.,Jr,"Brooklyn, N.Y.",Brooklyn,NY,domestic,Leon M. Goldstein,0,https://www.liuathletics.com/sports/equestrian/roster
eq_0071bed42a2e,Brooke,Keen,equestrian,2025-26,2025-26,D1,Women,Northeast Conference,LIU,"5'4""",Other,Sr.,Sr,"Babylon, N.Y.",Babylon,NY,domestic,Babylon H.S.,0,https://www.liuathletics.com/sports/equestrian/roster
eq_fdd902a295db,Isabella,Keshishian,equestrian,2025-26,2025-26,D1,Women,Northeast Conference,LIU,"5'2""",Other,So.,So,"Roslyn Heights, N.Y.",Roslyn Heights,NY,domestic,Roslyn H.S.,0,https://www.liuathletics.com/sports/equestrian/roster
eq_e5d79fe38e7d,Nina,King,equestrian,2025-26,2025-26,D1,Women,Northeast Conference,LIU,"5'6""",Other,So.,So,"Montauk, N.Y.",Montauk,NY,domestic,East Hampton,0,https://www.liuathletics.com/sports/equestrian/roster
eq_34d67ae10f16,Alyssa,Kolesnikova,equestrian,2025-26,2025-26,D1,Women,Northeast Conference,LIU,"5'8""",Other,Sr.,Sr,"Brooklyn, N.Y.",Brooklyn,NY,domestic,Fiorello H. LaGuardia,0,https://www.liuathletics.com/sports/equestrian/roster
eq_efb6d7ef260e,Olivia,Korzep,equestrian,2025-26,2025-26,D1,Women,Northeast Conference,LIU,"5'5""",Other,Sr.,Sr,"Greenpoint, N.Y.",Greenpoint,NY,domestic,H.S. for Health Professions & Human Services,0,https://www.liuathletics.com/sports/equestrian/roster
eq_c42e8f0baa4a,Abigail,Lenczewski,equestrian,2025-26,2025-26,D1,Women,Northeast Conference,LIU,"5'4""",Other,Fr.,Fr,"Newport, VA",Newport,VA,domestic,Peninsula Catholic,0,https://www.liuathletics.com/sports/equestrian/roster
eq_341157c96765,Alexa,Mangia,equestrian,2025-26,2025-26,D1,Women,Northeast Conference,LIU,"5'0""",Other,Jr.,Jr,"Glen Head, N.Y.",Glen Head,NY,domestic,Northshore H.S.,0,https://www.liuathletics.com/sports/equestrian/roster
eq_6f43185f2537,Isabelle,Mecklin,equestrian,2025-26,2025-26,D1,Women,Northeast Conference,LIU,"5'6""",Other,Fr.,Fr,"Two Harbors, MN",Two Harbors,MN,domestic,Two Harbors H.S.,0,https://www.liuathletics.com/sports/equestrian/roster
eq_85ac1e335085,Ashley,Mercurio,equestrian,2025-26,2025-26,D1,Women,Northeast Conference,LIU,"5'0""",Other,Fr.,Fr,"Saint James, N.Y.",Saint James,NY,domestic,Smithtown H.S. East,0,https://www.liuathletics.com/sports/equestrian/roster
eq_820e8235bd57,Lara,Meyer,equestrian,2025-26,2025-26,D1,Women,Northeast Conference,LIU,"5'4""",Other,So.,So,"Manorville, N.Y.",Manorville,NY,domestic,Eastport-South Manor H.S.,0,https://www.liuathletics.com/sports/equestrian/roster
eq_aa6fb1be09ec,Lena,Miller,equestrian,2025-26,2025-26,D1,Women,Northeast Conference,LIU,"5'2""",Other,Fr.,Fr,"Northport, N.Y.",Northport,NY,domestic,St. Dominic H.S.,0,https://www.liuathletics.com/sports/equestrian/roster
eq_0eab6c2de791,Isabella,Montano,equestrian,2025-26,2025-26,D1,Women,Northeast Conference,LIU,"5'1""",Other,Fr.,Fr,"Hauppauge, N.Y.",Hauppauge,NY,domestic,Hauppauge H.S.,0,https://www.liuathletics.com/sports/equestrian/roster
eq_144bf319ca53,Emily,Mulhern,equestrian,2025-26,2025-26,D1,Women,Northeast Conference,LIU,"5'7""",Other,Sr.,Sr,"Redding, Conn.",Redding,CT,domestic,Joel Barlow,0,https://www.liuathletics.com/sports/equestrian/roster
eq_4d49126ef871,Alyssa,Napoli,equestrian,2025-26,2025-26,D1,Women,Northeast Conference,LIU,"4'10""",Other,Jr.,Jr,"Levittown, N.Y.",Levittown,NY,domestic,Island Trees H.S.,0,https://www.liuathletics.com/sports/equestrian/roster
eq_083de602e220,Savannah,Negron,equestrian,2025-26,2025-26,D1,Women,Northeast Conference,LIU,"5'7""",Other,Jr.,Jr,"Mount Sinai, N.Y.",Mount Sinai,NY,domestic,Mount Sinai H.S.,0,https://www.liuathletics.com/sports/equestrian/roster
eq_44e287770ef2,Victoria,Palumbo,equestrian,2025-26,2025-26,D1,Women,Northeast Conference,LIU,"5'5""",Other,So.,So,"Brooklyn, N.Y.",Brooklyn,NY,domestic,Fontbonne Hall Academy,1,https://www.liuathletics.com/sports/equestrian/roster
eq_30a0b1a507b2,Megan,Ransom,equestrian,2025-26,2025-26,D1,Women,Northeast Conference,LIU,"5'3""",Other,Sr.,Sr,"Baldwin, N.Y.",Baldwin,NY,domestic,Baldwin H.S.,0,https://www.liuathletics.com/sports/equestrian/roster
eq_dcb5d8795fc4,Emma,Russell,equestrian,2025-26,2025-26,D1,Women,Northeast Conference,LIU,"5'5""",Other,So.,So,"East Patchogue, N.Y.",East Patchogue,NY,domestic,Patchogue-Medford H.S.,0,https://www.liuathletics.com/sports/equestrian/roster
eq_70bb391cee6c,Lola,Saunders,equestrian,2025-26,2025-26,D1,Women,Northeast Conference,LIU,"5'7""",Other,Fr.,Fr,"Flourtown, Pa.",Flourtown,PA,domestic,Springfield Township,0,https://www.liuathletics.com/sports/equestrian/roster
eq_085593e7ac4b,Violet,Schad,equestrian,2025-26,2025-26,D1,Women,Northeast Conference,LIU,"5'7""",Other,Fr.,Fr,"Ellicott City, Md.",Ellicott City,MD,domestic,Mount Hebron,0,https://www.liuathletics.com/sports/equestrian/roster
eq_cf3514e8cd28,Rylee,Simmons,equestrian,2025-26,2025-26,D1,Women,Northeast Conference,LIU,"5'5""",Other,Fr.,Fr,"Easton, Pa.",Easton,PA,domestic,Moravian Academy,1,https://www.liuathletics.com/sports/equestrian/roster
eq_71d107cc5f0c,Caitlin,Sims,equestrian,2025-26,2025-26,D1,Women,Northeast Conference,LIU,"5'10""",Other,So.,So,"Irvington, N.Y.",Irvington,NY,domestic,Irvington H.S.,0,https://www.liuathletics.com/sports/equestrian/roster
eq_25c4b84c0971,Jenna,Sullivan,equestrian,2025-26,2025-26,D1,Women,Northeast Conference,LIU,"5'3""",Other,Fr.,Fr,"Elmont, N.Y.",Elmont,NY,domestic,Sewanhaka,0,https://www.liuathletics.com/sports/equestrian/roster
eq_6ec276b89a03,Kaitlyn,Theodores,equestrian,2025-26,2025-26,D1,Women,Northeast Conference,LIU,"5'8""",Other,Fr.,Fr,"Merrick, N.Y.",Merrick,NY,domestic,Sanford H. Calhoun,0,https://www.liuathletics.com/sports/equestrian/roster
eq_ff7bc7f51f8d,Abigail,Zwilling,equestrian,2025-26,2025-26,D1,Women,Northeast Conference,LIU,"5'4""",Other,Sr.,Sr,"Farmingdale, N.Y.",Farmingdale,NY,domestic,St. Pius V,0,https://www.liuathletics.com/sports/equestrian/roster
