athlete_id,first_name,last_name,sport,athletic_year,season,division,gender,conference,school,position_raw,position_group,class_year_raw,class_standing,hometown_raw,hometown_city,hometown_state,origin,high_school,high_school_is_academy,source_url
glf_b60eefff42b9,Marc,Bofarull Balleste,golf,2025-26,2026,D2,Men,Northern Sun Intercollegiate Conference,Minnesota Crookston,,Golfer,Jr.,Jr,"Barcelona, Spain",Barcelona,,international,,0,https://goldeneaglesports.com/sports/mens-golf/roster/2026
glf_524920e18a7a,Connor,Czirjak,golf,2025-26,2026,D2,Men,Northern Sun Intercollegiate Conference,Minnesota Crookston,,Golfer,Jr.,Jr,"Calgary, Alberta",Calgary,,international,,0,https://goldeneaglesports.com/sports/mens-golf/roster/2026
glf_078fdfc154f4,Holdyn,Evjen,golf,2025-26,2026,D2,Men,Northern Sun Intercollegiate Conference,Minnesota Crookston,,Golfer,So.,So,"Hermantown, Minn.",Hermantown,MN,domestic,,0,https://goldeneaglesports.com/sports/mens-golf/roster/2026
glf_9e2a2413838b,Jack,Justesen,golf,2025-26,2026,D2,Men,Northern Sun Intercollegiate Conference,Minnesota Crookston,,Golfer,So.,So,"Hawley, Minn.",Hawley,MN,domestic,,0,https://goldeneaglesports.com/sports/mens-golf/roster/2026
glf_6af327ff7972,Ross,Koerner,golf,2025-26,2026,D2,Men,Northern Sun Intercollegiate Conference,Minnesota Crookston,,Golfer,So.,So,"Grand Forks, N.D.",Grand Forks,ND,domestic,,0,https://goldeneaglesports.com/sports/mens-golf/roster/2026
glf_10afcc5efaa4,Jaime,Martinez Guimon,golf,2025-26,2026,D2,Men,Northern Sun Intercollegiate Conference,Minnesota Crookston,,Golfer,Fr.,Fr,"Getxo, Spain",Getxo,,international,,0,https://goldeneaglesports.com/sports/mens-golf/roster/2026
glf_61805bbd8e5f,Julian,Nieto,golf,2025-26,2026,D2,Men,Northern Sun Intercollegiate Conference,Minnesota Crookston,,Golfer,Sr.,Sr,"Bucaramanga, Colombia",Bucaramanga,,international,,0,https://goldeneaglesports.com/sports/mens-golf/roster/2026
glf_8ffd1d6195ca,Carson,Shultis,golf,2025-26,2026,D2,Men,Northern Sun Intercollegiate Conference,Minnesota Crookston,,Golfer,Sr.,Sr,"Fargo, N.D.",Fargo,ND,domestic,,0,https://goldeneaglesports.com/sports/mens-golf/roster/2026
glf_91b1bdefbad2,Gannon,Walsh,golf,2025-26,2026,D2,Men,Northern Sun Intercollegiate Conference,Minnesota Crookston,,Golfer,Sr.,Sr,"Belgrade, Minn.",Belgrade,MN,domestic,,0,https://goldeneaglesports.com/sports/mens-golf/roster/2026
glf_d6c529dc547d,Gabe,Weller,golf,2025-26,2026,D2,Men,Northern Sun Intercollegiate Conference,Minnesota Crookston,,Golfer,So.,So,"Alexandria, Minn.",Alexandria,MN,domestic,,0,https://goldeneaglesports.com/sports/mens-golf/roster/2026
glf_bc951e5e8310,Andrew,Wilhelm,golf,2025-26,2026,D2,Men,Northern Sun Intercollegiate Conference,Minnesota Crookston,,Golfer,Jr.,Jr,"Fargo, N.D.",Fargo,ND,domestic,,0,https://goldeneaglesports.com/sports/mens-golf/roster/2026
glf_b028046675c1,Joseph,Boone,golf,2025-26,2026,D2,Men,Central Intercollegiate Athletic Association,Virginia Union,"6'1"" 190 lbs",Golfer,Jr.,Jr,"Fort Washington, MD",Fort Washington,MD,domestic,Bishop McNamara HS,0,https://vuusports.com/sports/mens-golf/roster/2026
glf_9dacb662f5ad,Antonio,Garcia,golf,2025-26,2026,D2,Men,Central Intercollegiate Athletic Association,Virginia Union,"5'8"" 169 lbs",Golfer,Fr.,Fr,"Bogota, Columbia",Bogota,,international,Clan Academy,1,https://vuusports.com/sports/mens-golf/roster/2026
glf_ea3e0b32f329,Walker,Johnson,golf,2025-26,2026,D2,Men,Central Intercollegiate Athletic Association,Virginia Union,"6'1"" 210 lbs",Golfer,Fr.,Fr,"Iredell, TX",Iredell,TX,domestic,Iredell HS,0,https://vuusports.com/sports/mens-golf/roster/2026
glf_4ce2e8a512a2,Juan,Diego Solano,golf,2025-26,2026,D2,Men,Central Intercollegiate Athletic Association,Virginia Union,"5'7"" 132 lbs",Golfer,Fr.,Fr,"Bogota, Columbia",Bogota,,international,Clan Academy,1,https://vuusports.com/sports/mens-golf/roster/2026
glf_ff45f89fe97d,Brady,Wood,golf,2025-26,2026,D2,Men,Central Intercollegiate Athletic Association,Virginia Union,"5'7"" 135 lbs",Golfer,Jr.,Jr,"New Brunswick, Canada",New Brunswick,,international,Fredericton HS,0,https://vuusports.com/sports/mens-golf/roster/2026
glf_d7b770058f8e,Josh,Baker,golf,2025-26,2026,D2,Men,Pennsylvania State Athletic Conference,Millersville,,Golfer,Jr.,Jr,"West Chester, Pa.",West Chester,PA,domestic,Henderson,0,https://millersvilleathletics.com/sports/mgolf/roster
glf_dfe352108f2c,Cole,Duffy,golf,2025-26,2026,D2,Men,Pennsylvania State Athletic Conference,Millersville,,Golfer,So.,So,"Danville, Pa.",Danville,PA,domestic,Danville Area,0,https://millersvilleathletics.com/sports/mgolf/roster
glf_b72dc9901d31,Brady,Manning,golf,2025-26,2026,D2,Men,Pennsylvania State Athletic Conference,Millersville,,Golfer,Sr.,Sr,"Downingtown, Pa.",Downingtown,PA,domestic,Downingtown West,0,https://millersvilleathletics.com/sports/mgolf/roster
glf_7a20349f031d,Jake,Speers,golf,2025-26,2026,D2,Men,Pennsylvania State Athletic Conference,Millersville,,Golfer,Sr.,Sr,"Portstewart, Northern Ireland",Portstewart,,international,Dominican College,0,https://millersvilleathletics.com/sports/mgolf/roster
glf_2ca85f21c26a,Logan,Wagner,golf,2025-26,2026,D2,Men,Pennsylvania State Athletic Conference,Millersville,,Golfer,RJr.,Jr,"Quarryville, Pa.",Quarryville,PA,domestic,Solanco,0,https://millersvilleathletics.com/sports/mgolf/roster
glf_73507044aa1e,Sam,Boser,golf,2025-26,2026,D2,Men,Northern Sun Intercollegiate Conference,Jamestown,,Golfer,Jr.,Jr,"Fargo, N.D.",Fargo,ND,domestic,Fargo North,0,https://jimmiepride.com/sports/mens-golf/roster
glf_bf204c3ee3ad,Cole,Campbell,golf,2025-26,2026,D2,Men,Northern Sun Intercollegiate Conference,Jamestown,,Golfer,Sr.,Sr,"Oxbow, N.D.",Oxbow,ND,domestic,Kindred,0,https://jimmiepride.com/sports/mens-golf/roster
glf_9f927b0e1d8b,Kyle,Campbell,golf,2025-26,2026,D2,Men,Northern Sun Intercollegiate Conference,Jamestown,,Golfer,Fr.,Fr,"Oxbow, N.D.",Oxbow,ND,domestic,Kindred,0,https://jimmiepride.com/sports/mens-golf/roster
glf_89904ae7e662,Phoenix,Foote,golf,2025-26,2026,D2,Men,Northern Sun Intercollegiate Conference,Jamestown,,Golfer,Jr.,Jr,"New Town, N.D.",New Town,ND,domestic,New Town,0,https://jimmiepride.com/sports/mens-golf/roster
glf_9baade511a78,Aidan,Hall,golf,2025-26,2026,D2,Men,Northern Sun Intercollegiate Conference,Jamestown,,Golfer,Sr.,Sr,"Gardner, N.D.",Gardner,ND,domestic,Northern Cass,0,https://jimmiepride.com/sports/mens-golf/roster
glf_e2bdbc4ce36d,Oscar,Holmen,golf,2025-26,2026,D2,Men,Northern Sun Intercollegiate Conference,Jamestown,,Golfer,Jr.,Jr,"Fargo, N.D.",Fargo,ND,domestic,Fargo South,0,https://jimmiepride.com/sports/mens-golf/roster
glf_ff409a3238ed,Nathan,Hoogsteen,golf,2025-26,2026,D2,Men,Northern Sun Intercollegiate Conference,Jamestown,,Golfer,Fr.,Fr,"Thunder Bay, Ont.",Thunder Bay,,international,Hammarskjold,0,https://jimmiepride.com/sports/mens-golf/roster
glf_30b74f26ad21,James,Hooton,golf,2025-26,2026,D2,Men,Northern Sun Intercollegiate Conference,Jamestown,,Golfer,So.,So,"Winnipeg, Manitoba",Winnipeg,,international,,0,https://jimmiepride.com/sports/mens-golf/roster
glf_dd55b47e1cc3,Carter,Johnson,golf,2025-26,2026,D2,Men,Northern Sun Intercollegiate Conference,Jamestown,,Golfer,Jr.,Jr,"Winnipeg, Manitoba",Winnipeg,,international,,0,https://jimmiepride.com/sports/mens-golf/roster
glf_32671f9e8fa8,Jack,Josephsen,golf,2025-26,2026,D2,Men,Northern Sun Intercollegiate Conference,Jamestown,,Golfer,Fr.,Fr,"West Fargo, N.D.",West Fargo,ND,domestic,West Fargo,0,https://jimmiepride.com/sports/mens-golf/roster
glf_2573667cbf82,Gavin,Kinsey,golf,2025-26,2026,D2,Men,Northern Sun Intercollegiate Conference,Jamestown,,Golfer,So.,So,"Spring Lake Park, Minn.",Spring Lake Park,MN,domestic,Spring Lake Park,0,https://jimmiepride.com/sports/mens-golf/roster
glf_6ede3c1c84de,Noah,Law,golf,2025-26,2026,D2,Men,Northern Sun Intercollegiate Conference,Jamestown,,Golfer,So.,So,"Coon Rapids, Minn.",Coon Rapids,MN,domestic,Coon Rapids,0,https://jimmiepride.com/sports/mens-golf/roster
glf_59cadd346cb3,Mac,Maluski,golf,2025-26,2026,D2,Men,Northern Sun Intercollegiate Conference,Jamestown,,Golfer,So.,So,"Cottage Grove, Minn.",Cottage Grove,MN,domestic,Park,0,https://jimmiepride.com/sports/mens-golf/roster
glf_dd26578b516e,Aiden,McLain,golf,2025-26,2026,D2,Men,Northern Sun Intercollegiate Conference,Jamestown,,Golfer,Sr.,Sr,"Grafton, N.D.",Grafton,ND,domestic,Grafton,0,https://jimmiepride.com/sports/mens-golf/roster
glf_5b22166a1f16,Easton,Romsdal,golf,2025-26,2026,D2,Men,Northern Sun Intercollegiate Conference,Jamestown,,Golfer,Sr.,Sr,"Jamestown, N.D.",Jamestown,ND,domestic,Jamestown High School,0,https://jimmiepride.com/sports/mens-golf/roster
glf_7d2ff72e5170,Porter,Seidel,golf,2025-26,2026,D2,Men,Northern Sun Intercollegiate Conference,Jamestown,,Golfer,So.,So,"Fargo, N.D.",Fargo,ND,domestic,Davies,0,https://jimmiepride.com/sports/mens-golf/roster
glf_53bba109b2a6,Aidan,Zuger,golf,2025-26,2026,D2,Men,Northern Sun Intercollegiate Conference,Jamestown,,Golfer,Fr.,Fr,"Fargo, N.D.",Fargo,ND,domestic,Oak Grove,0,https://jimmiepride.com/sports/mens-golf/roster
glf_f80f68ee52b1,Luis,Alvarez,golf,2025-26,2026,D2,Men,Mountain East Conference,Wheeling,"5'10""",Golfer,Sr.,Sr,"Barquisimeto, Lara, Venezuela",Barquisimeto,,international,Combine Academy,1,https://wucardinals.com/sports/mens-golf/roster
glf_396596ecd410,Jamie,Botton,golf,2025-26,2026,D2,Men,Mountain East Conference,Wheeling,"5'10""",Golfer,Fr.,Fr,"South Croydon, London, England",South Croydon,,international,Riddlesdown Collegiate,0,https://wucardinals.com/sports/mens-golf/roster
glf_3e4df8f6629d,Federico,Cobos Kallman,golf,2025-26,2026,D2,Men,Mountain East Conference,Wheeling,"6'3""",Golfer,Jr.,Jr,"Bogota, Cundinamarca, Colombia",Bogota,,international,Schiller Gymnasium,0,https://wucardinals.com/sports/mens-golf/roster
glf_5721d77592b6,Zak,Collins,golf,2025-26,2026,D2,Men,Mountain East Conference,Wheeling,"6'2""",Golfer,Jr.,Jr,"Ballincollig, Cork, Ireland",Ballincollig,,international,Colaiste Cholim,0,https://wucardinals.com/sports/mens-golf/roster
glf_d2a773b80bb7,Sean,Dobson,golf,2025-26,2026,D2,Men,Mountain East Conference,Wheeling,"5'9""",Golfer,Gr.,Gr,"Preston, Lancashire, Engalnd",Preston,,international,Our Lady's Catholic,0,https://wucardinals.com/sports/mens-golf/roster
glf_5de5972d0816,Elias,Ekenes-Fosback,golf,2025-26,2026,D2,Men,Mountain East Conference,Wheeling,"5'11""",Golfer,So.,So,"Son, Akershus, Norge",Son,,international,Wang Toppidrett Fredikstad,0,https://wucardinals.com/sports/mens-golf/roster
glf_9dd4e1391214,Lodin,Femoen,golf,2025-26,2026,D2,Men,Mountain East Conference,Wheeling,"6'3""",Golfer,So.,So,"Drobak, Akershus, Norway",Drobak,,international,Frogn Videregaaende School,0,https://wucardinals.com/sports/mens-golf/roster
glf_279fa5a63412,Magnus,Gray,golf,2025-26,2026,D2,Men,Mountain East Conference,Wheeling,"6'0""",Golfer,Fr.,Fr,"Orem, UT.",Orem,UT,domestic,Orem HS,0,https://wucardinals.com/sports/mens-golf/roster
glf_2c60e1f13751,Brandon,Lee,golf,2025-26,2026,D2,Men,Mountain East Conference,Wheeling,"6'1""",Golfer,Sr.,Sr,"Dallas, TX.",Dallas,TX,domestic,Hebron HS,0,https://wucardinals.com/sports/mens-golf/roster
glf_d0e5cc862988,Lorenzo,Lupi,golf,2025-26,2026,D2,Men,Mountain East Conference,Wheeling,"6'1""",Golfer,Jr.,Jr,"Padua, Italy",Padua,,international,ITC CALVI,0,https://wucardinals.com/sports/mens-golf/roster
glf_b6dd80bdce60,Makstr,McIntyre,golf,2025-26,2026,D2,Men,Mountain East Conference,Wheeling,"6'0""",Golfer,Jr.,Jr,"Swift Current, Saskatchewan, Canada",Swift Current,,international,Swift Current Comprehensive HS,0,https://wucardinals.com/sports/mens-golf/roster
glf_5d1ff3b66698,Caleb,Minson,golf,2025-26,2026,D2,Men,Mountain East Conference,Wheeling,"5'6""",Golfer,Jr.,Jr,"Hammer Springs, Canterbury, New Zealand",Hammer Springs,,international,Nelson College,0,https://wucardinals.com/sports/mens-golf/roster
glf_fa89d8f39be3,Will,Munhall,golf,2025-26,2026,D2,Men,Mountain East Conference,Wheeling,"5'9""",Golfer,Sr.,Sr,"Granville, OH.",Granville,OH,domestic,Granville HS,0,https://wucardinals.com/sports/mens-golf/roster
glf_ae2f93e7fd5e,Solomon,Ness,golf,2025-26,2026,D2,Men,Mountain East Conference,Wheeling,"6'0""",Golfer,Jr.,Jr,"Saskatoon, Saskatchewan, Canada",Saskatoon,,international,Centennial Collegiate,0,https://wucardinals.com/sports/mens-golf/roster
glf_5fd0fa53efe6,Cormac,Pearson,golf,2025-26,2026,D2,Men,Mountain East Conference,Wheeling,"6'0""",Golfer,Fr.,Fr,"Waterford, Munster, Ireland",Waterford,,international,De La Salle College Waterford,0,https://wucardinals.com/sports/mens-golf/roster
glf_b9d7b229878c,Luke,Wennberg,golf,2025-26,2026,D2,Men,Mountain East Conference,Wheeling,"5'11""",Golfer,So.,So,"Calgary, Alberta, Canada",Calgary,,international,Ernest Manning HS,0,https://wucardinals.com/sports/mens-golf/roster
glf_de0416fc65d5,Yeraslan,Yeragali,golf,2025-26,2026,D2,Men,Mountain East Conference,Wheeling,"5'11""",Golfer,Fr.,Fr,"Almaty, Kazakhstan",Almaty,,international,Specialized Lyceum School,0,https://wucardinals.com/sports/mens-golf/roster
glf_23d75033bc32,Vladimir,Zhang,golf,2025-26,2026,D2,Men,Mountain East Conference,Wheeling,"6'0""",Golfer,Sr.,Sr,"Medan, North Sumatra, Indonesia",Medan,,international,Combine Academy,1,https://wucardinals.com/sports/mens-golf/roster
glf_7dc8d320537b,Brooks,Baldwin,golf,2025-26,2026,D2,Men,Mid-America Intercollegiate Athletics Association,Central Missouri,,Golfer,R-Sr.,Sr,"Warrensburg, Mo.",Warrensburg,MO,domestic,Warrensburg HS,0,https://ucmathletics.com/sports/mens-golf/roster
glf_62c8d2a22d00,Lawson,Barks,golf,2025-26,2026,D2,Men,Mid-America Intercollegiate Athletics Association,Central Missouri,,Golfer,So.,So,"Poplar Bluff, Mo.",Poplar Bluff,MO,domestic,Poplar Bluff HS,0,https://ucmathletics.com/sports/mens-golf/roster
glf_4488990db4f8,Will,Boyd,golf,2025-26,2026,D2,Men,Mid-America Intercollegiate Athletics Association,Central Missouri,,Golfer,So.,So,"California, Mo.",California,MO,domestic,California HS,0,https://ucmathletics.com/sports/mens-golf/roster
glf_abc4d4fa6712,Nick,Fallin,golf,2025-26,2026,D2,Men,Mid-America Intercollegiate Athletics Association,Central Missouri,,Golfer,Sr.,Sr,"Highlands Ranch, Colo.",Highlands Ranch,CO,domestic,Rock Canyon HS,0,https://ucmathletics.com/sports/mens-golf/roster
glf_4aae3edc733c,Kale,Flinton,golf,2025-26,2026,D2,Men,Mid-America Intercollegiate Athletics Association,Central Missouri,,Golfer,Fr.,Fr,"Edmond, Okla.",Edmond,OK,domestic,Edmond Memorial HS,0,https://ucmathletics.com/sports/mens-golf/roster
glf_f71dd3e19d9b,Jack,Hope,golf,2025-26,2026,D2,Men,Mid-America Intercollegiate Athletics Association,Central Missouri,,Golfer,Sr.,Sr,"Edmond, Okla.",Edmond,OK,domestic,Deer Creek HS,0,https://ucmathletics.com/sports/mens-golf/roster
glf_0c0e1f52dc0b,Henry,Manning,golf,2025-26,2026,D2,Men,Mid-America Intercollegiate Athletics Association,Central Missouri,,Golfer,Jr.,Jr,"Clive, Iowa",Clive,IA,domestic,Waukee Northwest HS,0,https://ucmathletics.com/sports/mens-golf/roster
glf_92dc490655a3,Garrett,McIntosh,golf,2025-26,2026,D2,Men,Mid-America Intercollegiate Athletics Association,Central Missouri,,Golfer,Fr.,Fr,"Columbia, Mo.",Columbia,MO,domestic,Father Tolton Catholic,0,https://ucmathletics.com/sports/mens-golf/roster
glf_77d5bafa02a9,CJ,Phillips,golf,2025-26,2026,D2,Men,Mid-America Intercollegiate Athletics Association,Central Missouri,,Golfer,Jr.,Jr,"Edmond, Okla.",Edmond,OK,domestic,Edmond Santa Fe HS,0,https://ucmathletics.com/sports/mens-golf/roster
glf_7425596b973e,Archer,Schnieders,golf,2025-26,2026,D2,Men,Mid-America Intercollegiate Athletics Association,Central Missouri,,Golfer,So.,So,"Jefferson City, Mo.",Jefferson City,MO,domestic,Helias Catholic,0,https://ucmathletics.com/sports/mens-golf/roster
glf_f885edebfc25,Andrew,Whittaker,golf,2025-26,2026,D2,Men,Mid-America Intercollegiate Athletics Association,Central Missouri,,Golfer,Sr.,Sr,"Elkhorn, Neb.",Elkhorn,NE,domestic,Elkhorn South HS,0,https://ucmathletics.com/sports/mens-golf/roster
glf_d29273724cb9,Nathan,Womack,golf,2025-26,2026,D2,Men,Mid-America Intercollegiate Athletics Association,Central Missouri,,Golfer,Jr.,Jr,"Elk City, Okla.",Elk City,OK,domestic,Elk City HS,0,https://ucmathletics.com/sports/mens-golf/roster
glf_c2fd6796c97e,Gabriel,Ansley,golf,2025-26,2026,D2,Men,Conference Carolinas,Chowan,"6'1""",Golfer,Fr.,Fr,"Clayton, NC",Clayton,NC,domestic,Southside Christian,0,https://gocuhawks.com/sports/mens-golf/roster
glf_a3759269c6d0,Bryce,Bennett,golf,2025-26,2026,D2,Men,Conference Carolinas,Chowan,"6'2""",Golfer,So.,So,Cheasapeake VA,Cheasapeake VA,,international,Kellam HS,0,https://gocuhawks.com/sports/mens-golf/roster
glf_606b5fc9dda5,Parker,Brooks,golf,2025-26,2026,D2,Men,Conference Carolinas,Chowan,"5'6""",Golfer,Jr.,Jr,"Windsor, NC",Windsor,NC,domestic,Bertie Early College High School,0,https://gocuhawks.com/sports/mens-golf/roster
glf_c8a6d598b8fc,Mika,Buchholtz,golf,2025-26,2026,D2,Men,Conference Carolinas,Chowan,"6'2""",Golfer,Sr.,Sr,"Pinneberg, Germany",Pinneberg,,international,Johann-Rist Gymnasium,0,https://gocuhawks.com/sports/mens-golf/roster
glf_788465333e97,Teddy,Fee,golf,2025-26,2026,D2,Men,Conference Carolinas,Chowan,"6'0""",Golfer,Fr.,Fr,"Worcester, England",Worcester,,international,Pershore HS,0,https://gocuhawks.com/sports/mens-golf/roster
glf_6995763ed9cb,Ruben,Gamez-Aranda,golf,2025-26,2026,D2,Men,Conference Carolinas,Chowan,"5'8""",Golfer,Sr.,Sr,"Atizapan, Mexico",Atizapan,,international,Kiski School,0,https://gocuhawks.com/sports/mens-golf/roster
glf_59177a181036,Landon,Heller,golf,2025-26,2026,D2,Men,Conference Carolinas,Chowan,"6'0""",Golfer,Jr.,Jr,"Raleigh, NC",Raleigh,NC,domestic,Franklinton HS,0,https://gocuhawks.com/sports/mens-golf/roster
glf_c23393530fc9,Bjoern,Holt,golf,2025-26,2026,D2,Men,Conference Carolinas,Chowan,"5'8""",Golfer,Jr.,Jr,"Sharpsborg, Norway",Sharpsborg,,international,Wang Toppidrett Fredrikstad,0,https://gocuhawks.com/sports/mens-golf/roster
glf_fc11160ec689,Harry,Jones,golf,2025-26,2026,D2,Men,Conference Carolinas,Chowan,"6'0""",Golfer,Fr.,Fr,"Liverpool, England",Liverpool,,international,St Margaret's Church of England Academy,1,https://gocuhawks.com/sports/mens-golf/roster
glf_a12b868bbc6f,Jacob,Kearney,golf,2025-26,2026,D2,Men,Conference Carolinas,Chowan,"6'0""",Golfer,Jr.,Jr,"Greenville, NC",Greenville,NC,domestic,Southern Nash HS,0,https://gocuhawks.com/sports/mens-golf/roster
glf_9d2ade7f1956,Bryce,Koehler,golf,2025-26,2026,D2,Men,Conference Carolinas,Chowan,"6'1""",Golfer,Fr.,Fr,"Surf City, NC",Surf City,NC,domestic,Topsail HS,0,https://gocuhawks.com/sports/mens-golf/roster
glf_b709a948e63e,Adam,Lankford,golf,2025-26,2026,D2,Men,Conference Carolinas,Chowan,"5'9""",Golfer,Sr.,Sr,Mechanicsville VA,Mechanicsville VA,,international,Hanover HS,0,https://gocuhawks.com/sports/mens-golf/roster
glf_ac8e0817fa64,Chance,Lassiter,golf,2025-26,2026,D2,Men,Conference Carolinas,Chowan,"6'1""",Golfer,Fr.,Fr,"Rich Square, NC",Rich Square,NC,domestic,Northeast Academy,1,https://gocuhawks.com/sports/mens-golf/roster
glf_d0d05db1ea19,Jacob,Lyles,golf,2025-26,2026,D2,Men,Conference Carolinas,Chowan,"5'10""",Golfer,Fr.,Fr,"Roanoke Rapids, NC",Roanoke Rapids,NC,domestic,Roanoke Rapids HS,0,https://gocuhawks.com/sports/mens-golf/roster
glf_e2b78ba8a5aa,Justin,Peterson,golf,2025-26,2026,D2,Men,Conference Carolinas,Chowan,"6'0""",Golfer,Jr.,Jr,"Murfreesboro, NC",Murfreesboro,NC,domestic,Ridgecroft School,0,https://gocuhawks.com/sports/mens-golf/roster
glf_72024b279f59,EJ,Proctor,golf,2025-26,2026,D2,Men,Conference Carolinas,Chowan,"6'0""",Golfer,So.,So,"Tarboro, NC",Tarboro,NC,domestic,North East Carolina Preparatory,1,https://gocuhawks.com/sports/mens-golf/roster
glf_3858d9fc5897,Noah,Stewart,golf,2025-26,2026,D2,Men,Conference Carolinas,Chowan,"5'10""",Golfer,So.,So,"Askewville, NC",Askewville,NC,domestic,Mattamuskeet HS,0,https://gocuhawks.com/sports/mens-golf/roster
glf_b7162fb53305,Cameron,Cantillana,golf,2025-26,2026,D2,Men,Rocky Mountain Athletic Conference,Colorado Christian,,Golfer,Fr.,Fr,"Spokane, WA",Spokane,WA,domestic,Homeschooled,1,https://ccucougars.com/sports/mens-golf/roster
glf_b3bd198cfa53,Lance,Christensen Jr.,golf,2025-26,2026,D2,Men,Rocky Mountain Athletic Conference,Colorado Christian,,Golfer,5th,Gr,"Kyle, S.D.",Kyle,SD,domestic,New Mexico State Univesity,0,https://ccucougars.com/sports/mens-golf/roster
glf_6b8edfce072d,Tyler,Debruyckere,golf,2025-26,2026,D2,Men,Rocky Mountain Athletic Conference,Colorado Christian,,Golfer,So.,So,"Eleva, WI",Eleva,WI,domestic,Eau Claire Memorial High School,0,https://ccucougars.com/sports/mens-golf/roster
glf_66c6fcb952e9,Daniel,Gorman,golf,2025-26,2026,D2,Men,Rocky Mountain Athletic Conference,Colorado Christian,,Golfer,So.,So,"Waco, TX",Waco,TX,domestic,Valor Preparatory Academy,1,https://ccucougars.com/sports/mens-golf/roster
glf_92818d576133,Carson,Gylling,golf,2025-26,2026,D2,Men,Rocky Mountain Athletic Conference,Colorado Christian,,Golfer,Jr.,Jr,"Chandler, AZ",Chandler,AZ,domestic,,,https://ccucougars.com/sports/mens-golf/roster
glf_ec8b013e5cfe,Peyton,Jones,golf,2025-26,2026,D2,Men,Rocky Mountain Athletic Conference,Colorado Christian,,Golfer,Sr.,Sr,"Roswell, NM",Roswell,NM,domestic,Homeschool,1,https://ccucougars.com/sports/mens-golf/roster
glf_9292ee8248a7,Bradley,Mulder,golf,2025-26,2026,D2,Men,Rocky Mountain Athletic Conference,Colorado Christian,,Golfer,Jr.,Jr,"Spokane, WA",Spokane,WA,domestic,Mead High School,0,https://ccucougars.com/sports/mens-golf/roster
glf_a7d7da4375eb,Camron,Reddell,golf,2025-26,2026,D2,Men,Rocky Mountain Athletic Conference,Colorado Christian,,Golfer,Gr.,Gr,"Argyle, TX",Argyle,TX,domestic,Liberty Christian,0,https://ccucougars.com/sports/mens-golf/roster
glf_bebaf5ed3901,Todd,Tabor,golf,2025-26,2026,D2,Men,Rocky Mountain Athletic Conference,Colorado Christian,,Golfer,Sr.,Sr,"Kalama, WA",Kalama,WA,domestic,Kalama High School,0,https://ccucougars.com/sports/mens-golf/roster
glf_e8a2bfdba675,Liam,Allan,golf,2025-26,2026,D2,Men,Rocky Mountain Athletic Conference,Colorado School of Mines,,Golfer,So.,So,"Scottsdale, Ariz.",Scottsdale,AZ,domestic,Pinnacle,0,https://minesathletics.com/sports/mens-golf/roster
glf_ae8da8a6a3df,Óli,Bjarkason,golf,2025-26,2026,D2,Men,Rocky Mountain Athletic Conference,Colorado School of Mines,,Golfer,Fr.,Fr,"Kópavogur, Iceland",Kópavogur,,international,Verzlunarskóli Íslands,0,https://minesathletics.com/sports/mens-golf/roster
glf_afd5d6487fc6,Eric,Casademont Vinyoles,golf,2025-26,2026,D2,Men,Rocky Mountain Athletic Conference,Colorado School of Mines,,Golfer,Jr.,Jr,"Sant Cugat del Valles, Spain",Sant Cugat del Valles,,international,AESA Prep,1,https://minesathletics.com/sports/mens-golf/roster
glf_de2f5e1cc3a4,Hunter,Ellsworth,golf,2025-26,2026,D2,Men,Rocky Mountain Athletic Conference,Colorado School of Mines,,Golfer,Fr.,Fr,"Lakewood, Colo.",Lakewood,CO,domestic,Green Mountain,0,https://minesathletics.com/sports/mens-golf/roster
glf_f5a65af40dc3,Giacomo,Gaggero,golf,2025-26,2026,D2,Men,Rocky Mountain Athletic Conference,Colorado School of Mines,,Golfer,So.,So,"Meadow Vista, Calif.",Meadow Vista,CA,domestic,Colfax,0,https://minesathletics.com/sports/mens-golf/roster
glf_5a27f67d18e0,Davis,Kushner,golf,2025-26,2026,D2,Men,Rocky Mountain Athletic Conference,Colorado School of Mines,,Golfer,R-Fr.,Fr,"Cary, N.C.",Cary,NC,domestic,Cardinal Gibbons,0,https://minesathletics.com/sports/mens-golf/roster
glf_cadef1c7ce75,Enzo,Martínez,golf,2025-26,2026,D2,Men,Rocky Mountain Athletic Conference,Colorado School of Mines,,Golfer,So.,So,"Tona, Spain",Tona,,international,The Bolles School,0,https://minesathletics.com/sports/mens-golf/roster
glf_a29f3bd4e93e,Devin,Nguyen,golf,2025-26,2026,D2,Men,Rocky Mountain Athletic Conference,Colorado School of Mines,,Golfer,R-Fr.,Fr,"Huntington Beach, Calif.",Huntington Beach,CA,domestic,Huntington Beach,0,https://minesathletics.com/sports/mens-golf/roster
glf_b02905817054,Alexander,Samuelsson,golf,2025-26,2026,D2,Men,Rocky Mountain Athletic Conference,Colorado School of Mines,,Golfer,R-Fr.,Fr,"The Woodlands, Texas",The Woodlands,TX,domestic,The Woodlands,0,https://minesathletics.com/sports/mens-golf/roster
glf_608299a37fd9,Zach,Shallat,golf,2025-26,2026,D2,Men,Rocky Mountain Athletic Conference,Colorado School of Mines,,Golfer,R-Jr.,Jr,"Dix Hills, N.Y.",Dix Hills,NY,domestic,Friends Academy,1,https://minesathletics.com/sports/mens-golf/roster
glf_4b1afe2f1275,Mitch,Stock,golf,2025-26,2026,D2,Men,Rocky Mountain Athletic Conference,Colorado School of Mines,,Golfer,R-Fr.,Fr,"Upper Arlington, Ohio",Upper Arlington,OH,domestic,Upper Arlington,0,https://minesathletics.com/sports/mens-golf/roster
glf_76ad19e3a5d3,Charlie,Tran,golf,2025-26,2026,D2,Men,Rocky Mountain Athletic Conference,Colorado School of Mines,,Golfer,Sr.,Sr,"Portland, Ore.",Portland,OR,domestic,Sunset,0,https://minesathletics.com/sports/mens-golf/roster
glf_2d81ea1912fa,Sam,Allister,golf,2025-26,2026,D2,Men,Conference Carolinas,Erskine,,Golfer,So.,So,"Lisburn, Northern Ireland",Lisburn,,international,Friends' School,0,https://erskinesports.com/sports/mens-golf/roster
glf_41351cd80001,Drew,Andrews,golf,2025-26,2026,D2,Men,Conference Carolinas,Erskine,,Golfer,So.,So,"Hartsville, SC",Hartsville,SC,domestic,Trinity Collegiate,0,https://erskinesports.com/sports/mens-golf/roster
glf_c3ebe08f306b,Rafael,Barrios,golf,2025-26,2026,D2,Men,Conference Carolinas,Erskine,,Golfer,Sr.,Sr,"Caracas, Venezuela",Caracas,,international,Colegio Los Arcos,0,https://erskinesports.com/sports/mens-golf/roster
glf_41165a0736b7,Carson,Benfield,golf,2025-26,2026,D2,Men,Conference Carolinas,Erskine,,Golfer,Jr.,Jr,"Smyrna, SC",Smyrna,SC,domestic,York Comprehensive HS,0,https://erskinesports.com/sports/mens-golf/roster
glf_2d979c57b67e,Brice,Cribb,golf,2025-26,2026,D2,Men,Conference Carolinas,Erskine,,Golfer,So.,So,"Harleyville, SC",Harleyville,SC,domestic,Dorchester Academy,1,https://erskinesports.com/sports/mens-golf/roster
glf_8545a251542e,Leon,Dall Antonia,golf,2025-26,2026,D2,Men,Conference Carolinas,Erskine,,Golfer,Jr.,Jr,"Crehange, France",Crehange,,international,Mouratoglou International School,0,https://erskinesports.com/sports/mens-golf/roster
glf_4de9f014dc1a,Noah,Duprey,golf,2025-26,2026,D2,Men,Conference Carolinas,Erskine,,Golfer,Sr.,Sr,"Casco, Maine",Casco,ME,domestic,Lake Region HS,0,https://erskinesports.com/sports/mens-golf/roster
glf_121f86d5a903,James,Gibson,golf,2025-26,2026,D2,Men,Conference Carolinas,Erskine,,Golfer,Jr.,Jr,"Lexington, SC",Lexington,SC,domestic,River Bluff HS,0,https://erskinesports.com/sports/mens-golf/roster
glf_7fc516cf2f1f,Elijah,Godsey,golf,2025-26,2026,D2,Men,Conference Carolinas,Erskine,,Golfer,R-So.,So,"Piedmont, SC",Piedmont,SC,domestic,Shannon Forest Christian,0,https://erskinesports.com/sports/mens-golf/roster
glf_0a2b2824b376,Arnav,Gupta,golf,2025-26,2026,D2,Men,Conference Carolinas,Erskine,,Golfer,So.,So,"New Delhi, India",New Delhi,,international,Sanskriti School,0,https://erskinesports.com/sports/mens-golf/roster
glf_7467a67aabdf,Parker,Harcum,golf,2025-26,2026,D2,Men,Conference Carolinas,Erskine,,Golfer,Fr.,Fr,"Pawleys Island, SC",Pawleys Island,SC,domestic,Oceanside Collegiate,0,https://erskinesports.com/sports/mens-golf/roster
glf_091b7177a078,Jordan,Hardy,golf,2025-26,2026,D2,Men,Conference Carolinas,Erskine,,Golfer,Fr.,Fr,"Blythewood, SC",Blythewood,SC,domestic,Blythewood HS,0,https://erskinesports.com/sports/mens-golf/roster
glf_11c152ca80de,Tom,Hepburn,golf,2025-26,2026,D2,Men,Conference Carolinas,Erskine,,Golfer,So.,So,"Glasgow, Scotland",Glasgow,,international,Williamwood HS,0,https://erskinesports.com/sports/mens-golf/roster
glf_91963db10e1a,Arvid,Herolf,golf,2025-26,2026,D2,Men,Conference Carolinas,Erskine,,Golfer,Fr.,Fr,"Stockholm, Sweden",Stockholm,,international,Österåkers Gymnasium,0,https://erskinesports.com/sports/mens-golf/roster
glf_f5094b5998f0,William,Herolf,golf,2025-26,2026,D2,Men,Conference Carolinas,Erskine,,Golfer,Fr.,Fr,"Stockholm, Sweden",Stockholm,,international,Österåkers Gymnasium,0,https://erskinesports.com/sports/mens-golf/roster
glf_181a87a4466a,Ethan,Holcombe,golf,2025-26,2026,D2,Men,Conference Carolinas,Erskine,,Golfer,R-Sr.,Sr,"Inman, SC",Inman,SC,domestic,Chapman HS,0,https://erskinesports.com/sports/mens-golf/roster
glf_dafa8e0fcd6a,Josh,Izod,golf,2025-26,2026,D2,Men,Conference Carolinas,Erskine,,Golfer,So.,So,"Newport, Essex, United Kingdom",Newport,,international,Millfield School,0,https://erskinesports.com/sports/mens-golf/roster
glf_09409f3b0340,Junior,Llamoza,golf,2025-26,2026,D2,Men,Conference Carolinas,Erskine,,Golfer,Sr.,Sr,"Caracas, Venezuela",Caracas,,international,Colegio La Salle La Colina,0,https://erskinesports.com/sports/mens-golf/roster
glf_1cb8918db416,Sawyer,MacLean,golf,2025-26,2026,D2,Men,Conference Carolinas,Erskine,,Golfer,So.,So,"Simpsonville, SC",Simpsonville,SC,domestic,Brashier Middle College,0,https://erskinesports.com/sports/mens-golf/roster
glf_c3a360cad814,Seima,Nishihara,golf,2025-26,2026,D2,Men,Conference Carolinas,Erskine,,Golfer,Sr.,Sr,"Tokyo, Japan",Tokyo,,international,IMG Academy,0,https://erskinesports.com/sports/mens-golf/roster
glf_ce65abab85aa,JR,Passmore,golf,2025-26,2026,D2,Men,Conference Carolinas,Erskine,,Golfer,Fr.,Fr,"Mount Pleasant, SC",Mount Pleasant,SC,domestic,Oceanside Collegiate,0,https://erskinesports.com/sports/mens-golf/roster
glf_e8ee4258df15,Tomas,Salcak,golf,2025-26,2026,D2,Men,Conference Carolinas,Erskine,,Golfer,Jr.,Jr,"Ceské Budejovice, Czech Republic",Ceské Budejovice,,international,Gymnasium Czech Budejovice Jírovcova 8,0,https://erskinesports.com/sports/mens-golf/roster
glf_ff91424ce269,Parteet,Sekhon,golf,2025-26,2026,D2,Men,Conference Carolinas,Erskine,,Golfer,So.,So,"Chandigarh, India",Chandigarh,,international,Vivek HS,0,https://erskinesports.com/sports/mens-golf/roster
glf_e3df68ce06c7,Ethan,Short,golf,2025-26,2026,D2,Men,Conference Carolinas,Erskine,,Golfer,Fr.,Fr,"Cheraw, SC",Cheraw,SC,domestic,Cheraw HS,0,https://erskinesports.com/sports/mens-golf/roster
glf_e58c3fdf21fa,Stone,Simpson,golf,2025-26,2026,D2,Men,Conference Carolinas,Erskine,,Golfer,Fr.,Fr,"Charlotte, NC",Charlotte,NC,domestic,Walnut Grove Christian,0,https://erskinesports.com/sports/mens-golf/roster
glf_83e4718f9d37,Conner,Tarleton,golf,2025-26,2026,D2,Men,Conference Carolinas,Erskine,,Golfer,So.,So,"Chesterfield, SC",Chesterfield,SC,domestic,Chesterfield HS,0,https://erskinesports.com/sports/mens-golf/roster
glf_3d7768be35bf,Thom,van der Sluijs,golf,2025-26,2026,D2,Men,Conference Carolinas,Erskine,,Golfer,R-So.,So,"Den Bosch, Netherlands",Den Bosch,,international,Rodenborch College,0,https://erskinesports.com/sports/mens-golf/roster
glf_ddfd10540501,Dawson,Wallace,golf,2025-26,2026,D2,Men,Conference Carolinas,Erskine,,Golfer,So.,So,"Chesterfield, SC",Chesterfield,SC,domestic,Chesterfield HS,0,https://erskinesports.com/sports/mens-golf/roster
glf_f92271b73461,William,Wilkins,golf,2025-26,2026,D2,Men,Conference Carolinas,Erskine,,Golfer,So.,So,"Woburn Sands, England",Woburn Sands,,international,Bedford School,0,https://erskinesports.com/sports/mens-golf/roster
glf_2ea8725724e7,David,Aguayo,golf,2025-26,2026,D2,Men,Central Intercollegiate Athletic Association,Elizabeth City State,"6'0""",Golfer,Sr.,Sr,"San Antonio, TX",San Antonio,TX,domestic,C.E. Jordan HS,0,https://ecsuvikings.com/sports/mens-golf/roster/2026
glf_38eec4c6808b,Walter,Bailey,golf,2025-26,2026,D2,Men,Central Intercollegiate Athletic Association,Elizabeth City State,"6'0""",Golfer,So.,So,"Currituck, N.C.",Currituck,NC,domestic,Currituck HS,0,https://ecsuvikings.com/sports/mens-golf/roster/2026
glf_c36778b9e106,Demetrius,Bradford,golf,2025-26,2026,D2,Men,Central Intercollegiate Athletic Association,Elizabeth City State,,Golfer,So.,So,,,,unknown,,0,https://ecsuvikings.com/sports/mens-golf/roster/2026
glf_9537e29c1d1b,Jack,Eckerd,golf,2025-26,2026,D2,Men,Central Intercollegiate Athletic Association,Elizabeth City State,,Golfer,So.,So,,,,unknown,,0,https://ecsuvikings.com/sports/mens-golf/roster/2026
glf_efa06b0fb3ac,Cooper,Kresicki,golf,2025-26,2026,D2,Men,Central Intercollegiate Athletic Association,Elizabeth City State,"6'1""",Golfer,So.,So,"Elizabeth Cty, N.C.",Elizabeth Cty,NC,domestic,First Flight HS,0,https://ecsuvikings.com/sports/mens-golf/roster/2026
glf_374f7483f54f,Jeremy,Martin,golf,2025-26,2026,D2,Men,Central Intercollegiate Athletic Association,Elizabeth City State,"5'11""",Golfer,Jr.,Jr,"Hendersonville, N.C.",Hendersonville,NC,domestic,Enka HS,0,https://ecsuvikings.com/sports/mens-golf/roster/2026
glf_39e80a523ad8,Marcellus,Montgomery,golf,2025-26,2026,D2,Men,Central Intercollegiate Athletic Association,Elizabeth City State,"5'11""",Golfer,Jr.,Jr,"Detroit, Mich.",Detroit,MI,domestic,Farmington HS,0,https://ecsuvikings.com/sports/mens-golf/roster/2026
glf_806850445a31,Darius,Satterfield,golf,2025-26,2026,D2,Men,Central Intercollegiate Athletic Association,Elizabeth City State,"5'6""",Golfer,Sr.,Sr,"Mebane, NC",Mebane,NC,domestic,Orange HS,0,https://ecsuvikings.com/sports/mens-golf/roster/2026
glf_3a528c49a88f,Mateo,Berastegui,golf,2025-26,2026,D2,Men,Rocky Mountain Athletic Conference,Fort Lewis,"5'10""",Golfer,Fr.,Fr,"Phoenix, Ariz.",Phoenix,AZ,domestic,Brophy College Preparatory,1,https://goskyhawks.com/sports/mens-golf/roster
glf_36b1bee93269,Connor,Burton,golf,2025-26,2026,D2,Men,Rocky Mountain Athletic Conference,Fort Lewis,"6'0""",Golfer,So.,So,"Claremore, Okla.",Claremore,OK,domestic,Claremore,0,https://goskyhawks.com/sports/mens-golf/roster
glf_08d3eb5fdeb9,Benjamin,Harding,golf,2025-26,2026,D2,Men,Rocky Mountain Athletic Conference,Fort Lewis,"5'11""",Golfer,Sr.,Sr,"Longmont, Colo.",Longmont,CO,domestic,Silver Creek,0,https://goskyhawks.com/sports/mens-golf/roster
glf_74e48117c832,Anderson,Helmer,golf,2025-26,2026,D2,Men,Rocky Mountain Athletic Conference,Fort Lewis,"5'9""",Golfer,Fr.,Fr,"El Dorado, Kan.",El Dorado,KS,domestic,Circle,0,https://goskyhawks.com/sports/mens-golf/roster
glf_707c55b83030,Chase,Rogers,golf,2025-26,2026,D2,Men,Rocky Mountain Athletic Conference,Fort Lewis,"5'10""",Golfer,So.,So,"Litchfield Park, Ariz.",Litchfield Park,AZ,domestic,Millennium,0,https://goskyhawks.com/sports/mens-golf/roster
glf_cce16d2b41a5,Johnathon,Smith,golf,2025-26,2026,D2,Men,Rocky Mountain Athletic Conference,Fort Lewis,"6'1""",Golfer,Fr.,Fr,"Pagosa Springs, Colo.",Pagosa Springs,CO,domestic,Pagosa Springs,0,https://goskyhawks.com/sports/mens-golf/roster
glf_73b0fe15d6bf,Dallin,Stephens,golf,2025-26,2026,D2,Men,Rocky Mountain Athletic Conference,Fort Lewis,"6'2""",Golfer,So.,So,"Flagstaff, Ariz.",Flagstaff,AZ,domestic,ASU Prep,1,https://goskyhawks.com/sports/mens-golf/roster
glf_e7272950c2fb,Miles,Atkinson,golf,2025-26,2026,D2,Men,Pacific West Conference,Hawaii Pacific,Right,Golfer,Sr.,Sr,"Timnath, Colo.",Timnath,CO,domestic,Fossil Ridge High,0,https://hpusharks.com/sports/mens-golf/roster
glf_86384ee97696,Santino,Diokno,golf,2025-26,2026,D2,Men,Pacific West Conference,Hawaii Pacific,Right,Golfer,Sr.,Sr,"Quezon City, Philippines",Quezon City,,international,Reedley International School,0,https://hpusharks.com/sports/mens-golf/roster
glf_6e366c07152a,Sakagami,Jay,golf,2025-26,2026,D2,Men,Pacific West Conference,Hawaii Pacific,Right,Golfer,Fr.,Fr,"Renton, Wash.",Renton,WA,domestic,Liberty High School,0,https://hpusharks.com/sports/mens-golf/roster
glf_318d46f4cebd,Kyle,Krupp,golf,2025-26,2026,D2,Men,Pacific West Conference,Hawaii Pacific,Right,Golfer,Jr.,Jr,"Cotati, Calif.",Cotati,CA,domestic,Petaluma High,0,https://hpusharks.com/sports/mens-golf/roster
glf_f30cc0a1c246,Yuuki,Kubo,golf,2025-26,2026,D2,Men,Pacific West Conference,Hawaii Pacific,,Golfer,Sr.,Sr,,,,unknown,,0,https://hpusharks.com/sports/mens-golf/roster
glf_734d90681cfd,Keldan,Pablo,golf,2025-26,2026,D2,Men,Pacific West Conference,Hawaii Pacific,Right,Golfer,Fr.,Fr,"Marysville, Wash.",Marysville,WA,domestic,Archbishop Murphy High,0,https://hpusharks.com/sports/mens-golf/roster
glf_76a0e4e2e640,Dylan,Sakasegawa,golf,2025-26,2026,D2,Men,Pacific West Conference,Hawaii Pacific,Right,Golfer,Fr.,Fr,"Pearl City, Hawai'i",Pearl City,HI,domestic,Moanalua High,0,https://hpusharks.com/sports/mens-golf/roster
glf_a9a62ed10d3d,Tensuke,Sakurai,golf,2025-26,2026,D2,Men,Pacific West Conference,Hawaii Pacific,Right,Golfer,Sr.,Sr,"Osaka, Japan",Osaka,,international,Mid Pacific,0,https://hpusharks.com/sports/mens-golf/roster
glf_df3796180c49,Braydn,Sato,golf,2025-26,2026,D2,Men,Pacific West Conference,Hawaii Pacific,Right,Golfer,Fr.,Fr,"Waipahu, Hawai'i",Waipahu,HI,domestic,Kamehameha High School,0,https://hpusharks.com/sports/mens-golf/roster
glf_653727ac17c0,Rico,See,golf,2025-26,2026,D2,Men,Pacific West Conference,Hawaii Pacific,Right,Golfer,Jr.,Jr,"Quezon City, Philippines",Quezon City,,international,Xavier School,0,https://hpusharks.com/sports/mens-golf/roster
glf_cce1f57e5658,Shion,Suzuki,golf,2025-26,2026,D2,Men,Pacific West Conference,Hawaii Pacific,Right,Golfer,Sr.,Sr,"Nerima, Tokyo, Japan",Nerima,,international,Christian Academy,1,https://hpusharks.com/sports/mens-golf/roster
glf_e04f464f029f,Chancellor,Barnes,golf,2025-26,2026,D2,Men,Central Intercollegiate Athletic Association,Johnson C Smith,"5'8"" 170 lbs",Golfer,So.,So,"Inwood, NY",Inwood,NY,domestic,Lawrence High School,0,https://goldenbullsports.com/sports/mens-golf/roster
glf_e873abdf8756,Tyler,Bowers,golf,2025-26,2026,D2,Men,Central Intercollegiate Athletic Association,Johnson C Smith,"5'8"" 170 lbs",Golfer,Jr.,Jr,"Inwood, NY",Inwood,NY,domestic,Lawrence,0,https://goldenbullsports.com/sports/mens-golf/roster
glf_6547deb28957,Dillon,Fader,golf,2025-26,2026,D2,Men,Central Intercollegiate Athletic Association,Johnson C Smith,"5'10"" 155 lbs",Golfer,Jr.,Jr,"Charlotte, N.C.",Charlotte,NC,domestic,Northside Christian,0,https://goldenbullsports.com/sports/mens-golf/roster
glf_bc84aefc6b88,Pedro,Haddad Sanchez,golf,2025-26,2026,D2,Men,Central Intercollegiate Athletic Association,Johnson C Smith,,Golfer,So.,So,,,,unknown,,0,https://goldenbullsports.com/sports/mens-golf/roster
glf_82082dbb55f1,Carter,Houchins,golf,2025-26,2026,D2,Men,Central Intercollegiate Athletic Association,Johnson C Smith,,Golfer,Fr.,Fr,,,,unknown,,0,https://goldenbullsports.com/sports/mens-golf/roster
glf_ec95b57e91b5,Willie,"Johnson, IV",golf,2025-26,2026,D2,Men,Central Intercollegiate Athletic Association,Johnson C Smith,,Golfer,So.,So,,,,unknown,,0,https://goldenbullsports.com/sports/mens-golf/roster
glf_0577e3f9a3be,D'Yanni,Rhyne,golf,2025-26,2026,D2,Men,Central Intercollegiate Athletic Association,Johnson C Smith,"5'6"" 175 lbs",Golfer,Jr.,Jr,"Lincolnton, N.C.",Lincolnton,NC,domestic,Lincoln Charter,0,https://goldenbullsports.com/sports/mens-golf/roster
glf_6ce338ba2faf,Kerrick,Wiggins,golf,2025-26,2026,D2,Men,Central Intercollegiate Athletic Association,Johnson C Smith,,Golfer,So.,So,,,,unknown,,0,https://goldenbullsports.com/sports/mens-golf/roster
glf_cf1f71b65e00,Garrison,Barton,golf,2025-26,2026,D2,Men,Southern Intercollegiate Athletic Conference,Kentucky State,,Golfer,Sr.,Sr,"Scottsburg, Ind.",Scottsburg,IN,domestic,,0,https://ksuthorobreds.com/sports/mens-golf/roster
glf_54e01c717115,Jean-Marc,Chevrotiere,golf,2025-26,2026,D2,Men,Southern Intercollegiate Athletic Conference,Kentucky State,,Golfer,Sr.,Sr,"St. Joseph, Trinidad and Tobago",St. Joseph,,international,,0,https://ksuthorobreds.com/sports/mens-golf/roster
glf_00ee68ccdaf2,Gonzalo,Corzo-Rodriguez,golf,2025-26,2026,D2,Men,Southern Intercollegiate Athletic Conference,Kentucky State,,Golfer,Fr.,Fr,"Fusagasuga, Columbia",Fusagasuga,,international,,0,https://ksuthorobreds.com/sports/mens-golf/roster
glf_d28b8b48c61f,John,Costa,golf,2025-26,2026,D2,Men,Southern Intercollegiate Athletic Conference,Kentucky State,,Golfer,Fr.,Fr,,,,unknown,,0,https://ksuthorobreds.com/sports/mens-golf/roster
glf_b3eb7b0d27a0,Ryan,Courtney,golf,2025-26,2026,D2,Men,Southern Intercollegiate Athletic Conference,Kentucky State,,Golfer,Jr.,Jr,"Puriri, New Zeland",Puriri,,international,,0,https://ksuthorobreds.com/sports/mens-golf/roster
glf_d0cd6469feec,Brady,Hensley,golf,2025-26,2026,D2,Men,Southern Intercollegiate Athletic Conference,Kentucky State,,Golfer,Fr.,Fr,,,,unknown,,0,https://ksuthorobreds.com/sports/mens-golf/roster
glf_9edaf9bce4ca,Robert,Johnson,golf,2025-26,2026,D2,Men,Southern Intercollegiate Athletic Conference,Kentucky State,,Golfer,Sr.,Sr,,,,unknown,,0,https://ksuthorobreds.com/sports/mens-golf/roster
glf_570bb3b9dff1,Andrew,Kendrick,golf,2025-26,2026,D2,Men,Southern Intercollegiate Athletic Conference,Kentucky State,,Golfer,Fr.,Fr,,,,unknown,,0,https://ksuthorobreds.com/sports/mens-golf/roster
glf_e7602db8a95f,Alejandro,Acosta,golf,2025-26,2026,D2,Men,Mountain East Conference,Charleston WV,,Golfer,Fr.,Fr,Mexico,Mexico,,international,,0,https://ucgoldeneagles.com/sports/mens-golf/roster
glf_49cf8f5a3af7,Ignacio,Berea,golf,2025-26,2026,D2,Men,Mountain East Conference,Charleston WV,,Golfer,Fr.,Fr,Spain,Spain,,international,,0,https://ucgoldeneagles.com/sports/mens-golf/roster
glf_4b190fc48b0c,Stephen,Crouse,golf,2025-26,2026,D2,Men,Mountain East Conference,Charleston WV,,Golfer,So.,So,"Glastenbury, CT",Glastenbury,CT,domestic,,0,https://ucgoldeneagles.com/sports/mens-golf/roster
glf_9c2614d0504c,Noah,Dever,golf,2025-26,2026,D2,Men,Mountain East Conference,Charleston WV,,Golfer,Fr.,Fr,Ohio,Ohio,OH,domestic,,0,https://ucgoldeneagles.com/sports/mens-golf/roster
glf_4d9545eaa395,Aaron,Lavelle,golf,2025-26,2026,D2,Men,Mountain East Conference,Charleston WV,,Golfer,Fr.,Fr,England,England,,international,,0,https://ucgoldeneagles.com/sports/mens-golf/roster
glf_c284f7ea4e99,Stephen,McDavid,golf,2025-26,2026,D2,Men,Mountain East Conference,Charleston WV,,Golfer,Fr.,Fr,"Winfield, WV",Winfield,WV,domestic,,0,https://ucgoldeneagles.com/sports/mens-golf/roster
glf_c1780e9f08d3,Ryan,Oro,golf,2025-26,2026,D2,Men,Mountain East Conference,Charleston WV,,Golfer,Jr.,Jr,"Highlands Ranch, CO",Highlands Ranch,CO,domestic,,0,https://ucgoldeneagles.com/sports/mens-golf/roster
glf_0ea65e1824d9,Joan,Panisello,golf,2025-26,2026,D2,Men,Mountain East Conference,Charleston WV,,Golfer,Jr.,Jr,Spain,Spain,,international,,0,https://ucgoldeneagles.com/sports/mens-golf/roster
glf_56055c88972f,Max,Rudy,golf,2025-26,2026,D2,Men,Mountain East Conference,Charleston WV,,Golfer,Fr.,Fr,Canada,Canada,,international,,0,https://ucgoldeneagles.com/sports/mens-golf/roster
glf_b7b1807778e1,Eduardo,Ruiperez,golf,2025-26,2026,D2,Men,Mountain East Conference,Charleston WV,,Golfer,Fr.,Fr,Spain,Spain,,international,,0,https://ucgoldeneagles.com/sports/mens-golf/roster
glf_f7d7b43eed73,Pau,Sanchez,golf,2025-26,2026,D2,Men,Mountain East Conference,Charleston WV,,Golfer,Sr.,Sr,"Barcelona, Spain",Barcelona,,international,,0,https://ucgoldeneagles.com/sports/mens-golf/roster
glf_b5feb27452ed,Benjamin,Sordal-Pettersen,golf,2025-26,2026,D2,Men,Mountain East Conference,Charleston WV,,Golfer,So.,So,Norway,Norway,,international,,0,https://ucgoldeneagles.com/sports/mens-golf/roster
glf_aa03562939ce,David,Szalay,golf,2025-26,2026,D2,Men,Mountain East Conference,Charleston WV,,Golfer,So.,So,Pennsylvania,Pennsylvania,PA,domestic,,0,https://ucgoldeneagles.com/sports/mens-golf/roster
glf_42113660ee8a,William,Wahlberg,golf,2025-26,2026,D2,Men,Mountain East Conference,Charleston WV,,Golfer,So.,So,Sweden,Sweden,,international,,0,https://ucgoldeneagles.com/sports/mens-golf/roster
glf_e87fd4d38d99,Billy,Boroughs,golf,2025-26,2026,D2,Men,Gulf South Conference,Lee,"6'1"" 165 lbs",Golfer,Fr.,Fr,"Chattanooga, Tenn.",Chattanooga,TN,domestic,Ga. Dalton High School,0,https://leeuflames.com/sports/mens-golf/roster
glf_ec3a715af761,Wyatt,Brackett,golf,2025-26,2026,D2,Men,Gulf South Conference,Lee,"6'2"" 190 lbs",Golfer,Sr.,Sr,"Dalton, Ga.",Dalton,GA,domestic,Ga. Dalton High School,0,https://leeuflames.com/sports/mens-golf/roster
glf_e746eee50fb5,Tobias,Buffam,golf,2025-26,2026,D2,Men,Gulf South Conference,Lee,"5'11"" 165 lbs",Golfer,So.,So,"Alberta, Calgary, Canada",Alberta,,international,Springbank Community HS,0,https://leeuflames.com/sports/mens-golf/roster
glf_048596f132b0,George,Cordall,golf,2025-26,2026,D2,Men,Gulf South Conference,Lee,"5'10"" 155 lbs",Golfer,Sr.,Sr,"Nottinghamshire, UK",Nottinghamshire,,international,Eastern Wyoming CC,0,https://leeuflames.com/sports/mens-golf/roster
glf_daddad0213fe,Noah,Farland,golf,2025-26,2026,D2,Men,Gulf South Conference,Lee,"5'9"" 165 lbs",Golfer,Jr.,Jr,"Andover, Mass.",Andover,MA,domestic,Andover High School,0,https://leeuflames.com/sports/mens-golf/roster
glf_b43fc12992de,Samuel,Johnson,golf,2025-26,2026,D2,Men,Gulf South Conference,Lee,"5'10"" 165 lbs",Golfer,R-Fr.,Fr,"Ringgold, Ga.",Ringgold,GA,domestic,Heritage HS,0,https://leeuflames.com/sports/mens-golf/roster
glf_155bb196bceb,Bennett,McNabb,golf,2025-26,2026,D2,Men,Gulf South Conference,Lee,"6'1"" 180 lbs",Golfer,R-Sr.,Sr,"Chattanooga, Tenn.",Chattanooga,TN,domestic,The McCallie School,0,https://leeuflames.com/sports/mens-golf/roster
glf_e296a8df9691,Jaxon,Reed,golf,2025-26,2026,D2,Men,Gulf South Conference,Lee,"6'1"" 185 lbs",Golfer,R-So.,So,"Crossville, Tenn.",Crossville,TN,domestic,Cumberland County HS,0,https://leeuflames.com/sports/mens-golf/roster
glf_8f9b16b0ae75,Matthew,Render,golf,2025-26,2026,D2,Men,Gulf South Conference,Lee,"6'0"" 180 lbs",Golfer,So.,So,"Acworth, Ga.",Acworth,GA,domestic,Harrison HS,0,https://leeuflames.com/sports/mens-golf/roster
glf_7f7fbe7074d6,Mitchell,Strickland,golf,2025-26,2026,D2,Men,Gulf South Conference,Lee,"6'3"" 220 lbs",Golfer,Jr.,Jr,"Punta Gorda, Fla.",Punta Gorda,FL,domestic,United States Performance Academy,1,https://leeuflames.com/sports/mens-golf/roster
glf_5e32a6f83e18,Caleb,Tipton,golf,2025-26,2026,D2,Men,Gulf South Conference,Lee,"6'1"" 145 lbs",Golfer,Sr.,Sr,"Elizabethton, Tenn.",Elizabethton,TN,domestic,Roane State CC,0,https://leeuflames.com/sports/mens-golf/roster
glf_bf811bdcb82e,Tucker,Wick,golf,2025-26,2026,D2,Men,Gulf South Conference,Lee,"5'10"" 238 lbs",Golfer,Fr.,Fr,"Ooltewah, Tenn.",Ooltewah,TN,domestic,East Hamilton HS,0,https://leeuflames.com/sports/mens-golf/roster
glf_9fb66816d3a8,Drew,Zielinski,golf,2025-26,2026,D2,Men,Gulf South Conference,Lee,,Golfer,Sr.,Sr,"Ocean Springs, Miss.",Ocean Springs,MS,domestic,Mississippi Gulf Coast CC,0,https://leeuflames.com/sports/mens-golf/roster
glf_018faad404ff,Carter,Burgin,golf,2025-26,2026,D2,Men,Southern Intercollegiate Athletic Conference,LeMoyne-Owen,RH,Golfer,Fr.,Fr,"Memphis, TN",Memphis,TN,domestic,Bowie Reading and Learning,0,https://athletics.loc.edu/sports/mens-golf/roster
glf_c0f36e9f0321,Emory,Butler,golf,2025-26,2026,D2,Men,Southern Intercollegiate Athletic Conference,LeMoyne-Owen,RH,Golfer,Fr.,Fr,"Memphis, TN",Memphis,TN,domestic,Raleigh Egypt HS,0,https://athletics.loc.edu/sports/mens-golf/roster
glf_fad89d083d48,Jason,Curry,golf,2025-26,2026,D2,Men,Southern Intercollegiate Athletic Conference,LeMoyne-Owen,RH,Golfer,Sr.,Sr,"Olive Branch, MS",Olive Branch,MS,domestic,Desoto Central H.S.,0,https://athletics.loc.edu/sports/mens-golf/roster
glf_849fb52406ff,Corey,Hairston,golf,2025-26,2026,D2,Men,Southern Intercollegiate Athletic Conference,LeMoyne-Owen,RH,Golfer,Fr.,Fr,"Detroit, MI",Detroit,MI,domestic,,0,https://athletics.loc.edu/sports/mens-golf/roster
glf_9b33f98a746f,Zion,Hall,golf,2025-26,2026,D2,Men,Southern Intercollegiate Athletic Conference,LeMoyne-Owen,RH,Golfer,Jr.,Jr,"Montgomery, AL",Montgomery,AL,domestic,Valiant Cross Academy,1,https://athletics.loc.edu/sports/mens-golf/roster
glf_35a61242cdca,Marvin,Johnson,golf,2025-26,2026,D2,Men,Southern Intercollegiate Athletic Conference,LeMoyne-Owen,RH,Golfer,Sr.,Sr,"Birmingham, AL",Birmingham,AL,domestic,Holy Family Cristo Rey H.S.,0,https://athletics.loc.edu/sports/mens-golf/roster
glf_398cd7435804,Albert,Laursen,golf,2025-26,2026,D2,Men,Southern Intercollegiate Athletic Conference,LeMoyne-Owen,RH,Golfer,Fr.,Fr,"Copenhagen, Denmark",Copenhagen,,international,Niels Brock Business School,0,https://athletics.loc.edu/sports/mens-golf/roster
glf_af9d8406e607,Evan,Booth,golf,2025-26,2026,D2,Men,Northern Sun Intercollegiate Conference,Mary,,Golfer,Sr.,Sr,"Fargo, N.D.",Fargo,ND,domestic,Fargo South HS,0,https://goumary.com/sports/mens-golf/roster
glf_1f6a4a0c91ab,Quinn,Breidenbach,golf,2025-26,2026,D2,Men,Northern Sun Intercollegiate Conference,Mary,,Golfer,Jr.,Jr,"Fargo, N.D.",Fargo,ND,domestic,West Fargo Sheyenne HS,0,https://goumary.com/sports/mens-golf/roster
glf_a9226b577477,Carson,Fagan,golf,2025-26,2026,D2,Men,Northern Sun Intercollegiate Conference,Mary,,Golfer,R-Sr.,Sr,"Greeley, Colo.",Greeley,CO,domestic,Severance HS,0,https://goumary.com/sports/mens-golf/roster
glf_8c4db9451169,Lucas,Greenlun,golf,2025-26,2026,D2,Men,Northern Sun Intercollegiate Conference,Mary,,Golfer,Gr.,Gr,"Sartell, Minn.",Sartell,MN,domestic,Sartell-St. Stephen HS,0,https://goumary.com/sports/mens-golf/roster
glf_e50522600ec3,Payton,Hiller,golf,2025-26,2026,D2,Men,Northern Sun Intercollegiate Conference,Mary,,Golfer,So.,So,"San Antonio, Texas",San Antonio,TX,domestic,Claudia Taylor Johnson HS,0,https://goumary.com/sports/mens-golf/roster
glf_aedf8f8bd390,Aiden,Knodel,golf,2025-26,2026,D2,Men,Northern Sun Intercollegiate Conference,Mary,,Golfer,Sr.,Sr,"Fargo, N.D.",Fargo,ND,domestic,West Fargo Sheyenne HS,0,https://goumary.com/sports/mens-golf/roster
glf_031f8a9cca9b,Kristian,Knodel,golf,2025-26,2026,D2,Men,Northern Sun Intercollegiate Conference,Mary,,Golfer,Jr.,Jr,"Fargo, N.D.",Fargo,ND,domestic,West Fargo Sheyenne HS,0,https://goumary.com/sports/mens-golf/roster
glf_0d6fba21dffa,Ryker,Landers,golf,2025-26,2026,D2,Men,Northern Sun Intercollegiate Conference,Mary,,Golfer,So.,So,"Bismarck, N.D.",Bismarck,ND,domestic,St. Mary's HS,0,https://goumary.com/sports/mens-golf/roster
glf_c305adcd32ee,Hunter,Lien,golf,2025-26,2026,D2,Men,Northern Sun Intercollegiate Conference,Mary,,Golfer,Jr.,Jr,"Fargo, N.D.",Fargo,ND,domestic,West Fargo Sheyenne HS,0,https://goumary.com/sports/mens-golf/roster
glf_82e5728efa2d,Dawson,Melbo,golf,2025-26,2026,D2,Men,Northern Sun Intercollegiate Conference,Mary,,Golfer,Sr.,Sr,"Ramsey, Minn.",Ramsey,MN,domestic,Anoka HS,0,https://goumary.com/sports/mens-golf/roster
glf_c57f8b2441fa,Lucas,Schoepp,golf,2025-26,2026,D2,Men,Northern Sun Intercollegiate Conference,Mary,,Golfer,Jr.,Jr,"Bismarck, N.D.",Bismarck,ND,domestic,Century HS,0,https://goumary.com/sports/mens-golf/roster
glf_4b751c4a4caf,Zach,Skarperud,golf,2025-26,2026,D2,Men,Northern Sun Intercollegiate Conference,Mary,,Golfer,So.,So,"Fargo, N.D.",Fargo,ND,domestic,Shanley HS,0,https://goumary.com/sports/mens-golf/roster
glf_7b16606941a0,Hunter,Steeves,golf,2025-26,2026,D2,Men,Northern Sun Intercollegiate Conference,Mary,,Golfer,So.,So,"Regina, Saskatchewan",Regina,,international,Miller Comprehensive HS,0,https://goumary.com/sports/mens-golf/roster
glf_0ea9023b0219,David,Thomson,golf,2025-26,2026,D2,Men,Northern Sun Intercollegiate Conference,Mary,,Golfer,So.,So,"Arvada, Colo.",Arvada,CO,domestic,Homeschool,1,https://goumary.com/sports/mens-golf/roster
glf_d6738cbc8a29,Emmanuel,Adrobo,golf,2025-26,2026,D2,Men,Central Intercollegiate Athletic Association,Livingstone,,Golfer,Jr.,Jr,"Fort-Portal, Uganda",Fort-Portal,,international,,,https://bluebearathletics.com/sports/golf/roster
glf_400906646e87,Michael,Alunga,golf,2025-26,2026,D2,Men,Central Intercollegiate Athletic Association,Livingstone,,Golfer,Jr.,Jr,,,,unknown,,0,https://bluebearathletics.com/sports/golf/roster
glf_477641a7bfba,Denis,Asaba,golf,2025-26,2026,D2,Men,Central Intercollegiate Athletic Association,Livingstone,,Golfer,Sr.,Sr,"Fort-Portal, Uganda",Fort-Portal,,international,,0,https://bluebearathletics.com/sports/golf/roster
glf_cf8394c177d8,Luke,Cochran,golf,2025-26,2026,D2,Men,Central Intercollegiate Athletic Association,Livingstone,,Golfer,Sr.,Sr,"Mount Holly, NC",Mount Holly,NC,domestic,Stuart W. Cramer High School,0,https://bluebearathletics.com/sports/golf/roster
glf_5384173747fb,Antonio,Jofferion,golf,2025-26,2026,D2,Men,Central Intercollegiate Athletic Association,Livingstone,,Golfer,Jr.,Jr,,,,unknown,,0,https://bluebearathletics.com/sports/golf/roster
glf_c61a833c3349,Cameron,Tiwkohng,golf,2025-26,2026,D2,Men,Central Intercollegiate Athletic Association,Livingstone,,Golfer,Fr.,Fr,,,,unknown,,0,https://bluebearathletics.com/sports/golf/roster
glf_b4893d299d76,Kaopun,Akmaneenin,golf,2025-26,2026,D2,Men,Great Northwest Athletic Conference,Montana State Billings,"5'9"" JR Right",Golfer,,UNK,"Nonthaburi, Thailand",Nonthaburi,,international,CA Archbishop MacDonald High School,0,https://msubsports.com/sports/mens-golf/roster
glf_63bc2d957493,Ryan,Badger,golf,2025-26,2026,D2,Men,Great Northwest Athletic Conference,Montana State Billings,"6'7"" JR Right",Golfer,,UNK,"Palm Desert, CA",Palm Desert,CA,domestic,CA Archbishop MacDonald High School,0,https://msubsports.com/sports/mens-golf/roster
glf_006dfb2110e4,Payton,Black,golf,2025-26,2026,D2,Men,Great Northwest Athletic Conference,Montana State Billings,"5'11"" SO Right",Golfer,,UNK,"Rio Rancho, NM",Rio Rancho,NM,domestic,NM Rio Rancho High School,0,https://msubsports.com/sports/mens-golf/roster
glf_2b6ededea9ce,Ryder,Conner,golf,2025-26,2026,D2,Men,Great Northwest Athletic Conference,Montana State Billings,"6'2"" SR Right",Golfer,,UNK,"Conner, MT",Conner,MT,domestic,Pearson Online Academy,0,https://msubsports.com/sports/mens-golf/roster
glf_b3a2547d35d5,Bowdie,Fox,golf,2025-26,2026,D2,Men,Great Northwest Athletic Conference,Montana State Billings,"6'9"" SR Right",Golfer,,UNK,"Grand Island, NE",Grand Island,NE,domestic,Grand Island Central Catholic High School,0,https://msubsports.com/sports/mens-golf/roster
glf_7cb287440541,Cameron,Hackmann,golf,2025-26,2026,D2,Men,Great Northwest Athletic Conference,Montana State Billings,"5'8"" SO Left",Golfer,,UNK,"Laurel, MT",Laurel,MT,domestic,MT Laurel High School,0,https://msubsports.com/sports/mens-golf/roster
glf_3c0bb3d748d4,Aubrey,Kelley,golf,2025-26,2026,D2,Men,Great Northwest Athletic Conference,Montana State Billings,"6'5"" SO Right",Golfer,,UNK,"Emigrant, MT",Emigrant,MT,domestic,MT Acellus Academy,1,https://msubsports.com/sports/mens-golf/roster
glf_b3bef8df292e,Pete,Netrnilweerachot,golf,2025-26,2026,D2,Men,Great Northwest Athletic Conference,Montana State Billings,"6'0"" JR Right",Golfer,,UNK,"Chon Buri, Thailand",Chon Buri,,international,Assumption College Sriracha,0,https://msubsports.com/sports/mens-golf/roster
glf_c43646b3d97f,Mark,Pramounmat,golf,2025-26,2026,D2,Men,Great Northwest Athletic Conference,Montana State Billings,"5'10"" SO Right",Golfer,,UNK,"Samut Prakan, Thailand",Samut Prakan,,international,Thailand Indiana University High School,0,https://msubsports.com/sports/mens-golf/roster
glf_27210dc593cc,David,Albuja,golf,2025-26,2026,D2,Men,Mid-America Intercollegiate Athletics Association,Northeastern State,"6'1""",Golfer,Fr.,Fr,"Envigado, Columbia",Envigado,,international,"Quito, Ecuador",0,https://goriverhawksgo.com/sports/mens-golf/roster
glf_4c8e3631fafd,Mateo,Castro,golf,2025-26,2026,D2,Men,Mid-America Intercollegiate Athletics Association,Northeastern State,,Golfer,So.,So,"Envigado, Columbia",Envigado,,international,,0,https://goriverhawksgo.com/sports/mens-golf/roster
glf_02e19731f125,Caleb,Friesenhahn,golf,2025-26,2026,D2,Men,Mid-America Intercollegiate Athletics Association,Northeastern State,"6'1""",Golfer,Jr.,Jr,"New Braunfels, Texas",New Braunfels,TX,domestic,John Paul II HS,0,https://goriverhawksgo.com/sports/mens-golf/roster
glf_24bf6bc8320b,Bliss,Newton,golf,2025-26,2026,D2,Men,Mid-America Intercollegiate Athletics Association,Northeastern State,,Golfer,Jr.,Jr,"Headlton, Okla.",Headlton,OK,domestic,Lone Grove HS,0,https://goriverhawksgo.com/sports/mens-golf/roster
glf_7df8e7e61509,Carson,Scrymgeour,golf,2025-26,2026,D2,Men,Mid-America Intercollegiate Athletics Association,Northeastern State,,Golfer,So.,So,"Jenks, Okla.",Jenks,OK,domestic,Jenks HS,0,https://goriverhawksgo.com/sports/mens-golf/roster
glf_e1243028009a,Juan,Vergel,golf,2025-26,2026,D2,Men,Mid-America Intercollegiate Athletics Association,Northeastern State,"5'8"" 140 lbs",Golfer,Jr.,Jr,"Santander, Colombia",Santander,,international,Colegio Panamericano,0,https://goriverhawksgo.com/sports/mens-golf/roster
glf_6e5670ff3894,Cole,Waymire,golf,2025-26,2026,D2,Men,Mid-America Intercollegiate Athletics Association,Northeastern State,"5'8"" 150 lbs",Golfer,Sr.,Sr,"McKinney, Texas",McKinney,TX,domestic,McKinney Boyd HS,0,https://goriverhawksgo.com/sports/mens-golf/roster
glf_914e7a0dd12b,Evan,Weaver,golf,2025-26,2026,D2,Men,Mid-America Intercollegiate Athletics Association,Northeastern State,"6'1"" 165 lbs",Golfer,Jr.,Jr,"Pryor, Okla.",Pryor,OK,domestic,Pryor HS,0,https://goriverhawksgo.com/sports/mens-golf/roster
glf_f8a9a7db9d26,Ian,Wilcoxen,golf,2025-26,2026,D2,Men,Mid-America Intercollegiate Athletics Association,Northeastern State,,Golfer,So.,So,"Tulsa, Okla.",Tulsa,OK,domestic,Owasso HS,0,https://goriverhawksgo.com/sports/mens-golf/roster
glf_cb7a06ed632a,Ben,Barrett,golf,2025-26,2026,D2,Men,Great Northwest Athletic Conference,Northwest Nazarene,,Golfer,Fr.,Fr,"Spokane, Wash.",Spokane,WA,domestic,Mead HS,0,https://nnusports.com/sports/mens-golf/roster
glf_d7743ea9f0c9,Jacob,Boria,golf,2025-26,2026,D2,Men,Great Northwest Athletic Conference,Northwest Nazarene,,Golfer,Fr.,Fr,,,,unknown,,0,https://nnusports.com/sports/mens-golf/roster
glf_9fa45b1a8f17,JJ,Brigowatz,golf,2025-26,2026,D2,Men,Great Northwest Athletic Conference,Northwest Nazarene,,Golfer,So.,So,"Phoenix, Ariz.",Phoenix,AZ,domestic,Phoenix Christian,0,https://nnusports.com/sports/mens-golf/roster
glf_71f5f44d9449,Dylan,Christensen,golf,2025-26,2026,D2,Men,Great Northwest Athletic Conference,Northwest Nazarene,,Golfer,Gr.,Gr,"Tremonton, Utah",Tremonton,UT,domestic,Bear River HS,0,https://nnusports.com/sports/mens-golf/roster
glf_05617bf64e87,Jack,Duffy,golf,2025-26,2026,D2,Men,Great Northwest Athletic Conference,Northwest Nazarene,,Golfer,So.,So,"Edmonds, Wash.",Edmonds,WA,domestic,Archbishop Murphy HS,0,https://nnusports.com/sports/mens-golf/roster
glf_63bdcae711c8,Seth,Fuhrman,golf,2025-26,2026,D2,Men,Great Northwest Athletic Conference,Northwest Nazarene,,Golfer,Sr.,Sr,"Stockton, Calif.",Stockton,CA,domestic,Bear Creek HS,0,https://nnusports.com/sports/mens-golf/roster
glf_98168327189d,Kasey,Gaff,golf,2025-26,2026,D2,Men,Great Northwest Athletic Conference,Northwest Nazarene,,Golfer,Sr.,Sr,"Stockton, Calif.",Stockton,CA,domestic,St. Mary's HS,0,https://nnusports.com/sports/mens-golf/roster
glf_e23ec16f155b,Julien,Harrington,golf,2025-26,2026,D2,Men,Great Northwest Athletic Conference,Northwest Nazarene,,Golfer,R-Sr.,Sr,"Kuna, Idaho",Kuna,ID,domestic,Kuna HS,0,https://nnusports.com/sports/mens-golf/roster
glf_7b878f69a8ee,Noah,Larson,golf,2025-26,2026,D2,Men,Great Northwest Athletic Conference,Northwest Nazarene,,Golfer,Jr.,Jr,"Vancouver, Wash.",Vancouver,WA,domestic,Columbia River HS,0,https://nnusports.com/sports/mens-golf/roster
glf_713a35d24b6d,Elias,Long,golf,2025-26,2026,D2,Men,Great Northwest Athletic Conference,Northwest Nazarene,,Golfer,Fr.,Fr,,,,unknown,,0,https://nnusports.com/sports/mens-golf/roster
glf_b0f21f5ed156,Ryan,Miller,golf,2025-26,2026,D2,Men,Great Northwest Athletic Conference,Northwest Nazarene,,Golfer,So.,So,"Boise, Idaho",Boise,ID,domestic,Centennial HS,0,https://nnusports.com/sports/mens-golf/roster
glf_ec119705007f,David,Roberts,golf,2025-26,2026,D2,Men,Great Northwest Athletic Conference,Northwest Nazarene,,Golfer,Sr.,Sr,"North Bend, Ore.",North Bend,OR,domestic,North Bend HS,0,https://nnusports.com/sports/mens-golf/roster
glf_f708a94f770e,Luke,Schufreider,golf,2025-26,2026,D2,Men,Great Northwest Athletic Conference,Northwest Nazarene,,Golfer,Sr.,Sr,"Maple Valley, Wash.",Maple Valley,WA,domestic,Tahoma Senior HS,0,https://nnusports.com/sports/mens-golf/roster
glf_0543718fe25b,Luke,Sidhu,golf,2025-26,2026,D2,Men,Great Northwest Athletic Conference,Northwest Nazarene,,Golfer,Fr.,Fr,,,,unknown,,0,https://nnusports.com/sports/mens-golf/roster
glf_a18d0d508f04,Gage,Slaughter,golf,2025-26,2026,D2,Men,Great Northwest Athletic Conference,Northwest Nazarene,,Golfer,Fr.,Fr,"McMinnville, Ore.",McMinnville,OR,domestic,Western Christian,0,https://nnusports.com/sports/mens-golf/roster
glf_6917f6d0526e,Carter,Van Groningen,golf,2025-26,2026,D2,Men,Great Northwest Athletic Conference,Northwest Nazarene,,Golfer,Fr.,Fr,"Ripon, Calif.",Ripon,CA,domestic,Ripon Christian,0,https://nnusports.com/sports/mens-golf/roster
glf_ae46c213ab60,Dom,Cerilli,golf,2025-26,2026,D2,Men,Pennsylvania State Athletic Conference,Pitt-Johnstown,"5'10"" 200 lbs",Golfer,Fr.,Fr,"Irwin, PA",Irwin,PA,domestic,Norwin,0,https://pittjohnstownathletics.com/sports/mens-golf/roster
glf_48d55f87c496,Griffin,Hansberry,golf,2025-26,2026,D2,Men,Pennsylvania State Athletic Conference,Pitt-Johnstown,"6'3"" 175 lbs",Golfer,Fr.,Fr,"McMurray, PA",McMurray,PA,domestic,Peters Township,0,https://pittjohnstownathletics.com/sports/mens-golf/roster
glf_8c41ec10b959,Mauricio,Hernandez,golf,2025-26,2026,D2,Men,Pennsylvania State Athletic Conference,Pitt-Johnstown,"6'1"" 155 lbs",Golfer,Sr.,Sr,"Guadalajara, Mexico",Guadalajara,,international,Colegio Altamira,0,https://pittjohnstownathletics.com/sports/mens-golf/roster
glf_ccd5de9c564c,Parker,Hilchey,golf,2025-26,2026,D2,Men,Pennsylvania State Athletic Conference,Pitt-Johnstown,"6'0"" 160 lbs",Golfer,Sr.,Sr,"St. George, ME",St. George,ME,domestic,Camden Hills Regional,0,https://pittjohnstownathletics.com/sports/mens-golf/roster
glf_026bf83c038a,Grayden,Laird,golf,2025-26,2026,D2,Men,Pennsylvania State Athletic Conference,Pitt-Johnstown,"6'0"" 180 lbs",Golfer,Fr.,Fr,"Blacksburg, VA",Blacksburg,VA,domestic,Blacksburg,0,https://pittjohnstownathletics.com/sports/mens-golf/roster
glf_15067fb96b5f,Jack,Millard,golf,2025-26,2026,D2,Men,Pennsylvania State Athletic Conference,Pitt-Johnstown,"5'10"" 165 lbs",Golfer,Jr.,Jr,"Port Dover, Ontario, Canada",Port Dover,,international,Holy Trinity Catholic High School,0,https://pittjohnstownathletics.com/sports/mens-golf/roster
glf_d516b1c41340,Tyler,Mocello,golf,2025-26,2026,D2,Men,Pennsylvania State Athletic Conference,Pitt-Johnstown,"5'9"" 150 lbs",Golfer,Sr.,Sr,"Rostraver Township, PA",Rostraver Township,PA,domestic,Belle Vernon,0,https://pittjohnstownathletics.com/sports/mens-golf/roster
glf_b3c0cf5bd29f,David,Razinskas,golf,2025-26,2026,D2,Men,Pennsylvania State Athletic Conference,Pitt-Johnstown,"6'1"" 180 lbs",Golfer,Jr.,Jr,"Chertsey, Great Britain",Chertsey,,international,CVS Ascot,0,https://pittjohnstownathletics.com/sports/mens-golf/roster
glf_2f1d6fc7791c,Eli,Ropietski,golf,2025-26,2026,D2,Men,Pennsylvania State Athletic Conference,Pitt-Johnstown,"5'9"" 180 lbs",Golfer,Jr.,Jr,"Harvey's Lake, PA",Harvey's Lake,PA,domestic,Lake-Lehman,0,https://pittjohnstownathletics.com/sports/mens-golf/roster
glf_b35a9762495a,Lucas,Smith,golf,2025-26,2026,D2,Men,Pennsylvania State Athletic Conference,Pitt-Johnstown,"6'0"" 140 lbs",Golfer,So.,So,"Ancaster, Ontario",Ancaster,,international,Ancaster,0,https://pittjohnstownathletics.com/sports/mens-golf/roster
glf_3860cf6333ea,Giovanni,Vezza,golf,2025-26,2026,D2,Men,Pennsylvania State Athletic Conference,Pitt-Johnstown,"6'1"" 150 lbs",Golfer,Jr.,Jr,"Torino, Italy",Torino,,international,International School of Turin,0,https://pittjohnstownathletics.com/sports/mens-golf/roster
glf_5174b2902a7b,Mark,Yan,golf,2025-26,2026,D2,Men,Pennsylvania State Athletic Conference,Pitt-Johnstown,"5'9"" 150 lbs",Golfer,So.,So,"Newburgh, NY",Newburgh,NY,domestic,Newburgh Free Academy,1,https://pittjohnstownathletics.com/sports/mens-golf/roster
glf_170f2eabeefe,Lance,Blackburn,golf,2025-26,2026,D2,Men,Conference Carolinas,Shorter,"6'2""",Golfer,Jr.,Jr,"Ringgold, Ga.",Ringgold,GA,domestic,Heritage HS,0,https://goshorterhawks.com/sports/mens-golf/roster
glf_a1c2684af2a0,Chandler,Burns,golf,2025-26,2026,D2,Men,Conference Carolinas,Shorter,"6'2""",Golfer,Sr.,Sr,"Ringgold, Ga.",Ringgold,GA,domestic,Heritage HS,0,https://goshorterhawks.com/sports/mens-golf/roster
glf_3e29f7e9fe58,Inigo,De Anta,golf,2025-26,2026,D2,Men,Conference Carolinas,Shorter,,Golfer,Fr.,Fr,,,,unknown,,0,https://goshorterhawks.com/sports/mens-golf/roster
glf_4a01ee8da41b,Jack,Floyd,golf,2025-26,2026,D2,Men,Conference Carolinas,Shorter,"6'4""",Golfer,Gr.,Gr,"Savannah, Ga.",Savannah,GA,domestic,Savannah Christian,0,https://goshorterhawks.com/sports/mens-golf/roster
glf_3c46346d2db3,Tommy,Harris,golf,2025-26,2026,D2,Men,Conference Carolinas,Shorter,,Golfer,Fr.,Fr,,,,unknown,,0,https://goshorterhawks.com/sports/mens-golf/roster
glf_08fe12420327,Luke,Kim,golf,2025-26,2026,D2,Men,Conference Carolinas,Shorter,,Golfer,Fr.,Fr,,,,unknown,,0,https://goshorterhawks.com/sports/mens-golf/roster
glf_5e212dbcdfa0,Nathan,Martin,golf,2025-26,2026,D2,Men,Conference Carolinas,Shorter,"5'11""",Golfer,So.,So,"Evans, Ga",Evans,GA,domestic,Homeschooled,1,https://goshorterhawks.com/sports/mens-golf/roster
glf_348a59dc490b,Landon,Mealor,golf,2025-26,2026,D2,Men,Conference Carolinas,Shorter,,Golfer,Fr.,Fr,,,,unknown,,0,https://goshorterhawks.com/sports/mens-golf/roster
glf_2b0eecfd5a7d,Jack,Rogers,golf,2025-26,2026,D2,Men,Conference Carolinas,Shorter,,Golfer,Fr.,Fr,,,,unknown,,0,https://goshorterhawks.com/sports/mens-golf/roster
glf_67a8e4aee8d3,Noah,Small,golf,2025-26,2026,D2,Men,Conference Carolinas,Shorter,"5'10""",Golfer,Sr.,Sr,"Hoover, Ala,",Hoover,AL,domestic,,,https://goshorterhawks.com/sports/mens-golf/roster
glf_7e4851b04ecb,Mac,Wilcoxson,golf,2025-26,2026,D2,Men,Conference Carolinas,Shorter,"5'9""",Golfer,Sr.,Sr,"Haleyville, Ala.",Haleyville,AL,domestic,Haleyville HS,0,https://goshorterhawks.com/sports/mens-golf/roster
glf_4f30085ffc39,Owen,Yarbrough,golf,2025-26,2026,D2,Men,Conference Carolinas,Shorter,,Golfer,Fr.,Fr,,,,unknown,,0,https://goshorterhawks.com/sports/mens-golf/roster
glf_af69cb77c870,Lane,Arends,golf,2025-26,2026,D2,Men,Northern Sun Intercollegiate Conference,Sioux Falls,,Golfer,So.,So,"Cottonwood, Minn.",Cottonwood,MN,domestic,Lakeview HS,0,https://usfcougars.com/sports/mens-golf/roster
glf_edb909c26f1a,Palmer,Dalton,golf,2025-26,2026,D2,Men,Northern Sun Intercollegiate Conference,Sioux Falls,,Golfer,Fr.,Fr,"New London, Minn.",New London,MN,domestic,New London-Spicer HS,0,https://usfcougars.com/sports/mens-golf/roster
glf_df86db627877,Liam,Dufner,golf,2025-26,2026,D2,Men,Northern Sun Intercollegiate Conference,Sioux Falls,,Golfer,So.,So,"Zimmerman, Minn.",Zimmerman,MN,domestic,Princeton HS,0,https://usfcougars.com/sports/mens-golf/roster
glf_1d2baa6a011d,Luke,Ehlers,golf,2025-26,2026,D2,Men,Northern Sun Intercollegiate Conference,Sioux Falls,,Golfer,So.,So,"Marshall, Minn.",Marshall,MN,domestic,Marshall HS,0,https://usfcougars.com/sports/mens-golf/roster
glf_f80c57f9ec27,Jadan,Ford,golf,2025-26,2026,D2,Men,Northern Sun Intercollegiate Conference,Sioux Falls,,Golfer,So.,So,"Waconia, Minn.",Waconia,MN,domestic,Waconia HS,0,https://usfcougars.com/sports/mens-golf/roster
glf_195c9b8b5b11,Charlie,Hanson,golf,2025-26,2026,D2,Men,Northern Sun Intercollegiate Conference,Sioux Falls,,Golfer,So.,So,"Morris, Minn.",Morris,MN,domestic,Morris Area/Chokio-Alberta HS,0,https://usfcougars.com/sports/mens-golf/roster
glf_023dec5e78ca,Hayden,Heig,golf,2025-26,2026,D2,Men,Northern Sun Intercollegiate Conference,Sioux Falls,,Golfer,Fr.,Fr,"Rapid City, S.D.",Rapid City,SD,domestic,St. Thomas More HS,0,https://usfcougars.com/sports/mens-golf/roster
glf_fc3189559077,Ty,Lenards,golf,2025-26,2026,D2,Men,Northern Sun Intercollegiate Conference,Sioux Falls,,Golfer,So.,So,"Watertown, S.D.",Watertown,SD,domestic,Watertown HS,0,https://usfcougars.com/sports/mens-golf/roster
glf_043bad15f2d2,Gabe,Norberg,golf,2025-26,2026,D2,Men,Northern Sun Intercollegiate Conference,Sioux Falls,,Golfer,So.,So,"Watertown, S.D.",Watertown,SD,domestic,Watertown HS,0,https://usfcougars.com/sports/mens-golf/roster
glf_ed5855a96f3b,Ryan,Nutter,golf,2025-26,2026,D2,Men,Northern Sun Intercollegiate Conference,Sioux Falls,,Golfer,So.,So,"Houston, Minn.",Houston,MN,domestic,La Crescent-Hokah HS,0,https://usfcougars.com/sports/mens-golf/roster
glf_4abdcfcfde00,Justin,Orn,golf,2025-26,2026,D2,Men,Northern Sun Intercollegiate Conference,Sioux Falls,,Golfer,Jr.,Jr,"Inver Grove Heights, Minn.",Inver Grove Heights,MN,domestic,Inver Grove Heights HS,0,https://usfcougars.com/sports/mens-golf/roster
glf_3b2091e17c34,Carter,Peterson,golf,2025-26,2026,D2,Men,Northern Sun Intercollegiate Conference,Sioux Falls,,Golfer,Fr.,Fr,"Sioux Falls, S.D.",Sioux Falls,SD,domestic,Brandon Valley HS,0,https://usfcougars.com/sports/mens-golf/roster
glf_6c6625d3ba2c,Will,Peterson,golf,2025-26,2026,D2,Men,Northern Sun Intercollegiate Conference,Sioux Falls,,Golfer,Fr.,Fr,"Brandon, S.D.",Brandon,SD,domestic,Brandon Valley HS,0,https://usfcougars.com/sports/mens-golf/roster
glf_63831dd33611,Dawson,Ringler,golf,2025-26,2026,D2,Men,Northern Sun Intercollegiate Conference,Sioux Falls,,Golfer,Jr.,Jr,"Brainerd, Minn.",Brainerd,MN,domestic,Brainerd HS,0,https://usfcougars.com/sports/mens-golf/roster
glf_ef1f03a0184e,Nathan,Schuver,golf,2025-26,2026,D2,Men,Northern Sun Intercollegiate Conference,Sioux Falls,,Golfer,Fr.,Fr,"St. Cloud, Minn.",St. Cloud,MN,domestic,St. Cloud Cathedral HS,0,https://usfcougars.com/sports/mens-golf/roster
glf_5bd2dc2789bf,Harrison,Seeman,golf,2025-26,2026,D2,Men,Northern Sun Intercollegiate Conference,Sioux Falls,,Golfer,So.,So,"Sioux Falls, S.D.",Sioux Falls,SD,domestic,Jefferson HS,0,https://usfcougars.com/sports/mens-golf/roster
glf_cebf47fbbb34,Jaden,Solheim,golf,2025-26,2026,D2,Men,Northern Sun Intercollegiate Conference,Sioux Falls,,Golfer,So.,So,"Watertown, S.D.",Watertown,SD,domestic,Watertown HS,0,https://usfcougars.com/sports/mens-golf/roster
glf_1301c461ce2f,Noah,Teeter,golf,2025-26,2026,D2,Men,Northern Sun Intercollegiate Conference,Sioux Falls,,Golfer,Fr.,Fr,"Albert Lea, Minn.",Albert Lea,MN,domestic,Albert Lea HS,0,https://usfcougars.com/sports/mens-golf/roster
glf_669ede7d0919,Hayden,Tenopir,golf,2025-26,2026,D2,Men,Northern Sun Intercollegiate Conference,Sioux Falls,,Golfer,Fr.,Fr,"Lincoln, Neb.",Lincoln,NE,domestic,Lincoln Northeast HS,0,https://usfcougars.com/sports/mens-golf/roster
glf_c71a60c0df23,Quentin,Brooks,golf,2025-26,2026,D2,Men,Southern Intercollegiate Athletic Conference,Savannah State,,Golfer,Fr.,Fr,"Savannah, Ga.",Savannah,GA,domestic,Bethesda Academy,1,https://ssuathletics.com/sports/mens-golf/roster
glf_8618a295c5d9,Xavier,Dozier,golf,2025-26,2026,D2,Men,Southern Intercollegiate Athletic Conference,Savannah State,,Golfer,Sr.,Sr,"Andalusia, Ala.",Andalusia,AL,domestic,Bishop St. CC,0,https://ssuathletics.com/sports/mens-golf/roster
glf_1b6b3e1d247f,Brooks,Garland,golf,2025-26,2026,D2,Men,Southern Intercollegiate Athletic Conference,Savannah State,,Golfer,Fr.,Fr,"Suwanee, Ga.",Suwanee,GA,domestic,North Gwinnett HS,0,https://ssuathletics.com/sports/mens-golf/roster
glf_e53ad875e2c0,Hayden,Plybon,golf,2025-26,2026,D2,Men,Southern Intercollegiate Athletic Conference,Savannah State,,Golfer,Fr.,Fr,"Foley, Ala.",Foley,AL,domestic,Gulf Shores HS,0,https://ssuathletics.com/sports/mens-golf/roster
glf_fb39e3b031f5,Nathaniel,Spencer,golf,2025-26,2026,D2,Men,Southern Intercollegiate Athletic Conference,Savannah State,,Golfer,Fr.,Fr,"Wilmington, N. C.",Wilmington,NC,domestic,E. A. Laney HS,0,https://ssuathletics.com/sports/mens-golf/roster
glf_da75ac4332cb,Lavelle,"Teague, Jr.",golf,2025-26,2026,D2,Men,Southern Intercollegiate Athletic Conference,Savannah State,,Golfer,Fr.,Fr,"San Diego, Calif.",San Diego,CA,domestic,Canyon Hills HS,0,https://ssuathletics.com/sports/mens-golf/roster
glf_85c3213ad343,Justin,Woods,golf,2025-26,2026,D2,Men,Southern Intercollegiate Athletic Conference,Savannah State,,Golfer,Fr.,Fr,"San Diego, Calif.",San Diego,CA,domestic,La Jolla HS,0,https://ssuathletics.com/sports/mens-golf/roster
glf_3513ee69bc5d,Carter,Bell,golf,2025-26,2026,D2,Men,Great American Conference,Southern Arkansas,"5'11""",Golfer,Jr.,Jr,"Saskatoon, Saskatchewan, Canada",Saskatoon,,international,St. Joseph HS,0,https://muleriderathletics.com/sports/mens-golf/roster
glf_30e59b9a9853,Will,Blake,golf,2025-26,2026,D2,Men,Great American Conference,Southern Arkansas,"5'10""",Golfer,Sr.,Sr,"Regina, Saskatchewan, Canada",Regina,,international,St. Joseph HS,0,https://muleriderathletics.com/sports/mens-golf/roster
glf_1eb66dc2aeba,Luke,Cote,golf,2025-26,2026,D2,Men,Great American Conference,Southern Arkansas,"6'3""",Golfer,Sr.,Sr,"Regina, Saskatchewan, Canada",Regina,,international,,0,https://muleriderathletics.com/sports/mens-golf/roster
glf_fd60f5a7b9aa,Stewart,Druin,golf,2025-26,2026,D2,Men,Great American Conference,Southern Arkansas,"5'11""",Golfer,Jr.,Jr,"Mattoon, Ill.",Mattoon,IL,domestic,Mattoon HS,0,https://muleriderathletics.com/sports/mens-golf/roster
glf_189b306cc90a,Collin,Spangler,golf,2025-26,2026,D2,Men,Great American Conference,Southern Arkansas,"5'9""",Golfer,Jr.,Jr,"Conway, Ark.",Conway,AR,domestic,Conway HS,0,https://muleriderathletics.com/sports/mens-golf/roster
glf_df93ddf4ae27,Jett,Stephenson,golf,2025-26,2026,D2,Men,Great American Conference,Southern Arkansas,"6'2""",Golfer,So.,So,"Nashville, Ark.",Nashville,AR,domestic,Nashville HS,0,https://muleriderathletics.com/sports/mens-golf/roster
glf_f277908d2f13,Brady,Cross,golf,2025-26,2026,D2,Men,Great Midwest Athletic Conference,Thomas More,"5'9"" 165 lbs",Golfer,Fr.,Fr,"Tipp City, OH",Tipp City,OH,domestic,Tippecanoe,0,https://thomasmoresaints.com/sports/mens-golf/roster
glf_46ec00e29212,Sam,Dilworth,golf,2025-26,2026,D2,Men,Great Midwest Athletic Conference,Thomas More,"5'9"" 165 lbs",Golfer,So.,So,"Tipp City, OH",Tipp City,OH,domestic,Tippecanoe,0,https://thomasmoresaints.com/sports/mens-golf/roster
glf_ec6c88dda8d9,Ben,Egan,golf,2025-26,2026,D2,Men,Great Midwest Athletic Conference,Thomas More,"6'3"" 164 lbs",Golfer,Jr.,Jr,"Toledo, OH",Toledo,OH,domestic,St. Francis de Sales,0,https://thomasmoresaints.com/sports/mens-golf/roster
glf_d48c732d727d,Gavin,Green,golf,2025-26,2026,D2,Men,Great Midwest Athletic Conference,Thomas More,"6'0"" 205 lbs",Golfer,Jr.,Jr,"Edgewood, KY",Edgewood,KY,domestic,Cooper,0,https://thomasmoresaints.com/sports/mens-golf/roster
glf_9637684c05d2,Yuji,Maruishi,golf,2025-26,2026,D2,Men,Great Midwest Athletic Conference,Thomas More,"5'8"" 130 lbs",Golfer,Sr.,Sr,"Burlington, KY",Burlington,KY,domestic,Cooper,0,https://thomasmoresaints.com/sports/mens-golf/roster
glf_57d85a136257,Nathan,Resing,golf,2025-26,2026,D2,Men,Great Midwest Athletic Conference,Thomas More,"6'5"" 175 lbs",Golfer,Sr.,Sr,"Fort Wright, KY",Fort Wright,KY,domestic,Covington Catholic,0,https://thomasmoresaints.com/sports/mens-golf/roster
glf_48682e2b8e12,Jack,Richardson,golf,2025-26,2026,D2,Men,Great Midwest Athletic Conference,Thomas More,,Golfer,Fr.,Fr,,,,unknown,,0,https://thomasmoresaints.com/sports/mens-golf/roster
glf_f8a00028f5d5,Noah,Riley,golf,2025-26,2026,D2,Men,Great Midwest Athletic Conference,Thomas More,"5'11"" 185 lbs",Golfer,Sr.,Sr,"Covington, KY",Covington,KY,domestic,Holy Cross District High School,0,https://thomasmoresaints.com/sports/mens-golf/roster
glf_0bb76fbe769d,Aden,Walls,golf,2025-26,2026,D2,Men,Great Midwest Athletic Conference,Thomas More,"6'1"" 140 lbs",Golfer,Jr.,Jr,"Cincinnati, OH",Cincinnati,OH,domestic,Harrison,0,https://thomasmoresaints.com/sports/mens-golf/roster
glf_b473908e3179,Justin,Wuestefeld,golf,2025-26,2026,D2,Men,Great Midwest Athletic Conference,Thomas More,"5'8"" 130 lbs",Golfer,Jr.,Jr,"Guliford, IN",Guliford,IN,domestic,East Central High School,0,https://thomasmoresaints.com/sports/mens-golf/roster
glf_b494cdbeb97d,Cam,Beck,golf,2025-26,2026,D2,Men,Lone Star Conference,UT Tyler,,Golfer,Gr.,Gr,"Mansfield, Texas",Mansfield,TX,domestic,Mansfield High,0,https://uttylerpatriots.com/sports/mens-golf/roster
glf_833676f5d7a9,Braden,Bergman,golf,2025-26,2026,D2,Men,Lone Star Conference,UT Tyler,,Golfer,Jr.,Jr,"Tyler, Texas",Tyler,TX,domestic,Tyler Legacy,0,https://uttylerpatriots.com/sports/mens-golf/roster
glf_f0e1bf555395,Connor,Carver,golf,2025-26,2026,D2,Men,Lone Star Conference,UT Tyler,,Golfer,So.,So,"Tyler, Texas",Tyler,TX,domestic,All Saints,0,https://uttylerpatriots.com/sports/mens-golf/roster
glf_d985bb015f39,Preston,Chabaud,golf,2025-26,2026,D2,Men,Lone Star Conference,UT Tyler,,Golfer,So.,So,"Katy, Texas",Katy,TX,domestic,Katy Taylor,0,https://uttylerpatriots.com/sports/mens-golf/roster
glf_1430a780e930,Preston,DeSerrano,golf,2025-26,2026,D2,Men,Lone Star Conference,UT Tyler,,Golfer,Sr.,Sr,"Nederland, Texas",Nederland,TX,domestic,,0,https://uttylerpatriots.com/sports/mens-golf/roster
glf_d7d5b371f36c,Blake,Harwell,golf,2025-26,2026,D2,Men,Lone Star Conference,UT Tyler,,Golfer,So.,So,"League City, Texas",League City,TX,domestic,LC Clear Creek,0,https://uttylerpatriots.com/sports/mens-golf/roster
glf_e0eba76c8bf7,Corbin,Murray,golf,2025-26,2026,D2,Men,Lone Star Conference,UT Tyler,,Golfer,So.,So,"Mansfield, Texas",Mansfield,TX,domestic,Mansfield High,0,https://uttylerpatriots.com/sports/mens-golf/roster
glf_73778632f7a2,Braden,Stokes,golf,2025-26,2026,D2,Men,Lone Star Conference,UT Tyler,,Golfer,Fr.,Fr,"Aledo, Texas",Aledo,TX,domestic,Aledo High,0,https://uttylerpatriots.com/sports/mens-golf/roster
glf_5318678c6a7f,George,Trappey,golf,2025-26,2026,D2,Men,Lone Star Conference,UT Tyler,,Golfer,Sr.,Sr,"Lake Charles, LA",Lake Charles,LA,domestic,,0,https://uttylerpatriots.com/sports/mens-golf/roster
glf_2d836ef0fa6d,William,Carestam,golf,2025-26,2026,D2,Men,Gulf South Conference,Valdosta State,,Golfer,Sr.,Sr,"Gothemburg, Sweden",Gothemburg,,international,Charleston (W.Va.),0,https://vstateblazers.com/sports/mens-golf/roster
glf_09a22d02d4ce,Jimmy,Cohen,golf,2025-26,2026,D2,Men,Gulf South Conference,Valdosta State,,Golfer,So.,So,"Valdosta, Ga.",Valdosta,GA,domestic,Lowndes HS,0,https://vstateblazers.com/sports/mens-golf/roster
glf_5a7be084fa6d,William,Ekeroth,golf,2025-26,2026,D2,Men,Gulf South Conference,Valdosta State,,Golfer,Sr.,Sr,"Linkoping, Ostergotland, Sweden",Linkoping,,international,Birgittaskolan HS,0,https://vstateblazers.com/sports/mens-golf/roster
glf_5684540174f8,Luke,Hylton,golf,2025-26,2026,D2,Men,Gulf South Conference,Valdosta State,,Golfer,Fr.,Fr,"Quitman, Ga.",Quitman,GA,domestic,Brooks County HS,0,https://vstateblazers.com/sports/mens-golf/roster
glf_b947e0514165,Nick,Mueller,golf,2025-26,2026,D2,Men,Gulf South Conference,Valdosta State,,Golfer,Sr.,Sr,"Baldwin, Wis.",Baldwin,WI,domestic,St. Croix Central,0,https://vstateblazers.com/sports/mens-golf/roster
glf_7679cd9e6e72,Jonah,Nacional,golf,2025-26,2026,D2,Men,Gulf South Conference,Valdosta State,,Golfer,Fr.,Fr,"St. Johns, Fla.",St. Johns,FL,domestic,Beachside HS,0,https://vstateblazers.com/sports/mens-golf/roster
glf_a75ddd8be42c,Alexander,Nilehn,golf,2025-26,2026,D2,Men,Gulf South Conference,Valdosta State,,Golfer,Sr.,Sr,"Goteborg, Sweden",Goteborg,,international,Katrinelundymnasiat,0,https://vstateblazers.com/sports/mens-golf/roster
glf_1e559e7b4580,Kaleb,Shiver,golf,2025-26,2026,D2,Men,Gulf South Conference,Valdosta State,,Golfer,So.,So,"Hahira, Ga.",Hahira,GA,domestic,Lowndes HS,0,https://vstateblazers.com/sports/mens-golf/roster
glf_40cff43a4240,Oscar,Toreld,golf,2025-26,2026,D2,Men,Gulf South Conference,Valdosta State,,Golfer,Jr.,Jr,"Löttorp, Sweden",Löttorp,,international,Copiah-Lincoln CC,0,https://vstateblazers.com/sports/mens-golf/roster
glf_70ac2554ab5e,David,Wagner,golf,2025-26,2026,D2,Men,Gulf South Conference,Valdosta State,,Golfer,Fr.,Fr,"Bogart, Ga.",Bogart,GA,domestic,North Oconee HS,0,https://vstateblazers.com/sports/mens-golf/roster
glf_c4c6b67a5b89,Adam,Waller,golf,2025-26,2026,D2,Men,Gulf South Conference,Valdosta State,,Golfer,Sr.,Sr,"Jacksonville, Fla.",Jacksonville,FL,domestic,Florida Virtual HS,0,https://vstateblazers.com/sports/mens-golf/roster
glf_e2dfa0b432cf,Carson,Whitehead,golf,2025-26,2026,D2,Men,Gulf South Conference,Valdosta State,,Golfer,Fr.,Fr,"Clearwater, Fla.",Clearwater,FL,domestic,Clearwater Central Catholic,0,https://vstateblazers.com/sports/mens-golf/roster
glf_53a640888f94,Henry,Ashley,golf,2025-26,2026,D2,Men,Gulf South Conference,Union TN,"6'2"" 160 lbs",Golfer,So.,So,"Madison, Ind.",Madison,IN,domestic,Combine Academy,1,https://uuathletics.com/sports/golf/roster
glf_8c0e7fb0f10e,Houston,Brasfield,golf,2025-26,2026,D2,Men,Gulf South Conference,Union TN,,Golfer,Fr.,Fr,,,,unknown,,0,https://uuathletics.com/sports/golf/roster
glf_ea0b4b6f50e2,Will,Brown,golf,2025-26,2026,D2,Men,Gulf South Conference,Union TN,"6'2"" 205 lbs",Golfer,Gr.,Gr,"Jackson, Tenn.",Jackson,TN,domestic,Trinity Christian,0,https://uuathletics.com/sports/golf/roster
glf_f09e1980573d,Lane,Carr,golf,2025-26,2026,D2,Men,Gulf South Conference,Union TN,"5'9"" 170 lbs",Golfer,Jr.,Jr,"Medina, Tenn.",Medina,TN,domestic,South Gibson County High School,0,https://uuathletics.com/sports/golf/roster
glf_ee41ee5e094a,Caleb,Clifft,golf,2025-26,2026,D2,Men,Gulf South Conference,Union TN,"6'1"" 175 lbs",Golfer,Jr.,Jr,"Somerville, Tenn.",Somerville,TN,domestic,Fayette Academy,1,https://uuathletics.com/sports/golf/roster
glf_180cb9fdb21d,Trace,Robinson,golf,2025-26,2026,D2,Men,Gulf South Conference,Union TN,"6'0"" 172 lbs",Golfer,Sr.,Sr,"Jackson, Tenn.",Jackson,TN,domestic,Trinity Christian,0,https://uuathletics.com/sports/golf/roster
glf_f4b627b8ead1,Brenner,Sipkovsky,golf,2025-26,2026,D2,Men,Gulf South Conference,Union TN,"6'0"" 150 lbs",Golfer,So.,So,"Franklin, Tenn.",Franklin,TN,domestic,Grace Christian,0,https://uuathletics.com/sports/golf/roster
glf_51f97e6f8e07,Brody,Smith,golf,2025-26,2026,D2,Men,Gulf South Conference,Union TN,,Golfer,Fr.,Fr,,,,unknown,,0,https://uuathletics.com/sports/golf/roster
glf_2a354345575a,Nolan,Smith,golf,2025-26,2026,D2,Men,Gulf South Conference,Union TN,,Golfer,Fr.,Fr,,,,unknown,,0,https://uuathletics.com/sports/golf/roster
glf_a8d982a62f87,Andrew,Snuffin,golf,2025-26,2026,D2,Men,Gulf South Conference,Union TN,,Golfer,Fr.,Fr,,,,unknown,,0,https://uuathletics.com/sports/golf/roster
glf_986112d5d12d,Luke,Stephenson,golf,2025-26,2026,D2,Men,Gulf South Conference,Union TN,"5'11"" 155 lbs",Golfer,So.,So,"Martin, Tenn.",Martin,TN,domestic,Westview High School,0,https://uuathletics.com/sports/golf/roster
glf_8cc3109159d9,Andrew,Westmoreland,golf,2025-26,2026,D2,Men,Gulf South Conference,Union TN,"6'0"" 160 lbs",Golfer,Sr.,Sr,"Atoka, Tenn.",Atoka,TN,domestic,Millington Central HS,0,https://uuathletics.com/sports/golf/roster
glf_51205619ee19,Matthew,Westmoreland,golf,2025-26,2026,D2,Men,Gulf South Conference,Union TN,"6'2"" 155 lbs",Golfer,Jr.,Jr,"Atoka, Tenn.",Atoka,TN,domestic,Tenn. Millington Central High School,0,https://uuathletics.com/sports/golf/roster
glf_73620d037775,Jack-Henry,Wise,golf,2025-26,2026,D2,Men,Gulf South Conference,Union TN,"6'3"" 160 lbs",Golfer,Sr.,Sr,"Searcy, Ark.",Searcy,AR,domestic,Harding Academy,1,https://uuathletics.com/sports/golf/roster
glf_56dd7daf7a1d,Mick,Ambrose,golf,2025-26,2026,D2,Men,Great Midwest Athletic Conference,Walsh,,Golfer,,UNK,"Canfield, Ohio",Canfield,OH,domestic,Canfield,0,https://athletics.walsh.edu/sports/mens-golf/roster
glf_0ea7237f5d3d,Will,Ashy,golf,2025-26,2026,D2,Men,Great Midwest Athletic Conference,Walsh,,Golfer,,UNK,"Crestwood, Kentucky",Crestwood,KY,domestic,South Oldham,0,https://athletics.walsh.edu/sports/mens-golf/roster
glf_95e2f55d114e,Johannes,Chang,golf,2025-26,2026,D2,Men,Great Midwest Athletic Conference,Walsh,,Golfer,,UNK,"Shah Alam, Malaysia",Shah Alam,,international,International High School,0,https://athletics.walsh.edu/sports/mens-golf/roster
glf_9f6212a018b9,Brodi,Foster,golf,2025-26,2026,D2,Men,Great Midwest Athletic Conference,Walsh,,Golfer,,UNK,"St. Clairsville, Ohio",St. Clairsville,OH,domestic,St. Clairsville,0,https://athletics.walsh.edu/sports/mens-golf/roster
glf_174cde724d6a,Thomas,King,golf,2025-26,2026,D2,Men,Great Midwest Athletic Conference,Walsh,,Golfer,,UNK,"Gold Coast, Australia",Gold Coast,,international,The Southport School,0,https://athletics.walsh.edu/sports/mens-golf/roster
glf_fb28c5b859e7,Colton,Moore,golf,2025-26,2026,D2,Men,Great Midwest Athletic Conference,Walsh,,Golfer,,UNK,"Carrollton, Ohio",Carrollton,OH,domestic,Carrollton,0,https://athletics.walsh.edu/sports/mens-golf/roster
glf_aef0d3040cc2,James,Morgan,golf,2025-26,2026,D2,Men,Great Midwest Athletic Conference,Walsh,,Golfer,,UNK,"North Benton, Ohio",North Benton,OH,domestic,Southeast,0,https://athletics.walsh.edu/sports/mens-golf/roster
glf_369d1adc5f73,Sachin,Nallapaneni,golf,2025-26,2026,D2,Men,Great Midwest Athletic Conference,Walsh,,Golfer,,UNK,"Canfield, Ohio",Canfield,OH,domestic,Canfield,0,https://athletics.walsh.edu/sports/mens-golf/roster
glf_9f05d59fa751,Michael,Soe Myint,golf,2025-26,2026,D2,Men,Great Midwest Athletic Conference,Walsh,,Golfer,Good,UNK,"Goodyear, Arizona",Goodyear,AZ,domestic,Agua Fria,0,https://athletics.walsh.edu/sports/mens-golf/roster
glf_0f8ec4a1037b,Brogan,Sullivan,golf,2025-26,2026,D2,Men,Great Midwest Athletic Conference,Walsh,,Golfer,,UNK,"Newark, Ohio",Newark,OH,domestic,Newark Catholic,0,https://athletics.walsh.edu/sports/mens-golf/roster
glf_c482974902df,Raimundo,Toro,golf,2025-26,2026,D2,Men,Great Midwest Athletic Conference,Walsh,,Golfer,,UNK,"Temuco, Chile",Temuco,,international,,0,https://athletics.walsh.edu/sports/mens-golf/roster
glf_320fdf8fa284,Luca,Violi,golf,2025-26,2026,D2,Men,Great Midwest Athletic Conference,Walsh,,Golfer,,UNK,"Medina, Ohio",Medina,OH,domestic,Buckeye,0,https://athletics.walsh.edu/sports/mens-golf/roster
glf_d59bb83ef176,Joachim,Yu,golf,2025-26,2026,D2,Men,Great Midwest Athletic Conference,Walsh,,Golfer,,UNK,"Binan, Philippines",Binan,,international,Acacia Waldorf,0,https://athletics.walsh.edu/sports/mens-golf/roster
glf_c9e7c4647e39,Andrew,Daily,golf,2025-26,2026,D2,Men,Great Lakes Intercollegiate Athletic Conference,Wayne State Michigan,"6'1"" 169 lbs",Golfer,R-Jr.,Jr,"Brighton, Mich.",Brighton,MI,domestic,Brighton,0,https://wsuathletics.com/sports/mens-golf/roster
glf_6fb1f722c709,Jack,Julian,golf,2025-26,2026,D2,Men,Great Lakes Intercollegiate Athletic Conference,Wayne State Michigan,"5'11"" 146 lbs",Golfer,R-So.,So,"South Lyon, Mich.",South Lyon,MI,domestic,South Lyon,0,https://wsuathletics.com/sports/mens-golf/roster
glf_ed9ab2fe3470,Josh,Lahner,golf,2025-26,2026,D2,Men,Great Lakes Intercollegiate Athletic Conference,Wayne State Michigan,"6'1"" 188 lbs",Golfer,Sr.,Sr,"Roselle, Ill.",Roselle,IL,domestic,Lake Park,0,https://wsuathletics.com/sports/mens-golf/roster
glf_656f58b35a78,Luke,Maher,golf,2025-26,2026,D2,Men,Great Lakes Intercollegiate Athletic Conference,Wayne State Michigan,"6'1"" 150 lbs",Golfer,Jr.,Jr,"Fort Gratiot, Mich.",Fort Gratiot,MI,domestic,Port Huron Northern (SC4),0,https://wsuathletics.com/sports/mens-golf/roster
glf_e2e9426bbac0,Ethan,Mukhtar,golf,2025-26,2026,D2,Men,Great Lakes Intercollegiate Athletic Conference,Wayne State Michigan,"5'10"" 117 lbs",Golfer,So.,So,"Farmington Hills, Mich.",Farmington Hills,MI,domestic,Orchard Lake St. Mary's,0,https://wsuathletics.com/sports/mens-golf/roster
glf_d107b493b7d4,Grant,Ofield,golf,2025-26,2026,D2,Men,Great Lakes Intercollegiate Athletic Conference,Wayne State Michigan,"5'10"" 188 lbs",Golfer,So.,So,"Ada, Mich.",Ada,MI,domestic,Forest Hills Northern,0,https://wsuathletics.com/sports/mens-golf/roster
glf_58d20fed47ac,Will,Pollack,golf,2025-26,2026,D2,Men,Great Lakes Intercollegiate Athletic Conference,Wayne State Michigan,"5'10"" 146 lbs",Golfer,So.,So,"Grand Rapids, Mich.",Grand Rapids,MI,domestic,Forest Hills Northern,0,https://wsuathletics.com/sports/mens-golf/roster
glf_362f51d3c353,Shawn,Sehra,golf,2025-26,2026,D2,Men,Great Lakes Intercollegiate Athletic Conference,Wayne State Michigan,"6'2"" 184 lbs",Golfer,Gr.,Gr,"Windsor, Ont.",Windsor,,international,Academy 21 (Xavier),1,https://wsuathletics.com/sports/mens-golf/roster
glf_8c037ce9d72f,Aidan,Treharne,golf,2025-26,2026,D2,Men,Great Lakes Intercollegiate Athletic Conference,Wayne State Michigan,"6'0"" 237 lbs",Golfer,So.,So,"Livonia, Mich.",Livonia,MI,domestic,U. of Detroit Jesuit,0,https://wsuathletics.com/sports/mens-golf/roster
glf_dbbf0ffc51f6,Ivan,Bravo De Laguna Juez,golf,2025-26,2026,D2,Men,Great Lakes Valley Conference,William Jewell,"5'5""",Golfer,Fr.,Fr,"Gran Canaria, Spain",Gran Canaria,,international,American School,0,https://jewellcardinals.com/sports/mens-golf/roster
glf_ab0ca866ea4b,Jay,Choi,golf,2025-26,2026,D2,Men,Great Lakes Valley Conference,William Jewell,"5'5""",Golfer,Fr.,Fr,"St. Charles, MO",St. Charles,MO,domestic,Francis Howell North,0,https://jewellcardinals.com/sports/mens-golf/roster
glf_fe4896a666bb,Drew,Munson,golf,2025-26,2026,D2,Men,Great Lakes Valley Conference,William Jewell,"5'10""",Golfer,Sr.,Sr,"Carroll, IA",Carroll,IA,domestic,Carroll,0,https://jewellcardinals.com/sports/mens-golf/roster
glf_c9721ad0e428,Cooper,Newkirk,golf,2025-26,2026,D2,Men,Great Lakes Valley Conference,William Jewell,"6'3""",Golfer,So.,So,"Shawnee, KS",Shawnee,KS,domestic,Shawnee Mission Northwest,0,https://jewellcardinals.com/sports/mens-golf/roster
glf_3147ded32558,Kade,Richman,golf,2025-26,2026,D2,Men,Great Lakes Valley Conference,William Jewell,"6'1""",Golfer,Jr.,Jr,"Katy, TX",Katy,TX,domestic,Cinco Ranch,0,https://jewellcardinals.com/sports/mens-golf/roster
glf_7062519f6158,Carson,Thompson,golf,2025-26,2026,D2,Men,Great Lakes Valley Conference,William Jewell,"5'9""",Golfer,Sr.,Sr,"Gower, MO",Gower,MO,domestic,Southwestern CC,0,https://jewellcardinals.com/sports/mens-golf/roster
glf_9f650d39e242,Jacob,Alcorta,golf,2025-26,2026,D2,Men,Lone Star Conference,Western New Mexico,"6'0""",Golfer,So.,So,Silver City,Silver City,NM,domestic,Silver HS,0,https://wnmumustangs.com/sports/mens-golf/roster
glf_a577d6393c3f,Jonty,Butcher,golf,2025-26,2026,D2,Men,Lone Star Conference,Western New Mexico,"5'9""",Golfer,Fr.,Fr,"Barnsley, GB",Barnsley,,international,Penistone Grammar School,0,https://wnmumustangs.com/sports/mens-golf/roster
glf_3dba9fcb6338,Oscar,Feschuk,golf,2025-26,2026,D2,Men,Lone Star Conference,Western New Mexico,"6'1""",Golfer,Sr.,Sr,"Toronto, Ontario, Canada",Toronto,,international,St. Michael's College School,0,https://wnmumustangs.com/sports/mens-golf/roster
glf_86f71a6f1141,Max,Kaesebier,golf,2025-26,2026,D2,Men,Lone Star Conference,Western New Mexico,"6'2""",Golfer,Jr.,Jr,"Bad Langensalza, Germany",Bad Langensalza,,international,Pierre-de-Coubertin Gymnasium,0,https://wnmumustangs.com/sports/mens-golf/roster
glf_a64eafc7a732,Elijah,Salazar,golf,2025-26,2026,D2,Men,Lone Star Conference,Western New Mexico,"5'8""",Golfer,Fr.,Fr,"Santa Fe, NM",Santa Fe,NM,domestic,Saint Michael's HS,0,https://wnmumustangs.com/sports/mens-golf/roster
glf_d100ab199e53,Jayden,Schmitz,golf,2025-26,2026,D2,Men,Lone Star Conference,Western New Mexico,"5'10""",Golfer,So.,So,"Oro Valley, AZ",Oro Valley,AZ,domestic,Ironwood Ridge HS,0,https://wnmumustangs.com/sports/mens-golf/roster
glf_c0e0c6f7a922,Jack,Wadsworth,golf,2025-26,2026,D2,Men,Lone Star Conference,Western New Mexico,"6'1""",Golfer,Jr.,Jr,"Plain City, UT",Plain City,UT,domestic,Fremont HS,0,https://wnmumustangs.com/sports/mens-golf/roster
glf_d59dfce7b087,Iqradiaz,Arifin,golf,2025-26,2026,D2,Men,Great Midwest Athletic Conference,Ursuline,,Golfer,Fr.,Fr,"Jakarta, Indonesia",Jakarta,,international,Combine Academy,1,https://ursulinearrows.com/sports/mens-golf/roster/2026
glf_101422a1ff61,Shane,Bates,golf,2025-26,2026,D2,Men,Great Midwest Athletic Conference,Ursuline,,Golfer,Fr.,Fr,"Green, OH",Green,OH,domestic,Green High School,0,https://ursulinearrows.com/sports/mens-golf/roster/2026
glf_f9c8e0d13644,Ian,Garcia,golf,2025-26,2026,D2,Men,Great Midwest Athletic Conference,Ursuline,,Golfer,Fr.,Fr,"Middleburg, FL",Middleburg,FL,domestic,,0,https://ursulinearrows.com/sports/mens-golf/roster/2026
glf_5cdecab1b824,Ian,Gardner,golf,2025-26,2026,D2,Men,Great Midwest Athletic Conference,Ursuline,,Golfer,Fr.,Fr,"Barlow, OH",Barlow,OH,domestic,Warren High School,0,https://ursulinearrows.com/sports/mens-golf/roster/2026
glf_52deb1a18d0a,Canaan,Horner,golf,2025-26,2026,D2,Men,Great Midwest Athletic Conference,Ursuline,,Golfer,Fr.,Fr,"Kokomo, IN",Kokomo,IN,domestic,Kokomo High School,0,https://ursulinearrows.com/sports/mens-golf/roster/2026
glf_0de44260147a,Trenton,Schrock,golf,2025-26,2026,D2,Men,Great Midwest Athletic Conference,Ursuline,,Golfer,So.,So,"Akron, OH",Akron,OH,domestic,Springfield High School,0,https://ursulinearrows.com/sports/mens-golf/roster/2026
glf_89e17a43a4d2,Preston,Troiano,golf,2025-26,2026,D2,Men,Great Midwest Athletic Conference,Ursuline,,Golfer,Fr.,Fr,"McCandless, PA",McCandless,PA,domestic,North Allegheny High School,0,https://ursulinearrows.com/sports/mens-golf/roster/2026
glf_35bd12310d5f,Pedro,Ucke,golf,2025-26,2026,D2,Men,Great Midwest Athletic Conference,Ursuline,,Golfer,Fr.,Fr,"Buenos Aires, Argentina",Buenos Aires,,international,Colegio Santa Maria,0,https://ursulinearrows.com/sports/mens-golf/roster/2026
glf_e86df5cdacc8,Lucius,Venditti,golf,2025-26,2026,D2,Men,Great Midwest Athletic Conference,Ursuline,,Golfer,Fr.,Fr,"Beachwood, OH",Beachwood,OH,domestic,Beachwood High School,0,https://ursulinearrows.com/sports/mens-golf/roster/2026
glf_f44f5c101512,Miken,Ashmore,golf,2025-26,2026,D2,Men,Lone Star Conference,University of Texas at Dallas,HS,Golfer,Fr.,Fr,"Cabot, Ark.",Cabot,AR,domestic,Cabot,0,https://utdcomets.com/sports/golf/roster
glf_298f7fe526d4,Hudson,Green,golf,2025-26,2026,D2,Men,Lone Star Conference,University of Texas at Dallas,"5'6"" HS",Golfer,Fr.,Fr,"Rockwall, Texas",Rockwall,TX,domestic,Rockwall,0,https://utdcomets.com/sports/golf/roster
glf_ef70e1b6d125,Luis,Emilio Gudino,golf,2025-26,2026,D2,Men,Lone Star Conference,University of Texas at Dallas,HS,Golfer,Fr.,Fr,"San Pedro Garza García, Mexico",San Pedro Garza García,,international,,0,https://utdcomets.com/sports/golf/roster
glf_8aef3ff22d62,Gabe,Haslauer,golf,2025-26,2026,D2,Men,Lone Star Conference,University of Texas at Dallas,"6'0"" 1VL",Golfer,Rf.,UNK,"Austin, Ark.",Austin,AR,domestic,Cabot,0,https://utdcomets.com/sports/golf/roster
glf_a4f9757b5a70,Greg,Lewis,golf,2025-26,2026,D2,Men,Lone Star Conference,University of Texas at Dallas,"5'10"" 1VL",Golfer,Sr.,Sr,"Monument, Colo.",Monument,CO,domestic,Lewis-Palmer,0,https://utdcomets.com/sports/golf/roster
glf_0246b8e6dd7f,Drew,McSpadden,golf,2025-26,2026,D2,Men,Lone Star Conference,University of Texas at Dallas,"5'6"" HS",Golfer,Fr.,Fr,"Austin, Texas",Austin,TX,domestic,Vandergrift,0,https://utdcomets.com/sports/golf/roster
glf_7f6ecaad2a0f,Nick,Slobbe,golf,2025-26,2026,D2,Men,Lone Star Conference,University of Texas at Dallas,"6'6"" 1VL",Golfer,Sr.,Sr,"Hellevoetsluis, Netherlands",Hellevoetsluis,,international,Johan Cruyff,0,https://utdcomets.com/sports/golf/roster
glf_da5410579d4e,Hunter,Wolfinger,golf,2025-26,2026,D2,Men,Lone Star Conference,University of Texas at Dallas,"6'3"" 3VL",Golfer,Sr.,Sr,"Missouri City, Texas",Missouri City,TX,domestic,Ridge Point,0,https://utdcomets.com/sports/golf/roster
glf_3ffc3de05ea2,Ross,Anderson,golf,2025-26,2026,D2,Men,Lone Star Conference,Dallas Baptist,,Golfer,R-So.,So,"Lake Charles, LA",Lake Charles,LA,domestic,St. Louis Catholic High School,0,https://dbupatriots.com/sports/mens-golf/roster
glf_fed4d5cfd0b3,Deacon,Bauerschlag,golf,2025-26,2026,D2,Men,Lone Star Conference,Dallas Baptist,,Golfer,So.,So,"Bellville, TX",Bellville,TX,domestic,Bellville High School,0,https://dbupatriots.com/sports/mens-golf/roster
glf_fb1bf2eaa3f3,Robert,Boyce,golf,2025-26,2026,D2,Men,Lone Star Conference,Dallas Baptist,,Golfer,R-So.,So,"Dallas, TX",Dallas,TX,domestic,Southern Mississippi,0,https://dbupatriots.com/sports/mens-golf/roster
glf_85b618734e05,Christian,Clanton,golf,2025-26,2026,D2,Men,Lone Star Conference,Dallas Baptist,,Golfer,So.,So,"Trophy Club, TX",Trophy Club,TX,domestic,Spring Creek Academy,1,https://dbupatriots.com/sports/mens-golf/roster
glf_102ac4a3122e,Jagger,Cole,golf,2025-26,2026,D2,Men,Lone Star Conference,Dallas Baptist,,Golfer,Fr.,Fr,"Midlothian, TX",Midlothian,TX,domestic,Midlothian Heritage HS,0,https://dbupatriots.com/sports/mens-golf/roster
glf_398959e87912,Daniel,Ferguson,golf,2025-26,2026,D2,Men,Lone Star Conference,Dallas Baptist,,Golfer,Fr.,Fr,"Duncanville, TX",Duncanville,TX,domestic,Homeschool,1,https://dbupatriots.com/sports/mens-golf/roster
glf_30a35cac8005,Brecken,Franklin,golf,2025-26,2026,D2,Men,Lone Star Conference,Dallas Baptist,,Golfer,Jr.,Jr,"Montgomery, TX",Montgomery,TX,domestic,Lake Creek HS,0,https://dbupatriots.com/sports/mens-golf/roster
glf_b72a17b32165,Sam,Jenkins,golf,2025-26,2026,D2,Men,Lone Star Conference,Dallas Baptist,,Golfer,Sr.,Sr,"Garland, TX",Garland,TX,domestic,Dallas Christian School,0,https://dbupatriots.com/sports/mens-golf/roster
glf_c10e16555f07,Landon,Johnson,golf,2025-26,2026,D2,Men,Lone Star Conference,Dallas Baptist,,Golfer,Jr.,Jr,"Grand Prairie, TX",Grand Prairie,TX,domestic,Midlothian High School,0,https://dbupatriots.com/sports/mens-golf/roster
glf_a07dc10e4728,Tyler,Leedom,golf,2025-26,2026,D2,Men,Lone Star Conference,Dallas Baptist,,Golfer,Fr.,Fr,"San Diego, CA",San Diego,CA,domestic,Del Norte HS,0,https://dbupatriots.com/sports/mens-golf/roster
glf_ab2560fb275f,Peyton,Patterson,golf,2025-26,2026,D2,Men,Lone Star Conference,Dallas Baptist,,Golfer,Fr.,Fr,"Katy, TX",Katy,TX,domestic,Katy HS,0,https://dbupatriots.com/sports/mens-golf/roster
glf_1bbf0429dbbf,Luke,Cheplak,golf,2025-26,2026,D2,Men,Great Northwest Athletic Conference,Saint Martins,"6'1""",Golfer,FR,Fr,"Las Vegas, Nev.",Las Vegas,NV,domestic,Doral Academy,1,https://smusaints.com/sports/mens-golf/roster
glf_604933a4603c,Andre,Kosaki,golf,2025-26,2026,D2,Men,Great Northwest Athletic Conference,Saint Martins,"5'6""",Golfer,FR,Fr,"Camas, WA",Camas,WA,domestic,Camas,0,https://smusaints.com/sports/mens-golf/roster
glf_4337913d6aea,Sergio,Mir,golf,2025-26,2026,D2,Men,Great Northwest Athletic Conference,Saint Martins,"5'10""",Golfer,FR,Fr,"Sumner, Wash.",Sumner,WA,domestic,Sumner,0,https://smusaints.com/sports/mens-golf/roster
glf_7b2c17a097b5,Jacob,Parker,golf,2025-26,2026,D2,Men,Great Northwest Athletic Conference,Saint Martins,"5'11""",Golfer,SO,So,"Camas, Wash.",Camas,WA,domestic,Seton Catholic,0,https://smusaints.com/sports/mens-golf/roster
glf_ef6d4ec54de2,Kush,Shah,golf,2025-26,2026,D2,Men,Great Northwest Athletic Conference,Saint Martins,,Golfer,JR,Jr,"Chandler, Ariz.",Chandler,AZ,domestic,Hamilton,0,https://smusaints.com/sports/mens-golf/roster
glf_e1dc8f875f6d,Davis,Sheets,golf,2025-26,2026,D2,Men,Great Northwest Athletic Conference,Saint Martins,"5'9""",Golfer,JR,Jr,"Richland, Wash.",Richland,WA,domestic,Richland,0,https://smusaints.com/sports/mens-golf/roster
glf_5188769f6948,Sam,Spitzer,golf,2025-26,2026,D2,Men,Great Northwest Athletic Conference,Saint Martins,"5'10""",Golfer,FR,Fr,"University Place, Wash.",University Place,WA,domestic,Curtis,0,https://smusaints.com/sports/mens-golf/roster
glf_74de6707fb68,Rasmus,Tamker,golf,2025-26,2026,D2,Men,Great Northwest Athletic Conference,Saint Martins,"5'11""",Golfer,SR,Sr,"Stockholm, Sweden",Stockholm,,international,Anna Whitlocks Gymnasium,0,https://smusaints.com/sports/mens-golf/roster
glf_9d3c2441c2ac,Anthony,Uehara,golf,2025-26,2026,D2,Men,Great Northwest Athletic Conference,Saint Martins,"5'6""",Golfer,FR,Fr,"Honolulu, Hawaii",Honolulu,HI,domestic,Punahou,0,https://smusaints.com/sports/mens-golf/roster
glf_0c2f0dc792c7,Lukas,Astrom,golf,2025-26,2026,D2,Men,Lone Star Conference,UT Permian Basin,,Golfer,Fr.,Fr,"Hofterup, Sweden",Hofterup,,international,GEMS World Academy,1,https://utpbfalcons.com/sports/mens-golf/roster
glf_4431f89c8112,Laurent,Beech,golf,2025-26,2026,D2,Men,Lone Star Conference,UT Permian Basin,,Golfer,So.,So,"Chester, United Kingdom",Chester,,international,Christleton,0,https://utpbfalcons.com/sports/mens-golf/roster
glf_13ae97e7b560,Nizar,Bourehim,golf,2025-26,2026,D2,Men,Lone Star Conference,UT Permian Basin,,Golfer,Sr.,Sr,"Rabat, Morocco",Rabat,,international,AL Makrizi Group,0,https://utpbfalcons.com/sports/mens-golf/roster
glf_10f4c6436ee6,Dominic,Dodson,golf,2025-26,2026,D2,Men,Lone Star Conference,UT Permian Basin,,Golfer,R-Fr.,Fr,"Princeton, Texas",Princeton,TX,domestic,Princeton,0,https://utpbfalcons.com/sports/mens-golf/roster
glf_39cc2f61b582,Shawn,Martinez,golf,2025-26,2026,D2,Men,Lone Star Conference,UT Permian Basin,,Golfer,Fr.,Fr,"Midland, Texas",Midland,TX,domestic,Midland Legacy,0,https://utpbfalcons.com/sports/mens-golf/roster
glf_8b888ffea374,Quinn,Robertson,golf,2025-26,2026,D2,Men,Lone Star Conference,UT Permian Basin,,Golfer,Sr.,Sr,"Norman, Okla.",Norman,OK,domestic,Norman,0,https://utpbfalcons.com/sports/mens-golf/roster
glf_0073af92e41a,Ioan,Rowe,golf,2025-26,2026,D2,Men,Lone Star Conference,UT Permian Basin,,Golfer,Sr.,Sr,"Swansea, Wales",Swansea,,international,Cwmtawe Community School,0,https://utpbfalcons.com/sports/mens-golf/roster
glf_95b39ae32871,Dian,Wilmot,golf,2025-26,2026,D2,Men,Lone Star Conference,UT Permian Basin,,Golfer,Jr.,Jr,"Durban, South Africa",Durban,,international,Westville Boys',0,https://utpbfalcons.com/sports/mens-golf/roster
glf_b55173d81cbe,Hugo,Almeida,golf,2025-26,2026,D2,Men,Central Atlantic Collegiate Conference,Chestnut Hill,"6'0"" 130 lbs Computer Science",Golfer,So.,So,"Annecy, France",Annecy,,international,Lycee Saint Michel,0,https://griffinathletics.com/sports/golf/roster
glf_2cb8d39a9cad,Jack,Bulman,golf,2025-26,2026,D2,Men,Central Atlantic Collegiate Conference,Chestnut Hill,"5'9"" 145 lbs Business Administration & Management",Golfer,Sr.,Sr,"Pottstown, Pa.",Pottstown,PA,domestic,Boyertown Area,0,https://griffinathletics.com/sports/golf/roster
glf_6239f25cd91c,Trevor,Dendler,golf,2025-26,2026,D2,Men,Central Atlantic Collegiate Conference,Chestnut Hill,"6'2"" 167 lbs Business Administration & Management",Golfer,Fr.,Fr,"Yardley, Pa.",Yardley,PA,domestic,Pennsbury,0,https://griffinathletics.com/sports/golf/roster
glf_b6b2f82deeee,Rogelio,Gerena,golf,2025-26,2026,D2,Men,Central Atlantic Collegiate Conference,Chestnut Hill,"6'1"" 226 lbs Health Science",Golfer,So.,So,"Sharpsburg, Georgia",Sharpsburg,GA,domestic,South Gibson County,0,https://griffinathletics.com/sports/golf/roster
glf_997367a7a82e,Kiefer,Sharman,golf,2025-26,2026,D2,Men,Central Atlantic Collegiate Conference,Chestnut Hill,"6'0"" 152 lbs Business Administration & Management",Golfer,So.,So,"Burlington, Ontario",Burlington,,international,Corpus Christi,0,https://griffinathletics.com/sports/golf/roster
glf_1894b8c20f58,Devin,Vieira,golf,2025-26,2026,D2,Men,Central Atlantic Collegiate Conference,Chestnut Hill,"5'10"" 180 lbs Criminal Justice",Golfer,Fr.,Fr,"Fall River, Mass.",Fall River,MA,domestic,BMC Durfee,0,https://griffinathletics.com/sports/golf/roster
glf_1bcc60ce6e82,Camden,Clem,golf,2025-26,2026,D2,Men,Central Intercollegiate Athletic Association,Virginia State,,Golfer,Fr.,Fr,"Chesterfield, Va.",Chesterfield,VA,domestic,,0,https://govsutrojans.com/sports/golf/roster
glf_1f630184deef,Jaxson,Devereux,golf,2025-26,2026,D2,Men,Central Intercollegiate Athletic Association,Virginia State,,Golfer,Fr.,Fr,,,,unknown,,0,https://govsutrojans.com/sports/golf/roster
glf_52cfcb8fef98,Jacari,Dillard,golf,2025-26,2026,D2,Men,Central Intercollegiate Athletic Association,Virginia State,,Golfer,Jr.,Jr,"Chesterfield, Va.",Chesterfield,VA,domestic,,0,https://govsutrojans.com/sports/golf/roster
glf_35e375af0778,Alex,Kangoo,golf,2025-26,2026,D2,Men,Central Intercollegiate Athletic Association,Virginia State,,Golfer,So.,So,Trinidad & Tobago,Trinidad & Tobago,,international,,0,https://govsutrojans.com/sports/golf/roster
glf_9435ac0268dd,Michael,Maurin,golf,2025-26,2026,D2,Men,Central Intercollegiate Athletic Association,Virginia State,,Golfer,Fr.,Fr,,,,unknown,,0,https://govsutrojans.com/sports/golf/roster
glf_fd0e1c61684c,Michael,McIntosh,golf,2025-26,2026,D2,Men,Central Intercollegiate Athletic Association,Virginia State,,Golfer,Sr.,Sr,"Virginia Beach, Va.",Virginia Beach,VA,domestic,,0,https://govsutrojans.com/sports/golf/roster
glf_74d6923ab710,Matthew,Garrity,golf,2025-26,2026,D2,Men,Northeast-10 Conference,American International,"5'11""",Golfer,,UNK,"Southwick, MA",Southwick,MA,domestic,Southwick Regional,0,https://aicyellowjackets.com/sports/mens-golf/roster/2025-26
glf_20464ae10968,Tommy,Huang,golf,2025-26,2026,D2,Men,Northeast-10 Conference,American International,,Golfer,,UNK,"Sangian Village, Taiwan",Sangian Village,,international,Yun-Lin County Gukeng Waldorf,0,https://aicyellowjackets.com/sports/mens-golf/roster/2025-26
glf_0982bafce406,Daniel,Kibe,golf,2025-26,2026,D2,Men,Northeast-10 Conference,American International,"5'7""",Golfer,,UNK,"Silver Spring, MD",Silver Spring,MD,domestic,Springbrook,0,https://aicyellowjackets.com/sports/mens-golf/roster/2025-26
glf_3d00b97c6094,Alexander,Kobles-Ciarcia,golf,2025-26,2026,D2,Men,Northeast-10 Conference,American International,"5'9""",Golfer,,UNK,"Rocky Hill, CT",Rocky Hill,CT,domestic,Rocky Hill,0,https://aicyellowjackets.com/sports/mens-golf/roster/2025-26
glf_fed77d52e5f1,Andrew,Morris,golf,2025-26,2026,D2,Men,Northeast-10 Conference,American International,"6'0""",Golfer,,UNK,"Southwick, MA",Southwick,MA,domestic,Southwick Regional,0,https://aicyellowjackets.com/sports/mens-golf/roster/2025-26
glf_9958d820be97,Brendan,Raymond,golf,2025-26,2026,D2,Men,Northeast-10 Conference,American International,"5'6""",Golfer,,UNK,"Attleboro, MA",Attleboro,MA,domestic,Attleboro,0,https://aicyellowjackets.com/sports/mens-golf/roster/2025-26
glf_e49ec76d9def,Noah,Ryan,golf,2025-26,2026,D2,Men,Northeast-10 Conference,American International,"5'8""",Golfer,,UNK,"Paradise, NL",Paradise,,international,Holy Spirit,0,https://aicyellowjackets.com/sports/mens-golf/roster/2025-26
glf_08d96561497c,Aaron,Ryniec,golf,2025-26,2026,D2,Men,Northeast-10 Conference,American International,"5'9""",Golfer,,UNK,"Bartlett, IL",Bartlett,IL,domestic,Bartlett,0,https://aicyellowjackets.com/sports/mens-golf/roster/2025-26
glf_81b61f39248e,Aryan,Sharma,golf,2025-26,2026,D2,Men,Northeast-10 Conference,American International,,Golfer,,UNK,"Heatherton, Australia",Heatherton,,international,Haileybury College,0,https://aicyellowjackets.com/sports/mens-golf/roster/2025-26
glf_ba837d0f0bf3,Max,Shepardson,golf,2025-26,2026,D2,Men,Northeast-10 Conference,American International,"6'0""",Golfer,,UNK,"Lenox, MA",Lenox,MA,domestic,Lenox,0,https://aicyellowjackets.com/sports/mens-golf/roster/2025-26
glf_19f76e347974,Mylhian,Todem,golf,2025-26,2026,D2,Men,Northeast-10 Conference,American International,"6'6""",Golfer,,UNK,"Rouen, France",Rouen,,international,Lycee Blaise Pascal,0,https://aicyellowjackets.com/sports/mens-golf/roster/2025-26
glf_e12654f41af0,Mitchell,Archer,golf,2025-26,2026,D2,Men,Northeast-10 Conference,Adelphi,"6'0""",Golfer,So.,So,"Dewitt, N.Y.",Dewitt,NY,domestic,Jamesville-DeWitt,0,https://aupanthers.com/sports/mens-golf/roster/2025-26
glf_299c3416f634,Domenick,Caponi,golf,2025-26,2026,D2,Men,Northeast-10 Conference,Adelphi,,Golfer,Fr.,Fr,"Massapequa, N.Y.",Massapequa,NY,domestic,,0,https://aupanthers.com/sports/mens-golf/roster/2025-26
glf_6de87a4d5838,Ahaan,Dhir,golf,2025-26,2026,D2,Men,Northeast-10 Conference,Adelphi,"5'10""",Golfer,Fr.,Fr,"Frisco, Texas",Frisco,TX,domestic,Reedy High School,0,https://aupanthers.com/sports/mens-golf/roster/2025-26
glf_e8c38a72b838,Francis,Lanuza,golf,2025-26,2026,D2,Men,Northeast-10 Conference,Adelphi,"5'8""",Golfer,Sr.,Sr,"Muntinlupa City, Philippines",Muntinlupa City,,international,De La Salle Zobel School,0,https://aupanthers.com/sports/mens-golf/roster/2025-26
glf_65e6f350170b,Nicholas,Prosa,golf,2025-26,2026,D2,Men,Northeast-10 Conference,Adelphi,"5'10""",Golfer,Fr.,Fr,"Holbrook, N.Y.",Holbrook,NY,domestic,St. Anthony's High School,0,https://aupanthers.com/sports/mens-golf/roster/2025-26
glf_bb6d32294113,Ike,Rothman,golf,2025-26,2026,D2,Men,Northeast-10 Conference,Adelphi,"6'0""",Golfer,Fr.,Fr,"Staatsburg, N.Y.",Staatsburg,NY,domestic,F.D. Roosevelt High School,0,https://aupanthers.com/sports/mens-golf/roster/2025-26
glf_91fd1b80d214,Zeus,Sara,golf,2025-26,2026,D2,Men,Northeast-10 Conference,Adelphi,"5'9""",Golfer,Fr.,Fr,"Davao City, Philippines",Davao City,,international,Mapua Malayan Colleges of Mindanao,0,https://aupanthers.com/sports/mens-golf/roster/2025-26
glf_81a970f8258e,Johnny,Solari,golf,2025-26,2026,D2,Men,Northeast-10 Conference,Adelphi,"6'1""",Golfer,Sr.,Sr,"Warwick, N.Y.",Warwick,NY,domestic,Warwick Valley,0,https://aupanthers.com/sports/mens-golf/roster/2025-26
glf_3d34a50524ac,Roby,Cooper,golf,2025-26,2026,D2,Men,Great American Conference,Arkansas Tech,,Golfer,Sr.,Sr,"Melbourne, Ark.",Melbourne,AR,domestic,Melbourne High School,0,https://arkansastechsports.com/sports/mens-golf/roster/2025-26
glf_7938f463b73e,Conner,Guthrie,golf,2025-26,2026,D2,Men,Great American Conference,Arkansas Tech,,Golfer,R-So.,So,"Rogers, Ark.",Rogers,AR,domestic,Providence Classical Christian Academy,0,https://arkansastechsports.com/sports/mens-golf/roster/2025-26
glf_0f7474063411,Luke,Hanson,golf,2025-26,2026,D2,Men,Great American Conference,Arkansas Tech,,Golfer,Jr.,Jr,"Maumelle, Ark.",Maumelle,AR,domestic,Maumell Charter HS,0,https://arkansastechsports.com/sports/mens-golf/roster/2025-26
glf_c560f3c42477,Landon,Lawson,golf,2025-26,2026,D2,Men,Great American Conference,Arkansas Tech,,Golfer,Sr.,Sr,"Fayetteville, Ark.",Fayetteville,AR,domestic,Farmington HS,0,https://arkansastechsports.com/sports/mens-golf/roster/2025-26
glf_7e7eb3a9b8f2,JP,McCarron,golf,2025-26,2026,D2,Men,Great American Conference,Arkansas Tech,,Golfer,Jr.,Jr,"Conway, Ark.",Conway,AR,domestic,Conway HS,0,https://arkansastechsports.com/sports/mens-golf/roster/2025-26
glf_14c135926cbe,Nicholas,Norris,golf,2025-26,2026,D2,Men,Great American Conference,Arkansas Tech,,Golfer,Fr.,Fr,"Dallas, Texas",Dallas,TX,domestic,Jesuit College Preparatory School,1,https://arkansastechsports.com/sports/mens-golf/roster/2025-26
glf_d4d9a584ebc4,Jacob,Peetoom,golf,2025-26,2026,D2,Men,Great American Conference,Arkansas Tech,,Golfer,Jr.,Jr,"Rogers, Ark.",Rogers,AR,domestic,Rogers HS,0,https://arkansastechsports.com/sports/mens-golf/roster/2025-26
glf_b761c971b868,Cameron,Twynholm,golf,2025-26,2026,D2,Men,Great American Conference,Arkansas Tech,,Golfer,Fr.,Fr,"Morpeth, United Kingdom",Morpeth,,international,King Edwards VI,0,https://arkansastechsports.com/sports/mens-golf/roster/2025-26
glf_7d19102777ec,Murphy,Allard,golf,2025-26,2026,D2,Men,Mid-America Intercollegiate Athletics Association,Arkansas Fort Smith,,Golfer,Sr.,Sr,"Rogers, AR",Rogers,AR,domestic,Bentonville H.S.,0,https://uafortsmithlions.com/sports/mens-golf/roster/2025-26
glf_81930d39e216,Alex,Bloxham,golf,2025-26,2026,D2,Men,Mid-America Intercollegiate Athletics Association,Arkansas Fort Smith,,Golfer,Sr.,Sr,"Broken Arrow, OK",Broken Arrow,OK,domestic,Broken Arrow H.S.,0,https://uafortsmithlions.com/sports/mens-golf/roster/2025-26
glf_51079caa87a8,Tyler,Bonin,golf,2025-26,2026,D2,Men,Mid-America Intercollegiate Athletics Association,Arkansas Fort Smith,,Golfer,Fr.,Fr,"Woodbury, MN",Woodbury,MN,domestic,Park H.S.,0,https://uafortsmithlions.com/sports/mens-golf/roster/2025-26
glf_94801fb6eaa3,Chandler,Cooke,golf,2025-26,2026,D2,Men,Mid-America Intercollegiate Athletics Association,Arkansas Fort Smith,,Golfer,Jr.,Jr,"Belton, TX",Belton,TX,domestic,Lake Belton H.S.,0,https://uafortsmithlions.com/sports/mens-golf/roster/2025-26
glf_b93e462a13c9,JD,Frederiksen,golf,2025-26,2026,D2,Men,Mid-America Intercollegiate Athletics Association,Arkansas Fort Smith,,Golfer,So.,So,"Van Buren, AR",Van Buren,AR,domestic,Van Buren H.S.,0,https://uafortsmithlions.com/sports/mens-golf/roster/2025-26
glf_8174215008ba,Preston,Green,golf,2025-26,2026,D2,Men,Mid-America Intercollegiate Athletics Association,Arkansas Fort Smith,,Golfer,Sr.,Sr,"Bentonville, AR",Bentonville,AR,domestic,Providence Academy,1,https://uafortsmithlions.com/sports/mens-golf/roster/2025-26
glf_f65afa47bb2a,Judd,Hays,golf,2025-26,2026,D2,Men,Mid-America Intercollegiate Athletics Association,Arkansas Fort Smith,,Golfer,So.,So,"Argyle, TX",Argyle,TX,domestic,Guyer H.S.,0,https://uafortsmithlions.com/sports/mens-golf/roster/2025-26
glf_860144b83388,Braylon,Mahanay,golf,2025-26,2026,D2,Men,Mid-America Intercollegiate Athletics Association,Arkansas Fort Smith,,Golfer,Jr.,Jr,"Aledo, TX",Aledo,TX,domestic,Aledo H.S.,0,https://uafortsmithlions.com/sports/mens-golf/roster/2025-26
glf_f0e7c8a25e80,Phisher,Phillips,golf,2025-26,2026,D2,Men,Mid-America Intercollegiate Athletics Association,Arkansas Fort Smith,,Golfer,Sr.,Sr,"Bentonville, AR",Bentonville,AR,domestic,Bentonville H.S.,0,https://uafortsmithlions.com/sports/mens-golf/roster/2025-26
glf_0720c26349ab,Sam,Sewell,golf,2025-26,2026,D2,Men,Mid-America Intercollegiate Athletics Association,Arkansas Fort Smith,,Golfer,Sr.,Sr,"Lantana, TX",Lantana,TX,domestic,Denton Guyer H.S.,0,https://uafortsmithlions.com/sports/mens-golf/roster/2025-26
glf_31ad90dd793a,Christopher,Taylor,golf,2025-26,2026,D2,Men,Mid-America Intercollegiate Athletics Association,Arkansas Fort Smith,,Golfer,Jr.,Jr,"Frisco, TX",Frisco,TX,domestic,Wakeland H.S.,0,https://uafortsmithlions.com/sports/mens-golf/roster/2025-26
glf_10ac22784805,Jeff,Babineau,golf,2025-26,2026,D2,Men,Northeast-10 Conference,Assumption,"5'11"" 155 lbs",Golfer,Jr.,Jr,"Billerica, Mass.",Billerica,MA,domestic,Billerica Memorial,0,https://assumptiongreyhounds.com/sports/mens-golf/roster/2025-26
glf_a09aa66ea067,Ethan,Beauchemin,golf,2025-26,2026,D2,Men,Northeast-10 Conference,Assumption,"5'10"" 175 lbs",Golfer,Jr.,Jr,"Palmer, Mass.",Palmer,MA,domestic,Palmer,0,https://assumptiongreyhounds.com/sports/mens-golf/roster/2025-26
glf_b1808a622f01,Mitchell,Bullett,golf,2025-26,2026,D2,Men,Northeast-10 Conference,Assumption,"5'10"" 160 lbs",Golfer,Sr.,Sr,"Holden, Mass.",Holden,MA,domestic,Wachusett Regional,0,https://assumptiongreyhounds.com/sports/mens-golf/roster/2025-26
glf_019d78419783,Mason,Dumas,golf,2025-26,2026,D2,Men,Northeast-10 Conference,Assumption,"6'1"" 135 lbs",Golfer,Sr.,Sr,"Monson, Mass.",Monson,MA,domestic,Monson,0,https://assumptiongreyhounds.com/sports/mens-golf/roster/2025-26
glf_7af2a4fc746b,Liam,Dunn,golf,2025-26,2026,D2,Men,Northeast-10 Conference,Assumption,"5'8"" 145 lbs",Golfer,Fr.,Fr,"Northborough, Mass.",Northborough,MA,domestic,Algonquin,0,https://assumptiongreyhounds.com/sports/mens-golf/roster/2025-26
glf_917220ecc3c7,James,Kannally,golf,2025-26,2026,D2,Men,Northeast-10 Conference,Assumption,"5'10"" 155 lbs",Golfer,Sr.,Sr,"Norfolk, Mass.",Norfolk,MA,domestic,Bishop Feeney,0,https://assumptiongreyhounds.com/sports/mens-golf/roster/2025-26
glf_d42b1cbf83aa,Lucas,Levasseur,golf,2025-26,2026,D2,Men,Northeast-10 Conference,Assumption,"6'0"" 145 lbs",Golfer,So.,So,"Hopedale, Mass.",Hopedale,MA,domestic,Hopedale,0,https://assumptiongreyhounds.com/sports/mens-golf/roster/2025-26
glf_ad9039ac8820,Colin,Murphy,golf,2025-26,2026,D2,Men,Northeast-10 Conference,Assumption,"5'8"" 155 lbs",Golfer,Sr.,Sr,"Middletown, Conn.",Middletown,CT,domestic,Coginchaug,0,https://assumptiongreyhounds.com/sports/mens-golf/roster/2025-26
glf_b732944e6a4d,Brady,Pill,golf,2025-26,2026,D2,Men,Northeast-10 Conference,Assumption,"5'8"" 135 lbs",Golfer,Fr.,Fr,"Westbrook, Conn.",Westbrook,CT,domestic,Xavier,0,https://assumptiongreyhounds.com/sports/mens-golf/roster/2025-26
glf_e95e7b55d38e,Mitchell,Riter,golf,2025-26,2026,D2,Men,Northeast-10 Conference,Assumption,"5'8"" 160 lbs",Golfer,Jr.,Jr,"Homer, N.Y.",Homer,NY,domestic,Homer Senior,0,https://assumptiongreyhounds.com/sports/mens-golf/roster/2025-26
glf_af3a161e4b17,Christopher,Stilwell,golf,2025-26,2026,D2,Men,Northeast-10 Conference,Assumption,"5'10"" 200 lbs",Golfer,So.,So,"Whitesboro, N.Y.",Whitesboro,NY,domestic,Whitesboro,0,https://assumptiongreyhounds.com/sports/mens-golf/roster/2025-26
glf_42a753d95d10,CJ,Strong,golf,2025-26,2026,D2,Men,Northeast-10 Conference,Assumption,"6'3"" 170 lbs",Golfer,Fr.,Fr,"Troy, N.Y.",Troy,NY,domestic,Christian Brothers Academy,1,https://assumptiongreyhounds.com/sports/mens-golf/roster/2025-26
glf_27d89c8c9029,Liam,Tenney,golf,2025-26,2026,D2,Men,Northeast-10 Conference,Assumption,"5'10"" 160 lbs",Golfer,Sr.,Sr,"Grafton, Mass.",Grafton,MA,domestic,St. John's,0,https://assumptiongreyhounds.com/sports/mens-golf/roster/2025-26
glf_d5ec076d5833,Cole,Vieira,golf,2025-26,2026,D2,Men,Northeast-10 Conference,Assumption,"5'9"" 135 lbs",Golfer,Jr.,Jr,"Barrington, R.I.",Barrington,RI,domestic,Barrington,0,https://assumptiongreyhounds.com/sports/mens-golf/roster/2025-26
glf_84194fd5e6e9,Ryan,Willey,golf,2025-26,2026,D2,Men,Northeast-10 Conference,Assumption,"6'2"" 150 lbs",Golfer,So.,So,"Broad Brook, Conn.",Broad Brook,CT,domestic,East Windsor,0,https://assumptiongreyhounds.com/sports/mens-golf/roster/2025-26
glf_6146e6b58ae8,Scott,Armstrong,golf,2025-26,2026,D2,Men,Great Midwest Athletic Conference,Ashland,,Golfer,Sr.,Sr,"Westerville, Ohio",Westerville,OH,domestic,St. Francis DeSales,0,https://goashlandeagles.com/sports/mens-golf/roster/2025-26
glf_3d19580afe3d,Charlie,Drapp,golf,2025-26,2026,D2,Men,Great Midwest Athletic Conference,Ashland,,Golfer,R-Fr.,Fr,"Cincinnati, Ohio",Cincinnati,OH,domestic,St. Xavier,0,https://goashlandeagles.com/sports/mens-golf/roster/2025-26
glf_bc27bd7b2d38,Michael,Fickle,golf,2025-26,2026,D2,Men,Great Midwest Athletic Conference,Ashland,,Golfer,So.,So,"West Chester, Ohio",West Chester,OH,domestic,Lakota West,0,https://goashlandeagles.com/sports/mens-golf/roster/2025-26
glf_c3e22abd7810,Charlie,Fish,golf,2025-26,2026,D2,Men,Great Midwest Athletic Conference,Ashland,,Golfer,So.,So,"Cincinnati, Ohio",Cincinnati,OH,domestic,St. Xavier,0,https://goashlandeagles.com/sports/mens-golf/roster/2025-26
glf_3f2c319d2fb9,Wilson,Magers,golf,2025-26,2026,D2,Men,Great Midwest Athletic Conference,Ashland,,Golfer,R-Fr.,Fr,"Shelby, Ohio",Shelby,OH,domestic,Shelby,0,https://goashlandeagles.com/sports/mens-golf/roster/2025-26
glf_4471c948f776,Shaun,Mazzalupi,golf,2025-26,2026,D2,Men,Great Midwest Athletic Conference,Ashland,,Golfer,So.,So,"Wayne, Pa.",Wayne,PA,domestic,Radnor,0,https://goashlandeagles.com/sports/mens-golf/roster/2025-26
glf_c248418828f4,Carter,Mishler,golf,2025-26,2026,D2,Men,Great Midwest Athletic Conference,Ashland,,Golfer,Sr.,Sr,"Berlin, Ohio",Berlin,OH,domestic,Hiland,0,https://goashlandeagles.com/sports/mens-golf/roster/2025-26
glf_35a20947246e,Julian,Myers,golf,2025-26,2026,D2,Men,Great Midwest Athletic Conference,Ashland,,Golfer,R-Fr.,Fr,"Dublin, Ohio",Dublin,OH,domestic,Coffman,0,https://goashlandeagles.com/sports/mens-golf/roster/2025-26
glf_dfe633faabae,Mark,Pillar,golf,2025-26,2026,D2,Men,Great Midwest Athletic Conference,Ashland,,Golfer,So.,So,"Independence, Ohio",Independence,OH,domestic,Independence,0,https://goashlandeagles.com/sports/mens-golf/roster/2025-26
glf_7ded082fd034,Lukas,Schreck,golf,2025-26,2026,D2,Men,Great Midwest Athletic Conference,Ashland,,Golfer,Sr.,Sr,"Seville, Ohio",Seville,OH,domestic,Cloverleaf / Missouri Southern,0,https://goashlandeagles.com/sports/mens-golf/roster/2025-26
glf_6ed044081521,Sam,Sutton,golf,2025-26,2026,D2,Men,Great Midwest Athletic Conference,Ashland,,Golfer,So.,So,"Toledo, Ohio",Toledo,OH,domestic,St. Francis DeSales,0,https://goashlandeagles.com/sports/mens-golf/roster/2025-26
glf_b057a7545840,Connor,Denson,golf,2025-26,2026,D2,Men,Great American Conference,Arkansas Monticello,TR,Golfer,Jr.,Jr,"Hankamer, TX",Hankamer,TX,domestic,Barbers Hill High School,0,https://www.uamsports.com/sports/mens-golf/roster/2025-26
glf_2baa37347402,James,Fuhrer,golf,2025-26,2026,D2,Men,Great American Conference,Arkansas Monticello,HS,Golfer,Fr.,Fr,"Franklin, LA",Franklin,LA,domestic,Hanson Memorial High School,0,https://www.uamsports.com/sports/mens-golf/roster/2025-26
glf_78d81e19ff5f,Blayden,Gillham,golf,2025-26,2026,D2,Men,Great American Conference,Arkansas Monticello,HS,Golfer,Fr.,Fr,"Poyen, AR",Poyen,AR,domestic,Poyen High School,0,https://www.uamsports.com/sports/mens-golf/roster/2025-26
glf_6609c2c90844,Sawyor,Hamilton,golf,2025-26,2026,D2,Men,Great American Conference,Arkansas Monticello,2L,Golfer,Jr.,Jr,"Jonesboro, AR",Jonesboro,AR,domestic,Brookland High School,0,https://www.uamsports.com/sports/mens-golf/roster/2025-26
glf_da45fab3ffa7,Camden,Henson,golf,2025-26,2026,D2,Men,Great American Conference,Arkansas Monticello,HS,Golfer,Fr.,Fr,"Wynne, AR",Wynne,AR,domestic,Wynne High School,0,https://www.uamsports.com/sports/mens-golf/roster/2025-26
glf_1dc3d0b09e8b,Harry,Lockwood,golf,2025-26,2026,D2,Men,Great American Conference,Arkansas Monticello,,Golfer,Jr.,Jr,"Glenluce, Scottland",Glenluce,,international,,,https://www.uamsports.com/sports/mens-golf/roster/2025-26
glf_10701e240a42,Landon,Milton,golf,2025-26,2026,D2,Men,Great American Conference,Arkansas Monticello,1L,Golfer,So.,So,"Warren, AR",Warren,AR,domestic,Warren High School,0,https://www.uamsports.com/sports/mens-golf/roster/2025-26
glf_91472c09bf4c,Luke,Riney,golf,2025-26,2026,D2,Men,Great American Conference,Arkansas Monticello,,Golfer,Fr.,Fr,"Paris, TX",Paris,TX,domestic,Prairiland High School,0,https://www.uamsports.com/sports/mens-golf/roster/2025-26
glf_11eaeb9c0f0d,Landry,Rogers,golf,2025-26,2026,D2,Men,Great American Conference,Arkansas Monticello,1L,Golfer,So.,So,"Lindsay, TX",Lindsay,TX,domestic,Lindsay High School,0,https://www.uamsports.com/sports/mens-golf/roster/2025-26
glf_aad5126133fd,Carson,Slaughter,golf,2025-26,2026,D2,Men,Great American Conference,Arkansas Monticello,1L,Golfer,So.,So,"Warren, AR",Warren,AR,domestic,Warren High School,0,https://www.uamsports.com/sports/mens-golf/roster/2025-26
glf_37ea3a911d00,Daniel,Taylor,golf,2025-26,2026,D2,Men,Great American Conference,Arkansas Monticello,3L,Golfer,Sr.,Sr,"Alexander, AR",Alexander,AR,domestic,Bryant High School,0,https://www.uamsports.com/sports/mens-golf/roster/2025-26
glf_1ba3bdfdad00,Derek,Andersen,golf,2025-26,2026,D2,Men,Northern Sun Intercollegiate Conference,Augustana SD,,Golfer,Fr.,Fr,"Tea, S.D.",Tea,SD,domestic,Tea Area,0,https://goaugie.com/sports/mens-golf/roster/2025-26
glf_bb288173b84d,Kaiden,Brovold,golf,2025-26,2026,D2,Men,Northern Sun Intercollegiate Conference,Augustana SD,,Golfer,So.,So,"St. Peter, Minn.",St. Peter,MN,domestic,St. Peter,0,https://goaugie.com/sports/mens-golf/roster/2025-26
glf_3e6473fd56c7,Henry,Hartquist,golf,2025-26,2026,D2,Men,Northern Sun Intercollegiate Conference,Augustana SD,,Golfer,So.,So,"Luverne, Minn.",Luverne,MN,domestic,Luverne,0,https://goaugie.com/sports/mens-golf/roster/2025-26
glf_3e9b27e05801,Chase,McDonald,golf,2025-26,2026,D2,Men,Northern Sun Intercollegiate Conference,Augustana SD,,Golfer,Sr.,Sr,"Wentworth, S.D.",Wentworth,SD,domestic,Chester Area,0,https://goaugie.com/sports/mens-golf/roster/2025-26
glf_dd78074add1a,Jimmy,Mendel,golf,2025-26,2026,D2,Men,Northern Sun Intercollegiate Conference,Augustana SD,,Golfer,Jr.,Jr,"Minneapolis, Minn.",Minneapolis,MN,domestic,,0,https://goaugie.com/sports/mens-golf/roster/2025-26
glf_58ba154840b6,Keeton,Newborg,golf,2025-26,2026,D2,Men,Northern Sun Intercollegiate Conference,Augustana SD,,Golfer,So.,So,"Tea, S.D.",Tea,SD,domestic,Tea Area,0,https://goaugie.com/sports/mens-golf/roster/2025-26
glf_7514a7616e2f,Blake,Northagen,golf,2025-26,2026,D2,Men,Northern Sun Intercollegiate Conference,Augustana SD,,Golfer,Sr.,Sr,,,,unknown,,0,https://goaugie.com/sports/mens-golf/roster/2025-26
glf_20ccafb65cec,Luke,Olson,golf,2025-26,2026,D2,Men,Northern Sun Intercollegiate Conference,Augustana SD,,Golfer,Fr.,Fr,"Pierre, S.D.",Pierre,SD,domestic,TF Riggs,0,https://goaugie.com/sports/mens-golf/roster/2025-26
glf_06802055ad42,Parker,Reede,golf,2025-26,2026,D2,Men,Northern Sun Intercollegiate Conference,Augustana SD,,Golfer,Fr.,Fr,"Spearfish, S.D.",Spearfish,SD,domestic,Spearfish,0,https://goaugie.com/sports/mens-golf/roster/2025-26
glf_61f324973897,Jackson,Skuodas,golf,2025-26,2026,D2,Men,Northern Sun Intercollegiate Conference,Augustana SD,,Golfer,So.,So,"Sioux Falls, S.D.",Sioux Falls,SD,domestic,Lincoln,0,https://goaugie.com/sports/mens-golf/roster/2025-26
glf_c3f2619a2139,Jacob,Stewart,golf,2025-26,2026,D2,Men,Northern Sun Intercollegiate Conference,Augustana SD,,Golfer,Sr.,Sr,,,,unknown,,0,https://goaugie.com/sports/mens-golf/roster/2025-26
glf_636fa751ab3d,Matteo,Blanchfield,golf,2025-26,2026,D2,Men,Conference Carolinas,Barton,"5'8""",Golfer,So.,So,"Charlotte, N.C.",Charlotte,NC,domestic,,0,https://bartonbulldogs.com/sports/mens-golf/roster/2025-26
glf_193d49083bbd,Giovanni,Bruno,golf,2025-26,2026,D2,Men,Conference Carolinas,Barton,"5'5""",Golfer,Jr.,Jr,"Padova, ITALY",Padova,,international,,0,https://bartonbulldogs.com/sports/mens-golf/roster/2025-26
glf_95cf5e5512d9,Bryce,Garnier,golf,2025-26,2026,D2,Men,Conference Carolinas,Barton,"6'0""",Golfer,Jr.,Jr,"Jersey Shore, Pa.",Jersey Shore,PA,domestic,,0,https://bartonbulldogs.com/sports/mens-golf/roster/2025-26
glf_5631f502d14a,Glenn,Jackson,golf,2025-26,2026,D2,Men,Conference Carolinas,Barton,"6'0""",Golfer,Gr.,Gr,"Manhattan, Ill.",Manhattan,IL,domestic,,0,https://bartonbulldogs.com/sports/mens-golf/roster/2025-26
glf_25c7aabb78b7,Ryan,Jahr,golf,2025-26,2026,D2,Men,Conference Carolinas,Barton,"5'5""",Golfer,Sr.,Sr,"Ocean Isle Beach, N.C.",Ocean Isle Beach,NC,domestic,,0,https://bartonbulldogs.com/sports/mens-golf/roster/2025-26
glf_318a2c7bd3b3,Andrew,Kettle,golf,2025-26,2026,D2,Men,Conference Carolinas,Barton,,Golfer,Jr.,Jr,"Sheboygan, Wis.",Sheboygan,WI,domestic,,0,https://bartonbulldogs.com/sports/mens-golf/roster/2025-26
glf_46d30940177e,Winston,Knobloch,golf,2025-26,2026,D2,Men,Conference Carolinas,Barton,"6'3""",Golfer,Jr.,Jr,"Winneconne, Wisc.",Winneconne,WI,domestic,,0,https://bartonbulldogs.com/sports/mens-golf/roster/2025-26
glf_110c0eff5656,Cole,Ross,golf,2025-26,2026,D2,Men,Conference Carolinas,Barton,"5'10""",Golfer,Jr.,Jr,"Waunakee, Wisc.",Waunakee,WI,domestic,,0,https://bartonbulldogs.com/sports/mens-golf/roster/2025-26
glf_38d60de6f9d5,Peyton,Spangler,golf,2025-26,2026,D2,Men,Conference Carolinas,Barton,"5'6""",Golfer,Sr.,Sr,"Roanoke, Va.",Roanoke,VA,domestic,,0,https://bartonbulldogs.com/sports/mens-golf/roster/2025-26
glf_297a7eb08654,Santiago,Amador,golf,2025-26,2026,D2,Men,Sunshine State Conference,Barry,"5'8"" 143 lbs",Golfer,Fr.,Fr,"Bucaramanga, Colombia",Bucaramanga,,international,Windermere Prep,1,https://gobarrybucs.com/sports/mens-golf/roster/2025-26
glf_d358a78df1de,Anthony,Amoroso,golf,2025-26,2026,D2,Men,Sunshine State Conference,Barry,"6'2"" 175 lbs",Golfer,Jr.,Jr,"Homestead, FL",Homestead,FL,domestic,St. Thomas (FL),0,https://gobarrybucs.com/sports/mens-golf/roster/2025-26
glf_6c890679641d,Giorgio,Celani,golf,2025-26,2026,D2,Men,Sunshine State Conference,Barry,"6'0"" 163 lbs",Golfer,Jr.,Jr,"Rome, Italy",Rome,,international,Institut Saint Dominique,0,https://gobarrybucs.com/sports/mens-golf/roster/2025-26
glf_41881106f525,Harrison,Delisle,golf,2025-26,2026,D2,Men,Sunshine State Conference,Barry,"6'0"" 160 lbs",Golfer,So.,So,"Miami Beach, FL",Miami Beach,FL,domestic,Miami Beach Senior HS,0,https://gobarrybucs.com/sports/mens-golf/roster/2025-26
glf_a7d7e0bda4fd,Ethan,Fichardt,golf,2025-26,2026,D2,Men,Sunshine State Conference,Barry,"5'10"" 163 lbs",Golfer,Fr.,Fr,"Pretoria, South Africa",Pretoria,,international,Augusta,0,https://gobarrybucs.com/sports/mens-golf/roster/2025-26
glf_f251ac8c04d1,Ismael,Garcia,golf,2025-26,2026,D2,Men,Sunshine State Conference,Barry,"5'5"" 130 lbs",Golfer,Sr.,Sr,"Leon, Mexico",Leon,,international,Club Med Academies,0,https://gobarrybucs.com/sports/mens-golf/roster/2025-26
glf_18e92c45e3a0,Tomy,Jaunet,golf,2025-26,2026,D2,Men,Sunshine State Conference,Barry,"6'2"" 165 lbs",Golfer,So.,So,"Port Saint Lucie, FL",Port Saint Lucie,FL,domestic,Club Med Adacemies,0,https://gobarrybucs.com/sports/mens-golf/roster/2025-26
glf_153d500311cd,Henry,Joynson,golf,2025-26,2026,D2,Men,Sunshine State Conference,Barry,"6'2"" 172 lbs",Golfer,Sr.,Sr,"Newcastle-Upon-Tyne, England",Newcastle-Upon-Tyne,,international,Newcastle School,0,https://gobarrybucs.com/sports/mens-golf/roster/2025-26
glf_cdeda38ee3bf,John,Marshall,golf,2025-26,2026,D2,Men,Sunshine State Conference,Barry,"5'8"" 140 lbs",Golfer,Jr.,Jr,"Miami, FL",Miami,FL,domestic,Gulliver Prep,1,https://gobarrybucs.com/sports/mens-golf/roster/2025-26
glf_90b7b7f3573f,Eduardo,Matarazzo,golf,2025-26,2026,D2,Men,Sunshine State Conference,Barry,"6'3"" 181 lbs",Golfer,Fr.,Fr,"São Paulo, Brazil",São Paulo,,international,Santa Cruz HS,0,https://gobarrybucs.com/sports/mens-golf/roster/2025-26
glf_a0d2e4754011,Nicolas,Saboya,golf,2025-26,2026,D2,Men,Sunshine State Conference,Barry,"5'8"" 150 lbs",Golfer,Fr.,Fr,"Cartegena, Colombia",Cartegena,,international,Colegio Britanico,0,https://gobarrybucs.com/sports/mens-golf/roster/2025-26
glf_8b2f664109ee,Daniel,Vanososte,golf,2025-26,2026,D2,Men,Sunshine State Conference,Barry,"5'7"" 145 lbs",Golfer,So.,So,"Caracas, Venezuela",Caracas,,international,Divine Savior Academy,1,https://gobarrybucs.com/sports/mens-golf/roster/2025-26
glf_a6b9b6419823,Guiherme,Ziccardi,golf,2025-26,2026,D2,Men,Sunshine State Conference,Barry,"5'7"" 124 lbs",Golfer,So.,So,"Sao Paulo, Brazil",Sao Paulo,,international,Colegio Visconde de Porto Seguro,0,https://gobarrybucs.com/sports/mens-golf/roster/2025-26
glf_afc9a5fe0dc2,Graham,Boone,golf,2025-26,2026,D2,Men,South Atlantic Conference,Anderson SC,"5'10"" 145 lbs",Golfer,So.,So,"Naples, Fla.",Naples,FL,domestic,Homeschool,1,https://autrojans.com/sports/mens-golf/roster/2025-26
glf_723e2364603a,Andrew,Charrier,golf,2025-26,2026,D2,Men,South Atlantic Conference,Anderson SC,"6'0"" 155 lbs",Golfer,R-Fr.,Fr,"Greensboro, Ga.",Greensboro,GA,domestic,Homeschool,1,https://autrojans.com/sports/mens-golf/roster/2025-26
glf_4e85c4a20c62,Julian,Daws,golf,2025-26,2026,D2,Men,South Atlantic Conference,Anderson SC,"6'4"" 200 lbs",Golfer,R-So.,So,"Plettenberg Bay, Z.A.",Plettenberg Bay,,international,Kearsney College,0,https://autrojans.com/sports/mens-golf/roster/2025-26
glf_e00cda1dab85,Brooks,DeShields,golf,2025-26,2026,D2,Men,South Atlantic Conference,Anderson SC,"5'11"" 190 lbs",Golfer,R-So.,So,"Easley, S.C.",Easley,SC,domestic,Powdersville HS,0,https://autrojans.com/sports/mens-golf/roster/2025-26
glf_b08a94663dfd,Hugh,Faulkner,golf,2025-26,2026,D2,Men,South Atlantic Conference,Anderson SC,"6'2"" 150 lbs",Golfer,Fr.,Fr,"Greenville, S.C.",Greenville,SC,domestic,Greenville HS,0,https://autrojans.com/sports/mens-golf/roster/2025-26
glf_75fca99a4312,Can,Gürdenli,golf,2025-26,2026,D2,Men,South Atlantic Conference,Anderson SC,"6'1"" 165 lbs",Golfer,Jr.,Jr,"Istanbul, Turkey",Istanbul,,international,Modafen School,0,https://autrojans.com/sports/mens-golf/roster/2025-26
glf_a83edcd0f528,Cade,Hagan,golf,2025-26,2026,D2,Men,South Atlantic Conference,Anderson SC,"6'0"" 155 lbs",Golfer,R-So.,So,"Simpsonville, S.C.",Simpsonville,SC,domestic,St. Joseph's Catholic,0,https://autrojans.com/sports/mens-golf/roster/2025-26
glf_11510debcd6a,Beau,Lewis,golf,2025-26,2026,D2,Men,South Atlantic Conference,Anderson SC,"5'11"" 178 lbs",Golfer,So.,So,"Greenville, S.C.",Greenville,SC,domestic,Eastside HS,0,https://autrojans.com/sports/mens-golf/roster/2025-26
glf_e46ede145b5e,Sam,McMillan,golf,2025-26,2026,D2,Men,South Atlantic Conference,Anderson SC,"5'11"" 185 lbs",Golfer,Jr.,Jr,"Mount Pleasant, S.C.",Mount Pleasant,SC,domestic,Bishop England HS,0,https://autrojans.com/sports/mens-golf/roster/2025-26
glf_6d7a504ad7ad,Caden,Olsommer,golf,2025-26,2026,D2,Men,South Atlantic Conference,Anderson SC,"5'9"" 150 lbs",Golfer,Fr.,Fr,"Anderson, S.C.",Anderson,SC,domestic,T.L. Hanna HS,0,https://autrojans.com/sports/mens-golf/roster/2025-26
glf_3e1910b36cf5,James,Parsons,golf,2025-26,2026,D2,Men,South Atlantic Conference,Anderson SC,"5'10"" 160 lbs",Golfer,So.,So,"London, England",London,,international,Reed's School,0,https://autrojans.com/sports/mens-golf/roster/2025-26
glf_45e3c431a857,Luke,Sullivan,golf,2025-26,2026,D2,Men,South Atlantic Conference,Anderson SC,"5'10"" 160 lbs",Golfer,Jr.,Jr,"Columbia, S.C.",Columbia,SC,domestic,AC Flora HS,0,https://autrojans.com/sports/mens-golf/roster/2025-26
glf_d0bb381bc025,Lucas,Turner,golf,2025-26,2026,D2,Men,South Atlantic Conference,Anderson SC,,Golfer,Fr.,Fr,"Florence, S.C.",Florence,SC,domestic,Trinity Collegiate,0,https://autrojans.com/sports/mens-golf/roster/2025-26
glf_a4b847df8e38,Timmy,Adams,golf,2025-26,2026,D2,Men,Northeast-10 Conference,Bentley,,Golfer,Fr.,Fr,"Falmouth, Mass.",Falmouth,MA,domestic,Avon Old Farms,0,https://bentleyfalcons.com/sports/mens-golf/roster/2025-26
glf_6bd58403b6e1,Daniel,Atie,golf,2025-26,2026,D2,Men,Northeast-10 Conference,Bentley,,Golfer,So.,So,"Panama City, Panama",Panama City,,international,Magen David Academy,1,https://bentleyfalcons.com/sports/mens-golf/roster/2025-26
glf_a152d13399c7,Ian,Barahona Salinas,golf,2025-26,2026,D2,Men,Northeast-10 Conference,Bentley,,Golfer,Fr.,Fr,"Monterrey, Nuevo León, Mexico",Monterrey,,international,IMG Academy,1,https://bentleyfalcons.com/sports/mens-golf/roster/2025-26
glf_281bc8dd537e,James,Davignon II,golf,2025-26,2026,D2,Men,Northeast-10 Conference,Bentley,,Golfer,Sr.,Sr,"Medfield, Mass.",Medfield,MA,domestic,Medfield,0,https://bentleyfalcons.com/sports/mens-golf/roster/2025-26
glf_2ba846dc1e33,Jack,Kantowski,golf,2025-26,2026,D2,Men,Northeast-10 Conference,Bentley,,Golfer,Jr.,Jr,"Boca Raton, Fla.",Boca Raton,FL,domestic,Boca Raton Community High School,0,https://bentleyfalcons.com/sports/mens-golf/roster/2025-26
glf_c9ec849bd145,Joey,Nee,golf,2025-26,2026,D2,Men,Northeast-10 Conference,Bentley,,Golfer,Fr.,Fr,"Medfield, Mass.",Medfield,MA,domestic,Medfield,0,https://bentleyfalcons.com/sports/mens-golf/roster/2025-26
glf_d1eda5997b72,John,Noonan,golf,2025-26,2026,D2,Men,Northeast-10 Conference,Bentley,,Golfer,Fr.,Fr,"Milton, Mass.",Milton,MA,domestic,Tabor Academy,1,https://bentleyfalcons.com/sports/mens-golf/roster/2025-26
glf_fa37b6e9f69c,Vir,Sidhu,golf,2025-26,2026,D2,Men,Northeast-10 Conference,Bentley,,Golfer,Fr.,Fr,"Southborough, Mass.",Southborough,MA,domestic,Saint Mark's,0,https://bentleyfalcons.com/sports/mens-golf/roster/2025-26
glf_cac98215b7f7,Robbie,Sluga,golf,2025-26,2026,D2,Men,Northeast-10 Conference,Bentley,,Golfer,Sr.,Sr,"Stamford, Conn.",Stamford,CT,domestic,St. Joseph,0,https://bentleyfalcons.com/sports/mens-golf/roster/2025-26
glf_09d1bc7cd3d9,CJ,Steel,golf,2025-26,2026,D2,Men,Northeast-10 Conference,Bentley,,Golfer,So.,So,"Franklin, Mass.",Franklin,MA,domestic,Franklin High School,0,https://bentleyfalcons.com/sports/mens-golf/roster/2025-26
glf_a0d50ff7d20d,Andrew,teDuits,golf,2025-26,2026,D2,Men,Northeast-10 Conference,Bentley,,Golfer,Jr.,Jr,"Charlestown, Mass.",Charlestown,MA,domestic,Boston College HS,0,https://bentleyfalcons.com/sports/mens-golf/roster/2025-26
glf_db0f541ad9da,Braden,Yeomans,golf,2025-26,2026,D2,Men,Northeast-10 Conference,Bentley,,Golfer,Fr.,Fr,"Marion, Mass.",Marion,MA,domestic,Tabor Academy,1,https://bentleyfalcons.com/sports/mens-golf/roster/2025-26
glf_33b441aaa6e3,Kellen,Adickes,golf,2025-26,2026,D2,Men,Conference Carolinas,Belmont Abbey,,Golfer,Fr.,Fr,"Bristol, Maine",Bristol,ME,domestic,Palm Beach Atlantic,0,https://abbeyathletics.com/sports/golf/roster/2025-26
glf_84fc20b57270,Eduardo,Arango,golf,2025-26,2026,D2,Men,Conference Carolinas,Belmont Abbey,,Golfer,Sr.,Sr,"Panama City, PANAMA",Panama City,,international,Colegio Brader,0,https://abbeyathletics.com/sports/golf/roster/2025-26
glf_9c653ed75f8b,Ethan,Ashby,golf,2025-26,2026,D2,Men,Conference Carolinas,Belmont Abbey,,Golfer,Jr.,Jr,"Chorleywood, ENGLAND",Chorleywood,,international,St. Clement Danes,0,https://abbeyathletics.com/sports/golf/roster/2025-26
glf_5616c04639c3,Ethan,Badillo,golf,2025-26,2026,D2,Men,Conference Carolinas,Belmont Abbey,,Golfer,So.,So,"Celebration, Fla.",Celebration,FL,domestic,Celebration,0,https://abbeyathletics.com/sports/golf/roster/2025-26
glf_2688904a54fb,Lacy,Carroll,golf,2025-26,2026,D2,Men,Conference Carolinas,Belmont Abbey,,Golfer,Fr.,Fr,"Graham, N.C.",Graham,NC,domestic,Southern Alamance,0,https://abbeyathletics.com/sports/golf/roster/2025-26
glf_1bc69715bf89,Jack,Crawford,golf,2025-26,2026,D2,Men,Conference Carolinas,Belmont Abbey,,Golfer,Jr.,Jr,"Celebration, Fla.",Celebration,FL,domestic,Celebration,0,https://abbeyathletics.com/sports/golf/roster/2025-26
glf_9650fdfb29a4,John,Dodrill,golf,2025-26,2026,D2,Men,Conference Carolinas,Belmont Abbey,,Golfer,So.,So,"Charlotte, N.C.",Charlotte,NC,domestic,East Mecklenburg,0,https://abbeyathletics.com/sports/golf/roster/2025-26
glf_d58dc77e9e7b,Evan,Eassy,golf,2025-26,2026,D2,Men,Conference Carolinas,Belmont Abbey,,Golfer,So.,So,"Greenville, S.C.",Greenville,SC,domestic,Mauldin,0,https://abbeyathletics.com/sports/golf/roster/2025-26
glf_100a190d672b,Mariano,Estebanez Rincon,golf,2025-26,2026,D2,Men,Conference Carolinas,Belmont Abbey,,Golfer,So.,So,"Jiutepec, Morelos, MEXICO",Jiutepec,,international,UGP Malaga (Spain),0,https://abbeyathletics.com/sports/golf/roster/2025-26
glf_df7a49e9a36a,Alex,Franklin,golf,2025-26,2026,D2,Men,Conference Carolinas,Belmont Abbey,,Golfer,Fr.,Fr,"Greer, S.C.",Greer,SC,domestic,Mauldin,0,https://abbeyathletics.com/sports/golf/roster/2025-26
glf_5b5b8ddacce1,Josh,Gillespie,golf,2025-26,2026,D2,Men,Conference Carolinas,Belmont Abbey,,Golfer,Fr.,Fr,"Kings Mountain, N.C.",Kings Mountain,NC,domestic,Kings Mountain,0,https://abbeyathletics.com/sports/golf/roster/2025-26
glf_5932137ab9c5,Sean,Hillis,golf,2025-26,2026,D2,Men,Conference Carolinas,Belmont Abbey,,Golfer,Fr.,Fr,"Troon, SCOTLAND",Troon,,international,Queen Margaret Academy,1,https://abbeyathletics.com/sports/golf/roster/2025-26
glf_9327bcd756ae,Seth,Hopkinson,golf,2025-26,2026,D2,Men,Conference Carolinas,Belmont Abbey,,Golfer,So.,So,"Northampton, ENGLAND",Northampton,,international,Safa Community School,0,https://abbeyathletics.com/sports/golf/roster/2025-26
glf_e8add175eb3f,Landon,Jay,golf,2025-26,2026,D2,Men,Conference Carolinas,Belmont Abbey,,Golfer,Fr.,Fr,"Denver, N.C.",Denver,NC,domestic,East Lincoln,0,https://abbeyathletics.com/sports/golf/roster/2025-26
glf_390933c0c94d,Dominic,Matteoni,golf,2025-26,2026,D2,Men,Conference Carolinas,Belmont Abbey,,Golfer,Jr.,Jr,"Overland Park, Kan.",Overland Park,KS,domestic,Blue Valley Northwest,0,https://abbeyathletics.com/sports/golf/roster/2025-26
glf_ac19eee748ac,Teagan,Mauro,golf,2025-26,2026,D2,Men,Conference Carolinas,Belmont Abbey,,Golfer,Jr.,Jr,"Orchard Park, N.Y.",Orchard Park,NY,domestic,Homeschooled,1,https://abbeyathletics.com/sports/golf/roster/2025-26
glf_eda5a535a51e,Will,Muldoon,golf,2025-26,2026,D2,Men,Conference Carolinas,Belmont Abbey,,Golfer,So.,So,"Bishop's Stortford, ENGLAND",Bishop's Stortford,,international,Leventhorpe,0,https://abbeyathletics.com/sports/golf/roster/2025-26
glf_1e5fda985b79,Amanvir,Nerwan,golf,2025-26,2026,D2,Men,Conference Carolinas,Belmont Abbey,,Golfer,So.,So,"London, ENGLAND",London,,international,St James Senior,0,https://abbeyathletics.com/sports/golf/roster/2025-26
glf_8da710fe2930,Max,Newton,golf,2025-26,2026,D2,Men,Conference Carolinas,Belmont Abbey,,Golfer,So.,So,"Cary, N.C.",Cary,NC,domestic,Cardinal Gibbons,0,https://abbeyathletics.com/sports/golf/roster/2025-26
glf_a831674676db,Drew,Nicholson,golf,2025-26,2026,D2,Men,Conference Carolinas,Belmont Abbey,,Golfer,Sr.,Sr,"Gastonia, N.C.",Gastonia,NC,domestic,Cramerton Christian,0,https://abbeyathletics.com/sports/golf/roster/2025-26
glf_5c69aad9a505,Nick,Norman,golf,2025-26,2026,D2,Men,Conference Carolinas,Belmont Abbey,,Golfer,Sr.,Sr,"Gastonia, N.C.",Gastonia,NC,domestic,Forestview,0,https://abbeyathletics.com/sports/golf/roster/2025-26
glf_36979e33b57e,Dylan,Reiser,golf,2025-26,2026,D2,Men,Conference Carolinas,Belmont Abbey,,Golfer,Jr.,Jr,"Bradenton, Fla.",Bradenton,FL,domestic,Lakewood Ranch,0,https://abbeyathletics.com/sports/golf/roster/2025-26
glf_80024fde231f,Nate,Roche,golf,2025-26,2026,D2,Men,Conference Carolinas,Belmont Abbey,,Golfer,So.,So,"Auburn, Calif.",Auburn,CA,domestic,Placer,0,https://abbeyathletics.com/sports/golf/roster/2025-26
glf_a05c67aa98cb,Connor,Rose,golf,2025-26,2026,D2,Men,Conference Carolinas,Belmont Abbey,,Golfer,Jr.,Jr,"Greer, S.C.",Greer,SC,domestic,Riverside,0,https://abbeyathletics.com/sports/golf/roster/2025-26
glf_df76cdc6c62f,Santiago,Toledo,golf,2025-26,2026,D2,Men,Conference Carolinas,Belmont Abbey,,Golfer,Fr.,Fr,"San Luis Potosí, MEXICO",San Luis Potosí,,international,Montverde Academy,1,https://abbeyathletics.com/sports/golf/roster/2025-26
glf_db1543b6b1ea,Ryan,Woodley,golf,2025-26,2026,D2,Men,Conference Carolinas,Belmont Abbey,,Golfer,So.,So,"Fort Collins, Colo.",Fort Collins,CO,domestic,Liberty Commons,0,https://abbeyathletics.com/sports/golf/roster/2025-26
glf_c6b5336ba419,Jake,Achenbach,golf,2025-26,2026,D2,Men,Pennsylvania State Athletic Conference,Bloomsburg,"5'10""",Golfer,Fr.,Fr,"Pottstown, Pa.",Pottstown,PA,domestic,Owen J. Roberts,0,https://bloomsburgathletics.com/sports/mens-golf/roster/2025-26
glf_9b2d663a46ef,Jarred,Berish,golf,2025-26,2026,D2,Men,Pennsylvania State Athletic Conference,Bloomsburg,"5'10""",Golfer,Sr.,Sr,"Pottstown, Pa.",Pottstown,PA,domestic,Owen J. Roberts,0,https://bloomsburgathletics.com/sports/mens-golf/roster/2025-26
glf_cdbec64df0c7,Nash,Bostdorf,golf,2025-26,2026,D2,Men,Pennsylvania State Athletic Conference,Bloomsburg,,Golfer,Fr.,Fr,,,,unknown,,0,https://bloomsburgathletics.com/sports/mens-golf/roster/2025-26
glf_c182b17306da,Luke,Bratetic,golf,2025-26,2026,D2,Men,Pennsylvania State Athletic Conference,Bloomsburg,"6'0""",Golfer,Fr.,Fr,"Chandler, Ariz.",Chandler,AZ,domestic,Perry,0,https://bloomsburgathletics.com/sports/mens-golf/roster/2025-26
glf_0083b8b4fd56,Rylan,Bravin,golf,2025-26,2026,D2,Men,Pennsylvania State Athletic Conference,Bloomsburg,"5'8""",Golfer,Fr.,Fr,"Frederick, Md.",Frederick,MD,domestic,Urbana,0,https://bloomsburgathletics.com/sports/mens-golf/roster/2025-26
glf_6ea649749343,Patrick,Bush,golf,2025-26,2026,D2,Men,Pennsylvania State Athletic Conference,Bloomsburg,"5'3""",Golfer,Jr.,Jr,"Belle Vernon, Pa.",Belle Vernon,PA,domestic,Belle Vernon,0,https://bloomsburgathletics.com/sports/mens-golf/roster/2025-26
glf_bc305bf78820,Bryson,Hicklin,golf,2025-26,2026,D2,Men,Pennsylvania State Athletic Conference,Bloomsburg,"6'1""",Golfer,Jr.,Jr,"Nazareth, Pa.",Nazareth,PA,domestic,Nazareth Area,0,https://bloomsburgathletics.com/sports/mens-golf/roster/2025-26
glf_206cb45a3828,John,Lee,golf,2025-26,2026,D2,Men,Pennsylvania State Athletic Conference,Bloomsburg,"6'1""",Golfer,Fr.,Fr,"Seoul, South Korea",Seoul,,international,Southwest Christian,0,https://bloomsburgathletics.com/sports/mens-golf/roster/2025-26
glf_96561fc03ba5,Connor,Matteo,golf,2025-26,2026,D2,Men,Pennsylvania State Athletic Conference,Bloomsburg,"5'10""",Golfer,Jr.,Jr,"Drums, Pa.",Drums,PA,domestic,Hazleton,0,https://bloomsburgathletics.com/sports/mens-golf/roster/2025-26
glf_49a9f91747d0,Luca,Neally,golf,2025-26,2026,D2,Men,Pennsylvania State Athletic Conference,Bloomsburg,"6'1""",Golfer,Sr.,Sr,"Corning, N.Y.",Corning,NY,domestic,Corning-Painted Post,0,https://bloomsburgathletics.com/sports/mens-golf/roster/2025-26
glf_3f2492a6275a,Charlie,O'Connor,golf,2025-26,2026,D2,Men,Pennsylvania State Athletic Conference,Bloomsburg,"6'3""",Golfer,Fr.,Fr,"Silver Spring, Md.",Silver Spring,MD,domestic,Albert Einstein,0,https://bloomsburgathletics.com/sports/mens-golf/roster/2025-26
glf_a6bb61bb2b84,Matt,Pulcinella,golf,2025-26,2026,D2,Men,Pennsylvania State Athletic Conference,Bloomsburg,"6'1""",Golfer,Sr.,Sr,"Chadds Ford, Pa.",Chadds Ford,PA,domestic,Garnet Valley,0,https://bloomsburgathletics.com/sports/mens-golf/roster/2025-26
glf_ce89ac9edbf7,Aidan,Scott,golf,2025-26,2026,D2,Men,Pennsylvania State Athletic Conference,Bloomsburg,"5'11""",Golfer,Jr.,Jr,"Harleysville, Pa.",Harleysville,PA,domestic,Souderton Area,0,https://bloomsburgathletics.com/sports/mens-golf/roster/2025-26
glf_6b8d715f6d12,Julius,Arenkiel,golf,2025-26,2026,D2,Men,Northern Sun Intercollegiate Conference,Bemidji State,"6'3"" 180 lbs",Golfer,Fr.,Fr,"Pearland, Texas",Pearland,TX,domestic,Pearland HS,0,https://bsubeavers.com/sports/mens-golf/roster/2025-26
glf_acf3784b6ef6,Gavin,Dahle,golf,2025-26,2026,D2,Men,Northern Sun Intercollegiate Conference,Bemidji State,"6'0"" 170 lbs",Golfer,Fr.,Fr,"St. Augusta, Minn.",St. Augusta,MN,domestic,Annandale HS,0,https://bsubeavers.com/sports/mens-golf/roster/2025-26
glf_7929b120dff0,Teagan,LaPlante,golf,2025-26,2026,D2,Men,Northern Sun Intercollegiate Conference,Bemidji State,"5'7"" 152 lbs",Golfer,Jr.,Jr,"Roseau, Minn.",Roseau,MN,domestic,Roseau HS,0,https://bsubeavers.com/sports/mens-golf/roster/2025-26
glf_e069fafa8c89,Caden,Lick,golf,2025-26,2026,D2,Men,Northern Sun Intercollegiate Conference,Bemidji State,"5'9"" 165 lbs",Golfer,Sr.,Sr,"Lino Lakes, Minn.",Lino Lakes,MN,domestic,Centennial HS,0,https://bsubeavers.com/sports/mens-golf/roster/2025-26
glf_52281a8c1025,Riley,McGovern,golf,2025-26,2026,D2,Men,Northern Sun Intercollegiate Conference,Bemidji State,"6'0"" 160 lbs",Golfer,So.,So,"Fergus Falls, Minn.",Fergus Falls,MN,domestic,Fergus Falls HS,0,https://bsubeavers.com/sports/mens-golf/roster/2025-26
glf_4657d9fccb4e,Ryan,Nelson,golf,2025-26,2026,D2,Men,Northern Sun Intercollegiate Conference,Bemidji State,"5'9"" 165 lbs",Golfer,So.,So,"Fergus Falls, Minn.",Fergus Falls,MN,domestic,Fergus Falls HS,0,https://bsubeavers.com/sports/mens-golf/roster/2025-26
glf_0215cca0e837,Brogan,Paschal,golf,2025-26,2026,D2,Men,Northern Sun Intercollegiate Conference,Bemidji State,"5'11"" 150 lbs",Golfer,So.,So,"Gilbert, Ariz.",Gilbert,AZ,domestic,Basha HS,0,https://bsubeavers.com/sports/mens-golf/roster/2025-26
glf_2629a88f430e,Cullen,Ryan,golf,2025-26,2026,D2,Men,Northern Sun Intercollegiate Conference,Bemidji State,"6'1"" 175 lbs",Golfer,Jr.,Jr,"Lakeville, Minn.",Lakeville,MN,domestic,Lakeville South HS,0,https://bsubeavers.com/sports/mens-golf/roster/2025-26
glf_ee74ad6098bb,Ryan,Schmit,golf,2025-26,2026,D2,Men,Northern Sun Intercollegiate Conference,Bemidji State,"6'1"" 175 lbs",Golfer,So.,So,"Marshalltown, Iowa",Marshalltown,IA,domestic,Marshalltown HS,0,https://bsubeavers.com/sports/mens-golf/roster/2025-26
glf_551758c78c48,Logan,Schoepp,golf,2025-26,2026,D2,Men,Northern Sun Intercollegiate Conference,Bemidji State,"5'8"" 201 lbs",Golfer,Sr.,Sr,"Bismarck, N.D.",Bismarck,ND,domestic,Century HS,0,https://bsubeavers.com/sports/mens-golf/roster/2025-26
glf_38694e65b8ed,Charlie,Williams,golf,2025-26,2026,D2,Men,Northern Sun Intercollegiate Conference,Bemidji State,"5'11"" 155 lbs",Golfer,Jr.,Jr,"Hastings, Minn.",Hastings,MN,domestic,Hastings HS,0,https://bsubeavers.com/sports/mens-golf/roster/2025-26
glf_359a568d4eed,Max,Canny,golf,2025-26,2026,D2,Men,California Collegiate Athletic Association,Cal State Monterey Bay,,Golfer,Fr.,Fr,"Berkeley, Calif.",Berkeley,CA,domestic,Berkeley HS,0,https://otterathletics.com/sports/mens-golf/roster/2025-26
glf_366de8b8824d,Kash,Cantrell,golf,2025-26,2026,D2,Men,California Collegiate Athletic Association,Cal State Monterey Bay,,Golfer,Fr.,Fr,"Benton, Ill.",Benton,IL,domestic,Benton Consolidated HS,0,https://otterathletics.com/sports/mens-golf/roster/2025-26
glf_387fb1069823,Ben,Christian,golf,2025-26,2026,D2,Men,California Collegiate Athletic Association,Cal State Monterey Bay,,Golfer,Fr.,Fr,"Dexter, Mo.",Dexter,MO,domestic,Dexter Senior HS,0,https://otterathletics.com/sports/mens-golf/roster/2025-26
glf_707a8ecf03bb,Alex,Cooke,golf,2025-26,2026,D2,Men,California Collegiate Athletic Association,Cal State Monterey Bay,,Golfer,Jr.,Jr,"Spokane, Wash.",Spokane,WA,domestic,Gonzaga Prep,1,https://otterathletics.com/sports/mens-golf/roster/2025-26
glf_3f2a06b2198b,Jacob,Florek,golf,2025-26,2026,D2,Men,California Collegiate Athletic Association,Cal State Monterey Bay,,Golfer,Fr.,Fr,"Belleville, Ill.",Belleville,IL,domestic,Mascoutah HS,0,https://otterathletics.com/sports/mens-golf/roster/2025-26
glf_22969ba987e3,Simon,Germain,golf,2025-26,2026,D2,Men,California Collegiate Athletic Association,Cal State Monterey Bay,,Golfer,So.,So,"Lyon, France",Lyon,,international,St. Marie HS,0,https://otterathletics.com/sports/mens-golf/roster/2025-26
glf_35f161870694,George,Goff,golf,2025-26,2026,D2,Men,California Collegiate Athletic Association,Cal State Monterey Bay,,Golfer,Jr.,Jr,"Orlando, Fla.",Orlando,FL,domestic,Northstar Academy,1,https://otterathletics.com/sports/mens-golf/roster/2025-26
glf_0f3736cc32cb,Colin,Huang,golf,2025-26,2026,D2,Men,California Collegiate Athletic Association,Cal State Monterey Bay,,Golfer,Sr.,Sr,"Newport Beach, Calif.",Newport Beach,CA,domestic,Corona Del Mar HS,0,https://otterathletics.com/sports/mens-golf/roster/2025-26
glf_ee3881298e0e,Zaid,Khan,golf,2025-26,2026,D2,Men,California Collegiate Athletic Association,Cal State Monterey Bay,,Golfer,Fr.,Fr,"Sacramento, Calif.",Sacramento,CA,domestic,CMASAS,0,https://otterathletics.com/sports/mens-golf/roster/2025-26
glf_b3709b7b5130,Nick,Savano,golf,2025-26,2026,D2,Men,California Collegiate Athletic Association,Cal State Monterey Bay,,Golfer,So.,So,"Windsor, Calif.",Windsor,CA,domestic,Windsor HS,0,https://otterathletics.com/sports/mens-golf/roster/2025-26
glf_a147d9f0341f,Trent,Fitzgerald,golf,2025-26,2026,D2,Men,California Collegiate Athletic Association,Cal State Dominguez Hills,"6'4""",Golfer,Sr.,Sr,Santee,Santee,CA,domestic,Santee HS,0,https://gotoros.com/sports/mens-golf/roster/2025-26
glf_ba857d63c326,Ethan,Hong,golf,2025-26,2026,D2,Men,California Collegiate Athletic Association,Cal State Dominguez Hills,"6'0""",Golfer,Fr.,Fr,Los Angeles,Los Angeles,CA,domestic,Larchmont Charter HS,0,https://gotoros.com/sports/mens-golf/roster/2025-26
glf_fa38b0bad9c6,Mahamed,Ibrahim,golf,2025-26,2026,D2,Men,California Collegiate Athletic Association,Cal State Dominguez Hills,"6'1""",Golfer,Jr.,Jr,Culver City,Culver City,CA,domestic,Culver City HS,0,https://gotoros.com/sports/mens-golf/roster/2025-26
glf_b4b630e125b5,Zachary,Iwashita,golf,2025-26,2026,D2,Men,California Collegiate Athletic Association,Cal State Dominguez Hills,"5'9""",Golfer,Sr.,Sr,Cypress,Cypress,CA,domestic,Los Alamitos HS,0,https://gotoros.com/sports/mens-golf/roster/2025-26
glf_e15f6a8c4218,Dylan,Kooner,golf,2025-26,2026,D2,Men,California Collegiate Athletic Association,Cal State Dominguez Hills,"6'2""",Golfer,Fr.,Fr,"Clyde Hill, WA",Clyde Hill,WA,domestic,Bellevue HS,0,https://gotoros.com/sports/mens-golf/roster/2025-26
glf_613e50028d84,Aaron,Sanchez,golf,2025-26,2026,D2,Men,California Collegiate Athletic Association,Cal State Dominguez Hills,"6'0""",Golfer,Jr.,Jr,Brea,Brea,CA,domestic,La Habra HS,0,https://gotoros.com/sports/mens-golf/roster/2025-26
glf_59340c4fd50d,Robert,Scribner,golf,2025-26,2026,D2,Men,California Collegiate Athletic Association,Cal State Dominguez Hills,"6'2""",Golfer,Jr.,Jr,Santa Monica,Santa Monica,CA,domestic,Lighthouse Christian,0,https://gotoros.com/sports/mens-golf/roster/2025-26
glf_78cfd0657cd4,Sam,Song,golf,2025-26,2026,D2,Men,California Collegiate Athletic Association,Cal State Dominguez Hills,"5'11""",Golfer,Sr.,Sr,South Korea,South Korea,,international,Chang Won Nah HS,0,https://gotoros.com/sports/mens-golf/roster/2025-26
glf_0f374a2d1c5f,Troy,Song,golf,2025-26,2026,D2,Men,California Collegiate Athletic Association,Cal State Dominguez Hills,"6'2""",Golfer,Fr.,Fr,Temecula,Temecula,CA,domestic,Chapparal HS,0,https://gotoros.com/sports/mens-golf/roster/2025-26
glf_1637f8e6db41,Isaiah,Torres,golf,2025-26,2026,D2,Men,California Collegiate Athletic Association,Cal State Dominguez Hills,"6'0""",Golfer,Jr.,Jr,Murrieta,Murrieta,CA,domestic,Menifee HS,0,https://gotoros.com/sports/mens-golf/roster/2025-26
glf_81d4a54a1ac6,Kobe,Trujillo,golf,2025-26,2026,D2,Men,California Collegiate Athletic Association,Cal State Dominguez Hills,"5'8""",Golfer,Jr.,Jr,Chino Hills,Chino Hills,CA,domestic,Chino Hills HS,0,https://gotoros.com/sports/mens-golf/roster/2025-26
glf_b8eda3af2929,Alex,Adler,golf,2025-26,2026,D2,Men,California Collegiate Athletic Association,Chico State,"5'7""",Golfer,Fr.,Fr,"Cabo San Lucas, Mexico",Cabo San Lucas,,international,Edge School,0,https://chicowildcats.com/sports/mens-golf/roster/2025-26
glf_1655dbd40180,Giuseppe,Aliotti,golf,2025-26,2026,D2,Men,California Collegiate Athletic Association,Chico State,"5'10""",Golfer,Sr.,Sr,"Clovis, Calif.",Clovis,CA,domestic,Clovis North HS,0,https://chicowildcats.com/sports/mens-golf/roster/2025-26
glf_fc8cf74ae94a,Grant,Burback,golf,2025-26,2026,D2,Men,California Collegiate Athletic Association,Chico State,"6'3""",Golfer,So.,So,"Roseville, Calif.",Roseville,CA,domestic,Roseville HS,0,https://chicowildcats.com/sports/mens-golf/roster/2025-26
glf_259dabf7e841,Naoki,Easterday,golf,2025-26,2026,D2,Men,California Collegiate Athletic Association,Chico State,"6'0""",Golfer,Sr.,Sr,"Portland, Ore.",Portland,OR,domestic,Sunset HS,0,https://chicowildcats.com/sports/mens-golf/roster/2025-26
glf_581b1864c2f5,Cooper,Hambrick,golf,2025-26,2026,D2,Men,California Collegiate Athletic Association,Chico State,"5'8""",Golfer,Jr.,Jr,"San Diego, Calif.",San Diego,CA,domestic,Rancho Bernardo High School,0,https://chicowildcats.com/sports/mens-golf/roster/2025-26
glf_06abcaa771bd,Giuliano,Kaminski,golf,2025-26,2026,D2,Men,California Collegiate Athletic Association,Chico State,"5'8""",Golfer,Sr.,Sr,"Los Gatos, Calif.",Los Gatos,CA,domestic,Los Gatos HS,0,https://chicowildcats.com/sports/mens-golf/roster/2025-26
glf_0d55fbbbddcf,Alexander,LemMon,golf,2025-26,2026,D2,Men,California Collegiate Athletic Association,Chico State,"6'0""",Golfer,Jr.,Jr,"Glen Ellen, Calif.",Glen Ellen,CA,domestic,Maria Carrillo HS,0,https://chicowildcats.com/sports/mens-golf/roster/2025-26
glf_9f97bd418f34,Ben,Mouser,golf,2025-26,2026,D2,Men,California Collegiate Athletic Association,Chico State,"5'10""",Golfer,Sr.,Sr,"Fresno, Calif.",Fresno,CA,domestic,Bullard HS,0,https://chicowildcats.com/sports/mens-golf/roster/2025-26
glf_ee6bc9e7a3be,Srinesh,Namburi,golf,2025-26,2026,D2,Men,California Collegiate Athletic Association,Chico State,"6'1""",Golfer,Fr.,Fr,"San Diego, Calif.",San Diego,CA,domestic,Westview HS,0,https://chicowildcats.com/sports/mens-golf/roster/2025-26
glf_951a7a3cd936,Collin,Statler,golf,2025-26,2026,D2,Men,California Collegiate Athletic Association,Chico State,"6'3""",Golfer,So.,So,"Walnut Creek, Calif.",Walnut Creek,CA,domestic,Las Lomas HS,0,https://chicowildcats.com/sports/mens-golf/roster/2025-26
glf_ddc3c81d3603,Vineet,Vallamsetty,golf,2025-26,2026,D2,Men,California Collegiate Athletic Association,Chico State,"5'9""",Golfer,Fr.,Fr,"Newbury Park, Calif.",Newbury Park,CA,domestic,Oak Park HS,0,https://chicowildcats.com/sports/mens-golf/roster/2025-26
glf_0ce7767811ec,Ty,Weaver,golf,2025-26,2026,D2,Men,California Collegiate Athletic Association,Chico State,"5'11""",Golfer,Fr.,Fr,"Bakersfield, Calif.",Bakersfield,CA,domestic,Liberty HS,0,https://chicowildcats.com/sports/mens-golf/roster/2025-26
glf_99c26e497d85,Paddy,Blinderman,golf,2025-26,2026,D2,Men,California Collegiate Athletic Association,Cal State East Bay,"5'10"" 160 lbs",Golfer,Jr.,Jr,"Santa Barbara, Calif.",Santa Barbara,CA,domestic,Santa Barbara Senior HS,0,https://eastbaypioneers.com/sports/mens-golf/roster/2025-26
glf_5d74608575a8,Oscar,Blomqvist,golf,2025-26,2026,D2,Men,California Collegiate Athletic Association,Cal State East Bay,"6'3"" 175 lbs",Golfer,Jr.,Jr,"Värmdö, Sweden",Värmdö,,international,Bildningscentrum Facetten,0,https://eastbaypioneers.com/sports/mens-golf/roster/2025-26
glf_10e5252ac7e4,Adam,Brangefalt,golf,2025-26,2026,D2,Men,California Collegiate Athletic Association,Cal State East Bay,"6'3"" 165 lbs",Golfer,Jr.,Jr,"Västerås, Sweden",Västerås,,international,Bildningscentrum Facetten,0,https://eastbaypioneers.com/sports/mens-golf/roster/2025-26
glf_4e8b4635c090,Nathaniel,Frink,golf,2025-26,2026,D2,Men,California Collegiate Athletic Association,Cal State East Bay,"5'9"" 190 lbs",Golfer,Jr.,Jr,"La Crescenta, Calif.",La Crescenta,CA,domestic,Crescenta Valley HS,0,https://eastbaypioneers.com/sports/mens-golf/roster/2025-26
glf_fae03daec310,Cooper,Groshart,golf,2025-26,2026,D2,Men,California Collegiate Athletic Association,Cal State East Bay,"5'11"" 150 lbs",Golfer,Jr.,Jr,"San Luis Obispo, Calif.",San Luis Obispo,CA,domestic,San Luis Obispo HS,0,https://eastbaypioneers.com/sports/mens-golf/roster/2025-26
glf_ae6a60ea47cf,Peyton,Hendricks,golf,2025-26,2026,D2,Men,California Collegiate Athletic Association,Cal State East Bay,"6'4"" 220 lbs",Golfer,Sr.,Sr,"Livermore, Calif.",Livermore,CA,domestic,Blue Dot Academy,1,https://eastbaypioneers.com/sports/mens-golf/roster/2025-26
glf_d686cb77c976,Easton,Hether,golf,2025-26,2026,D2,Men,California Collegiate Athletic Association,Cal State East Bay,"5'10"" 140 lbs",Golfer,Sr.,Sr,"Fairfield, Calif.",Fairfield,CA,domestic,Angelo Rodriguez HS,0,https://eastbaypioneers.com/sports/mens-golf/roster/2025-26
glf_4f47a20e924a,Cambron,Nevill,golf,2025-26,2026,D2,Men,California Collegiate Athletic Association,Cal State East Bay,"5'9"" 180 lbs",Golfer,So.,So,"Bodega, Calif.",Bodega,CA,domestic,Analy HS,0,https://eastbaypioneers.com/sports/mens-golf/roster/2025-26
glf_8663d63968fd,Teddy,Hall,golf,2025-26,2026,D2,Men,California Collegiate Athletic Association,Cal State San Bernardino,,Golfer,R-Fr.,Fr,"Cambridge, England",Cambridge,,international,Cambridge Regional,0,https://csusbathletics.com/sports/mens-golf/roster/2025-26
glf_6379633a8672,Kamron,Hopson,golf,2025-26,2026,D2,Men,California Collegiate Athletic Association,Cal State San Bernardino,,Golfer,Jr.,Jr,"Redlands, Calif.",Redlands,CA,domestic,Redlands,0,https://csusbathletics.com/sports/mens-golf/roster/2025-26
glf_6c69d7515988,Isaiah,Kim,golf,2025-26,2026,D2,Men,California Collegiate Athletic Association,Cal State San Bernardino,,Golfer,Fr.,Fr,"Porter Ranch, Calif.",Porter Ranch,CA,domestic,Van Nuys,0,https://csusbathletics.com/sports/mens-golf/roster/2025-26
glf_2d3d1972268d,Marco,Lin,golf,2025-26,2026,D2,Men,California Collegiate Athletic Association,Cal State San Bernardino,,Golfer,Jr.,Jr,"Taoyuan, Taiwan",Taoyuan,,international,Daxi High School,0,https://csusbathletics.com/sports/mens-golf/roster/2025-26
glf_39c4335dbc99,Aaron,Parayno,golf,2025-26,2026,D2,Men,California Collegiate Athletic Association,Cal State San Bernardino,,Golfer,So.,So,"Fresno, Calif.",Fresno,CA,domestic,Bullard,0,https://csusbathletics.com/sports/mens-golf/roster/2025-26
glf_ac9e3f3350e6,Tyler,Price,golf,2025-26,2026,D2,Men,California Collegiate Athletic Association,Cal State San Bernardino,,Golfer,So.,So,"Yucaipa, Calif.",Yucaipa,CA,domestic,Yucaipa,0,https://csusbathletics.com/sports/mens-golf/roster/2025-26
glf_2167ae7ac28e,Steven,Rivera,golf,2025-26,2026,D2,Men,California Collegiate Athletic Association,Cal State San Bernardino,,Golfer,R-Fr.,Fr,"Fresno, Calif.",Fresno,CA,domestic,Fresno State,0,https://csusbathletics.com/sports/mens-golf/roster/2025-26
glf_c7a8ab2ded49,Jetty,Sivongsay,golf,2025-26,2026,D2,Men,California Collegiate Athletic Association,Cal State San Bernardino,,Golfer,Gr.,Gr,"Fullerton, Calif.",Fullerton,CA,domestic,Troy High School,0,https://csusbathletics.com/sports/mens-golf/roster/2025-26
glf_59135fc98a13,Mario,Stump,golf,2025-26,2026,D2,Men,California Collegiate Athletic Association,Cal State San Bernardino,,Golfer,So.,So,"Benicia, Calif.",Benicia,CA,domestic,Academy of Art,1,https://csusbathletics.com/sports/mens-golf/roster/2025-26
glf_53056d848ae8,Aaron,Arch,golf,2025-26,2026,D2,Men,California Collegiate Athletic Association,Cal State San Marcos,,Golfer,Fr.,Fr,"Oceanside, Calif.",Oceanside,CA,domestic,Mission Vista HS,0,https://csusmcougars.com/sports/mens-golf/roster/2025-26
glf_b0fdce344ac7,Aiden,Canada,golf,2025-26,2026,D2,Men,California Collegiate Athletic Association,Cal State San Marcos,,Golfer,Jr.,Jr,"Murrieta, Calif.",Murrieta,CA,domestic,Vista Murrieta HS,0,https://csusmcougars.com/sports/mens-golf/roster/2025-26
glf_c3e698bad9ea,Julian,Gay,golf,2025-26,2026,D2,Men,California Collegiate Athletic Association,Cal State San Marcos,,Golfer,Fr.,Fr,"San Diego, Calif.",San Diego,CA,domestic,Patrick Henry HS,0,https://csusmcougars.com/sports/mens-golf/roster/2025-26
glf_5c0ef5e17b77,Jack,Main,golf,2025-26,2026,D2,Men,California Collegiate Athletic Association,Cal State San Marcos,,Golfer,Fr.,Fr,"Lodi, Calif.",Lodi,CA,domestic,Lodi HS,0,https://csusmcougars.com/sports/mens-golf/roster/2025-26
glf_194920009dbd,Gavin,McCormick,golf,2025-26,2026,D2,Men,California Collegiate Athletic Association,Cal State San Marcos,,Golfer,Jr.,Jr,"Thousand Oaks, Calif.",Thousand Oaks,CA,domestic,Thousand Oaks HS,0,https://csusmcougars.com/sports/mens-golf/roster/2025-26
glf_457905b931a1,Kai,Miyata,golf,2025-26,2026,D2,Men,California Collegiate Athletic Association,Cal State San Marcos,,Golfer,Fr.,Fr,"Valencia, Calif.",Valencia,CA,domestic,Hart HS,0,https://csusmcougars.com/sports/mens-golf/roster/2025-26
glf_c4db7dcb4e9a,Nick,Mouser,golf,2025-26,2026,D2,Men,California Collegiate Athletic Association,Cal State San Marcos,,Golfer,Jr.,Jr,"Fresno, Calif.",Fresno,CA,domestic,Bullard HS,0,https://csusmcougars.com/sports/mens-golf/roster/2025-26
glf_ee5049ac9f5a,Johnny,Sprague,golf,2025-26,2026,D2,Men,California Collegiate Athletic Association,Cal State San Marcos,,Golfer,So.,So,"Lodi, Calif.",Lodi,CA,domestic,Sonoma State,0,https://csusmcougars.com/sports/mens-golf/roster/2025-26
glf_d83866b2e895,Liam,Weaver,golf,2025-26,2026,D2,Men,California Collegiate Athletic Association,Cal State San Marcos,,Golfer,R-Fr.,Fr,"Coronado, Calif.",Coronado,CA,domestic,San Diego State,0,https://csusmcougars.com/sports/mens-golf/roster/2025-26
glf_68e85099cff1,Anthony,DePietress,golf,2025-26,2026,D2,Men,Pennsylvania State Athletic Conference,PennWest California,"5'11""",Golfer,Jr.,Jr,"Enola, Pa.",Enola,PA,domestic,Cumberland Valley,0,https://calvulcans.com/sports/mens-golf/roster/2025-26
glf_209f7a64ff07,Ben,Edwards,golf,2025-26,2026,D2,Men,Pennsylvania State Athletic Conference,PennWest California,"6'3""",Golfer,Jr.,Jr,"Harrisonburg, Va.",Harrisonburg,VA,domestic,Spotswood,0,https://calvulcans.com/sports/mens-golf/roster/2025-26
glf_62be1d2adf1a,Chaz,Ekoniak,golf,2025-26,2026,D2,Men,Pennsylvania State Athletic Conference,PennWest California,"6'0""",Golfer,Jr.,Jr,"Struthers, Ohio",Struthers,OH,domestic,Struthers,0,https://calvulcans.com/sports/mens-golf/roster/2025-26
glf_2e6eb1403fd1,Nixen,Erdely,golf,2025-26,2026,D2,Men,Pennsylvania State Athletic Conference,PennWest California,"6'0""",Golfer,So.,So,"Fayette City, Pa.",Fayette City,PA,domestic,Frazier,0,https://calvulcans.com/sports/mens-golf/roster/2025-26
glf_d64d40a5177e,Aidan,Fulkroad,golf,2025-26,2026,D2,Men,Pennsylvania State Athletic Conference,PennWest California,"5'8""",Golfer,So.,So,"Elizabethville, Pa.",Elizabethville,PA,domestic,Upper Dauphin,0,https://calvulcans.com/sports/mens-golf/roster/2025-26
glf_7b329ee75ba8,Gavin,Goodrich,golf,2025-26,2026,D2,Men,Pennsylvania State Athletic Conference,PennWest California,"5'11""",Golfer,Jr.,Jr,"Wheeling, W.Va.",Wheeling,WV,domestic,Wheeling Park,0,https://calvulcans.com/sports/mens-golf/roster/2025-26
glf_96ff5ac9749d,Rocky,Mittica,golf,2025-26,2026,D2,Men,Pennsylvania State Athletic Conference,PennWest California,"5'8""",Golfer,So.,So,"Sa Kaeo, Thailand",Sa Kaeo,,international,Mary Vitthaya Kabinburi Catholic,0,https://calvulcans.com/sports/mens-golf/roster/2025-26
glf_dd122d86b375,Jacob,Pedley,golf,2025-26,2026,D2,Men,Pennsylvania State Athletic Conference,PennWest California,"5'11""",Golfer,Jr.,Jr,"Plum, Pa.",Plum,PA,domestic,Plum,0,https://calvulcans.com/sports/mens-golf/roster/2025-26
glf_86f90da7c26f,Trent,Samelko,golf,2025-26,2026,D2,Men,Pennsylvania State Athletic Conference,PennWest California,"5'8""",Golfer,Fr.,Fr,"Mechanicsburg, Pa.",Mechanicsburg,PA,domestic,Cumberland Valley,0,https://calvulcans.com/sports/mens-golf/roster/2025-26
glf_659e0ca836d5,Milo,Sesti,golf,2025-26,2026,D2,Men,Pennsylvania State Athletic Conference,PennWest California,"5'6""",Golfer,Sr.,Sr,"Ellwood City, Pa.",Ellwood City,PA,domestic,Lincoln,0,https://calvulcans.com/sports/mens-golf/roster/2025-26
glf_50221394d827,Owen,Bascom,golf,2025-26,2026,D2,Men,California Collegiate Athletic Association,Cal State Stanislaus,,Golfer,Fr.,Fr,"North Bend, Ore.",North Bend,OR,domestic,North Bend HS,0,https://warriorathletics.com/sports/mens-golf/roster/2025-26
glf_ed5622cb2eea,Chase,Bird,golf,2025-26,2026,D2,Men,California Collegiate Athletic Association,Cal State Stanislaus,,Golfer,Sr.,Sr,"Atwater, Calif.",Atwater,CA,domestic,Buhach Colony HS,0,https://warriorathletics.com/sports/mens-golf/roster/2025-26
glf_f5652bb4ba30,Carson,Diaz,golf,2025-26,2026,D2,Men,California Collegiate Athletic Association,Cal State Stanislaus,,Golfer,Jr.,Jr,"Porter Ranch, Calif.",Porter Ranch,CA,domestic,Notre Dame HS,0,https://warriorathletics.com/sports/mens-golf/roster/2025-26
glf_fbd046d8803a,Ethan,Gonsalves,golf,2025-26,2026,D2,Men,California Collegiate Athletic Association,Cal State Stanislaus,,Golfer,So.,So,"Denair, Calif.",Denair,CA,domestic,Denair HS,0,https://warriorathletics.com/sports/mens-golf/roster/2025-26
glf_d4d4c045cc7d,Riley,Kirk,golf,2025-26,2026,D2,Men,California Collegiate Athletic Association,Cal State Stanislaus,,Golfer,So.,So,"Kelso, Wash.",Kelso,WA,domestic,Kelso HS,0,https://warriorathletics.com/sports/mens-golf/roster/2025-26
glf_9d8bdc5ef9b6,Ricky,Sullivan,golf,2025-26,2026,D2,Men,California Collegiate Athletic Association,Cal State Stanislaus,,Golfer,Jr.,Jr,"Merced, Calif.",Merced,CA,domestic,El Capitan HS,0,https://warriorathletics.com/sports/mens-golf/roster/2025-26
glf_eacef71297c8,Jesse,Verheul,golf,2025-26,2026,D2,Men,California Collegiate Athletic Association,Cal State Stanislaus,,Golfer,Fr.,Fr,"Sonora, Calif.",Sonora,CA,domestic,Summerville HS,0,https://warriorathletics.com/sports/mens-golf/roster/2025-26
glf_12a801bd2443,Ben,Campbell,golf,2025-26,2026,D2,Men,Lone Star Conference,Cameron,"5'11""",Golfer,So.,So,"Norman, OK",Norman,OK,domestic,Norman HS,0,https://cameronaggies.com/sports/mens-golf/roster/2025-26
glf_f7c6e4be3448,Alois,Casalonga,golf,2025-26,2026,D2,Men,Lone Star Conference,Cameron,"6'0""",Golfer,Fr.,Fr,"Saint Etienne, France",Saint Etienne,,international,Ecole Diagonale HS,0,https://cameronaggies.com/sports/mens-golf/roster/2025-26
glf_bae5d1475334,Rangel,(Maximus) Cavazos,golf,2025-26,2026,D2,Men,Lone Star Conference,Cameron,"5'10""",Golfer,Jr.,Jr,"Boerne, TX",Boerne,TX,domestic,Samuel V. Champion HS,0,https://cameronaggies.com/sports/mens-golf/roster/2025-26
glf_12d7e64022ab,Rory,Gorman,golf,2025-26,2026,D2,Men,Lone Star Conference,Cameron,"6'2""",Golfer,Jr.,Jr,"Brisbane, Australia",Brisbane,,international,Bayside Christian,0,https://cameronaggies.com/sports/mens-golf/roster/2025-26
glf_d9b7ef5e372f,Cameron,Harris,golf,2025-26,2026,D2,Men,Lone Star Conference,Cameron,"5'10""",Golfer,Fr.,Fr,"Leicester, England",Leicester,,international,Lutterworth College,0,https://cameronaggies.com/sports/mens-golf/roster/2025-26
glf_b5613388eb3c,Isaac,Molloy,golf,2025-26,2026,D2,Men,Lone Star Conference,Cameron,"6'1""",Golfer,Jr.,Jr,"Waga Waga, Australia",Waga Waga,,international,Mater Dei Catholic College,0,https://cameronaggies.com/sports/mens-golf/roster/2025-26
glf_9493534d7b00,Dennon,Norman,golf,2025-26,2026,D2,Men,Lone Star Conference,Cameron,"5'9""",Golfer,So.,So,"Norman, OK",Norman,OK,domestic,Norman HS,0,https://cameronaggies.com/sports/mens-golf/roster/2025-26
glf_dc3a341a0ec7,Carson,Wright,golf,2025-26,2026,D2,Men,Lone Star Conference,Cameron,"5'9""",Golfer,Jr.,Jr,"Norman, OK",Norman,OK,domestic,Norman HS,0,https://cameronaggies.com/sports/mens-golf/roster/2025-26
glf_12c3f36103ae,Ilia,Antoniadis,golf,2025-26,2026,D2,Men,South Atlantic Conference,Catawba,,Golfer,So.,So,"Munich, Germany",Munich,,international,Kurt-Huber-Gymnasium,0,https://catawbaathletics.com/sports/mens-golf/roster/2025-26
glf_1f5fc0be25d1,Alec,Barker,golf,2025-26,2026,D2,Men,South Atlantic Conference,Catawba,,Golfer,Jr.,Jr,"Morehead, Ky.",Morehead,KY,domestic,Newbury Park HS,0,https://catawbaathletics.com/sports/mens-golf/roster/2025-26
glf_2efb253033e6,Maxence,Bonnet,golf,2025-26,2026,D2,Men,South Atlantic Conference,Catawba,,Golfer,Fr.,Fr,"Saint-Médard-en-Jalles, France",Saint-Médard-en-Jalles,,international,Lycée Sud-Médoc,0,https://catawbaathletics.com/sports/mens-golf/roster/2025-26
glf_ce5336a09929,Connor,Carter,golf,2025-26,2026,D2,Men,South Atlantic Conference,Catawba,,Golfer,Jr.,Jr,"Asheboro, N.C.",Asheboro,NC,domestic,Eastern Randolph HS,0,https://catawbaathletics.com/sports/mens-golf/roster/2025-26
glf_25fb10e8d89d,Paul,Esnault,golf,2025-26,2026,D2,Men,South Atlantic Conference,Catawba,,Golfer,Jr.,Jr,"Caen, France",Caen,,international,Lycée Cours Notre-Dame,0,https://catawbaathletics.com/sports/mens-golf/roster/2025-26
glf_c08f1dd642b5,Pranay,Kapur,golf,2025-26,2026,D2,Men,South Atlantic Conference,Catawba,,Golfer,So.,So,"Chandigarh, India",Chandigarh,,international,Balderstone Sports Institute,0,https://catawbaathletics.com/sports/mens-golf/roster/2025-26
glf_31995fad6d79,Allan,Lockwood,golf,2025-26,2026,D2,Men,South Atlantic Conference,Catawba,,Golfer,R-Sr.,Sr,"Elizabethtown, Ky.",Elizabethtown,KY,domestic,Central Hardin HS,0,https://catawbaathletics.com/sports/mens-golf/roster/2025-26
glf_8bd114cfc44c,Ryan,Masterton,golf,2025-26,2026,D2,Men,South Atlantic Conference,Catawba,,Golfer,Jr.,Jr,"Concord, N.C.",Concord,NC,domestic,Central Cabarrus HS,0,https://catawbaathletics.com/sports/mens-golf/roster/2025-26
glf_114417c05219,Sebastiano,Rollo,golf,2025-26,2026,D2,Men,South Atlantic Conference,Catawba,,Golfer,Fr.,Fr,"Milton, Ontario",Milton,,international,Blyth Academy,1,https://catawbaathletics.com/sports/mens-golf/roster/2025-26
glf_eb5c920d69ef,Daniel,Bailey,golf,2025-26,2026,D2,Men,Great Midwest Athletic Conference,Cedarville,"5'11"" 160 lbs L",Golfer,Sr.,Sr,"Union, KY",Union,KY,domestic,Ryle,0,https://yellowjackets.cedarville.edu/sports/mens-golf/roster/2025-26
glf_60605b9bd4ec,Danny,DeHimer,golf,2025-26,2026,D2,Men,Great Midwest Athletic Conference,Cedarville,"6'6"" 200 lbs R",Golfer,Sr.,Sr,"Rome, NY",Rome,NY,domestic,Rome Free Academy,1,https://yellowjackets.cedarville.edu/sports/mens-golf/roster/2025-26
glf_72581e9ccedf,Aiden,Hibbard,golf,2025-26,2026,D2,Men,Great Midwest Athletic Conference,Cedarville,"5'11"" 190 lbs L",Golfer,So.,So,"Elkhart, IN",Elkhart,IN,domestic,Elkhart Christian,0,https://yellowjackets.cedarville.edu/sports/mens-golf/roster/2025-26
glf_7e86ba8f199a,Ethan,Kasler,golf,2025-26,2026,D2,Men,Great Midwest Athletic Conference,Cedarville,"5'9"" 155 lbs R",Golfer,So.,So,"Massillon, OH",Massillon,OH,domestic,Jackson,0,https://yellowjackets.cedarville.edu/sports/mens-golf/roster/2025-26
glf_4109583be512,Evan,Martens,golf,2025-26,2026,D2,Men,Great Midwest Athletic Conference,Cedarville,"5'8"" 155 lbs R",Golfer,Fr.,Fr,"Vienna, VA",Vienna,VA,domestic,Trinity Christian,0,https://yellowjackets.cedarville.edu/sports/mens-golf/roster/2025-26
glf_4f495d72ff3d,DJ,Norman,golf,2025-26,2026,D2,Men,Great Midwest Athletic Conference,Cedarville,"5'8"" 155 lbs R",Golfer,Jr.,Jr,"Roanoke, IL",Roanoke,IL,domestic,Roanoke-Benson,0,https://yellowjackets.cedarville.edu/sports/mens-golf/roster/2025-26
glf_e127390bae91,Ian,Reed,golf,2025-26,2026,D2,Men,Great Midwest Athletic Conference,Cedarville,"5'11"" 170 lbs R",Golfer,Jr.,Jr,"Greenwood, IN",Greenwood,IN,domestic,Greenwood Christian,0,https://yellowjackets.cedarville.edu/sports/mens-golf/roster/2025-26
glf_b5f74a59236a,Alexander,Ritter,golf,2025-26,2026,D2,Men,Great Midwest Athletic Conference,Cedarville,"5'8"" 135 lbs R",Golfer,Fr.,Fr,"New Albany, OH",New Albany,OH,domestic,New Albany,0,https://yellowjackets.cedarville.edu/sports/mens-golf/roster/2025-26
glf_6c08fbf3afdf,Ethan,Ritter,golf,2025-26,2026,D2,Men,Great Midwest Athletic Conference,Cedarville,"5'7"" 130 lbs R",Golfer,Fr.,Fr,"New Albany, OH",New Albany,OH,domestic,New Albany,0,https://yellowjackets.cedarville.edu/sports/mens-golf/roster/2025-26
glf_5568b4287dba,Huston,Ritter,golf,2025-26,2026,D2,Men,Great Midwest Athletic Conference,Cedarville,"5'7"" 130 lbs L",Golfer,Fr.,Fr,"New Albany, OH",New Albany,OH,domestic,New Albany,0,https://yellowjackets.cedarville.edu/sports/mens-golf/roster/2025-26
glf_3c81850b7bad,Baylor,Bostick,golf,2025-26,2026,D2,Men,Mid-America Intercollegiate Athletics Association,Central Oklahoma,,Golfer,Jr.,Jr,"Duncan, Okla.",Duncan,OK,domestic,Duncan,0,https://bronchosports.com/sports/mens-golf/roster/2025-26
glf_579e8eb46b5f,Nick,Canales,golf,2025-26,2026,D2,Men,Mid-America Intercollegiate Athletics Association,Central Oklahoma,,Golfer,Jr.,Jr,"La Porte, Texas",La Porte,TX,domestic,La Porte,0,https://bronchosports.com/sports/mens-golf/roster/2025-26
glf_1faf123172da,Rhett,Hughes,golf,2025-26,2026,D2,Men,Mid-America Intercollegiate Athletics Association,Central Oklahoma,,Golfer,So.,So,"Edmond, Okla.",Edmond,OK,domestic,Edmond Santa Fe,0,https://bronchosports.com/sports/mens-golf/roster/2025-26
glf_5b9e576d3630,Ty,Hyatt,golf,2025-26,2026,D2,Men,Mid-America Intercollegiate Athletics Association,Central Oklahoma,,Golfer,So.,So,"Stillwater, Okla.",Stillwater,OK,domestic,Stillwater,0,https://bronchosports.com/sports/mens-golf/roster/2025-26
glf_641fc675e85d,Brock,Jerman,golf,2025-26,2026,D2,Men,Mid-America Intercollegiate Athletics Association,Central Oklahoma,,Golfer,Fr.,Fr,"Chickasha, Okla.",Chickasha,OK,domestic,Chickasha,0,https://bronchosports.com/sports/mens-golf/roster/2025-26
glf_60c9e7c25273,Karsten,Paciotti,golf,2025-26,2026,D2,Men,Mid-America Intercollegiate Athletics Association,Central Oklahoma,,Golfer,Sr.,Sr,"Katy, Texas",Katy,TX,domestic,Katy,0,https://bronchosports.com/sports/mens-golf/roster/2025-26
glf_e408ab9b3fea,Bryant,Polhill,golf,2025-26,2026,D2,Men,Mid-America Intercollegiate Athletics Association,Central Oklahoma,,Golfer,So.,So,"Edmond, Okla.",Edmond,OK,domestic,Oklahoma Christian,0,https://bronchosports.com/sports/mens-golf/roster/2025-26
glf_60d50a69ba86,Andrew,Talburt,golf,2025-26,2026,D2,Men,Mid-America Intercollegiate Athletics Association,Central Oklahoma,,Golfer,Jr.,Jr,"Tulsa, Okla.",Tulsa,OK,domestic,Bishop Kelley,0,https://bronchosports.com/sports/mens-golf/roster/2025-26
glf_0aad69bb11fa,Christian,Collins,golf,2025-26,2026,D2,Men,Southern Intercollegiate Athletic Conference,Central State,"5'11""",Golfer,So.,So,"Westerville, OH",Westerville,OH,domestic,Westerville North,0,https://maraudersports.com/sports/mens-golf/roster/2025-26
glf_e8706bcc49b7,Angelino,Cooper,golf,2025-26,2026,D2,Men,Southern Intercollegiate Athletic Conference,Central State,,Golfer,Fr.,Fr,"Nassau, Bahamas",Nassau,,international,Bahamas Global Academy,1,https://maraudersports.com/sports/mens-golf/roster/2025-26
glf_4684f3d3fb37,Joshua,Fiery,golf,2025-26,2026,D2,Men,Southern Intercollegiate Athletic Conference,Central State,,Golfer,Fr.,Fr,"Huber Heights, Ohio",Huber Heights,OH,domestic,Bethel High School,0,https://maraudersports.com/sports/mens-golf/roster/2025-26
glf_98b981d2a4d9,Felipe,Benjamin Guido,golf,2025-26,2026,D2,Men,Southern Intercollegiate Athletic Conference,Central State,"5'11""",Golfer,So.,So,Argentina,Argentina,,international,,0,https://maraudersports.com/sports/mens-golf/roster/2025-26
glf_ada66ea9e09f,Michael,Halleg,golf,2025-26,2026,D2,Men,Southern Intercollegiate Athletic Conference,Central State,,Golfer,Fr.,Fr,"Huber Heights, Ohio",Huber Heights,OH,domestic,Bethel High School,0,https://maraudersports.com/sports/mens-golf/roster/2025-26
glf_01e076b8f953,Jayden,Headd,golf,2025-26,2026,D2,Men,Southern Intercollegiate Athletic Conference,Central State,"5'10""",Golfer,So.,So,"Memphis, Tenn.",Memphis,TN,domestic,Cardova High School,0,https://maraudersports.com/sports/mens-golf/roster/2025-26
glf_945953939efc,Patrick,Kabera,golf,2025-26,2026,D2,Men,Southern Intercollegiate Athletic Conference,Central State,"5'5""",Golfer,So.,So,"Dayton, OH",Dayton,OH,domestic,Dunbar,0,https://maraudersports.com/sports/mens-golf/roster/2025-26
glf_8494c3c5638f,Corey,Lynn Patton Jr,golf,2025-26,2026,D2,Men,Southern Intercollegiate Athletic Conference,Central State,,Golfer,Sr.,Sr,"Kettering, OH",Kettering,OH,domestic,Kettering Fairmont,0,https://maraudersports.com/sports/mens-golf/roster/2025-26
glf_6d48a3def885,Ethan,Alexander,golf,2025-26,2026,D2,Men,Pacific West Conference,Chaminade,"5'9""",Golfer,Sr.,Sr,"New Rochelle, N.Y.",New Rochelle,NY,domestic,Fordham Prep,1,https://goswords.com/sports/mens-golf/roster/2025-26
glf_a0a9d9119312,Riley,Born,golf,2025-26,2026,D2,Men,Pacific West Conference,Chaminade,"5'9""",Golfer,Fr.,Fr,"Las Vegas, Nev.",Las Vegas,NV,domestic,Odyssey,0,https://goswords.com/sports/mens-golf/roster/2025-26
glf_1ff7b1794e18,Tanner,Capik,golf,2025-26,2026,D2,Men,Pacific West Conference,Chaminade,"6'1""",Golfer,So.,So,"Los Angeles, Calif.",Los Angeles,CA,domestic,Beverly Hills,0,https://goswords.com/sports/mens-golf/roster/2025-26
glf_1389ca0e2da6,A.J.,Dahlk,golf,2025-26,2026,D2,Men,Pacific West Conference,Chaminade,"5'7""",Golfer,So.,So,"Centerport, N.Y.",Centerport,NY,domestic,Harborfields,0,https://goswords.com/sports/mens-golf/roster/2025-26
glf_d707e16af883,Cody,Dao,golf,2025-26,2026,D2,Men,Pacific West Conference,Chaminade,"5'9""",Golfer,Fr.,Fr,"Henderson, Nev.",Henderson,NV,domestic,Liberty,0,https://goswords.com/sports/mens-golf/roster/2025-26
glf_fc2ede386513,J.J.,Hutchins,golf,2025-26,2026,D2,Men,Pacific West Conference,Chaminade,"6'0""",Golfer,Fr.,Fr,"Los Angeles, Calif.",Los Angeles,CA,domestic,Huntington Beach,0,https://goswords.com/sports/mens-golf/roster/2025-26
glf_a41833ca6739,Jack,Shea,golf,2025-26,2026,D2,Men,Pacific West Conference,Chaminade,"6'1""",Golfer,So.,So,"Somerset, Mass.",Somerset,MA,domestic,Bishop Stang,0,https://goswords.com/sports/mens-golf/roster/2025-26
glf_1055d80b53d7,Chance,Wilson,golf,2025-26,2026,D2,Men,Pacific West Conference,Chaminade,"6'1""",Golfer,Fr.,Fr,"Princeville, Kaua'i, Hawai'i",Princeville,HI,domestic,Enlightium Academy,1,https://goswords.com/sports/mens-golf/roster/2025-26
glf_e68f5f465aee,Dylan,Chaky,golf,2025-26,2026,D2,Men,Pennsylvania State Athletic Conference,PennWest Clarion,,Golfer,So.,So,"Haymarket, Va.",Haymarket,VA,domestic,Battlefield,0,https://clariongoldeneagles.com/sports/mens-golf/roster/2025-26
glf_908d6d681a21,Jacob,Danka,golf,2025-26,2026,D2,Men,Pennsylvania State Athletic Conference,PennWest Clarion,,Golfer,Fr.,Fr,"Allison Park, Pa.",Allison Park,PA,domestic,Deer Lakes,0,https://clariongoldeneagles.com/sports/mens-golf/roster/2025-26
glf_f5fa390c84f4,Keith,Hamilton,golf,2025-26,2026,D2,Men,Pennsylvania State Athletic Conference,PennWest Clarion,,Golfer,Sr.,Sr,"Bellefonte, Pa.",Bellefonte,PA,domestic,Bellefonte,0,https://clariongoldeneagles.com/sports/mens-golf/roster/2025-26
glf_74c67a05838f,Brady,Houser,golf,2025-26,2026,D2,Men,Pennsylvania State Athletic Conference,PennWest Clarion,,Golfer,So.,So,"Cherry Tree, Pa.",Cherry Tree,PA,domestic,Harmony Area,0,https://clariongoldeneagles.com/sports/mens-golf/roster/2025-26
glf_12eb0a816a98,Kameron,Kerle,golf,2025-26,2026,D2,Men,Pennsylvania State Athletic Conference,PennWest Clarion,,Golfer,Fr.,Fr,"Clarion, Pa.",Clarion,PA,domestic,Clarion Area,0,https://clariongoldeneagles.com/sports/mens-golf/roster/2025-26
glf_45ef50b31a1c,Devon,Lauer,golf,2025-26,2026,D2,Men,Pennsylvania State Athletic Conference,PennWest Clarion,,Golfer,So.,So,"Clarion, Pa.",Clarion,PA,domestic,Clarion Area,0,https://clariongoldeneagles.com/sports/mens-golf/roster/2025-26
glf_e46365272610,Tanner,Miller,golf,2025-26,2026,D2,Men,Pennsylvania State Athletic Conference,PennWest Clarion,,Golfer,So.,So,"Clarion, Pa.",Clarion,PA,domestic,Clarion Area,0,https://clariongoldeneagles.com/sports/mens-golf/roster/2025-26
glf_2c525475b55a,Preston,Stoner,golf,2025-26,2026,D2,Men,Pennsylvania State Athletic Conference,PennWest Clarion,,Golfer,Fr.,Fr,"North Huntingdon, Pa.",North Huntingdon,PA,domestic,Norwin,0,https://clariongoldeneagles.com/sports/mens-golf/roster/2025-26
glf_f62d7c661b3e,Inigo,Badial,golf,2025-26,2026,D2,Men,Rocky Mountain Athletic Conference,Colorado Mesa,"5'8""",Golfer,So.,So,"Guadalajara, Mexico",Guadalajara,,international,Colegio Franco Mexicano,0,https://cmumavericks.com/sports/mens-golf/roster/2025-26
glf_693c30b8cc9e,Timmy,Cavarno,golf,2025-26,2026,D2,Men,Rocky Mountain Athletic Conference,Colorado Mesa,"6'2""",Golfer,R-Sr.,Sr,"Redlands, Calif.",Redlands,CA,domestic,Redlands East Valley,0,https://cmumavericks.com/sports/mens-golf/roster/2025-26
glf_04ad34f05a55,Dylan,Everett,golf,2025-26,2026,D2,Men,Rocky Mountain Athletic Conference,Colorado Mesa,"5'10""",Golfer,Jr.,Jr,"Highlands Ranch, Colo.",Highlands Ranch,CO,domestic,ThunderRidge,0,https://cmumavericks.com/sports/mens-golf/roster/2025-26
glf_16fc1623031a,Jacob,Gonzalez,golf,2025-26,2026,D2,Men,Rocky Mountain Athletic Conference,Colorado Mesa,"5'8""",Golfer,Fr.,Fr,"Austin, Texas",Austin,TX,domestic,Dripping Springs,0,https://cmumavericks.com/sports/mens-golf/roster/2025-26
glf_6ffccbfcd65c,Ky,Korte,golf,2025-26,2026,D2,Men,Rocky Mountain Athletic Conference,Colorado Mesa,"5'11""",Golfer,Fr.,Fr,"Grand Junction, Colo.",Grand Junction,CO,domestic,Grand Junction,0,https://cmumavericks.com/sports/mens-golf/roster/2025-26
glf_7f6ac8f9d46d,Baptiste,Laborde,golf,2025-26,2026,D2,Men,Rocky Mountain Athletic Conference,Colorado Mesa,"5'10""",Golfer,Jr.,Jr,"Versailles, France",Versailles,,international,École Diagonale,0,https://cmumavericks.com/sports/mens-golf/roster/2025-26
glf_4fc04da112f2,Leo,Lavalle,golf,2025-26,2026,D2,Men,Rocky Mountain Athletic Conference,Colorado Mesa,"6'3""",Golfer,So.,So,"Queretaro, Mexico",Queretaro,,international,Exnovo,0,https://cmumavericks.com/sports/mens-golf/roster/2025-26
glf_3a7729ac5c1a,Zack,Moreau,golf,2025-26,2026,D2,Men,Rocky Mountain Athletic Conference,Colorado Mesa,"6'2""",Golfer,So.,So,"Costa Mesa, Calif.",Costa Mesa,CA,domestic,Newport Harbor,0,https://cmumavericks.com/sports/mens-golf/roster/2025-26
glf_4a68e5919abe,Noah,Richmond,golf,2025-26,2026,D2,Men,Rocky Mountain Athletic Conference,Colorado Mesa,"5'10""",Golfer,R-Fr.,Fr,"Montrose, Colo.",Montrose,CO,domestic,Montrose,0,https://cmumavericks.com/sports/mens-golf/roster/2025-26
glf_54d7271d63c3,Henry,Starr,golf,2025-26,2026,D2,Men,Rocky Mountain Athletic Conference,Colorado Mesa,"6'1""",Golfer,Fr.,Fr,"Englewood, Colo.",Englewood,CO,domestic,Cherry Creek,0,https://cmumavericks.com/sports/mens-golf/roster/2025-26
glf_5abe0e36e4dd,Luke,Wagstaff,golf,2025-26,2026,D2,Men,Rocky Mountain Athletic Conference,Colorado Mesa,"6'3""",Golfer,Jr.,Jr,"McKinney, Texas",McKinney,TX,domestic,Independence,0,https://cmumavericks.com/sports/mens-golf/roster/2025-26
glf_903d8a6472d7,Marius,Dosiere,golf,2025-26,2026,D2,Men,Rocky Mountain Athletic Conference,Colorado State Pueblo,"5'6"" 147 lbs",Golfer,Sr.,Sr,"Fouras, France",Fouras,,international,Lycée Merleau Ponty,0,https://gothunderwolves.com/sports/mens-golf/roster/2025-26
glf_fef2913bf72d,Jake,Johnston,golf,2025-26,2026,D2,Men,Rocky Mountain Athletic Conference,Colorado State Pueblo,"6'2"" 145 lbs",Golfer,So.,So,"Edinburgh, Scotland",Edinburgh,,international,Royal High School,0,https://gothunderwolves.com/sports/mens-golf/roster/2025-26
glf_c8a5b5f6d0be,Callum,Kenneally,golf,2025-26,2026,D2,Men,Rocky Mountain Athletic Conference,Colorado State Pueblo,"5'11"" 155 lbs",Golfer,Jr.,Jr,"Duns, Scotland",Duns,,international,Berwickshire High School,0,https://gothunderwolves.com/sports/mens-golf/roster/2025-26
glf_fa42ef630491,Kyle,Leydon,golf,2025-26,2026,D2,Men,Rocky Mountain Athletic Conference,Colorado State Pueblo,,Golfer,R-Jr.,Jr,"Commerce City, Colo.",Commerce City,CO,domestic,Brighton,0,https://gothunderwolves.com/sports/mens-golf/roster/2025-26
glf_4eca4756d4b5,Paraic,McGrath,golf,2025-26,2026,D2,Men,Rocky Mountain Athletic Conference,Colorado State Pueblo,"6'0"" 176 lbs",Golfer,Jr.,Jr,"Galway, Ireland",Galway,,international,Claregalway College,0,https://gothunderwolves.com/sports/mens-golf/roster/2025-26
glf_f3e7a28999ab,Jayden,Padilla,golf,2025-26,2026,D2,Men,Rocky Mountain Athletic Conference,Colorado State Pueblo,"5'10"" 155 lbs",Golfer,Fr.,Fr,"Pueblo, Colo.",Pueblo,CO,domestic,Pueblo East HS,0,https://gothunderwolves.com/sports/mens-golf/roster/2025-26
glf_de158476af67,Agustin,Pizzorno,golf,2025-26,2026,D2,Men,Rocky Mountain Athletic Conference,Colorado State Pueblo,"5'6"" 145 lbs",Golfer,Sr.,Sr,"Rio Grande do Sul, Brazil",Rio Grande do Sul,,international,Santa Teresa de Jesus,0,https://gothunderwolves.com/sports/mens-golf/roster/2025-26
glf_41673c5f59a9,Luke,Shelton,golf,2025-26,2026,D2,Men,Rocky Mountain Athletic Conference,Colorado State Pueblo,"6'6"" 175 lbs",Golfer,Jr.,Jr,"Wichita, Kan.",Wichita,KS,domestic,Bishop Carroll Catholic,0,https://gothunderwolves.com/sports/mens-golf/roster/2025-26
glf_6011bf50b8d5,Evan,Smith,golf,2025-26,2026,D2,Men,Rocky Mountain Athletic Conference,Colorado State Pueblo,"6'1"" 180 lbs",Golfer,Sr.,Sr,"Pueblo, Colo.",Pueblo,CO,domestic,Pueblo East,0,https://gothunderwolves.com/sports/mens-golf/roster/2025-26
glf_1edecfdf1973,Archie,Wyatt,golf,2025-26,2026,D2,Men,Rocky Mountain Athletic Conference,Colorado State Pueblo,"6'0"" 170 lbs",Golfer,Sr.,Sr,"Edinburgh, Scotland",Edinburgh,,international,Loretto School,0,https://gothunderwolves.com/sports/mens-golf/roster/2025-26
glf_30d605985b12,Jackson,Cavanaugh,golf,2025-26,2026,D2,Men,Peach Belt Conference,Columbus State,,Golfer,So.,So,"Newnan, Ga.",Newnan,GA,domestic,Northgate HS,0,https://csucougars.com/sports/mens-golf/roster/2025-26
glf_ae34fe940ec9,Frederick,Chappell,golf,2025-26,2026,D2,Men,Peach Belt Conference,Columbus State,,Golfer,So.,So,"Bogart, Ga.",Bogart,GA,domestic,North Oconee HS,0,https://csucougars.com/sports/mens-golf/roster/2025-26
glf_f2fdc1be6c0c,Will,Coffman,golf,2025-26,2026,D2,Men,Peach Belt Conference,Columbus State,,Golfer,So.,So,"Palmetto, Ga.",Palmetto,GA,domestic,Northgate High School,0,https://csucougars.com/sports/mens-golf/roster/2025-26
glf_67557883efd9,Will,Greene,golf,2025-26,2026,D2,Men,Peach Belt Conference,Columbus State,,Golfer,So.,So,"Birmingham, Ala.",Birmingham,AL,domestic,Oak Mountain HS,0,https://csucougars.com/sports/mens-golf/roster/2025-26
glf_d7c186010cef,Russell,Makepeace,golf,2025-26,2026,D2,Men,Peach Belt Conference,Columbus State,,Golfer,Jr.,Jr,"Atlanta, Ga.",Atlanta,GA,domestic,North Atlanta HS,0,https://csucougars.com/sports/mens-golf/roster/2025-26
glf_69c9c2f55226,Bernard,Meyer,golf,2025-26,2026,D2,Men,Peach Belt Conference,Columbus State,,Golfer,Sr.,Sr,"Johannesburg, South Africa",Johannesburg,,international,Balderstone Sports Institution,0,https://csucougars.com/sports/mens-golf/roster/2025-26
glf_a32442aefc3f,William,Partner,golf,2025-26,2026,D2,Men,Peach Belt Conference,Columbus State,,Golfer,Fr.,Fr,"Kent, England",Kent,,international,Folkestone Academy,1,https://csucougars.com/sports/mens-golf/roster/2025-26
glf_de9c89075b93,Ian,Pienaar,golf,2025-26,2026,D2,Men,Peach Belt Conference,Columbus State,,Golfer,Sr.,Sr,"Perth, Australia",Perth,,international,Lake Joondalup Baptist College,0,https://csucougars.com/sports/mens-golf/roster/2025-26
glf_1e16eec39b3b,Jack,Quinn,golf,2025-26,2026,D2,Men,Peach Belt Conference,Columbus State,,Golfer,Fr.,Fr,"West Palm Beach, Fl.",West Palm Beach,FL,domestic,Florida Virtual School,0,https://csucougars.com/sports/mens-golf/roster/2025-26
glf_a65a391ac7c7,Phil,Snyman,golf,2025-26,2026,D2,Men,Peach Belt Conference,Columbus State,,Golfer,Sr.,Sr,"Gold Coast, Australia",Gold Coast,,international,Saint Stephens College,0,https://csucougars.com/sports/mens-golf/roster/2025-26
glf_0ef93cae751f,Bryant,Vail,golf,2025-26,2026,D2,Men,Peach Belt Conference,Columbus State,,Golfer,So.,So,"Acworth, Ga.",Acworth,GA,domestic,North Paulding HS,0,https://csucougars.com/sports/mens-golf/roster/2025-26
glf_e94ffac617d2,Saeed,Aboulhosn,golf,2025-26,2026,D2,Men,Mountain East Conference,Concord,,Golfer,SO,So,"Princeton, W.Va.",Princeton,WV,domestic,Princeton,0,https://cumountainlions.com/sports/mens-golf/roster/2025-26
glf_5c01a773f1e0,Finn,Bailey,golf,2025-26,2026,D2,Men,Mountain East Conference,Concord,,Golfer,FR,Fr,"Princeton, W.Va.",Princeton,WV,domestic,Princeton,0,https://cumountainlions.com/sports/mens-golf/roster/2025-26
glf_b6a9abce0fe5,Dylan,Canterbury,golf,2025-26,2026,D2,Men,Mountain East Conference,Concord,,Golfer,FR,Fr,"Princeton, W.Va.",Princeton,WV,domestic,Princeton,0,https://cumountainlions.com/sports/mens-golf/roster/2025-26
glf_7ed27e5285a5,Shih-Chieh,Cheng,golf,2025-26,2026,D2,Men,Mountain East Conference,Concord,,Golfer,FR,Fr,"Tainan City, Taiwan",Tainan City,,international,CTBC International Academy,1,https://cumountainlions.com/sports/mens-golf/roster/2025-26
glf_86d14112f7f9,Coltan,Farrell,golf,2025-26,2026,D2,Men,Mountain East Conference,Concord,,Golfer,SO,So,"Newport, Va.",Newport,VA,domestic,Giles,0,https://cumountainlions.com/sports/mens-golf/roster/2025-26
glf_717d6a42a967,Luke,Fraley,golf,2025-26,2026,D2,Men,Mountain East Conference,Concord,,Golfer,FR,Fr,"Gap Mills, W.Va.",Gap Mills,WV,domestic,James Monroe,0,https://cumountainlions.com/sports/mens-golf/roster/2025-26
glf_b029aed4ec73,Owen,Jackson,golf,2025-26,2026,D2,Men,Mountain East Conference,Concord,,Golfer,JR,Jr,"Peterstown, W.Va.",Peterstown,WV,domestic,James Monroe,0,https://cumountainlions.com/sports/mens-golf/roster/2025-26
glf_f79b531166b1,Henry,Lewis,golf,2025-26,2026,D2,Men,Mountain East Conference,Concord,,Golfer,FR,Fr,"Oakland, Md.",Oakland,MD,domestic,Southern Garrett,0,https://cumountainlions.com/sports/mens-golf/roster/2025-26
glf_8cf34a40f60c,Jackson,Mendler,golf,2025-26,2026,D2,Men,Mountain East Conference,Concord,,Golfer,FR,Fr,"New Orleans, La.",New Orleans,LA,domestic,Isadore Newman,0,https://cumountainlions.com/sports/mens-golf/roster/2025-26
glf_97d050d399d0,Jeremy,Nguyen,golf,2025-26,2026,D2,Men,Mountain East Conference,Concord,,Golfer,FR,Fr,"Richmond, Texas",Richmond,TX,domestic,George Ranch,0,https://cumountainlions.com/sports/mens-golf/roster/2025-26
glf_b3e9ddfcbc01,Luke,Taylor,golf,2025-26,2026,D2,Men,Mountain East Conference,Concord,,Golfer,JR,Jr,"Vienna, W.Va.",Vienna,WV,domestic,Williamstown,0,https://cumountainlions.com/sports/mens-golf/roster/2025-26
glf_edfc68362d76,Jackson,Williams,golf,2025-26,2026,D2,Men,Mountain East Conference,Concord,,Golfer,FR,Fr,"Crow, W.Va.",Crow,WV,domestic,Shady Spring,0,https://cumountainlions.com/sports/mens-golf/roster/2025-26
glf_749b3816c082,Jonah,Willson,golf,2025-26,2026,D2,Men,Mountain East Conference,Concord,,Golfer,SO,So,"Daniels, W.Va.",Daniels,WV,domestic,Woodrow Wilson,0,https://cumountainlions.com/sports/mens-golf/roster/2025-26
glf_ce8df293c781,Carson,Boe,golf,2025-26,2026,D2,Men,Northern Sun Intercollegiate Conference,Concordia St Paul,"5'10"" R",Golfer,Fr.,Fr,"Cottonwood, Minn.",Cottonwood,MN,domestic,Lakeview HS,0,https://cspbears.com/sports/mens-golf/roster/2025-26
glf_0d33833b740c,Chase,Camilli,golf,2025-26,2026,D2,Men,Northern Sun Intercollegiate Conference,Concordia St Paul,"6'0"" R",Golfer,Jr.,Jr,"Lakeville, Minn.",Lakeville,MN,domestic,Lakeville North HS,0,https://cspbears.com/sports/mens-golf/roster/2025-26
glf_a57ae5823607,Josh,Esterley,golf,2025-26,2026,D2,Men,Northern Sun Intercollegiate Conference,Concordia St Paul,"6'0"" R",Golfer,Jr.,Jr,"Chaska, Minn.",Chaska,MN,domestic,Chaska HS,0,https://cspbears.com/sports/mens-golf/roster/2025-26
glf_48319de9eba1,Bailey,Johnston,golf,2025-26,2026,D2,Men,Northern Sun Intercollegiate Conference,Concordia St Paul,"6'2"" R",Golfer,Sr.,Sr,"Hastings, Minn.",Hastings,MN,domestic,Shattuck St. Mary's,0,https://cspbears.com/sports/mens-golf/roster/2025-26
glf_f384cca1d5d3,Sean,Leutner,golf,2025-26,2026,D2,Men,Northern Sun Intercollegiate Conference,Concordia St Paul,"6'3"" R",Golfer,Fr.,Fr,"Savage, Minn.",Savage,MN,domestic,Prior Lake HS,0,https://cspbears.com/sports/mens-golf/roster/2025-26
glf_63a37c6d489f,Sam,Lunde,golf,2025-26,2026,D2,Men,Northern Sun Intercollegiate Conference,Concordia St Paul,"6'0"" R",Golfer,Fr.,Fr,"Sartell, Minn.",Sartell,MN,domestic,Sartell HS,0,https://cspbears.com/sports/mens-golf/roster/2025-26
glf_fe9cbe74f1ae,Camden,O'Malley,golf,2025-26,2026,D2,Men,Northern Sun Intercollegiate Conference,Concordia St Paul,"5'8"" R",Golfer,Jr.,Jr,"White Bear Lake, Minn.",White Bear Lake,MN,domestic,White Bear Lake HS,0,https://cspbears.com/sports/mens-golf/roster/2025-26
glf_86c2dee9fa64,Sam,Rudolph,golf,2025-26,2026,D2,Men,Northern Sun Intercollegiate Conference,Concordia St Paul,"6'0"" R",Golfer,Jr.,Jr,"Richfield, Minn.",Richfield,MN,domestic,Richfield HS,0,https://cspbears.com/sports/mens-golf/roster/2025-26
glf_ef450747e47b,Cale,Thompson,golf,2025-26,2026,D2,Men,Northern Sun Intercollegiate Conference,Concordia St Paul,"6'0"" R",Golfer,Fr.,Fr,"Farmington, Minn.",Farmington,MN,domestic,Farmington HS,0,https://cspbears.com/sports/mens-golf/roster/2025-26
glf_7d91f57d86e2,Trey,Timm,golf,2025-26,2026,D2,Men,Northern Sun Intercollegiate Conference,Concordia St Paul,"6'2"" R",Golfer,Sr.,Sr,"River Falls, Wis.",River Falls,WI,domestic,River Falls HS,0,https://cspbears.com/sports/mens-golf/roster/2025-26
glf_7ece209290af,Brady,Baldwin,golf,2025-26,2026,D2,Men,Great Lakes Intercollegiate Athletic Conference,Davenport,,Golfer,Jr.,Jr,"Flushing, Mich.",Flushing,MI,domestic,Flushing,0,https://dupanthers.com/sports/mens-golf/roster/2025-26
glf_de3ba3ebf6b0,Cameron,Barrett,golf,2025-26,2026,D2,Men,Great Lakes Intercollegiate Athletic Conference,Davenport,,Golfer,Jr.,Jr,"Novi, Mich.",Novi,MI,domestic,Novi,0,https://dupanthers.com/sports/mens-golf/roster/2025-26
glf_3ab7e0d02829,Noah,Besteman,golf,2025-26,2026,D2,Men,Great Lakes Intercollegiate Athletic Conference,Davenport,,Golfer,Fr.,Fr,"Hudsonville, Mich.",Hudsonville,MI,domestic,Unity Christian,0,https://dupanthers.com/sports/mens-golf/roster/2025-26
glf_86684ff3e381,Andy,Chew,golf,2025-26,2026,D2,Men,Great Lakes Intercollegiate Athletic Conference,Davenport,,Golfer,So.,So,"Kuching, Malaysia",Kuching,,international,Tunku Putra,0,https://dupanthers.com/sports/mens-golf/roster/2025-26
glf_0ef97170fcd0,T.J.,Chiu,golf,2025-26,2026,D2,Men,Great Lakes Intercollegiate Athletic Conference,Davenport,,Golfer,Fr.,Fr,"Zhubei City, Taiwan",Zhubei City,,international,Chupei,0,https://dupanthers.com/sports/mens-golf/roster/2025-26
glf_ed1b43a1d740,Jacob,Elliott,golf,2025-26,2026,D2,Men,Great Lakes Intercollegiate Athletic Conference,Davenport,,Golfer,Fr.,Fr,"Ada, Mich.",Ada,MI,domestic,Forest Hills Central,0,https://dupanthers.com/sports/mens-golf/roster/2025-26
glf_fb26f63a49be,Justin,Grimard,golf,2025-26,2026,D2,Men,Great Lakes Intercollegiate Athletic Conference,Davenport,,Golfer,Jr.,Jr,"Deux-Montagnes, Qubec",Deux-Montagnes,,international,St. Gabriel,0,https://dupanthers.com/sports/mens-golf/roster/2025-26
glf_fe9fbf4e54be,Brayden,Huertas,golf,2025-26,2026,D2,Men,Great Lakes Intercollegiate Athletic Conference,Davenport,,Golfer,Jr.,Jr,"Spring, Texas",Spring,TX,domestic,Klein Cain,0,https://dupanthers.com/sports/mens-golf/roster/2025-26
glf_39b320294be5,Cayden,Kwan,golf,2025-26,2026,D2,Men,Great Lakes Intercollegiate Athletic Conference,Davenport,,Golfer,Jr.,Jr,"Markham, Ontario",Markham,,international,St. Augustine Catholic,0,https://dupanthers.com/sports/mens-golf/roster/2025-26
glf_c787bb163fd4,Lincoln,Loughin,golf,2025-26,2026,D2,Men,Great Lakes Intercollegiate Athletic Conference,Davenport,,Golfer,Jr.,Jr,"Hudsonville, Mich.",Hudsonville,MI,domestic,Hudsonville,0,https://dupanthers.com/sports/mens-golf/roster/2025-26
glf_6e42f2ef9eea,Logan,Northam,golf,2025-26,2026,D2,Men,Great Lakes Intercollegiate Athletic Conference,Davenport,,Golfer,So.,So,"Richmond, Mich.",Richmond,MI,domestic,Richmond,0,https://dupanthers.com/sports/mens-golf/roster/2025-26
glf_5230a81b206a,Casey,Patterson,golf,2025-26,2026,D2,Men,Great Lakes Intercollegiate Athletic Conference,Davenport,,Golfer,Jr.,Jr,"Norwich, England",Norwich,,international,Cromer Academy,1,https://dupanthers.com/sports/mens-golf/roster/2025-26
glf_7314fee1395b,Pedro,Russi,golf,2025-26,2026,D2,Men,Great Lakes Intercollegiate Athletic Conference,Davenport,,Golfer,So.,So,"Bucaramanga, Colombia",Bucaramanga,,international,Panamericano,0,https://dupanthers.com/sports/mens-golf/roster/2025-26
glf_d5f4779a3e52,Sutton,Schroeder,golf,2025-26,2026,D2,Men,Great Lakes Intercollegiate Athletic Conference,Davenport,,Golfer,Fr.,Fr,"Gowen, Mich.",Gowen,MI,domestic,Greenville,0,https://dupanthers.com/sports/mens-golf/roster/2025-26
glf_274086b94d37,Liam,Taylor,golf,2025-26,2026,D2,Men,Great Lakes Intercollegiate Athletic Conference,Davenport,,Golfer,Fr.,Fr,"Milton, Wis.",Milton,WI,domestic,Milton High School,0,https://dupanthers.com/sports/mens-golf/roster/2025-26
glf_2a7102202949,Hudson,Turcotte,golf,2025-26,2026,D2,Men,Great Lakes Intercollegiate Athletic Conference,Davenport,,Golfer,Jr.,Jr,"Stittsville, Ontario",Stittsville,,international,South Carleton,0,https://dupanthers.com/sports/mens-golf/roster/2025-26
glf_f2ac4c39dd6d,Hoyt,Wrona,golf,2025-26,2026,D2,Men,Great Lakes Intercollegiate Athletic Conference,Davenport,,Golfer,Fr.,Fr,"Cement City, Mich.",Cement City,MI,domestic,Hanover Horton,0,https://dupanthers.com/sports/mens-golf/roster/2025-26
glf_9c22161ac2ee,Chen-Shiuan,Wu,golf,2025-26,2026,D2,Men,Great Lakes Intercollegiate Athletic Conference,Davenport,,Golfer,So.,So,"Taipei, Taiwan",Taipei,,international,Taipei Municipal Heping,0,https://dupanthers.com/sports/mens-golf/roster/2025-26
glf_ba12f4a638a7,Chris,Young,golf,2025-26,2026,D2,Men,Great Lakes Intercollegiate Athletic Conference,Davenport,,Golfer,So.,So,"Lansing, Mich",Lansing,MI,domestic,Grand Ledge,0,https://dupanthers.com/sports/mens-golf/roster/2025-26
glf_d95875a7574b,Preston,Younge,golf,2025-26,2026,D2,Men,Great Lakes Intercollegiate Athletic Conference,Davenport,,Golfer,So.,So,"Paris, Mich.",Paris,MI,domestic,Big Rapids,0,https://dupanthers.com/sports/mens-golf/roster/2025-26
glf_e5685da9225d,Thomas,Davies,golf,2025-26,2026,D2,Men,Mountain East Conference,Davis and Elkins,"5'11""",Golfer,Jr.,Jr,"Manchester, England",Manchester,,international,Bacup & Rawenstall Grammar School,0,https://senatornation.com/sports/mens-golf/roster/2025-26
glf_14fb2c82e64d,Dillon,Dunz,golf,2025-26,2026,D2,Men,Mountain East Conference,Davis and Elkins,,Golfer,Fr.,Fr,"Marlinton, W. Va.",Marlinton,WV,domestic,Pocahontas County,0,https://senatornation.com/sports/mens-golf/roster/2025-26
glf_0e3f7f1cbaa8,Isaac,Gregson,golf,2025-26,2026,D2,Men,Mountain East Conference,Davis and Elkins,,Golfer,Jr.,Jr,"Manchester, England",Manchester,,international,,0,https://senatornation.com/sports/mens-golf/roster/2025-26
glf_3c61ce03600d,Luke,Grilliot,golf,2025-26,2026,D2,Men,Mountain East Conference,Davis and Elkins,,Golfer,Fr.,Fr,"Fairborn, Ohio",Fairborn,OH,domestic,Beavercreek,0,https://senatornation.com/sports/mens-golf/roster/2025-26
glf_27449f817011,Hugo,Mayorga,golf,2025-26,2026,D2,Men,Mountain East Conference,Davis and Elkins,,Golfer,So.,So,"Guatemala City, Guatemala",Guatemala City,,international,The American School,0,https://senatornation.com/sports/mens-golf/roster/2025-26
glf_47b205a2e8a9,Lucio,Pavicich,golf,2025-26,2026,D2,Men,Mountain East Conference,Davis and Elkins,,Golfer,Jr.,Jr,"Rosario, Argentina",Rosario,,international,Marista Nuestra Senora de Rosario,0,https://senatornation.com/sports/mens-golf/roster/2025-26
glf_6ee0969296c3,Samuel,Rached,golf,2025-26,2026,D2,Men,Mountain East Conference,Davis and Elkins,"5'11""",Golfer,Sr.,Sr,"Valencia, Venezuela",Valencia,,international,,0,https://senatornation.com/sports/mens-golf/roster/2025-26
glf_3735a3e78cd2,Jaime,Regan,golf,2025-26,2026,D2,Men,Mountain East Conference,Davis and Elkins,,Golfer,Fr.,Fr,"Clara, Ireland",Clara,,international,Ard Scoil Chiarain Naofa,0,https://senatornation.com/sports/mens-golf/roster/2025-26
glf_7710c0405e2f,Leonardo,Turra,golf,2025-26,2026,D2,Men,Mountain East Conference,Davis and Elkins,"6'0""",Golfer,Sr.,Sr,"Brescia, Italy",Brescia,,international,,0,https://senatornation.com/sports/mens-golf/roster/2025-26
glf_5d06d0a692fb,Wouter,Vondeling,golf,2025-26,2026,D2,Men,Mountain East Conference,Davis and Elkins,,Golfer,So.,So,"Drachten, Netherlands",Drachten,,international,International School,0,https://senatornation.com/sports/mens-golf/roster/2025-26
glf_7207fed4ee39,Ratchanon,Aiemsumang,golf,2025-26,2026,D2,Men,Gulf South Conference,Delta State,190 lbs,Golfer,So.,So,"Bangkok, Thailand",Bangkok,,international,Tenn. Houston High School,0,https://gostatesmen.com/sports/mens-golf/roster/2025-26
glf_91c083919bfe,Payne,Bius,golf,2025-26,2026,D2,Men,Gulf South Conference,Delta State,,Golfer,Fr.,Fr,"West Point, Miss.",West Point,MS,domestic,Oak Hill Academy,1,https://gostatesmen.com/sports/mens-golf/roster/2025-26
glf_2f10ea65efb3,Peter,Blazevic,golf,2025-26,2026,D2,Men,Gulf South Conference,Delta State,,Golfer,Sr.,Sr,"Mississauga, Ontario",Mississauga,,international,Mississauga Secondary School,0,https://gostatesmen.com/sports/mens-golf/roster/2025-26
glf_4d2eaefff957,Davis,Byrd,golf,2025-26,2026,D2,Men,Gulf South Conference,Delta State,,Golfer,R-Jr.,Jr,"Memphis, Tenn.",Memphis,TN,domestic,Tenn. Houston High School,0,https://gostatesmen.com/sports/mens-golf/roster/2025-26
glf_191576898e84,Gonzalo,De Minon,golf,2025-26,2026,D2,Men,Gulf South Conference,Delta State,,Golfer,Fr.,Fr,"Puerto de Santa Maria, Spain",Puerto de Santa Maria,,international,Guadalete,0,https://gostatesmen.com/sports/mens-golf/roster/2025-26
glf_d02c72ba28a8,Santino,Ercole,golf,2025-26,2026,D2,Men,Gulf South Conference,Delta State,,Golfer,Sr.,Sr,"Venado Tuerto, Argentina",Venado Tuerto,,international,Dante Alighieri Venado Tuerto,0,https://gostatesmen.com/sports/mens-golf/roster/2025-26
glf_fadcd4af2ae7,Evans,Haynie,golf,2025-26,2026,D2,Men,Gulf South Conference,Delta State,,Golfer,Fr.,Fr,"Lakeland, Tenn.",Lakeland,TN,domestic,Tenn. Arlington High School,0,https://gostatesmen.com/sports/mens-golf/roster/2025-26
glf_3e9d0893986c,Cooper,Jones,golf,2025-26,2026,D2,Men,Gulf South Conference,Delta State,,Golfer,Fr.,Fr,"Palmyra, Tenn.",Palmyra,TN,domestic,Tenn. Clarksville High School,0,https://gostatesmen.com/sports/mens-golf/roster/2025-26
glf_bf4e9602f0b8,PA,Kilburn,golf,2025-26,2026,D2,Men,Gulf South Conference,Delta State,,Golfer,R-Jr.,Jr,"Monroe, Ga.",Monroe,GA,domestic,Monroe Area High School,0,https://gostatesmen.com/sports/mens-golf/roster/2025-26
glf_a4830b9a0817,Niko,Salmi,golf,2025-26,2026,D2,Men,Gulf South Conference,Delta State,,Golfer,Jr.,Jr,"Pattaya, Thailand",Pattaya,,international,Regents International School,0,https://gostatesmen.com/sports/mens-golf/roster/2025-26
glf_0c39ae4a8974,Grant,Simpson,golf,2025-26,2026,D2,Men,Gulf South Conference,Delta State,,Golfer,Fr.,Fr,"Britton, Mich.",Britton,MI,domestic,Mich. Tecumseh High School,0,https://gostatesmen.com/sports/mens-golf/roster/2025-26
glf_51e7d19a7f24,Hayden,Webber,golf,2025-26,2026,D2,Men,Gulf South Conference,Delta State,,Golfer,Fr.,Fr,"Madison, Miss.",Madison,MS,domestic,Miss. Madison Central High School,0,https://gostatesmen.com/sports/mens-golf/roster/2025-26
glf_619fddba3ef5,Ty,Werynski,golf,2025-26,2026,D2,Men,Gulf South Conference,Delta State,,Golfer,So.,So,"Burlington, Ontario",Burlington,,international,Corpus Christi Catholic Secondary School,0,https://gostatesmen.com/sports/mens-golf/roster/2025-26
glf_6bc8601bb7ae,Joseph,Berggren,golf,2025-26,2026,D2,Men,Pacific West Conference,Dominican CA,"5'9"" 160 lbs",Golfer,Jr.,Jr,"Plymouth, Mass.",Plymouth,MA,domestic,Avon Old Farms,0,https://dominicanathletics.com/sports/mens-golf/roster/2025-26
glf_afa37c9b1b32,Jonathan,Chen,golf,2025-26,2026,D2,Men,Pacific West Conference,Dominican CA,"5'7"" 145 lbs",Golfer,Fr.,Fr,"Carmel, Calif.",Carmel,CA,domestic,Carmel,0,https://dominicanathletics.com/sports/mens-golf/roster/2025-26
glf_8791d500db1e,Carter,Degelman,golf,2025-26,2026,D2,Men,Pacific West Conference,Dominican CA,"6'2"" 165 lbs",Golfer,So.,So,"Saskatoon, Saskatchewan",Saskatoon,,international,Holy Cross High School,0,https://dominicanathletics.com/sports/mens-golf/roster/2025-26
glf_f8150fd722eb,Jack,Gladys,golf,2025-26,2026,D2,Men,Pacific West Conference,Dominican CA,"5'10"" 130 lbs",Golfer,Fr.,Fr,"Washoe Valley, Nev.",Washoe Valley,NV,domestic,Bishop Manogue Catholic,0,https://dominicanathletics.com/sports/mens-golf/roster/2025-26
glf_52ea1c4ba8a6,Daniel,Marmorstein,golf,2025-26,2026,D2,Men,Pacific West Conference,Dominican CA,"6'1"" 180 lbs R",Golfer,Sr.,Sr,"Agoura Hills, Calif.",Agoura Hills,CA,domestic,Calabasas,0,https://dominicanathletics.com/sports/mens-golf/roster/2025-26
glf_9f59194f5138,Jerred,Scott,golf,2025-26,2026,D2,Men,Pacific West Conference,Dominican CA,"6'2"" 162 lbs R",Golfer,Jr.,Jr,"Windsor, Calif.",Windsor,CA,domestic,Windsor,0,https://dominicanathletics.com/sports/mens-golf/roster/2025-26
glf_59485bfea4ca,Carson,Sorci,golf,2025-26,2026,D2,Men,Pacific West Conference,Dominican CA,"6'2"" 150 lbs",Golfer,Fr.,Fr,"Bakersfield, Calif.",Bakersfield,CA,domestic,Graces Memorial,0,https://dominicanathletics.com/sports/mens-golf/roster/2025-26
glf_9f5213916d6a,Landon,Alexander,golf,2025-26,2026,D2,Men,Great American Conference,East Central,"6'2""",Golfer,Sr.,Sr,"Prague, OK",Prague,OK,domestic,OK Latta High School,0,https://ecutigers.com/sports/mens-golf/roster/2025-26
glf_8975f6bdafe7,Conner,Compton,golf,2025-26,2026,D2,Men,Great American Conference,East Central,"5'10""",Golfer,Sr.,Sr,"Oklahoma City, OK",Oklahoma City,OK,domestic,Bethany High School,0,https://ecutigers.com/sports/mens-golf/roster/2025-26
glf_0eb0bf5b8e88,Rhett,Gray,golf,2025-26,2026,D2,Men,Great American Conference,East Central,"5'11""",Golfer,Fr.,Fr,"Ada, OK",Ada,OK,domestic,OK Latta High School,0,https://ecutigers.com/sports/mens-golf/roster/2025-26
glf_7363ccf8cc69,Pablo,Illescas,golf,2025-26,2026,D2,Men,Great American Conference,East Central,"5'10""",Golfer,Jr.,Jr,"Madrid, Spain",Madrid,,international,IES Beatriz Galindo,0,https://ecutigers.com/sports/mens-golf/roster/2025-26
glf_dfaecc4d8a79,Gabriel,Jones,golf,2025-26,2026,D2,Men,Great American Conference,East Central,"5'10""",Golfer,Fr.,Fr,"Enid, OK",Enid,OK,domestic,OK Pond Creek-Hunter High School,0,https://ecutigers.com/sports/mens-golf/roster/2025-26
glf_fc23ccc332cb,Jackson,Jones,golf,2025-26,2026,D2,Men,Great American Conference,East Central,,Golfer,Fr.,Fr,"Enid, OK",Enid,OK,domestic,OK Pond Creek-Hunter High School,0,https://ecutigers.com/sports/mens-golf/roster/2025-26
glf_706bf1636bae,Aidan,Morrison,golf,2025-26,2026,D2,Men,Great American Conference,East Central,"5'9""",Golfer,Fr.,Fr,"Hot Springs, AR",Hot Springs,AR,domestic,AR Bismarck High School,0,https://ecutigers.com/sports/mens-golf/roster/2025-26
glf_f9fca4a383c1,Gage,Tennyson,golf,2025-26,2026,D2,Men,Great American Conference,East Central,"6'0""",Golfer,Sr.,Sr,"Yukon, OK",Yukon,OK,domestic,Southwestern Christian,0,https://ecutigers.com/sports/mens-golf/roster/2025-26
glf_29434c976a51,Jaxon,Bailey,golf,2025-26,2026,D2,Men,Great Lakes Valley Conference,Drury,,Golfer,Fr.,Fr,"Monett, Mo.",Monett,MO,domestic,Monett,0,https://drurypanthers.com/sports/mens-golf/roster/2025-26
glf_32b723c923fb,Cason,Bekemeier,golf,2025-26,2026,D2,Men,Great Lakes Valley Conference,Drury,,Golfer,Fr.,Fr,"Republic, Mo.",Republic,MO,domestic,Republic,0,https://drurypanthers.com/sports/mens-golf/roster/2025-26
glf_9f27e417ad80,Ellton,Bostrom,golf,2025-26,2026,D2,Men,Great Lakes Valley Conference,Drury,,Golfer,So.,So,"Stockholm, Sweden",Stockholm,,international,Bromma Gymnasium,0,https://drurypanthers.com/sports/mens-golf/roster/2025-26
glf_c1805d57aef3,Andrew,Bristow,golf,2025-26,2026,D2,Men,Great Lakes Valley Conference,Drury,,Golfer,So.,So,"Branson, Mo.",Branson,MO,domestic,Branson,0,https://drurypanthers.com/sports/mens-golf/roster/2025-26
glf_c0f5ce3d1123,Zach,Carter,golf,2025-26,2026,D2,Men,Great Lakes Valley Conference,Drury,,Golfer,Fr.,Fr,"Bentonville, Ark.",Bentonville,AR,domestic,Bentonville,0,https://drurypanthers.com/sports/mens-golf/roster/2025-26
glf_a2126289b74b,Max,Ellis,golf,2025-26,2026,D2,Men,Great Lakes Valley Conference,Drury,,Golfer,Jr.,Jr,"Kansas City, Mo.",Kansas City,MO,domestic,St. Michael the Archangel Catholic,0,https://drurypanthers.com/sports/mens-golf/roster/2025-26
glf_815f11130574,Owen,Jump,golf,2025-26,2026,D2,Men,Great Lakes Valley Conference,Drury,,Golfer,Fr.,Fr,"Springfield, Mo.",Springfield,MO,domestic,Kickapoo,0,https://drurypanthers.com/sports/mens-golf/roster/2025-26
glf_62617c086b81,Kal,Kolar,golf,2025-26,2026,D2,Men,Great Lakes Valley Conference,Drury,,Golfer,Sr.,Sr,"Maplewood, Mo.",Maplewood,MO,domestic,Maplewood-Richmond Heights,0,https://drurypanthers.com/sports/mens-golf/roster/2025-26
glf_207af42a8ba0,Cross,Kubik,golf,2025-26,2026,D2,Men,Great Lakes Valley Conference,Drury,,Golfer,Sr.,Sr,"Springfield, Mo.",Springfield,MO,domestic,Kickapoo,0,https://drurypanthers.com/sports/mens-golf/roster/2025-26
glf_89eb38431a20,Gaige,Lewis,golf,2025-26,2026,D2,Men,Great Lakes Valley Conference,Drury,,Golfer,Jr.,Jr,"Springfield, Mo.",Springfield,MO,domestic,Kickapoo,0,https://drurypanthers.com/sports/mens-golf/roster/2025-26
glf_fea4b8bdbda2,Meyer,Lively,golf,2025-26,2026,D2,Men,Great Lakes Valley Conference,Drury,,Golfer,So.,So,"Nixa, Mo.",Nixa,MO,domestic,Nixa,0,https://drurypanthers.com/sports/mens-golf/roster/2025-26
glf_b05aff0a6473,Ben,Presley,golf,2025-26,2026,D2,Men,Great Lakes Valley Conference,Drury,,Golfer,So.,So,"Branson, Mo.",Branson,MO,domestic,Branson,0,https://drurypanthers.com/sports/mens-golf/roster/2025-26
glf_91142ff5d2dc,Reece,Vertin,golf,2025-26,2026,D2,Men,Great Lakes Valley Conference,Drury,,Golfer,So.,So,"Crete, Neb.",Crete,NE,domestic,Crete,0,https://drurypanthers.com/sports/mens-golf/roster/2025-26
glf_0c50e8c071f9,Alex,Wiseman,golf,2025-26,2026,D2,Men,Great Lakes Valley Conference,Drury,,Golfer,Sr.,Sr,"Williamsville, Mo.",Williamsville,MO,domestic,Poplar Bluff,0,https://drurypanthers.com/sports/mens-golf/roster/2025-26
glf_5147cc8f417b,Jaiden,Brown,golf,2025-26,2026,D2,Men,Sunshine State Conference,Eckerd,,Golfer,Fr.,Fr,"Newcastle, Ontario, Canada",Newcastle,,international,Bowmanville,0,https://eckerdtritons.com/sports/mens-golf/roster/2025-26
glf_1d40ac31c818,Drew,Campbell,golf,2025-26,2026,D2,Men,Sunshine State Conference,Eckerd,,Golfer,So.,So,"Tampa, Fla.",Tampa,FL,domestic,Tampa Jesuit,0,https://eckerdtritons.com/sports/mens-golf/roster/2025-26
glf_fbb6d2a3b28e,Josh,DiZinno,golf,2025-26,2026,D2,Men,Sunshine State Conference,Eckerd,,Golfer,Sr.,Sr,"Alexandria, Va.",Alexandria,VA,domestic,Gonzaga College High School,0,https://eckerdtritons.com/sports/mens-golf/roster/2025-26
glf_53fa253bd222,Reggie,Fear,golf,2025-26,2026,D2,Men,Sunshine State Conference,Eckerd,,Golfer,So.,So,"Surrey, England",Surrey,,international,Sunbury Manor,0,https://eckerdtritons.com/sports/mens-golf/roster/2025-26
glf_08b08e677dfc,Luke,Kusserow,golf,2025-26,2026,D2,Men,Sunshine State Conference,Eckerd,,Golfer,Jr.,Jr,"Highlands Ranch, Colo.",Highlands Ranch,CO,domestic,Mountain Vista,0,https://eckerdtritons.com/sports/mens-golf/roster/2025-26
glf_c9c54e4f407a,Julian,Lombisano,golf,2025-26,2026,D2,Men,Sunshine State Conference,Eckerd,,Golfer,So.,So,"Buenos Aires, Argentina",Buenos Aires,,international,Cedsa,0,https://eckerdtritons.com/sports/mens-golf/roster/2025-26
glf_83d749d3fa44,Jayson,Ross,golf,2025-26,2026,D2,Men,Sunshine State Conference,Eckerd,,Golfer,Fr.,Fr,"Ottawa, Canada",Ottawa,,international,Neapen,0,https://eckerdtritons.com/sports/mens-golf/roster/2025-26
glf_b309f0911eab,Thayne,Thomas,golf,2025-26,2026,D2,Men,Sunshine State Conference,Eckerd,,Golfer,So.,So,"St. Petersburg, Fla.",St. Petersburg,FL,domestic,St. Petersburg,0,https://eckerdtritons.com/sports/mens-golf/roster/2025-26
glf_d7a5781cbf4d,Tyler,Van Dusen,golf,2025-26,2026,D2,Men,Sunshine State Conference,Eckerd,,Golfer,Jr.,Jr,"Eden Prairie, Minn.",Eden Prairie,MN,domestic,Eden Prairie,0,https://eckerdtritons.com/sports/mens-golf/roster/2025-26
glf_976ed6142bcc,Henry,Wigg,golf,2025-26,2026,D2,Men,Sunshine State Conference,Eckerd,,Golfer,Fr.,Fr,"Godalming, England",Godalming,,international,Charterhouse School,0,https://eckerdtritons.com/sports/mens-golf/roster/2025-26
glf_fbc4d12eb96c,Aleksandar,Abrashev,golf,2025-26,2026,D2,Men,Sunshine State Conference,Embry-Riddle,"6'1""",Golfer,Sr.,Sr,"Sofia, Bulgaria",Sofia,,international,Anatolia College,0,https://erauathletics.com/sports/mens-golf/roster/2025-26
glf_8cb0944e5281,Ian,Ball,golf,2025-26,2026,D2,Men,Sunshine State Conference,Embry-Riddle,"6'0""",Golfer,Gr.,Gr,"Port Orange, Fla.",Port Orange,FL,domestic,Spruce Creek (Stetson),0,https://erauathletics.com/sports/mens-golf/roster/2025-26
glf_15dccf13e28f,Ryan,Gear,golf,2025-26,2026,D2,Men,Sunshine State Conference,Embry-Riddle,"6'1""",Golfer,Jr.,Jr,"St. Augustine, Fla.",St. Augustine,FL,domestic,Homeschooled,1,https://erauathletics.com/sports/mens-golf/roster/2025-26
glf_32281023ee8e,PJ,Germano,golf,2025-26,2026,D2,Men,Sunshine State Conference,Embry-Riddle,"5'10""",Golfer,So.,So,"Greensburg, Pa.",Greensburg,PA,domestic,Greater Latrobe,0,https://erauathletics.com/sports/mens-golf/roster/2025-26
glf_3463279fb24e,Brandon,Godfrey,golf,2025-26,2026,D2,Men,Sunshine State Conference,Embry-Riddle,"6'0""",Golfer,Jr.,Jr,"Ormond Beach, Fla.",Ormond Beach,FL,domestic,Seabreeze,0,https://erauathletics.com/sports/mens-golf/roster/2025-26
glf_411a87dee954,Rafa,Guerrero,golf,2025-26,2026,D2,Men,Sunshine State Conference,Embry-Riddle,"6'1""",Golfer,So.,So,"Granada, Spain",Granada,,international,Sotogrande International School,0,https://erauathletics.com/sports/mens-golf/roster/2025-26
glf_fc8f2c1c0ae8,Christian,Molina,golf,2025-26,2026,D2,Men,Sunshine State Conference,Embry-Riddle,"6'0""",Golfer,Jr.,Jr,"Windermere, Fla.",Windermere,FL,domestic,Lake Highland Prep,1,https://erauathletics.com/sports/mens-golf/roster/2025-26
glf_054ecfe60f47,Jacob,Salazar,golf,2025-26,2026,D2,Men,Sunshine State Conference,Embry-Riddle,"6'2""",Golfer,Gr.,Gr,"League City, Texas",League City,TX,domestic,Clear Creek,0,https://erauathletics.com/sports/mens-golf/roster/2025-26
glf_fd1dad1732c6,Edoardo,Scialanga,golf,2025-26,2026,D2,Men,Sunshine State Conference,Embry-Riddle,"6'1""",Golfer,Jr.,Jr,"Rome, Italy",Rome,,international,Dubai American Academy,1,https://erauathletics.com/sports/mens-golf/roster/2025-26
glf_089ef0764821,Tunyatorn,Tanapipatkulchai,golf,2025-26,2026,D2,Men,Sunshine State Conference,Embry-Riddle,"5'11""",Golfer,Fr.,Fr,"Bangkok, Thailand",Bangkok,,international,Fairfax Christian,0,https://erauathletics.com/sports/mens-golf/roster/2025-26
glf_1ecd0f77afd2,Aaron,Turner,golf,2025-26,2026,D2,Men,Sunshine State Conference,Embry-Riddle,"6'5""",Golfer,Gr.,Gr,"Melbourne, Fla.",Melbourne,FL,domestic,Melbourne Central Catholic,0,https://erauathletics.com/sports/mens-golf/roster/2025-26
glf_d7c3a973a820,Colby,Bent,golf,2025-26,2026,D2,Men,Mountain East Conference,Fairmont State,"5'9""",Golfer,Fr.,Fr,"Valley, Nova Scotia, Canada",Valley,,international,Kentucky Wesleyan,0,https://fightingfalcons.com/sports/mens-golf/roster/2025-26
glf_27302c48c134,Parker,Conover,golf,2025-26,2026,D2,Men,Mountain East Conference,Fairmont State,"5'8""",Golfer,So.,So,"Louisville, Ky.",Louisville,KY,domestic,St. Xavier High School,0,https://fightingfalcons.com/sports/mens-golf/roster/2025-26
glf_4c3f374c6cdd,Eric,Feng,golf,2025-26,2026,D2,Men,Mountain East Conference,Fairmont State,"5'9""",Golfer,Fr.,Fr,"Lausanne, Switzerland",Lausanne,,international,,0,https://fightingfalcons.com/sports/mens-golf/roster/2025-26
glf_7bb9eeeccfdd,Oscar,Guazzarotto,golf,2025-26,2026,D2,Men,Mountain East Conference,Fairmont State,"5'10""",Golfer,Fr.,Fr,"Sydeny, Australia",Sydeny,,international,,0,https://fightingfalcons.com/sports/mens-golf/roster/2025-26
glf_e68ec015da1c,Blake,Hunt,golf,2025-26,2026,D2,Men,Mountain East Conference,Fairmont State,"6'0""",Golfer,So.,So,"Fairmont, W.Va.",Fairmont,WV,domestic,,0,https://fightingfalcons.com/sports/mens-golf/roster/2025-26
glf_3abbe3f1405f,Dustin,Keener,golf,2025-26,2026,D2,Men,Mountain East Conference,Fairmont State,"6'0""",Golfer,So.,So,"Grafton, W.Va.",Grafton,WV,domestic,,0,https://fightingfalcons.com/sports/mens-golf/roster/2025-26
glf_605f6c7838fa,Mason,Lapana,golf,2025-26,2026,D2,Men,Mountain East Conference,Fairmont State,"6'1""",Golfer,So.,So,"Carmichaels, Pa.",Carmichaels,PA,domestic,,0,https://fightingfalcons.com/sports/mens-golf/roster/2025-26
glf_260cdcabb4e7,Liam,Lohr,golf,2025-26,2026,D2,Men,Mountain East Conference,Fairmont State,"5'11""",Golfer,So.,So,"Carmichaels, Pa.",Carmichaels,PA,domestic,,0,https://fightingfalcons.com/sports/mens-golf/roster/2025-26
glf_54a0adffa047,Bryson,Mabry,golf,2025-26,2026,D2,Men,Mountain East Conference,Fairmont State,"6'2""",Golfer,Fr.,Fr,"Culloden, W.Va.",Culloden,WV,domestic,,0,https://fightingfalcons.com/sports/mens-golf/roster/2025-26
glf_0e0b84bf414b,Marc,Puigdomenech,golf,2025-26,2026,D2,Men,Mountain East Conference,Fairmont State,"6'0""",Golfer,So.,So,"Barcelona, Spain",Barcelona,,international,,0,https://fightingfalcons.com/sports/mens-golf/roster/2025-26
glf_698b0c004842,Ben,Ritenour,golf,2025-26,2026,D2,Men,Mountain East Conference,Fairmont State,"6'0""",Golfer,Sr.,Sr,"Greensburg, Pa.",Greensburg,PA,domestic,Central Alabama,0,https://fightingfalcons.com/sports/mens-golf/roster/2025-26
glf_aa5007c83636,Nik,Tomblin,golf,2025-26,2026,D2,Men,Mountain East Conference,Fairmont State,"5'9""",Golfer,Jr.,Jr,"Alum Creek, W.Va.",Alum Creek,WV,domestic,,0,https://fightingfalcons.com/sports/mens-golf/roster/2025-26
glf_a0ab10f35684,Gavin,Veltri,golf,2025-26,2026,D2,Men,Mountain East Conference,Fairmont State,"5'9""",Golfer,Fr.,Fr,"Grafton, W.Va.",Grafton,WV,domestic,,0,https://fightingfalcons.com/sports/mens-golf/roster/2025-26
glf_b495e44705e7,Caleb,Young,golf,2025-26,2026,D2,Men,Mountain East Conference,Fairmont State,"6'0""",Golfer,So.,So,"Fairmont, W.Va.",Fairmont,WV,domestic,,0,https://fightingfalcons.com/sports/mens-golf/roster/2025-26
glf_251b7bea8cd9,Oakland,Bell,golf,2025-26,2026,D2,Men,Conference Carolinas,Emmanuel GA,"5'10""",Golfer,Jr.,Jr,"Macon, GA",Macon,GA,domestic,First Presbyterian Day,0,https://goeulions.com/sports/mens-golf/roster/2025-26
glf_94c6b67f7ab9,Pietro,Fenoglio,golf,2025-26,2026,D2,Men,Conference Carolinas,Emmanuel GA,,Golfer,Jr.,Jr,,,,unknown,,0,https://goeulions.com/sports/mens-golf/roster/2025-26
glf_e3089217886e,Donald,Guber,golf,2025-26,2026,D2,Men,Conference Carolinas,Emmanuel GA,,Golfer,Fr.,Fr,"Winter Park, FL",Winter Park,FL,domestic,Winter Park HS,0,https://goeulions.com/sports/mens-golf/roster/2025-26
glf_cd6951061018,Evan,Haerle,golf,2025-26,2026,D2,Men,Conference Carolinas,Emmanuel GA,"6'3""",Golfer,So.,So,"North Augusta, SC",North Augusta,SC,domestic,Augusta Christian,0,https://goeulions.com/sports/mens-golf/roster/2025-26
glf_eb3f5159a7ea,Gabe,Hiland,golf,2025-26,2026,D2,Men,Conference Carolinas,Emmanuel GA,"6'0""",Golfer,Jr.,Jr,"Royston, GA",Royston,GA,domestic,Franklin County,0,https://goeulions.com/sports/mens-golf/roster/2025-26
glf_5c1f9c7533cf,Benjamin,Hopping,golf,2025-26,2026,D2,Men,Conference Carolinas,Emmanuel GA,,Golfer,Fr.,Fr,,,,unknown,,0,https://goeulions.com/sports/mens-golf/roster/2025-26
glf_100d32b7fd6f,Gabriel,Hull,golf,2025-26,2026,D2,Men,Conference Carolinas,Emmanuel GA,,Golfer,Fr.,Fr,"South Daytona, Florida",South Daytona,FL,domestic,Spruce Creek HS,0,https://goeulions.com/sports/mens-golf/roster/2025-26
glf_028d6db7c8a7,Lukas,Lautrup-Nissen,golf,2025-26,2026,D2,Men,Conference Carolinas,Emmanuel GA,"5'8""",Golfer,So.,So,"Stockholm, Sweden",Stockholm,,international,Procivitas High School,0,https://goeulions.com/sports/mens-golf/roster/2025-26
glf_bd4eac77e4f7,Marshall,McCranie,golf,2025-26,2026,D2,Men,Conference Carolinas,Emmanuel GA,,Golfer,Jr.,Jr,,,,unknown,,0,https://goeulions.com/sports/mens-golf/roster/2025-26
glf_0ba3aee7d71a,Castor,Morris,golf,2025-26,2026,D2,Men,Conference Carolinas,Emmanuel GA,,Golfer,Fr.,Fr,,,,unknown,,0,https://goeulions.com/sports/mens-golf/roster/2025-26
glf_22692bbd40de,Timothy,Nguyen,golf,2025-26,2026,D2,Men,Conference Carolinas,Emmanuel GA,,Golfer,Fr.,Fr,"Alpharetta, GA",Alpharetta,GA,domestic,,0,https://goeulions.com/sports/mens-golf/roster/2025-26
glf_98724a45d2d2,Wyatt,Rich,golf,2025-26,2026,D2,Men,Conference Carolinas,Emmanuel GA,,Golfer,Fr.,Fr,"Canon, GA",Canon,GA,domestic,Franklin County HS,0,https://goeulions.com/sports/mens-golf/roster/2025-26
glf_c34c15ff3df6,Austin,Spencer,golf,2025-26,2026,D2,Men,Conference Carolinas,Emmanuel GA,"6'0""",Golfer,Jr.,Jr,"Statham, GA",Statham,GA,domestic,North Oconee HS,0,https://goeulions.com/sports/mens-golf/roster/2025-26
glf_71449c4feffa,Clayton,Stifflemire,golf,2025-26,2026,D2,Men,Conference Carolinas,Emmanuel GA,,Golfer,Fr.,Fr,"Douglasville, GA",Douglasville,GA,domestic,,0,https://goeulions.com/sports/mens-golf/roster/2025-26
glf_540fddf0146f,Cesar,Castellano,golf,2025-26,2026,D2,Men,Central Atlantic Collegiate Conference,Felician,"5'5""",Golfer,Sr.,Sr,"Madrid, Spain",Madrid,,international,Colegio San Patricio El Soto,0,https://felicianuathletics.com/sports/mens-golf/roster/2025-26
glf_982cfcd21b51,Kelan,Dhanani,golf,2025-26,2026,D2,Men,Central Atlantic Collegiate Conference,Felician,"5'11""",Golfer,So.,So,"Calgary, Alberta, Canada",Calgary,,international,Edge School,0,https://felicianuathletics.com/sports/mens-golf/roster/2025-26
glf_19406b3cc4e6,Carlos,Ferreira,golf,2025-26,2026,D2,Men,Central Atlantic Collegiate Conference,Felician,"5'10""",Golfer,Jr.,Jr,"Granada, Spain",Granada,,international,Almunecar,0,https://felicianuathletics.com/sports/mens-golf/roster/2025-26
glf_713b8f5fc19e,Diego,Herrera,golf,2025-26,2026,D2,Men,Central Atlantic Collegiate Conference,Felician,,Golfer,So.,So,"Caracas, Venezuela",Caracas,,international,Instituto Cumbres De Caracas,0,https://felicianuathletics.com/sports/mens-golf/roster/2025-26
glf_e9c1102ecb1c,Pablo,Hidalgo,golf,2025-26,2026,D2,Men,Central Atlantic Collegiate Conference,Felician,"5'10""",Golfer,Sr.,Sr,Sr. Business Administration IES Guadalpin,Sr. Business Administration IES Guadalpin,,international,IES Guadalpin,0,https://felicianuathletics.com/sports/mens-golf/roster/2025-26
glf_4d5cbc2fc319,Alvaro,Rogado Tobio,golf,2025-26,2026,D2,Men,Central Atlantic Collegiate Conference,Felician,"6'0""",Golfer,Fr.,Fr,"Madrid, Spain",Madrid,,international,Liceo Sorolla,0,https://felicianuathletics.com/sports/mens-golf/roster/2025-26
glf_9533c468490e,Donald,Barnett,golf,2025-26,2026,D2,Men,Central Intercollegiate Athletic Association,Fayetteville State,"6'0"" 200 lbs",Golfer,Jr.,Jr,"Antioch, IL",Antioch,IL,domestic,Antioch Community HS,0,https://fsubroncos.com/sports/mens-golf/roster/2025-26
glf_66be8a1290cb,Landon,Cabingas,golf,2025-26,2026,D2,Men,Central Intercollegiate Athletic Association,Fayetteville State,"6'1"" 195 lbs",Golfer,Jr.,Jr,"New Bern, NC",New Bern,NC,domestic,New Bern HS,0,https://fsubroncos.com/sports/mens-golf/roster/2025-26
glf_3f59c0502325,Sutton,Dreier,golf,2025-26,2026,D2,Men,Central Intercollegiate Athletic Association,Fayetteville State,,Golfer,So.,So,"Fayetteville, NC",Fayetteville,NC,domestic,Northwood Temple Academy,1,https://fsubroncos.com/sports/mens-golf/roster/2025-26
glf_838b1c0ec3a7,Jack,McCarthy,golf,2025-26,2026,D2,Men,Central Intercollegiate Athletic Association,Fayetteville State,"5'6"" 145 lbs",Golfer,Sr.,Sr,"Winston-Salem, NC",Winston-Salem,NC,domestic,West Forsyth HS,0,https://fsubroncos.com/sports/mens-golf/roster/2025-26
glf_65974bcb1ffd,Andrew,McCarver,golf,2025-26,2026,D2,Men,Central Intercollegiate Athletic Association,Fayetteville State,"6'2"" 185 lbs",Golfer,Jr.,Jr,"Ringgold, GA",Ringgold,GA,domestic,Ringgold HS,0,https://fsubroncos.com/sports/mens-golf/roster/2025-26
glf_8a423c92c780,Patricio,Ramirez,golf,2025-26,2026,D2,Men,Central Intercollegiate Athletic Association,Fayetteville State,"6'0"" 178 lbs",Golfer,So.,So,"Estado de Mexico, Mexico",Estado de Mexico,,international,Copan HS,0,https://fsubroncos.com/sports/mens-golf/roster/2025-26
glf_a7fec6259463,Allan,Terrazas,golf,2025-26,2026,D2,Men,Central Intercollegiate Athletic Association,Fayetteville State,"5'10"" 176 lbs",Golfer,So.,So,"Mexico City, Mexico",Mexico City,,international,Tecnológico de Monterrey,0,https://fsubroncos.com/sports/mens-golf/roster/2025-26
glf_2b8f6e72b668,Ryan,Austin,golf,2025-26,2026,D2,Men,Conference Carolinas,Ferrum,,Golfer,Fr.,Fr,"Haymarket, Va.",Haymarket,VA,domestic,Battlefield,0,https://ferrumpanthers.com/sports/mens-golf/roster/2025-26
glf_e53a80ffe490,Jonathan,Ball,golf,2025-26,2026,D2,Men,Conference Carolinas,Ferrum,,Golfer,Sr.,Sr,"Bedford, Va.",Bedford,VA,domestic,Staunton River,0,https://ferrumpanthers.com/sports/mens-golf/roster/2025-26
glf_6fcc39d67bd8,Jake,Chavis,golf,2025-26,2026,D2,Men,Conference Carolinas,Ferrum,,Golfer,Fr.,Fr,"Virginia Beach, Va.",Virginia Beach,VA,domestic,First Colonial,0,https://ferrumpanthers.com/sports/mens-golf/roster/2025-26
glf_8bf54fe5a07e,Tiaan,Diedericks,golf,2025-26,2026,D2,Men,Conference Carolinas,Ferrum,,Golfer,Sr.,Sr,"Mafikeng, South Africa",Mafikeng,,international,,,https://ferrumpanthers.com/sports/mens-golf/roster/2025-26
glf_98e05dcead4a,Hunter,Duncan,golf,2025-26,2026,D2,Men,Conference Carolinas,Ferrum,,Golfer,Jr.,Jr,"Roanoke, Va.",Roanoke,VA,domestic,Lord Botetourt,0,https://ferrumpanthers.com/sports/mens-golf/roster/2025-26
glf_074ca44e23a7,Clayton,Gilmore,golf,2025-26,2026,D2,Men,Conference Carolinas,Ferrum,,Golfer,Jr.,Jr,"Moneta, Va.",Moneta,VA,domestic,William Byrd,0,https://ferrumpanthers.com/sports/mens-golf/roster/2025-26
glf_e111ca7208ef,Jalen,Hagwood,golf,2025-26,2026,D2,Men,Conference Carolinas,Ferrum,,Golfer,Jr.,Jr,"Critz, Va.",Critz,VA,domestic,Patrick & Henry CC,0,https://ferrumpanthers.com/sports/mens-golf/roster/2025-26
glf_e2cf024b84c3,Ethan,Hahn,golf,2025-26,2026,D2,Men,Conference Carolinas,Ferrum,,Golfer,Fr.,Fr,"Hardy, Va.",Hardy,VA,domestic,Smith Mountain Lake Christian,0,https://ferrumpanthers.com/sports/mens-golf/roster/2025-26
glf_b5123f3cb2ee,Wes,Hill,golf,2025-26,2026,D2,Men,Conference Carolinas,Ferrum,,Golfer,Fr.,Fr,"Boones Mill, Va.",Boones Mill,VA,domestic,Franklin County,0,https://ferrumpanthers.com/sports/mens-golf/roster/2025-26
glf_c33aae544932,Brandon,Jones,golf,2025-26,2026,D2,Men,Conference Carolinas,Ferrum,,Golfer,Sr.,Sr,"Harrisburg, N.C.",Harrisburg,NC,domestic,Hickory Ridge,0,https://ferrumpanthers.com/sports/mens-golf/roster/2025-26
glf_30141996479e,Wyatt,Larson,golf,2025-26,2026,D2,Men,Conference Carolinas,Ferrum,,Golfer,So.,So,"Williamsburg, Va.",Williamsburg,VA,domestic,Warhill,0,https://ferrumpanthers.com/sports/mens-golf/roster/2025-26
glf_3c72a4ee043f,Addison,Lawrence,golf,2025-26,2026,D2,Men,Conference Carolinas,Ferrum,,Golfer,Fr.,Fr,"Danville, Va.",Danville,VA,domestic,Carlisle School,0,https://ferrumpanthers.com/sports/mens-golf/roster/2025-26
glf_a8fdb89ed61c,Nile,Max-George,golf,2025-26,2026,D2,Men,Conference Carolinas,Ferrum,,Golfer,Fr.,Fr,"Houston, Texas",Houston,TX,domestic,Acellus Academy,1,https://ferrumpanthers.com/sports/mens-golf/roster/2025-26
glf_9e70d182e6a6,Logan,Williams,golf,2025-26,2026,D2,Men,Conference Carolinas,Ferrum,,Golfer,Fr.,Fr,"Martinsville, Va.",Martinsville,VA,domestic,Carlisle School,0,https://ferrumpanthers.com/sports/mens-golf/roster/2025-26
glf_7496f9393a50,Tate,Armstrong,golf,2025-26,2026,D2,Men,Great Midwest Athletic Conference,Findlay,,Golfer,So.,So,"Urbana, Ohio",Urbana,OH,domestic,Urbana,0,https://findlayoilers.com/sports/mens-golf/roster/2025-26
glf_bc15ff99f8d6,Tyler,Brockwell,golf,2025-26,2026,D2,Men,Great Midwest Athletic Conference,Findlay,,Golfer,Jr.,Jr,"Pickerington, Ohio",Pickerington,OH,domestic,Pickerington North,0,https://findlayoilers.com/sports/mens-golf/roster/2025-26
glf_0f864abb4b84,Ross,Dietz,golf,2025-26,2026,D2,Men,Great Midwest Athletic Conference,Findlay,,Golfer,Fr.,Fr,"Botkins, Ohio",Botkins,OH,domestic,Botkins,0,https://findlayoilers.com/sports/mens-golf/roster/2025-26
glf_5326463572d1,Cody,Dodson,golf,2025-26,2026,D2,Men,Great Midwest Athletic Conference,Findlay,,Golfer,Jr.,Jr,"Decatur, Ill.",Decatur,IL,domestic,Saint Teresa,0,https://findlayoilers.com/sports/mens-golf/roster/2025-26
glf_d503451b0344,Carson,Foltz,golf,2025-26,2026,D2,Men,Great Midwest Athletic Conference,Findlay,,Golfer,So.,So,"Van Buren, Ohio",Van Buren,OH,domestic,Van Buren,0,https://findlayoilers.com/sports/mens-golf/roster/2025-26
glf_9e91684c85a0,Brady,Gazarek,golf,2025-26,2026,D2,Men,Great Midwest Athletic Conference,Findlay,,Golfer,Sr.,Sr,"Delaware, Ohio",Delaware,OH,domestic,Delaware Hayes,0,https://findlayoilers.com/sports/mens-golf/roster/2025-26
glf_c7a8b4fa584e,Jack,Gerker,golf,2025-26,2026,D2,Men,Great Midwest Athletic Conference,Findlay,,Golfer,Jr.,Jr,"Delphos, Ohio",Delphos,OH,domestic,Delphos St. Johns,0,https://findlayoilers.com/sports/mens-golf/roster/2025-26
glf_26e1df5cd2bf,Jacob,Marohn,golf,2025-26,2026,D2,Men,Great Midwest Athletic Conference,Findlay,,Golfer,Jr.,Jr,"Stevensville, Mich.",Stevensville,MI,domestic,Lakeshore,0,https://findlayoilers.com/sports/mens-golf/roster/2025-26
glf_0ef936cc9171,Luke,Metzger,golf,2025-26,2026,D2,Men,Great Midwest Athletic Conference,Findlay,,Golfer,Sr.,Sr,"Mason, Ohio",Mason,OH,domestic,Bishop Fenwick,0,https://findlayoilers.com/sports/mens-golf/roster/2025-26
glf_c8e31be73448,Zach,Miller,golf,2025-26,2026,D2,Men,Great Midwest Athletic Conference,Findlay,,Golfer,Sr.,Sr,"Harrod, Ohio",Harrod,OH,domestic,Allen East,0,https://findlayoilers.com/sports/mens-golf/roster/2025-26
glf_4ebc8c281830,Myles,Murphy,golf,2025-26,2026,D2,Men,Great Midwest Athletic Conference,Findlay,,Golfer,So.,So,"Maumee, Ohio",Maumee,OH,domestic,Anthony Wayne,0,https://findlayoilers.com/sports/mens-golf/roster/2025-26
glf_dc41d88a8a40,Jackson,Ramer,golf,2025-26,2026,D2,Men,Great Midwest Athletic Conference,Findlay,,Golfer,So.,So,"Cincinnati, Ohio",Cincinnati,OH,domestic,St. Xavier,0,https://findlayoilers.com/sports/mens-golf/roster/2025-26
glf_6b103717bb4d,Cahle,Roth,golf,2025-26,2026,D2,Men,Great Midwest Athletic Conference,Findlay,,Golfer,So.,So,"Archbold, Ohio",Archbold,OH,domestic,Archbold,0,https://findlayoilers.com/sports/mens-golf/roster/2025-26
glf_61024c2c9579,Colin,Schadek,golf,2025-26,2026,D2,Men,Great Midwest Athletic Conference,Findlay,,Golfer,Jr.,Jr,"Liberty Township, Ohio",Liberty Township,OH,domestic,Bishop Fenwick,0,https://findlayoilers.com/sports/mens-golf/roster/2025-26
glf_f839e1673b04,Luke,Siefker,golf,2025-26,2026,D2,Men,Great Midwest Athletic Conference,Findlay,,Golfer,Fr.,Fr,"Dublin, Ohio",Dublin,OH,domestic,Dublin Coffman,0,https://findlayoilers.com/sports/mens-golf/roster/2025-26
glf_fd32487bf251,Cody,Widener,golf,2025-26,2026,D2,Men,Great Midwest Athletic Conference,Findlay,,Golfer,So.,So,"Pickerington, Ohio",Pickerington,OH,domestic,Pickerington Central,0,https://findlayoilers.com/sports/mens-golf/roster/2025-26
glf_ce01471e9768,Santino,Berengeno,golf,2025-26,2026,D2,Men,Peach Belt Conference,Flagler,"5'8""",Golfer,Fr.,Fr,"Buenos Aires, Argentina",Buenos Aires,,international,San Nicolás de los Arroyos,0,https://flaglerathletics.com/sports/mens-golf/roster/2025-26
glf_e9c1ac554645,Nic,Eberhard,golf,2025-26,2026,D2,Men,Peach Belt Conference,Flagler,"5'9""",Golfer,Sr.,Sr,"Mainz, Germany",Mainz,,international,Gymnasium Mainz-Oberstadt,0,https://flaglerathletics.com/sports/mens-golf/roster/2025-26
glf_d57bd7ba6f58,Lucas,Escudero,golf,2025-26,2026,D2,Men,Peach Belt Conference,Flagler,"5'8""",Golfer,So.,So,"Buenos Aires, Argentina",Buenos Aires,,international,Colegio Santo Domingo en la Sierra,0,https://flaglerathletics.com/sports/mens-golf/roster/2025-26
glf_6d641582ac06,Grant,Fisher,golf,2025-26,2026,D2,Men,Peach Belt Conference,Flagler,"6'2""",Golfer,So.,So,"Baton Rouge, La.",Baton Rouge,LA,domestic,Catholic HS,0,https://flaglerathletics.com/sports/mens-golf/roster/2025-26
glf_2ce5c5f212d7,Matthew,French,golf,2025-26,2026,D2,Men,Peach Belt Conference,Flagler,"5'10""",Golfer,Jr.,Jr,"Jacksonville, Fla.",Jacksonville,FL,domestic,Bishop John J. Snyder HS,0,https://flaglerathletics.com/sports/mens-golf/roster/2025-26
glf_36d04e6b3d95,Julio,Goti,golf,2025-26,2026,D2,Men,Peach Belt Conference,Flagler,"6'3""",Golfer,So.,So,"Buenos Aires, Argentina",Buenos Aires,,international,Colegio Santo Domingo en la Sierra,0,https://flaglerathletics.com/sports/mens-golf/roster/2025-26
glf_56599504f0e4,Raffi,Griffiths,golf,2025-26,2026,D2,Men,Peach Belt Conference,Flagler,,Golfer,IMPACT,UNK,,,,unknown,,0,https://flaglerathletics.com/sports/mens-golf/roster/2025-26
glf_b28a7f0dcea4,PJ,Herron,golf,2025-26,2026,D2,Men,Peach Belt Conference,Flagler,"6'0""",Golfer,So.,So,"Deephaven, Minn.",Deephaven,MN,domestic,New Mexico JC,0,https://flaglerathletics.com/sports/mens-golf/roster/2025-26
glf_08e138828f9b,Dylan,Mason,golf,2025-26,2026,D2,Men,Peach Belt Conference,Flagler,"6'1""",Golfer,So.,So,"Ponte Vedra, Fla.",Ponte Vedra,FL,domestic,Ponte Vedra HS,0,https://flaglerathletics.com/sports/mens-golf/roster/2025-26
glf_4213a3f55037,Masen,McKain,golf,2025-26,2026,D2,Men,Peach Belt Conference,Flagler,"6'1""",Golfer,Jr.,Jr,"New Smyrna Beach, Fla.",New Smyrna Beach,FL,domestic,New Smyrna Beach High School,0,https://flaglerathletics.com/sports/mens-golf/roster/2025-26
glf_170c7ff4b950,Rocco,Randazzo,golf,2025-26,2026,D2,Men,Peach Belt Conference,Flagler,"5'11""",Golfer,Jr.,Jr,"Youngstown, N.Y.",Youngstown,NY,domestic,Lewiston Porter HS,0,https://flaglerathletics.com/sports/mens-golf/roster/2025-26
glf_a39db93db9f6,Jaylen,Abbas,golf,2025-26,2026,D2,Men,Sunshine State Conference,Florida Southern,"5'10"" 155 lbs",Golfer,So.,So,"Fleming Island, Fla.",Fleming Island,FL,domestic,Fleming Island High School,0,https://fscmocs.com/sports/mens-golf/roster/2025-26
glf_f28c350f9ddb,Max,Barile,golf,2025-26,2026,D2,Men,Sunshine State Conference,Florida Southern,"6'6"" 200 lbs",Golfer,R-Sr.,Sr,"Land O' Lakes, Fla.",Land O' Lakes,FL,domestic,Sunlake,0,https://fscmocs.com/sports/mens-golf/roster/2025-26
glf_2c4f6f603cbf,Corey,Edgar,golf,2025-26,2026,D2,Men,Sunshine State Conference,Florida Southern,,Golfer,R-So.,So,"Elgin, Scotland",Elgin,,international,,,https://fscmocs.com/sports/mens-golf/roster/2025-26
glf_a6655d0dac5e,Donte,Groppuso,golf,2025-26,2026,D2,Men,Sunshine State Conference,Florida Southern,"6'0"" 170 lbs",Golfer,Gr.,Gr,"Kingston, N.Y.",Kingston,NY,domestic,Kingston,0,https://fscmocs.com/sports/mens-golf/roster/2025-26
glf_d4d62579af0a,Tyler,Mistretta,golf,2025-26,2026,D2,Men,Sunshine State Conference,Florida Southern,"6'8"" 225 lbs",Golfer,Gr.,Gr,"North Palm Beach, Fla.",North Palm Beach,FL,domestic,Palm Beach Gadens,0,https://fscmocs.com/sports/mens-golf/roster/2025-26
glf_4b6f3360f897,Anthony,Monteleone,golf,2025-26,2026,D2,Men,Sunshine State Conference,Florida Southern,,Golfer,Fr.,Fr,"Winter Haven, Fla.",Winter Haven,FL,domestic,Winter Haven,0,https://fscmocs.com/sports/mens-golf/roster/2025-26
glf_6b92af2cbf9a,Chris,Pollak,golf,2025-26,2026,D2,Men,Sunshine State Conference,Florida Southern,"6'1"" 180 lbs",Golfer,Fr.,Fr,"Aurora, Ohio",Aurora,OH,domestic,Archbishop Hoban,0,https://fscmocs.com/sports/mens-golf/roster/2025-26
glf_93d96da62ed2,Colton,Swartz,golf,2025-26,2026,D2,Men,Sunshine State Conference,Florida Southern,"6'0"" 150 lbs",Golfer,Jr.,Jr,"Fleming Island, Fla.",Fleming Island,FL,domestic,Fleming Island,0,https://fscmocs.com/sports/mens-golf/roster/2025-26
glf_ab45ebbaf777,Jack,VanderSchuur,golf,2025-26,2026,D2,Men,Sunshine State Conference,Florida Southern,"5'11"" 155 lbs",Golfer,Fr.,Fr,"Tampa, Fla.",Tampa,FL,domestic,Steinbrenner,0,https://fscmocs.com/sports/mens-golf/roster/2025-26
glf_62072465b0a2,Sam,Arnold,golf,2025-26,2026,D2,Men,Northeast-10 Conference,Franklin Pierce,,Golfer,So.,So,"Rutland, V.T.",Rutland,VT,domestic,Rutland,0,https://fpuravens.com/sports/mens-golf/roster/2025-26
glf_1742ef012762,Matt,Canavan,golf,2025-26,2026,D2,Men,Northeast-10 Conference,Franklin Pierce,,Golfer,So.,So,"Nashua, N.H.",Nashua,NH,domestic,Hebron Academy,1,https://fpuravens.com/sports/mens-golf/roster/2025-26
glf_20f182d9ffa4,Ian,Dunham,golf,2025-26,2026,D2,Men,Northeast-10 Conference,Franklin Pierce,,Golfer,So.,So,"Hope Valley, R.I.",Hope Valley,RI,domestic,Chariho,0,https://fpuravens.com/sports/mens-golf/roster/2025-26
glf_25801ba71d21,Connor,Griffin,golf,2025-26,2026,D2,Men,Northeast-10 Conference,Franklin Pierce,,Golfer,Fr.,Fr,"Hopedale, Mass.",Hopedale,MA,domestic,Blackstone Valley Tech,0,https://fpuravens.com/sports/mens-golf/roster/2025-26
glf_30c60a90bf2c,Tyler,Hollifield,golf,2025-26,2026,D2,Men,Northeast-10 Conference,Franklin Pierce,,Golfer,So.,So,"Lunenburg, Mass.",Lunenburg,MA,domestic,,0,https://fpuravens.com/sports/mens-golf/roster/2025-26
glf_59e510cce049,Albert,Jooyoung Kim,golf,2025-26,2026,D2,Men,Northeast-10 Conference,Franklin Pierce,,Golfer,Jr.,Jr,"Castro Valley, Calif.",Castro Valley,CA,domestic,Castro Valley,0,https://fpuravens.com/sports/mens-golf/roster/2025-26
glf_acc1255a0e45,Vetchayung,Khumnirdpayak,golf,2025-26,2026,D2,Men,Northeast-10 Conference,Franklin Pierce,,Golfer,Gr.,Gr,"Pathum Thani, Thailand",Pathum Thani,,international,Amatayakul,0,https://fpuravens.com/sports/mens-golf/roster/2025-26
glf_ae831e7fbdf5,Luke,Richards,golf,2025-26,2026,D2,Men,Northeast-10 Conference,Franklin Pierce,,Golfer,Jr.,Jr,"Lakeville, Mass.",Lakeville,MA,domestic,Apponequet Regional,0,https://fpuravens.com/sports/mens-golf/roster/2025-26
glf_3b8522d18555,Jay,Saffell,golf,2025-26,2026,D2,Men,Northeast-10 Conference,Franklin Pierce,,Golfer,Jr.,Jr,"Castro Valley, Calif.",Castro Valley,CA,domestic,Castro Valley,0,https://fpuravens.com/sports/mens-golf/roster/2025-26
glf_1fcd27de0514,Seth,Saffell,golf,2025-26,2026,D2,Men,Northeast-10 Conference,Franklin Pierce,,Golfer,Sr.,Sr,"Castro Valley, Calif.",Castro Valley,CA,domestic,Castro Valley,0,https://fpuravens.com/sports/mens-golf/roster/2025-26
glf_77a32e8e0bc4,Cohen,Veilleux,golf,2025-26,2026,D2,Men,Northeast-10 Conference,Franklin Pierce,,Golfer,Fr.,Fr,"Winchendon, Mass.",Winchendon,MA,domestic,Murdock High,0,https://fpuravens.com/sports/mens-golf/roster/2025-26
glf_0ed4983e13e6,Matt,Weed,golf,2025-26,2026,D2,Men,Northeast-10 Conference,Franklin Pierce,,Golfer,Jr.,Jr,"Marblehead, Mass.",Marblehead,MA,domestic,Marblehead,0,https://fpuravens.com/sports/mens-golf/roster/2025-26
glf_24d62a70ee5a,Chris,Wood,golf,2025-26,2026,D2,Men,Northeast-10 Conference,Franklin Pierce,,Golfer,So.,So,"Belchertown, Mass.",Belchertown,MA,domestic,Belchertown,0,https://fpuravens.com/sports/mens-golf/roster/2025-26
glf_896cc56e71fb,Filip,Anderson,golf,2025-26,2026,D2,Men,Pennsylvania State Athletic Conference,Gannon,,Golfer,Fr.,Fr,"Täby, Sweden",Täby,,international,Österåkers Gymnasium,0,https://gannonsports.com/sports/mens-golf/roster/2025-26
glf_6c14b451349c,Sam,Brennan,golf,2025-26,2026,D2,Men,Pennsylvania State Athletic Conference,Gannon,,Golfer,Fr.,Fr,"Colorado Springs, Co.",Colorado Springs,CO,domestic,Air Academy,1,https://gannonsports.com/sports/mens-golf/roster/2025-26
glf_0d2543c7b78a,Pablo,Cervantes,golf,2025-26,2026,D2,Men,Pennsylvania State Athletic Conference,Gannon,,Golfer,Sr.,Sr,"Vera, Spain",Vera,,international,I.E.S. Azahar,0,https://gannonsports.com/sports/mens-golf/roster/2025-26
glf_b2cf012bc67c,Giovanni,Delorenzi,golf,2025-26,2026,D2,Men,Pennsylvania State Athletic Conference,Gannon,,Golfer,Sr.,Sr,"Reggio Emilia, Italy",Reggio Emilia,,international,International School,0,https://gannonsports.com/sports/mens-golf/roster/2025-26
glf_adc5677f2439,Mario,Estevez,golf,2025-26,2026,D2,Men,Pennsylvania State Athletic Conference,Gannon,,Golfer,R-Fr.,Fr,"Gijón, Spain",Gijón,,international,Colegio Montedeva de Gijón,0,https://gannonsports.com/sports/mens-golf/roster/2025-26
glf_c5a26fecc90a,Dylan,Flinchbaugh,golf,2025-26,2026,D2,Men,Pennsylvania State Athletic Conference,Gannon,,Golfer,Sr.,Sr,"Saegertown, Pa.",Saegertown,PA,domestic,Saegertown,0,https://gannonsports.com/sports/mens-golf/roster/2025-26
glf_5f4c9638c126,Vincent,Lenze,golf,2025-26,2026,D2,Men,Pennsylvania State Athletic Conference,Gannon,,Golfer,Jr.,Jr,"St. Marys, Pa.",St. Marys,PA,domestic,St. Marys Area,0,https://gannonsports.com/sports/mens-golf/roster/2025-26
glf_6a10fded66b0,Dan,Moses,golf,2025-26,2026,D2,Men,Pennsylvania State Athletic Conference,Gannon,,Golfer,Fr.,Fr,"Garibaldi Highlands, British Columbia",Garibaldi Highlands,,international,Howe Sound Secondary School,0,https://gannonsports.com/sports/mens-golf/roster/2025-26
glf_fee5cd2b106a,Mattia,Parrini,golf,2025-26,2026,D2,Men,Pennsylvania State Athletic Conference,Gannon,,Golfer,Jr.,Jr,"Verolengo, Italy",Verolengo,,international,Verolengo,0,https://gannonsports.com/sports/mens-golf/roster/2025-26
glf_da2ad635a3e7,Rasmus,Seppanen,golf,2025-26,2026,D2,Men,Pennsylvania State Athletic Conference,Gannon,,Golfer,R-Jr.,Jr,"Bastad, Sweden",Bastad,,international,Akademi Bastad Gymnasium,0,https://gannonsports.com/sports/mens-golf/roster/2025-26
glf_6dc406dad06d,Kyle,Westfall,golf,2025-26,2026,D2,Men,Pennsylvania State Athletic Conference,Gannon,,Golfer,Jr.,Jr,"Erie, Pa.",Erie,PA,domestic,Northwest Pennsylvania Collegiate,0,https://gannonsports.com/sports/mens-golf/roster/2025-26
glf_f7c8f9822167,Jacob,Wolak,golf,2025-26,2026,D2,Men,Pennsylvania State Athletic Conference,Gannon,,Golfer,Jr.,Jr,"Slippery Rock, Pa.",Slippery Rock,PA,domestic,Slippery Rock Area,0,https://gannonsports.com/sports/mens-golf/roster/2025-26
glf_e85381859446,Chase,Blanton,golf,2025-26,2026,D2,Men,Peach Belt Conference,Georgia College,"5'11""",Golfer,Jr.,Jr,"Moultrie, Ga.",Moultrie,GA,domestic,Colquitt County,0,https://gcsubobcats.com/sports/mens-golf/roster/2025-26
glf_0dec9925610f,Hank,Holcomb,golf,2025-26,2026,D2,Men,Peach Belt Conference,Georgia College,"5'10""",Golfer,R-Fr.,Fr,"St. Simons Island, Ga.",St. Simons Island,GA,domestic,Glynn Academy,1,https://gcsubobcats.com/sports/mens-golf/roster/2025-26
glf_85e655396600,Jack,Hutcheson,golf,2025-26,2026,D2,Men,Peach Belt Conference,Georgia College,"6'0""",Golfer,So.,So,"Johns Creek, Ga.",Johns Creek,GA,domestic,Johns Creek,0,https://gcsubobcats.com/sports/mens-golf/roster/2025-26
glf_17f4a17ff8f1,Andrew,Lutjens,golf,2025-26,2026,D2,Men,Peach Belt Conference,Georgia College,"5'9""",Golfer,Fr.,Fr,"Cartersville, Ga.",Cartersville,GA,domestic,Cartersville,0,https://gcsubobcats.com/sports/mens-golf/roster/2025-26
glf_1c9e3bc7e5d2,Hunter,Phillips,golf,2025-26,2026,D2,Men,Peach Belt Conference,Georgia College,"5'8""",Golfer,So.,So,"Suwanee, Ga.",Suwanee,GA,domestic,Buford,0,https://gcsubobcats.com/sports/mens-golf/roster/2025-26
glf_573beb808010,Matthew,Rogers,golf,2025-26,2026,D2,Men,Peach Belt Conference,Georgia College,"6'0""",Golfer,Sr.,Sr,"Macon, Ga.",Macon,GA,domestic,Mount de Sales Academy,1,https://gcsubobcats.com/sports/mens-golf/roster/2025-26
glf_b274a0380536,Andy,Scott,golf,2025-26,2026,D2,Men,Peach Belt Conference,Georgia College,"5'11""",Golfer,So.,So,"Johns Creek, Ga.",Johns Creek,GA,domestic,Wesleyan School,0,https://gcsubobcats.com/sports/mens-golf/roster/2025-26
glf_aa6e4f72365d,Jacob,Speece,golf,2025-26,2026,D2,Men,Peach Belt Conference,Georgia College,"5'11""",Golfer,Jr.,Jr,"Hahira, Ga.",Hahira,GA,domestic,Lowndes,0,https://gcsubobcats.com/sports/mens-golf/roster/2025-26
glf_bdf2f8200b69,Zach,Wiley,golf,2025-26,2026,D2,Men,Peach Belt Conference,Georgia College,"5'9""",Golfer,Fr.,Fr,"Statham, Ga.",Statham,GA,domestic,North Oconee,0,https://gcsubobcats.com/sports/mens-golf/roster/2025-26
glf_8803d2cc84ec,Sam,Brown,golf,2025-26,2026,D2,Men,Peach Belt Conference,Georgia Southwestern State,"6'0"" 165 lbs",Golfer,Jr.,Jr,"Sofia, Bulgaria",Sofia,,international,CNED National School,0,https://gswcanes.com/sports/mens-golf/roster/2025-26
glf_658f315f9ea4,Sacha,Corlouer,golf,2025-26,2026,D2,Men,Peach Belt Conference,Georgia Southwestern State,"6'1"" 175 lbs",Golfer,Fr.,Fr,"Noumea, France",Noumea,,international,CNED National School,0,https://gswcanes.com/sports/mens-golf/roster/2025-26
glf_a37529017529,João,Costa,golf,2025-26,2026,D2,Men,Peach Belt Conference,Georgia Southwestern State,"6'0"" 180 lbs",Golfer,Sr.,Sr,"Carcavelos, Portugal",Carcavelos,,international,,,https://gswcanes.com/sports/mens-golf/roster/2025-26
glf_ffd888ee70f2,Oscar,Hammar,golf,2025-26,2026,D2,Men,Peach Belt Conference,Georgia Southwestern State,"5'7"" 150 lbs",Golfer,Sr.,Sr,"Varberg, Sweden",Varberg,,international,Peder Skrivares Skola,0,https://gswcanes.com/sports/mens-golf/roster/2025-26
glf_30081b940d99,Elias,Järn,golf,2025-26,2026,D2,Men,Peach Belt Conference,Georgia Southwestern State,"6'3"" 205 lbs",Golfer,Jr.,Jr,"Habo, Sweden",Habo,,international,Sanda Gymnasiet,0,https://gswcanes.com/sports/mens-golf/roster/2025-26
glf_1fc541a596a8,Jordan,Jones,golf,2025-26,2026,D2,Men,Peach Belt Conference,Georgia Southwestern State,"6'4"" 205 lbs",Golfer,So.,So,"Auckland, New Zealand",Auckland,,international,Botany Downs Secondary School,0,https://gswcanes.com/sports/mens-golf/roster/2025-26
glf_5e327b8d560c,Stefan,Rojas,golf,2025-26,2026,D2,Men,Peach Belt Conference,Georgia Southwestern State,"5'7"" 160 lbs",Golfer,R-Fr.,Fr,"Mamer, Luxembourg",Mamer,,international,International School,0,https://gswcanes.com/sports/mens-golf/roster/2025-26
glf_75084157bd11,Maverick,Conaway,golf,2025-26,2026,D2,Men,Great Lakes Intercollegiate Athletic Conference,Grand Valley State,"5'8""",Golfer,Jr.,Jr,"Tipton, Ind.",Tipton,IN,domestic,Northville,0,https://gvsulakers.com/sports/mens-golf/roster/2025-26
glf_fec806e52c2e,Charlie,Cooley,golf,2025-26,2026,D2,Men,Great Lakes Intercollegiate Athletic Conference,Grand Valley State,,Golfer,Sr.,Sr,"Belfast, Northern Ireland",Belfast,,international,,0,https://gvsulakers.com/sports/mens-golf/roster/2025-26
glf_01a777ef076d,Manuel,Cue Vargas,golf,2025-26,2026,D2,Men,Great Lakes Intercollegiate Athletic Conference,Grand Valley State,,Golfer,Sr.,Sr,"San Luis Potosi, Mexico",San Luis Potosi,,international,,0,https://gvsulakers.com/sports/mens-golf/roster/2025-26
glf_593a343bb240,Finley,Dober,golf,2025-26,2026,D2,Men,Great Lakes Intercollegiate Athletic Conference,Grand Valley State,,Golfer,Fr.,Fr,"Kelowna, B.C.",Kelowna,,international,,0,https://gvsulakers.com/sports/mens-golf/roster/2025-26
glf_7cde282bca2d,Ryan,Gallagher,golf,2025-26,2026,D2,Men,Great Lakes Intercollegiate Athletic Conference,Grand Valley State,,Golfer,So.,So,"Novi, Mich.",Novi,MI,domestic,Northville,0,https://gvsulakers.com/sports/mens-golf/roster/2025-26
glf_447074eeba7e,Andrew,Gwilliams,golf,2025-26,2026,D2,Men,Great Lakes Intercollegiate Athletic Conference,Grand Valley State,,Golfer,Sr.,Sr,"Bradford, Ontario",Bradford,,international,,0,https://gvsulakers.com/sports/mens-golf/roster/2025-26
glf_cf394652d9c4,Murphy,Kehoe,golf,2025-26,2026,D2,Men,Great Lakes Intercollegiate Athletic Conference,Grand Valley State,"5'8""",Golfer,Gr.,Gr,"Traverse City, Mich.",Traverse City,MI,domestic,West,0,https://gvsulakers.com/sports/mens-golf/roster/2025-26
glf_012046a8e423,Ian,Masih,golf,2025-26,2026,D2,Men,Great Lakes Intercollegiate Athletic Conference,Grand Valley State,,Golfer,Fr.,Fr,"Okemos, Mich.",Okemos,MI,domestic,,0,https://gvsulakers.com/sports/mens-golf/roster/2025-26
glf_0885bc95b678,Emil,Olofsson,golf,2025-26,2026,D2,Men,Great Lakes Intercollegiate Athletic Conference,Grand Valley State,,Golfer,Fr.,Fr,"Vaxjo, Sweden",Vaxjo,,international,,0,https://gvsulakers.com/sports/mens-golf/roster/2025-26
glf_77acfa50484a,Leandro,Pinili,golf,2025-26,2026,D2,Men,Great Lakes Intercollegiate Athletic Conference,Grand Valley State,,Golfer,Fr.,Fr,"Rochester Hills, Mich.",Rochester Hills,MI,domestic,,0,https://gvsulakers.com/sports/mens-golf/roster/2025-26
glf_a5a31e2e8d97,Bryce,Wheeler,golf,2025-26,2026,D2,Men,Great Lakes Intercollegiate Athletic Conference,Grand Valley State,,Golfer,Sr.,Sr,"Richland, Mich.",Richland,MI,domestic,Gull Lake,0,https://gvsulakers.com/sports/mens-golf/roster/2025-26
glf_c01c400ab474,José,Arzú,golf,2025-26,2026,D2,Men,Great American Conference,Harding,,Golfer,Jr.,Jr,"Guatemala City, Guatemala",Guatemala City,,international,Advantage School,0,https://hardingsports.com/sports/mens-golf/roster/2025-26
glf_2a70ea26403d,Austin,Bibb,golf,2025-26,2026,D2,Men,Great American Conference,Harding,,Golfer,So.,So,"Eads, Tenn.",Eads,TN,domestic,Faith Heritage Christian,0,https://hardingsports.com/sports/mens-golf/roster/2025-26
glf_56dcc298eea3,Conner,Geist,golf,2025-26,2026,D2,Men,Great American Conference,Harding,,Golfer,Jr.,Jr,"Wichita, Kan.",Wichita,KS,domestic,Kapaun Mt. Carmel Catholic High School,0,https://hardingsports.com/sports/mens-golf/roster/2025-26
glf_ce7e4a352964,Trenton,Harley,golf,2025-26,2026,D2,Men,Great American Conference,Harding,,Golfer,Fr.,Fr,"Louisville, Ky.",Louisville,KY,domestic,Trinity HS,0,https://hardingsports.com/sports/mens-golf/roster/2025-26
glf_60315ae375f8,Luke,Killough,golf,2025-26,2026,D2,Men,Great American Conference,Harding,,Golfer,Fr.,Fr,"Searcy, Ark.",Searcy,AR,domestic,Searcy HS,0,https://hardingsports.com/sports/mens-golf/roster/2025-26
glf_97400f097950,José,Manuel Peralta,golf,2025-26,2026,D2,Men,Great American Conference,Harding,,Golfer,Sr.,Sr,"Madrid, Spain",Madrid,,international,Colegio Quercus,0,https://hardingsports.com/sports/mens-golf/roster/2025-26
glf_20d48c46303d,William,Pulley,golf,2025-26,2026,D2,Men,Great American Conference,Harding,,Golfer,Fr.,Fr,"Colleyville, Texas",Colleyville,TX,domestic,Faith Christian,0,https://hardingsports.com/sports/mens-golf/roster/2025-26
glf_64c997973da8,Drew,Simmons,golf,2025-26,2026,D2,Men,Great American Conference,Harding,,Golfer,Fr.,Fr,"Plano, Texas",Plano,TX,domestic,Plano West HS,0,https://hardingsports.com/sports/mens-golf/roster/2025-26
glf_8f7b902a01f5,Dennis,Staykov,golf,2025-26,2026,D2,Men,Great American Conference,Harding,,Golfer,Jr.,Jr,"Searcy, Ark.",Searcy,AR,domestic,164th High School,0,https://hardingsports.com/sports/mens-golf/roster/2025-26
glf_da69fe8bad47,Everson,Adams,golf,2025-26,2026,D2,Men,Great American Conference,Henderson State,,Golfer,Fr.,Fr,"Greenwood, Arkansas",Greenwood,AR,domestic,Greenwood HS,0,https://hsusports.com/sports/mens-golf/roster/2025-26
glf_3170871347a9,Alex,Cuadrado,golf,2025-26,2026,D2,Men,Great American Conference,Henderson State,,Golfer,Fr.,Fr,"Madrid, Spain",Madrid,,international,IES Severo Ochoa,0,https://hsusports.com/sports/mens-golf/roster/2025-26
glf_8edfef26a157,Bailey,Doe,golf,2025-26,2026,D2,Men,Great American Conference,Henderson State,,Golfer,Jr.,Jr,"Woodcroft, South Austrailia",Woodcroft,,international,Iowa Central CC,0,https://hsusports.com/sports/mens-golf/roster/2025-26
glf_a66ec3a0d90e,Brode,Horton,golf,2025-26,2026,D2,Men,Great American Conference,Henderson State,,Golfer,So.,So,"Royal, Arkansas",Royal,AR,domestic,Lake Hamilton HS,0,https://hsusports.com/sports/mens-golf/roster/2025-26
glf_734af2e51d14,Jacob,Knowlton,golf,2025-26,2026,D2,Men,Great American Conference,Henderson State,,Golfer,Sr.,Sr,"Cabot, Arkansas",Cabot,AR,domestic,,0,https://hsusports.com/sports/mens-golf/roster/2025-26
glf_c7cc61bb3851,Marcos,Park,golf,2025-26,2026,D2,Men,Great American Conference,Henderson State,,Golfer,Fr.,Fr,"Sao Paolo, Brazil",Sao Paolo,,international,Colegio Guarani,0,https://hsusports.com/sports/mens-golf/roster/2025-26
glf_10de7ba4c972,Cale,Preston,golf,2025-26,2026,D2,Men,Great American Conference,Henderson State,,Golfer,Fr.,Fr,"Carthage, Texas",Carthage,TX,domestic,Carthage HS,0,https://hsusports.com/sports/mens-golf/roster/2025-26
glf_9a987418ae5e,Colin,Purifoy,golf,2025-26,2026,D2,Men,Great American Conference,Henderson State,,Golfer,Sr.,Sr,"Hope, Arkansas",Hope,AR,domestic,,0,https://hsusports.com/sports/mens-golf/roster/2025-26
glf_8a5a133d0184,Colton,Rich,golf,2025-26,2026,D2,Men,Great American Conference,Henderson State,,Golfer,Fr.,Fr,"Rochester, Minnesota",Rochester,MN,domestic,Lourdes HS,0,https://hsusports.com/sports/mens-golf/roster/2025-26
glf_bc56fa59aad2,Drew,Warmbrod,golf,2025-26,2026,D2,Men,Great American Conference,Henderson State,,Golfer,Fr.,Fr,"Austin, Texas",Austin,TX,domestic,Little Elm HS,0,https://hsusports.com/sports/mens-golf/roster/2025-26
glf_d7160930a517,Cooper,Williams,golf,2025-26,2026,D2,Men,Great American Conference,Henderson State,,Golfer,Sr.,Sr,"Crossett, Arkansas",Crossett,AR,domestic,,0,https://hsusports.com/sports/mens-golf/roster/2025-26
glf_5ee1980be390,Dylan,Bercan,golf,2025-26,2026,D2,Men,Pacific West Conference,Hawaii Hilo,"6'3"" R",Golfer,Sr.-5,Sr,"Vancouver, British Columbia, Canada",Vancouver,,international,Vancouver College,0,https://hiloathletics.com/sports/mens-golf/roster/2025-26
glf_1efd87944d42,Johan,Bjorken,golf,2025-26,2026,D2,Men,Pacific West Conference,Hawaii Hilo,"6'0"" R",Golfer,Jr.,Jr,"Hudiksvall, Sweden",Hudiksvall,,international,Celsiusskolan,0,https://hiloathletics.com/sports/mens-golf/roster/2025-26
glf_cdc64935ff67,Ben,Crinella,golf,2025-26,2026,D2,Men,Pacific West Conference,Hawaii Hilo,"5'8"" R",Golfer,Jr.,Jr,"Huntington Beach, California",Huntington Beach,CA,domestic,Edison HS,0,https://hiloathletics.com/sports/mens-golf/roster/2025-26
glf_9607c9061ac6,Noah,Otani,golf,2025-26,2026,D2,Men,Pacific West Conference,Hawaii Hilo,"6'0"" R",Golfer,So.,So,"Hilo, Hawai‘i",Hilo,HI,domestic,Waiakea HS,0,https://hiloathletics.com/sports/mens-golf/roster/2025-26
glf_792e27be477c,Dysen,Park,golf,2025-26,2026,D2,Men,Pacific West Conference,Hawaii Hilo,"5'10"" R",Golfer,Jr.,Jr,"Hilo, Hawai‘i",Hilo,HI,domestic,Waiakea HS,0,https://hiloathletics.com/sports/mens-golf/roster/2025-26
glf_64549758fbf6,Jordan,Sato,golf,2025-26,2026,D2,Men,Pacific West Conference,Hawaii Hilo,"5'9"" R",Golfer,Sr.,Sr,"Honolulu, Hawai‘i",Honolulu,HI,domestic,Iolani School,0,https://hiloathletics.com/sports/mens-golf/roster/2025-26
glf_662c9506a478,Jacob,Torres,golf,2025-26,2026,D2,Men,Pacific West Conference,Hawaii Hilo,"6'0"" R",Golfer,Sr.-R,Sr,"‘Aiea, Hawai‘i",‘Aiea,HI,domestic,Iolani School,0,https://hiloathletics.com/sports/mens-golf/roster/2025-26
glf_22cd25b6e4a5,Katsuhiro,Yamashita,golf,2025-26,2026,D2,Men,Pacific West Conference,Hawaii Hilo,"5'10"" R",Golfer,Jr.,Jr,"Kailua-Kona, Hawai‘i",Kailua-Kona,HI,domestic,Kealakehe HS,0,https://hiloathletics.com/sports/mens-golf/roster/2025-26
glf_2ef84b7d3527,Daiki,Aiura,golf,2025-26,2026,D2,Men,Mountain East Conference,Glenville State,,Golfer,Fr.,Fr,"Tokyo, Japan",Tokyo,,international,Kaishi Kokusia,0,https://gstatepioneers.com/sports/mens-golf/roster/2025-26
glf_f2d8923eb80b,Hector,Arriaga,golf,2025-26,2026,D2,Men,Mountain East Conference,Glenville State,,Golfer,Fr.,Fr,"Cuernavaca, Mexico",Cuernavaca,,international,Instituto Tecnologico De Estudios Superiores De Monterry,0,https://gstatepioneers.com/sports/mens-golf/roster/2025-26
glf_82de59b934cf,Cameron,Beachler,golf,2025-26,2026,D2,Men,Mountain East Conference,Glenville State,,Golfer,So.,So,"Franklin, W.Va.",Franklin,WV,domestic,Pendleton County,0,https://gstatepioneers.com/sports/mens-golf/roster/2025-26
glf_4ae52dde2d5d,Landon,Bennett,golf,2025-26,2026,D2,Men,Mountain East Conference,Glenville State,,Golfer,So.,So,"Arnoldsburg, W.Va.",Arnoldsburg,WV,domestic,Calhoun County,0,https://gstatepioneers.com/sports/mens-golf/roster/2025-26
glf_f77f4533583c,Daniel,De Quintal,golf,2025-26,2026,D2,Men,Mountain East Conference,Glenville State,,Golfer,Fr.,Fr,"George Town, Cayman Islands",George Town,,international,Cayman Prep,1,https://gstatepioneers.com/sports/mens-golf/roster/2025-26
glf_92554a8baf8b,Segundo,Del Carril,golf,2025-26,2026,D2,Men,Mountain East Conference,Glenville State,,Golfer,So.,So,"Beunos Aires, Argentina",Beunos Aires,,international,Saint Catherines Moorlands School,0,https://gstatepioneers.com/sports/mens-golf/roster/2025-26
glf_448ac07aeb5e,Ethan,Hardy,golf,2025-26,2026,D2,Men,Mountain East Conference,Glenville State,,Golfer,R-Sr.,Sr,"Charles Town, W.Va.",Charles Town,WV,domestic,Washington,0,https://gstatepioneers.com/sports/mens-golf/roster/2025-26
glf_31b0a9d70b4b,Irtaza,Hussain,golf,2025-26,2026,D2,Men,Mountain East Conference,Glenville State,,Golfer,Fr.,Fr,"Islamabad, Pakistan",Islamabad,,international,Beacon House Margalla Islamabad,0,https://gstatepioneers.com/sports/mens-golf/roster/2025-26
glf_39aeeb667331,Gervasio,Leyes,golf,2025-26,2026,D2,Men,Mountain East Conference,Glenville State,,Golfer,So.,So,"Mendoza, Argentina",Mendoza,,international,Los Olivos,0,https://gstatepioneers.com/sports/mens-golf/roster/2025-26
glf_b1119eb6f812,Parker,Lockwood,golf,2025-26,2026,D2,Men,Mountain East Conference,Glenville State,,Golfer,Fr.,Fr,"Buckhannon, W.Va.",Buckhannon,WV,domestic,Buckhannon-Upshur,0,https://gstatepioneers.com/sports/mens-golf/roster/2025-26
glf_10be1de9ecb2,Nate,Martin,golf,2025-26,2026,D2,Men,Mountain East Conference,Glenville State,,Golfer,Fr.,Fr,"Spencer, W.Va.",Spencer,WV,domestic,Roane County,0,https://gstatepioneers.com/sports/mens-golf/roster/2025-26
glf_cafe128ed9dd,Fermin,Perez Santandrea,golf,2025-26,2026,D2,Men,Mountain East Conference,Glenville State,,Golfer,So.,So,"Tandil, Argentina",Tandil,,international,Colegio Santo Domingo En La Sierra,0,https://gstatepioneers.com/sports/mens-golf/roster/2025-26
glf_08807244c5b4,Aiden,Sheme,golf,2025-26,2026,D2,Men,Mountain East Conference,Glenville State,,Golfer,So.,So,"Grafton, W.Va.",Grafton,WV,domestic,Grafton,0,https://gstatepioneers.com/sports/mens-golf/roster/2025-26
glf_fe06915021e0,Avery,Sponaugle,golf,2025-26,2026,D2,Men,Mountain East Conference,Glenville State,,Golfer,Fr.,Fr,"Mill Creek, W.Va.",Mill Creek,WV,domestic,Tygarts Valley,0,https://gstatepioneers.com/sports/mens-golf/roster/2025-26
glf_825a7f917867,Adam,Stewart,golf,2025-26,2026,D2,Men,Mountain East Conference,Glenville State,,Golfer,Sr.,Sr,"Glenville, W.Va.",Glenville,WV,domestic,Gilmer County,0,https://gstatepioneers.com/sports/mens-golf/roster/2025-26
glf_497e9d7e264e,Fisher,Williams,golf,2025-26,2026,D2,Men,Mountain East Conference,Glenville State,,Golfer,R-Fr.,Fr,"Beckley, W.Va.",Beckley,WV,domestic,Independence,0,https://gstatepioneers.com/sports/mens-golf/roster/2025-26
glf_930182e7fb64,Maxwell,Burns,golf,2025-26,2026,D2,Men,Great Midwest Athletic Conference,Hillsdale,,Golfer,Sr.,Sr,"Lakewood, WA",Lakewood,WA,domestic,Bellarmine Prep,1,https://hillsdalechargers.com/sports/mens-golf/roster/2025-26
glf_50866efa35bc,John,Cassiday,golf,2025-26,2026,D2,Men,Great Midwest Athletic Conference,Hillsdale,,Golfer,Fr.,Fr,"Grand Rapids, MI",Grand Rapids,MI,domestic,Grand Rapids Christian,0,https://hillsdalechargers.com/sports/mens-golf/roster/2025-26
glf_bfad5f31a446,Andrew,Irvine,golf,2025-26,2026,D2,Men,Great Midwest Athletic Conference,Hillsdale,,Golfer,R-Fr.,Fr,"Gavinton, Scotland, United Kingdom",Gavinton,,international,Dunbar Grammar School,0,https://hillsdalechargers.com/sports/mens-golf/roster/2025-26
glf_81135b912057,Oliver,Marshall,golf,2025-26,2026,D2,Men,Great Midwest Athletic Conference,Hillsdale,,Golfer,Jr.,Jr,"Naples, FL",Naples,FL,domestic,Naples,0,https://hillsdalechargers.com/sports/mens-golf/roster/2025-26
glf_bd81f395c8bb,Ryan,O'Rourke,golf,2025-26,2026,D2,Men,Great Midwest Athletic Conference,Hillsdale,,Golfer,Jr.,Jr,"Commerce Twp., MI",Commerce Twp.,MI,domestic,Walled Lake Northern,0,https://hillsdalechargers.com/sports/mens-golf/roster/2025-26
glf_d89c920642ad,Jackson,Piacsek,golf,2025-26,2026,D2,Men,Great Midwest Athletic Conference,Hillsdale,,Golfer,So.,So,"Pewaukee, WI",Pewaukee,WI,domestic,Waukesha North,0,https://hillsdalechargers.com/sports/mens-golf/roster/2025-26
glf_0ccf373d8e06,Parker,Stalcup,golf,2025-26,2026,D2,Men,Great Midwest Athletic Conference,Hillsdale,,Golfer,Fr.,Fr,"Lake Orion, MI",Lake Orion,MI,domestic,Clarkston Everest Collegiate,0,https://hillsdalechargers.com/sports/mens-golf/roster/2025-26
glf_2fea313994a3,Robert,Thompson,golf,2025-26,2026,D2,Men,Great Midwest Athletic Conference,Hillsdale,,Golfer,Jr.,Jr,"Charlotte, NC",Charlotte,NC,domestic,Myers Park,0,https://hillsdalechargers.com/sports/mens-golf/roster/2025-26
glf_84e79a7b101a,Ben,De Castro,golf,2025-26,2026,D2,Men,Pennsylvania State Athletic Conference,Indiana University of Pennsylvania,"5'9""",Golfer,Soph.,So,"Toronto, Ontario Canada",Toronto,,international,Blyth Academy,1,https://iupathletics.com/sports/mens-golf/roster/2025-26
glf_737d94b08068,Zaiden,Dennis,golf,2025-26,2026,D2,Men,Pennsylvania State Athletic Conference,Indiana University of Pennsylvania,"5'10""",Golfer,Fr.,Fr,"Calgary, Alberta, Canada",Calgary,,international,Springbank Community,0,https://iupathletics.com/sports/mens-golf/roster/2025-26
glf_41926902aaf9,Cameron,GeRue,golf,2025-26,2026,D2,Men,Pennsylvania State Athletic Conference,Indiana University of Pennsylvania,"5'11""",Golfer,Sr.,Sr,"Fort Wayne, Ind.",Fort Wayne,IN,domestic,Carroll,0,https://iupathletics.com/sports/mens-golf/roster/2025-26
glf_c9c1de3dfaef,John,Olsen,golf,2025-26,2026,D2,Men,Pennsylvania State Athletic Conference,Indiana University of Pennsylvania,"6'0""",Golfer,Sr.,Sr,"Boalsburg, Pa.",Boalsburg,PA,domestic,State College Area High School,0,https://iupathletics.com/sports/mens-golf/roster/2025-26
glf_00988a92c20d,Guillermo,Salazar,golf,2025-26,2026,D2,Men,Pennsylvania State Athletic Conference,Indiana University of Pennsylvania,"5'7""",Golfer,Sr.,Sr,"Alberta, Canada",Alberta,,international,Springbank Community,0,https://iupathletics.com/sports/mens-golf/roster/2025-26
glf_95bcf14217ca,Alex,Swinnerton,golf,2025-26,2026,D2,Men,Pennsylvania State Athletic Conference,Indiana University of Pennsylvania,"5'9""",Golfer,Sr.,Sr,"Saskatchewan, Canada",Saskatchewan,,international,Centennial Collegiate,0,https://iupathletics.com/sports/mens-golf/roster/2025-26
glf_8cc5e8df1a7e,Trevor,Todd,golf,2025-26,2026,D2,Men,Pennsylvania State Athletic Conference,Indiana University of Pennsylvania,"6'1""",Golfer,Soph.,So,"Indiana, Pa.",Indiana,PA,domestic,Indiana Area,0,https://iupathletics.com/sports/mens-golf/roster/2025-26
glf_fe221a48f267,Jon,Vinge,golf,2025-26,2026,D2,Men,Pennsylvania State Athletic Conference,Indiana University of Pennsylvania,"5'11""",Golfer,Jr.,Jr,"Alberta, Canada",Alberta,,international,Springbank Community HS,0,https://iupathletics.com/sports/mens-golf/roster/2025-26
glf_16294c13c891,Braden,Armstrong,golf,2025-26,2026,D2,Men,Pacific West Conference,Jessup,"6'2""",Golfer,Jr.,Jr,"Loyalton, CA",Loyalton,CA,domestic,Loyalton HS,0,https://jessupathletics.com/sports/mens-golf/roster/2025-26
glf_24fcc68d7a7e,Paolo,Castaneda,golf,2025-26,2026,D2,Men,Pacific West Conference,Jessup,"5'6""",Golfer,So.,So,"Pleasanton, CA",Pleasanton,CA,domestic,Foothill HS,0,https://jessupathletics.com/sports/mens-golf/roster/2025-26
glf_4d140dfb9a21,Marcus,Castillo,golf,2025-26,2026,D2,Men,Pacific West Conference,Jessup,"5'7""",Golfer,Fr.,Fr,"Roseville, CA",Roseville,CA,domestic,Oakmont HS,0,https://jessupathletics.com/sports/mens-golf/roster/2025-26
glf_f0c1a7196944,Max,Gunter,golf,2025-26,2026,D2,Men,Pacific West Conference,Jessup,"6'2""",Golfer,Jr.,Jr,"Folsom, CA",Folsom,CA,domestic,Vista Del Lago HS,0,https://jessupathletics.com/sports/mens-golf/roster/2025-26
glf_fe5d742b2da5,Daniel,Johnson,golf,2025-26,2026,D2,Men,Pacific West Conference,Jessup,"6'0""",Golfer,Sr.,Sr,"Elk Grove, CA",Elk Grove,CA,domestic,Elk Grove HS,0,https://jessupathletics.com/sports/mens-golf/roster/2025-26
glf_3115194754d3,Nicholas,Schultz,golf,2025-26,2026,D2,Men,Pacific West Conference,Jessup,"5'8""",Golfer,Sr.,Sr,"Clovis, CA",Clovis,CA,domestic,Clovis East High School,0,https://jessupathletics.com/sports/mens-golf/roster/2025-26
glf_b5dd066eec80,Matthew,Shimizu,golf,2025-26,2026,D2,Men,Pacific West Conference,Jessup,"5'9""",Golfer,Sr.,Sr,"Roseville, CA",Roseville,CA,domestic,Valley Christian,0,https://jessupathletics.com/sports/mens-golf/roster/2025-26
glf_85595d8839bf,Jacobus,Brakkee,golf,2025-26,2026,D2,Men,Pacific West Conference,Jessup,"6'4""",Golfer,Fr.,Fr,"Tracy, CA",Tracy,CA,domestic,Tracy HS,0,https://jessupathletics.com/sports/mens-golf/roster/2025-26
glf_0f7ec994d175,Nick,Chavarin,golf,2025-26,2026,D2,Men,Pacific West Conference,Jessup,"5'5""",Golfer,Jr.,Jr,"Chula Vista, CA",Chula Vista,CA,domestic,Eastlake High School,0,https://jessupathletics.com/sports/mens-golf/roster/2025-26
glf_a65712518742,Sam,Cooper,golf,2025-26,2026,D2,Men,Pacific West Conference,Jessup,"6'0""",Golfer,Fr.,Fr,"Liverpool, England",Liverpool,,international,IMG Academy,1,https://jessupathletics.com/sports/mens-golf/roster/2025-26
glf_cd7101f3a919,Trevor,Halloran,golf,2025-26,2026,D2,Men,Pacific West Conference,Jessup,"6'0""",Golfer,Jr.,Jr,"Fallon, NV",Fallon,NV,domestic,Oasis Academy,1,https://jessupathletics.com/sports/mens-golf/roster/2025-26
glf_3205734de5b4,Jerah,Venkaiya,golf,2025-26,2026,D2,Men,Pacific West Conference,Jessup,"5'8""",Golfer,Sr.,Sr,"Fairfield, CA",Fairfield,CA,domestic,Academy of Art University,1,https://jessupathletics.com/sports/mens-golf/roster/2025-26
glf_29af7d1fd9d0,Braydon,Bond,golf,2025-26,2026,D2,Men,Great Midwest Athletic Conference,Kentucky Wesleyan,,Golfer,So.,So,"Richmond, KY",Richmond,KY,domestic,Madison Central,0,https://kwcpanthers.com/sports/mens-golf/roster/2025-26
glf_f6d1367bfe10,Ben,Carter,golf,2025-26,2026,D2,Men,Great Midwest Athletic Conference,Kentucky Wesleyan,,Golfer,Fr.,Fr,"Florence, KY",Florence,KY,domestic,Saint Henry District,0,https://kwcpanthers.com/sports/mens-golf/roster/2025-26
glf_62344258b53d,Kolby,Crook,golf,2025-26,2026,D2,Men,Great Midwest Athletic Conference,Kentucky Wesleyan,,Golfer,Fr.,Fr,"Dawson Springs, KY",Dawson Springs,KY,domestic,Dawson Springs,0,https://kwcpanthers.com/sports/mens-golf/roster/2025-26
glf_b7b473ad2de1,William,Hammond,golf,2025-26,2026,D2,Men,Great Midwest Athletic Conference,Kentucky Wesleyan,,Golfer,Fr.,Fr,"Erlanger, KY",Erlanger,KY,domestic,Saint Henry District,0,https://kwcpanthers.com/sports/mens-golf/roster/2025-26
glf_3c84569b53bc,Jonathan,Kaminski,golf,2025-26,2026,D2,Men,Great Midwest Athletic Conference,Kentucky Wesleyan,,Golfer,So.,So,"Kanata, ON, Canada",Kanata,,international,Holy Trinity Catholic,0,https://kwcpanthers.com/sports/mens-golf/roster/2025-26
glf_0ef694065692,Ryan,Loiars,golf,2025-26,2026,D2,Men,Great Midwest Athletic Conference,Kentucky Wesleyan,,Golfer,Fr.,Fr,"Bowling Green, KY",Bowling Green,KY,domestic,Greenwood,0,https://kwcpanthers.com/sports/mens-golf/roster/2025-26
glf_d3f2930bbb86,Hayden,McLaurin,golf,2025-26,2026,D2,Men,Great Midwest Athletic Conference,Kentucky Wesleyan,,Golfer,R-Fr.,Fr,"Daphne, AL",Daphne,AL,domestic,Daphne,0,https://kwcpanthers.com/sports/mens-golf/roster/2025-26
glf_dccfe72b6848,Harrison,Sallee,golf,2025-26,2026,D2,Men,Great Midwest Athletic Conference,Kentucky Wesleyan,,Golfer,Sr.,Sr,"Calhoun, KY",Calhoun,KY,domestic,McLean County,0,https://kwcpanthers.com/sports/mens-golf/roster/2025-26
glf_d3f216957595,Thomas,Scott,golf,2025-26,2026,D2,Men,Great Midwest Athletic Conference,Kentucky Wesleyan,,Golfer,Jr.,Jr,"Dauphin, Manitoba",Dauphin,,international,Dauphin Regional,0,https://kwcpanthers.com/sports/mens-golf/roster/2025-26
glf_2c379ce0babe,Rudy,Bland,golf,2025-26,2026,D2,Men,Conference Carolinas,King TN,"6'1"" R",Golfer,So.,So,"Myrtle Beach, S.C.",Myrtle Beach,SC,domestic,Myrtle Beach High School,0,https://kingtornado.com/sports/mens-golf/roster/2025-26
glf_b9d61297177a,Carles,Calvo Molina,golf,2025-26,2026,D2,Men,Conference Carolinas,King TN,"6'0"" R",Golfer,Sr.,Sr,"Barcelona, Spain",Barcelona,,international,IES C.A.R,0,https://kingtornado.com/sports/mens-golf/roster/2025-26
glf_859fdd7268a1,Jono,Hedley,golf,2025-26,2026,D2,Men,Conference Carolinas,King TN,"6'2"" R",Golfer,Jr.,Jr,"Melton, England",Melton,,international,Oakham School,0,https://kingtornado.com/sports/mens-golf/roster/2025-26
glf_b6d8cb65c8aa,Nathan,Hopley,golf,2025-26,2026,D2,Men,Conference Carolinas,King TN,"6'5"" R",Golfer,Fr.,Fr,"Manchester, England",Manchester,,international,Stockport Grammar School,0,https://kingtornado.com/sports/mens-golf/roster/2025-26
glf_89e7add47fa6,Carter,Myers,golf,2025-26,2026,D2,Men,Conference Carolinas,King TN,"5'8"" R",Golfer,So.,So,"Bristol, Tenn.",Bristol,TN,domestic,Tennessee HS,0,https://kingtornado.com/sports/mens-golf/roster/2025-26
glf_94ddf50907fb,Vetle,Saether,golf,2025-26,2026,D2,Men,Conference Carolinas,King TN,"6'1"" R",Golfer,Jr.,Jr,"Trondheim, Norway",Trondheim,,international,Baerum HS,0,https://kingtornado.com/sports/mens-golf/roster/2025-26
glf_527f35a3f435,Tyler,Sayers,golf,2025-26,2026,D2,Men,Conference Carolinas,King TN,"5'10"" R",Golfer,Jr.,Jr,"Marion, Va.",Marion,VA,domestic,Marion Senior HS,0,https://kingtornado.com/sports/mens-golf/roster/2025-26
glf_494c24fd32cd,Garrett,Wellman,golf,2025-26,2026,D2,Men,Conference Carolinas,King TN,"5'10"" R",Golfer,Jr.,Jr,"Frankfort, Ky.",Frankfort,KY,domestic,Frankfort HS,0,https://kingtornado.com/sports/mens-golf/roster/2025-26
glf_fcdf23bb836e,Aiden,Aguilar,golf,2025-26,2026,D2,Men,Peach Belt Conference,Lander,,Golfer,Fr.,Fr,"Myrtle Beach, S.C.",Myrtle Beach,SC,domestic,Carolina Forest,0,https://landerbearcats.com/sports/mens-golf/roster/2025-26
glf_0d82915b99a3,Cody,Brenner,golf,2025-26,2026,D2,Men,Peach Belt Conference,Lander,,Golfer,So.,So,"Melbourne, Australia",Melbourne,,international,,0,https://landerbearcats.com/sports/mens-golf/roster/2025-26
glf_97843a86a040,Vaughn,Brodowski,golf,2025-26,2026,D2,Men,Peach Belt Conference,Lander,,Golfer,Fr.,Fr,"Wilmington, N.C.",Wilmington,NC,domestic,,0,https://landerbearcats.com/sports/mens-golf/roster/2025-26
glf_18197b0e2124,Noah,Curdt,golf,2025-26,2026,D2,Men,Peach Belt Conference,Lander,,Golfer,Sr.,Sr,"Dortmund, Germany",Dortmund,,international,,0,https://landerbearcats.com/sports/mens-golf/roster/2025-26
glf_368effbe1736,Leo,Degerlund,golf,2025-26,2026,D2,Men,Peach Belt Conference,Lander,,Golfer,Fr.,Fr,"Orebro, Sweden",Orebro,,international,,0,https://landerbearcats.com/sports/mens-golf/roster/2025-26
glf_4ca404a2d932,Samuel,Durbin,golf,2025-26,2026,D2,Men,Peach Belt Conference,Lander,,Golfer,Fr.,Fr,"Northamptonshire, England",Northamptonshire,,international,,0,https://landerbearcats.com/sports/mens-golf/roster/2025-26
glf_bbec29c3f00f,Brady,Duval,golf,2025-26,2026,D2,Men,Peach Belt Conference,Lander,,Golfer,So.,So,"Cherry Hills Village, Colorado",Cherry Hills Village,CO,domestic,,0,https://landerbearcats.com/sports/mens-golf/roster/2025-26
glf_0798fb12c1de,Max,Gibbs,golf,2025-26,2026,D2,Men,Peach Belt Conference,Lander,,Golfer,Fr.,Fr,"Surrey, England",Surrey,,international,,0,https://landerbearcats.com/sports/mens-golf/roster/2025-26
glf_a1138375fbea,Garrett,Gillespie,golf,2025-26,2026,D2,Men,Peach Belt Conference,Lander,,Golfer,Fr.,Fr,"Easley, S.C.",Easley,SC,domestic,,0,https://landerbearcats.com/sports/mens-golf/roster/2025-26
glf_e7f7fdf6a893,Samuel,Guigui-Baruchel,golf,2025-26,2026,D2,Men,Peach Belt Conference,Lander,,Golfer,So.,So,"Saint Ismier, France",Saint Ismier,,international,,0,https://landerbearcats.com/sports/mens-golf/roster/2025-26
glf_38cec7f8b482,Aaron,Lin,golf,2025-26,2026,D2,Men,Peach Belt Conference,Lander,,Golfer,Jr.,Jr,"New Taipei City, Taiwan",New Taipei City,,international,,0,https://landerbearcats.com/sports/mens-golf/roster/2025-26
glf_934d2c370cb1,Cathal,Penney,golf,2025-26,2026,D2,Men,Peach Belt Conference,Lander,,Golfer,Jr.,Jr,"Oranmore, Ireland",Oranmore,,international,Calasanctius College,0,https://landerbearcats.com/sports/mens-golf/roster/2025-26
glf_8096c6654e4e,Evan,Prickett,golf,2025-26,2026,D2,Men,Peach Belt Conference,Lander,,Golfer,Sr.,Sr,"North Augusta, S.C.",North Augusta,SC,domestic,,0,https://landerbearcats.com/sports/mens-golf/roster/2025-26
glf_d6cdd8880bc6,Edward,Rahm,golf,2025-26,2026,D2,Men,Peach Belt Conference,Lander,,Golfer,Sr.,Sr,"Saro, Sweden",Saro,,international,,0,https://landerbearcats.com/sports/mens-golf/roster/2025-26
glf_6b091d14aa5a,Elijah,Rohas-Smith,golf,2025-26,2026,D2,Men,Peach Belt Conference,Lander,,Golfer,Fr.,Fr,"Queensland, Australia",Queensland,,international,,0,https://landerbearcats.com/sports/mens-golf/roster/2025-26
glf_604740ea3ca3,Filip,Yngfalk,golf,2025-26,2026,D2,Men,Peach Belt Conference,Lander,,Golfer,Fr.,Fr,"Danderyd, Sweden",Danderyd,,international,Celsiusskolan,0,https://landerbearcats.com/sports/mens-golf/roster/2025-26
glf_3aa0c4fde1a9,Slade,Aliff,golf,2025-26,2026,D2,Men,South Atlantic Conference,Lenoir-Rhyne,"6'0""",Golfer,Sr.,Sr,"Roanoke, VA",Roanoke,VA,domestic,Hidden Valley HS,0,https://lrbears.com/sports/mens-golf/roster/2025-26
glf_a98eeab46e01,Sean,Finan,golf,2025-26,2026,D2,Men,South Atlantic Conference,Lenoir-Rhyne,"6'0""",Golfer,Sr.,Sr,"Winston-Salem, NC",Winston-Salem,NC,domestic,Wesleyan Christian,0,https://lrbears.com/sports/mens-golf/roster/2025-26
glf_2d1dabee047f,Adam,Gregg,golf,2025-26,2026,D2,Men,South Atlantic Conference,Lenoir-Rhyne,"6'8""",Golfer,Jr.,Jr,"Tampico, Mexico",Tampico,,international,Montverde Academy,1,https://lrbears.com/sports/mens-golf/roster/2025-26
glf_60d24bd8b5f6,Phillipp,Hottinger,golf,2025-26,2026,D2,Men,South Atlantic Conference,Lenoir-Rhyne,"6'0""",Golfer,Jr.,Jr,"Metzingen, Germany",Metzingen,,international,Freie Georgenschule Reutlingen,0,https://lrbears.com/sports/mens-golf/roster/2025-26
glf_8f5f7fb0b411,Kadan,Jones,golf,2025-26,2026,D2,Men,South Atlantic Conference,Lenoir-Rhyne,"5'8""",Golfer,Fr.,Fr,"Sharpsburg, MD",Sharpsburg,MD,domestic,Boonsboro HS,0,https://lrbears.com/sports/mens-golf/roster/2025-26
glf_bd9bd83033e4,Conley,Killian,golf,2025-26,2026,D2,Men,South Atlantic Conference,Lenoir-Rhyne,"5'9""",Golfer,So.,So,"Iron Station, NC",Iron Station,NC,domestic,North Lincoln HS,0,https://lrbears.com/sports/mens-golf/roster/2025-26
glf_5365acde13e7,Stanislaus,Koch,golf,2025-26,2026,D2,Men,South Atlantic Conference,Lenoir-Rhyne,,Golfer,So.,So,"Vienna, Austria",Vienna,,international,Schottengymnasium der Benediktiner,0,https://lrbears.com/sports/mens-golf/roster/2025-26
glf_9b6a1b020b2e,Nicholas,Lombardo,golf,2025-26,2026,D2,Men,South Atlantic Conference,Lenoir-Rhyne,,Golfer,Fr.,Fr,"Elgin, IL",Elgin,IL,domestic,St. Edwards HS,0,https://lrbears.com/sports/mens-golf/roster/2025-26
glf_e525451e8857,Rodrigo,Lugo,golf,2025-26,2026,D2,Men,South Atlantic Conference,Lenoir-Rhyne,,Golfer,Sr.,Sr,"Mexico City, Mexico",Mexico City,,international,Montverde Academy,1,https://lrbears.com/sports/mens-golf/roster/2025-26
glf_d8f54a7847eb,Archie,Mathers,golf,2025-26,2026,D2,Men,South Atlantic Conference,Lenoir-Rhyne,,Golfer,Jr.,Jr,"Hertfordshire, UK",Hertfordshire,,international,Bedford School,0,https://lrbears.com/sports/mens-golf/roster/2025-26
glf_ba1741d1dead,Matthew,McDougall,golf,2025-26,2026,D2,Men,South Atlantic Conference,Lenoir-Rhyne,"5'11""",Golfer,Jr.,Jr,"Waxhaw, NC",Waxhaw,NC,domestic,Cuthbertson HS,0,https://lrbears.com/sports/mens-golf/roster/2025-26
glf_3301f49cd2ec,Jake,Moore,golf,2025-26,2026,D2,Men,South Atlantic Conference,Lenoir-Rhyne,,Golfer,Jr.,Jr,"Brighton, United Kingdom",Brighton,,international,Bishop of Winchester Academy,1,https://lrbears.com/sports/mens-golf/roster/2025-26
glf_902a138f08e3,Jake,Morgan,golf,2025-26,2026,D2,Men,South Atlantic Conference,Lenoir-Rhyne,"5'10""",Golfer,Fr.,Fr,"Andover, Ma.",Andover,MA,domestic,Andover HS,0,https://lrbears.com/sports/mens-golf/roster/2025-26
glf_5afc4136402e,Jared,Myers,golf,2025-26,2026,D2,Men,South Atlantic Conference,Lenoir-Rhyne,"5'7""",Golfer,Fr.,Fr,"Stanley, N.C.",Stanley,NC,domestic,East Lincoln HS,0,https://lrbears.com/sports/mens-golf/roster/2025-26
glf_fe2981c72e5f,Nicklaus,Newton,golf,2025-26,2026,D2,Men,South Atlantic Conference,Lenoir-Rhyne,"6'3""",Golfer,Fr.,Fr,"Connelly Springs, N.C.",Connelly Springs,NC,domestic,East Burke HS,0,https://lrbears.com/sports/mens-golf/roster/2025-26
glf_da57425e2523,Hunter,Vowell,golf,2025-26,2026,D2,Men,South Atlantic Conference,Lenoir-Rhyne,"5'11""",Golfer,Sr.,Sr,"Gastonia, NC",Gastonia,NC,domestic,Ashbrook HS,0,https://lrbears.com/sports/mens-golf/roster/2025-26
glf_98375cb71777,Faust,Amat,golf,2025-26,2026,D2,Men,Great Lakes Valley Conference,Lewis,,Golfer,Fr.,Fr,"Wadi Al Safa 3, Dubai",Wadi Al Safa 3,,international,IC Catholic,0,https://lewisflyers.com/sports/mens-golf/roster/2025-26
glf_df02323560ec,Jann,Atendido,golf,2025-26,2026,D2,Men,Great Lakes Valley Conference,Lewis,,Golfer,Jr.,Jr,"Bensenville, Ill.",Bensenville,IL,domestic,IC Catholic,0,https://lewisflyers.com/sports/mens-golf/roster/2025-26
glf_1ecd80b8cce9,Zazz,Atendido,golf,2025-26,2026,D2,Men,Great Lakes Valley Conference,Lewis,,Golfer,So.,So,"Bensensville, Ill.",Bensensville,IL,domestic,IC Catholic,0,https://lewisflyers.com/sports/mens-golf/roster/2025-26
glf_3675a24b6752,Ian,Bollinger,golf,2025-26,2026,D2,Men,Great Lakes Valley Conference,Lewis,,Golfer,Sr.,Sr,"Red Bud, Ill.",Red Bud,IL,domestic,Gibault Catholic,0,https://lewisflyers.com/sports/mens-golf/roster/2025-26
glf_49a6ee0536af,Beau,Broermann,golf,2025-26,2026,D2,Men,Great Lakes Valley Conference,Lewis,,Golfer,Fr.,Fr,,,,unknown,,0,https://lewisflyers.com/sports/mens-golf/roster/2025-26
glf_40f343b1b425,Joe,Couhig,golf,2025-26,2026,D2,Men,Great Lakes Valley Conference,Lewis,,Golfer,So.,So,"Blacklick, Ohio",Blacklick,OH,domestic,St. Francis Desales,0,https://lewisflyers.com/sports/mens-golf/roster/2025-26
glf_dc4127079756,Gabriel,Delaval,golf,2025-26,2026,D2,Men,Great Lakes Valley Conference,Lewis,,Golfer,Fr.,Fr,"Marcq-en-Baroeul, France",Marcq-en-Baroeul,,international,,0,https://lewisflyers.com/sports/mens-golf/roster/2025-26
glf_8f7b0cdf0cdc,Ty,Doty,golf,2025-26,2026,D2,Men,Great Lakes Valley Conference,Lewis,,Golfer,Sr.,Sr,"South Elgin, Ill.",South Elgin,IL,domestic,South Elgin,0,https://lewisflyers.com/sports/mens-golf/roster/2025-26
glf_763493d5d37f,Noah,Hankinson,golf,2025-26,2026,D2,Men,Great Lakes Valley Conference,Lewis,,Golfer,Fr.,Fr,"Frisco, Texas",Frisco,TX,domestic,,0,https://lewisflyers.com/sports/mens-golf/roster/2025-26
glf_800be9079cfb,Neil,Hanlon,golf,2025-26,2026,D2,Men,Great Lakes Valley Conference,Lewis,,Golfer,Jr.,Jr,"Ore-Medonte, Ontario, Canada",Ore-Medonte,,international,Eastview,0,https://lewisflyers.com/sports/mens-golf/roster/2025-26
glf_41f8b541302c,Ethan,Hormann,golf,2025-26,2026,D2,Men,Great Lakes Valley Conference,Lewis,,Golfer,Jr.,Jr,"Phoenix, Ariz.",Phoenix,AZ,domestic,Mountain Ridge,0,https://lewisflyers.com/sports/mens-golf/roster/2025-26
glf_c23ffc9dd12d,Josh,Ryan,golf,2025-26,2026,D2,Men,Great Lakes Valley Conference,Lewis,,Golfer,Jr.,Jr,"Folsom, Calif.",Folsom,CA,domestic,Christian Brothers,0,https://lewisflyers.com/sports/mens-golf/roster/2025-26
glf_77f9fadfe486,Brady,Walsh,golf,2025-26,2026,D2,Men,Great Lakes Valley Conference,Lewis,,Golfer,Sr.,Sr,"Moorpark, Calif.",Moorpark,CA,domestic,Moorpark,0,https://lewisflyers.com/sports/mens-golf/roster/2025-26
glf_b19c1b5a8a03,Zebulon,Barnes,golf,2025-26,2026,D2,Men,Great Lakes Valley Conference,Lincoln Missouri,"5'11"" 140 lbs",Golfer,Fr.,Fr,"Carson, Calif.",Carson,CA,domestic,US Performance Academy,1,https://lubluetigers.com/sports/mens-golf/roster/2025-26
glf_0cc1c3e154f7,Ayden,Howard,golf,2025-26,2026,D2,Men,Great Lakes Valley Conference,Lincoln Missouri,"5'10"" 160 lbs",Golfer,Fr.,Fr,"California, Mo.",California,MO,domestic,California,0,https://lubluetigers.com/sports/mens-golf/roster/2025-26
glf_71ed89221295,Jett,Maasen,golf,2025-26,2026,D2,Men,Great Lakes Valley Conference,Lincoln Missouri,"5'8"" 135 lbs",Golfer,So.,So,"Linn, Mo.",Linn,MO,domestic,Linn,0,https://lubluetigers.com/sports/mens-golf/roster/2025-26
glf_33e29de9de9f,Logen,Prock,golf,2025-26,2026,D2,Men,Great Lakes Valley Conference,Lincoln Missouri,"5'6"" 135 lbs",Golfer,Sr.,Sr,"Jefferson City, Mo.",Jefferson City,MO,domestic,Capital City,0,https://lubluetigers.com/sports/mens-golf/roster/2025-26
glf_35e83f979eb7,Sebastian,Rubio,golf,2025-26,2026,D2,Men,Great Lakes Valley Conference,Lincoln Missouri,"5'11"" 166 lbs",Golfer,Fr.,Fr,"Bogota, Colombia",Bogota,,international,Seton,0,https://lubluetigers.com/sports/mens-golf/roster/2025-26
glf_8b7b0ba0bda3,Jose,Ulloa,golf,2025-26,2026,D2,Men,Great Lakes Valley Conference,Lincoln Missouri,"6'0"" 140 lbs",Golfer,Fr.,Fr,"Bogota, Colombia",Bogota,,international,Gimnasio la Khumbre,0,https://lubluetigers.com/sports/mens-golf/roster/2025-26
glf_ea52fa3ddbe8,Morgan,Cain,golf,2025-26,2026,D2,Men,South Atlantic Conference,Lincoln Memorial,"5'6"" R",Golfer,Jr.,Jr,"Cork, Ireland",Cork,,international,West Ridge High School,0,https://lmurailsplitters.com/sports/mens-golf/roster/2025-26
glf_9dbf5941851a,Wyatt,Cochran,golf,2025-26,2026,D2,Men,South Atlantic Conference,Lincoln Memorial,,Golfer,Fr.,Fr,"Blountville, TN",Blountville,TN,domestic,West Ridge High School,0,https://lmurailsplitters.com/sports/mens-golf/roster/2025-26
glf_ecfb7812a23b,Harry,Dickins,golf,2025-26,2026,D2,Men,South Atlantic Conference,Lincoln Memorial,,Golfer,Fr.,Fr,"Salisbury, England",Salisbury,,international,Wyvern St Edmund's,0,https://lmurailsplitters.com/sports/mens-golf/roster/2025-26
glf_dd1b2917fb57,Henry,Drake,golf,2025-26,2026,D2,Men,South Atlantic Conference,Lincoln Memorial,,Golfer,Jr.,Jr,"Reading, England",Reading,,international,Kennet School,0,https://lmurailsplitters.com/sports/mens-golf/roster/2025-26
glf_05ff02f81882,Ryan,Gavin,golf,2025-26,2026,D2,Men,South Atlantic Conference,Lincoln Memorial,,Golfer,So.,So,"Coventry, England",Coventry,,international,Finham Park,0,https://lmurailsplitters.com/sports/mens-golf/roster/2025-26
glf_0f0da5339579,Cameron,Grabeel,golf,2025-26,2026,D2,Men,South Atlantic Conference,Lincoln Memorial,,Golfer,R-So.,So,"Rose Hill, VA",Rose Hill,VA,domestic,,0,https://lmurailsplitters.com/sports/mens-golf/roster/2025-26
glf_880a53b60243,Ayden,Haller,golf,2025-26,2026,D2,Men,South Atlantic Conference,Lincoln Memorial,,Golfer,Fr.,Fr,"Leesburg, GA",Leesburg,GA,domestic,Lee County High School,0,https://lmurailsplitters.com/sports/mens-golf/roster/2025-26
glf_2c126691b273,Ross,Healion,golf,2025-26,2026,D2,Men,South Atlantic Conference,Lincoln Memorial,,Golfer,Fr.,Fr,"Rhode, Ireland",Rhode,,international,St. Mary's Secondary School,0,https://lmurailsplitters.com/sports/mens-golf/roster/2025-26
glf_bdff49d33053,Dylan,Hussey,golf,2025-26,2026,D2,Men,South Atlantic Conference,Lincoln Memorial,,Golfer,Fr.,Fr,"Essex, England",Essex,,international,The Bishop's Stortford High School,0,https://lmurailsplitters.com/sports/mens-golf/roster/2025-26
glf_287d27aa694a,Edward,Mason,golf,2025-26,2026,D2,Men,South Atlantic Conference,Lincoln Memorial,,Golfer,So.,So,"Colchester, England",Colchester,,international,Philip Morant School,0,https://lmurailsplitters.com/sports/mens-golf/roster/2025-26
glf_d290ebf943f0,Matthew,McCorkel,golf,2025-26,2026,D2,Men,South Atlantic Conference,Lincoln Memorial,,Golfer,Fr.,Fr,"Tazewell, TN",Tazewell,TN,domestic,Cumberland Gap High School,0,https://lmurailsplitters.com/sports/mens-golf/roster/2025-26
glf_faeb46305937,Harry,McGuire,golf,2025-26,2026,D2,Men,South Atlantic Conference,Lincoln Memorial,,Golfer,Fr.,Fr,"London, England",London,,international,,0,https://lmurailsplitters.com/sports/mens-golf/roster/2025-26
glf_6a26b909c978,Max,Murray,golf,2025-26,2026,D2,Men,South Atlantic Conference,Lincoln Memorial,,Golfer,So.,So,"London, England",London,,international,Eltham College,0,https://lmurailsplitters.com/sports/mens-golf/roster/2025-26
glf_756861dd19c5,Minh,Nguyen,golf,2025-26,2026,D2,Men,South Atlantic Conference,Lincoln Memorial,"5'6"" R",Golfer,R-Jr.,Jr,"Ho Chi Minh City, Vietnam",Ho Chi Minh City,,international,Montverde Academy,1,https://lmurailsplitters.com/sports/mens-golf/roster/2025-26
glf_655f40b46726,Oliver,Ulmo,golf,2025-26,2026,D2,Men,South Atlantic Conference,Lincoln Memorial,,Golfer,Sr.,Sr,"Oppengaard, Norway",Oppengaard,,international,WANG Toppidrett - Oslo,0,https://lmurailsplitters.com/sports/mens-golf/roster/2025-26
glf_888a11d589e1,Caden,Boyd,golf,2025-26,2026,D2,Men,Great Midwest Athletic Conference,Malone,,Golfer,Fr.,Fr,"Concord Township, OH",Concord Township,OH,domestic,Riverside,0,https://malonepioneers.com/sports/mens-golf/roster/2025-26
glf_8c15bec3a86c,Alfie,Craker,golf,2025-26,2026,D2,Men,Great Midwest Athletic Conference,Malone,,Golfer,Fr.,Fr,"Worthing, West Sussex, England",Worthing,,international,Worthing,0,https://malonepioneers.com/sports/mens-golf/roster/2025-26
glf_12b750220d5d,Fletcher,Cravens,golf,2025-26,2026,D2,Men,Great Midwest Athletic Conference,Malone,,Golfer,Fr.,Fr,"Frisco, TX",Frisco,TX,domestic,Plano West,0,https://malonepioneers.com/sports/mens-golf/roster/2025-26
glf_568e13458372,Tyler,DeRoy,golf,2025-26,2026,D2,Men,Great Midwest Athletic Conference,Malone,,Golfer,So.,So,"Massillon, OH",Massillon,OH,domestic,Perry,0,https://malonepioneers.com/sports/mens-golf/roster/2025-26
glf_9e579513d844,Tom,Forsythe,golf,2025-26,2026,D2,Men,Great Midwest Athletic Conference,Malone,,Golfer,Fr.,Fr,"Northville, MI",Northville,MI,domestic,Northville,0,https://malonepioneers.com/sports/mens-golf/roster/2025-26
glf_0fc473bc6399,Easton,Hamrick,golf,2025-26,2026,D2,Men,Great Midwest Athletic Conference,Malone,,Golfer,Fr.,Fr,"Virginia Beach, VA",Virginia Beach,VA,domestic,Frank W. Cox,0,https://malonepioneers.com/sports/mens-golf/roster/2025-26
glf_ba6a3f6092a5,Evan,Hausch,golf,2025-26,2026,D2,Men,Great Midwest Athletic Conference,Malone,,Golfer,So.,So,"Akron, OH",Akron,OH,domestic,Manchester,0,https://malonepioneers.com/sports/mens-golf/roster/2025-26
glf_74d99e359d90,Camden,Horning,golf,2025-26,2026,D2,Men,Great Midwest Athletic Conference,Malone,,Golfer,Sr.,Sr,"Uniontown, OH",Uniontown,OH,domestic,Lake,0,https://malonepioneers.com/sports/mens-golf/roster/2025-26
glf_45ab361415cd,Brady,Johnson,golf,2025-26,2026,D2,Men,Great Midwest Athletic Conference,Malone,,Golfer,Fr.,Fr,"New Franklin, OH",New Franklin,OH,domestic,Manchester,0,https://malonepioneers.com/sports/mens-golf/roster/2025-26
glf_4e8ab37bc1a1,Dylan,Maninga,golf,2025-26,2026,D2,Men,Great Midwest Athletic Conference,Malone,,Golfer,So.,So,"Hartville, OH",Hartville,OH,domestic,Lake Center Christian,0,https://malonepioneers.com/sports/mens-golf/roster/2025-26
glf_e849640375c1,Carter,Miller,golf,2025-26,2026,D2,Men,Great Midwest Athletic Conference,Malone,,Golfer,So.,So,"Strasburg, OH",Strasburg,OH,domestic,Garaway,0,https://malonepioneers.com/sports/mens-golf/roster/2025-26
glf_1d9ff202b250,Samuel,Monzon Ramirez,golf,2025-26,2026,D2,Men,Great Midwest Athletic Conference,Malone,,Golfer,Fr.,Fr,"La Seu De Rugell, Lleida, Spain",La Seu De Rugell,,international,FP Aixovall,0,https://malonepioneers.com/sports/mens-golf/roster/2025-26
glf_2a93a32883a3,Cayden,Rininger,golf,2025-26,2026,D2,Men,Great Midwest Athletic Conference,Malone,,Golfer,Jr.,Jr,"Carrollton, OH",Carrollton,OH,domestic,Carrollton,0,https://malonepioneers.com/sports/mens-golf/roster/2025-26
glf_78cef189e3ee,Jaxon,Rinkes,golf,2025-26,2026,D2,Men,Great Midwest Athletic Conference,Malone,,Golfer,Jr.,Jr,"Carrollton, OH",Carrollton,OH,domestic,Carrollton,0,https://malonepioneers.com/sports/mens-golf/roster/2025-26
glf_76c982dddede,Ryan,Yoder,golf,2025-26,2026,D2,Men,Great Midwest Athletic Conference,Malone,,Golfer,So.,So,"Amherst, OH",Amherst,OH,domestic,Amherst Steele,0,https://malonepioneers.com/sports/mens-golf/roster/2025-26
glf_360081c08b8a,Tyler,Bales,golf,2025-26,2026,D2,Men,Lone Star Conference,Lubbock Christian,,Golfer,So.,So,"Midland, Texas",Midland,TX,domestic,Midland Christian,0,https://lcuchaps.com/sports/mens-golf/roster/2025-26
glf_a2726918add4,Noel,Bondesson,golf,2025-26,2026,D2,Men,Lone Star Conference,Lubbock Christian,,Golfer,Jr.,Jr,"Landskrona, Sweden",Landskrona,,international,Upper Secondary School,0,https://lcuchaps.com/sports/mens-golf/roster/2025-26
glf_4b85a27027b3,Hayden,Bowman,golf,2025-26,2026,D2,Men,Lone Star Conference,Lubbock Christian,,Golfer,Sr.,Sr,"Lubbock, Texas",Lubbock,TX,domestic,Cooper H.S.,0,https://lcuchaps.com/sports/mens-golf/roster/2025-26
glf_9b7b0e89db23,Maximiliano,Dufey,golf,2025-26,2026,D2,Men,Lone Star Conference,Lubbock Christian,,Golfer,Sr.,Sr,"Santiago, Chile",Santiago,,international,Highlands School,0,https://lcuchaps.com/sports/mens-golf/roster/2025-26
glf_19a49556ab12,Dylan,Ford,golf,2025-26,2026,D2,Men,Lone Star Conference,Lubbock Christian,,Golfer,Fr.,Fr,"Sonora, Texas",Sonora,TX,domestic,Sonora H.S.,0,https://lcuchaps.com/sports/mens-golf/roster/2025-26
glf_c361352ba33d,Grayson,Henegar,golf,2025-26,2026,D2,Men,Lone Star Conference,Lubbock Christian,,Golfer,Fr.,Fr,"Dallas, Texas",Dallas,TX,domestic,June Shelton School,0,https://lcuchaps.com/sports/mens-golf/roster/2025-26
glf_25b3d98e23c0,Hudson,Reagan,golf,2025-26,2026,D2,Men,Lone Star Conference,Lubbock Christian,,Golfer,So.,So,"Brownwood, Texas",Brownwood,TX,domestic,Brownwood H.S.,0,https://lcuchaps.com/sports/mens-golf/roster/2025-26
glf_0cd463eb8523,Andres,Asin,golf,2025-26,2026,D2,Men,Sunshine State Conference,Lynn,,Golfer,Sr.,Sr,"Madrid, Spain",Madrid,,international,IMG Academy,1,https://lynnfightingknights.com/sports/mens-golf/roster/2025-26
glf_858323e3fcd9,Douglas,Basadur,golf,2025-26,2026,D2,Men,Sunshine State Conference,Lynn,,Golfer,So.,So,"Fonthill, Ontario",Fonthill,,international,IMG Academy,1,https://lynnfightingknights.com/sports/mens-golf/roster/2025-26
glf_06f25c70bbbf,Matthew,DePinto,golf,2025-26,2026,D2,Men,Sunshine State Conference,Lynn,,Golfer,Sr.,Sr,"West Palm Beach, Fla.",West Palm Beach,FL,domestic,,0,https://lynnfightingknights.com/sports/mens-golf/roster/2025-26
glf_f7dd6bf2edb8,Theo,Desroches,golf,2025-26,2026,D2,Men,Sunshine State Conference,Lynn,,Golfer,So.,So,"Saint-Sauveur, Quebec",Saint-Sauveur,,international,Baylor School,0,https://lynnfightingknights.com/sports/mens-golf/roster/2025-26
glf_8fe0fd7751ab,Joe,Houghton,golf,2025-26,2026,D2,Men,Sunshine State Conference,Lynn,,Golfer,So.,So,"Scottsdale, Ariz.",Scottsdale,AZ,domestic,Perry High School,0,https://lynnfightingknights.com/sports/mens-golf/roster/2025-26
glf_0731fb0d9361,Sebastiano,Mascia,golf,2025-26,2026,D2,Men,Sunshine State Conference,Lynn,,Golfer,Jr.,Jr,"Orlando, Fla.",Orlando,FL,domestic,Lake Nona,0,https://lynnfightingknights.com/sports/mens-golf/roster/2025-26
glf_d09672d8d563,Connor,Owen,golf,2025-26,2026,D2,Men,Sunshine State Conference,Lynn,,Golfer,Sr.,Sr,"Newtown, Wales",Newtown,,international,,0,https://lynnfightingknights.com/sports/mens-golf/roster/2025-26
glf_709b85ca84fd,Simon,Roessler,golf,2025-26,2026,D2,Men,Sunshine State Conference,Lynn,,Golfer,Sr.,Sr,"Santiago, Chile",Santiago,,international,Colegio Olimpo,0,https://lynnfightingknights.com/sports/mens-golf/roster/2025-26
glf_1f98ccdf1226,Cole,Ropicky,golf,2025-26,2026,D2,Men,Sunshine State Conference,Lynn,,Golfer,So.,So,"Wales, Wis.",Wales,WI,domestic,Xceed Preparatory Academy,1,https://lynnfightingknights.com/sports/mens-golf/roster/2025-26
glf_548dd86efa5f,Daniel,Boyle,golf,2025-26,2026,D2,Men,Great Lakes Valley Conference,Maryville,,Golfer,So.,So,"Edmonton, Alberta, Canada",Edmonton,,international,Lillian Osborne,0,https://maryvillesaints.com/sports/golf/roster/2025-26
glf_5e8c345f777a,Javier,Gil Blanco,golf,2025-26,2026,D2,Men,Great Lakes Valley Conference,Maryville,,Golfer,Sr.,Sr,"Bucaramaga, Colombia",Bucaramaga,,international,Aspaen Gimnasio Suacar,0,https://maryvillesaints.com/sports/golf/roster/2025-26
glf_9e5fe272c11a,Hsiang-Chih,Hsu,golf,2025-26,2026,D2,Men,Great Lakes Valley Conference,Maryville,,Golfer,Jr.,Jr,"New Taipei City, Taiwan",New Taipei City,,international,,0,https://maryvillesaints.com/sports/golf/roster/2025-26
glf_30bc3158d255,Zach,Mesplay,golf,2025-26,2026,D2,Men,Great Lakes Valley Conference,Maryville,,Golfer,So.,So,"O'Fallon, Mo.",O'Fallon,MO,domestic,Fort Zumwalt South,0,https://maryvillesaints.com/sports/golf/roster/2025-26
glf_767ca5de79b6,Antoine,Morisset,golf,2025-26,2026,D2,Men,Great Lakes Valley Conference,Maryville,,Golfer,Fr.,Fr,"Montreal, Canada",Montreal,,international,,0,https://maryvillesaints.com/sports/golf/roster/2025-26
glf_a42c1869d3fd,Andrew,Rojas,golf,2025-26,2026,D2,Men,Great Lakes Valley Conference,Maryville,,Golfer,So.,So,"Mamer, Luxembourg",Mamer,,international,International School,0,https://maryvillesaints.com/sports/golf/roster/2025-26
glf_1a67e8d4f03e,Quinn,Thomas,golf,2025-26,2026,D2,Men,Great Lakes Valley Conference,Maryville,,Golfer,So.,So,"Hannibal, Mo.",Hannibal,MO,domestic,Hannibal,0,https://maryvillesaints.com/sports/golf/roster/2025-26
glf_a6284a9c0de1,Ryan,Bello,golf,2025-26,2026,D2,Men,Pacific West Conference,Menlo,,Golfer,So.,So,"Santa Rosa, CA",Santa Rosa,CA,domestic,Cardinal Newman HS,0,https://menloathletics.com/sports/mens-golf/roster/2025-26
glf_fcd9ce5d1b8f,Kevin,Chen,golf,2025-26,2026,D2,Men,Pacific West Conference,Menlo,,Golfer,Jr.,Jr,"Carmel, CA",Carmel,CA,domestic,Palma HS,0,https://menloathletics.com/sports/mens-golf/roster/2025-26
glf_0dbbd0d70e1f,Janav,Darar,golf,2025-26,2026,D2,Men,Pacific West Conference,Menlo,,Golfer,Fr.,Fr,"Vancouver, BC, Canada",Vancouver,,international,Sir Winston Churchill Secondary School,0,https://menloathletics.com/sports/mens-golf/roster/2025-26
glf_149cce3337e2,Wei,Jin Eng,golf,2025-26,2026,D2,Men,Pacific West Conference,Menlo,,Golfer,So.,So,Singapore,Singapore,,international,Singapore Sports School,0,https://menloathletics.com/sports/mens-golf/roster/2025-26
glf_b3914775b415,Tej,Gangavarapu,golf,2025-26,2026,D2,Men,Pacific West Conference,Menlo,,Golfer,Sr.,Sr,"Hyderabad, India",Hyderabad,,international,,,https://menloathletics.com/sports/mens-golf/roster/2025-26
glf_40ece59f23a1,Rudi,Heitz,golf,2025-26,2026,D2,Men,Pacific West Conference,Menlo,,Golfer,So.,So,"Mandeville, LA",Mandeville,LA,domestic,Holy Family HS,0,https://menloathletics.com/sports/mens-golf/roster/2025-26
glf_4d422f26c867,Roark,Holstein,golf,2025-26,2026,D2,Men,Pacific West Conference,Menlo,,Golfer,So.,So,"San Mateo, CA",San Mateo,CA,domestic,Junipero Serra HS,0,https://menloathletics.com/sports/mens-golf/roster/2025-26
glf_616029ce757e,Cole,Kroeker,golf,2025-26,2026,D2,Men,Pacific West Conference,Menlo,,Golfer,Jr.,Jr,"Carmel, CA",Carmel,CA,domestic,Carmel High School,0,https://menloathletics.com/sports/mens-golf/roster/2025-26
glf_1f0503e6bb12,Ryoma,Kumazawa,golf,2025-26,2026,D2,Men,Pacific West Conference,Menlo,,Golfer,Sr.,Sr,"Aichi, Japan",Aichi,,international,Heritage Academy,1,https://menloathletics.com/sports/mens-golf/roster/2025-26
glf_a27f77ff8a63,Alex,Lest,golf,2025-26,2026,D2,Men,Pacific West Conference,Menlo,,Golfer,Fr.,Fr,"Littleton, CO",Littleton,CO,domestic,Columbine HS,0,https://menloathletics.com/sports/mens-golf/roster/2025-26
glf_4eccebb6be5a,Zihe,Miao,golf,2025-26,2026,D2,Men,Pacific West Conference,Menlo,,Golfer,Fr.,Fr,"Nanchang, China",Nanchang,,international,Nanchang No. 10 HS,0,https://menloathletics.com/sports/mens-golf/roster/2025-26
glf_d2a32b1b8ea0,Evan,Russo,golf,2025-26,2026,D2,Men,Pacific West Conference,Menlo,,Golfer,Jr.,Jr,"Monterey, CA",Monterey,CA,domestic,Palma HS,0,https://menloathletics.com/sports/mens-golf/roster/2025-26
glf_2725b6781d06,Emmett,Shell,golf,2025-26,2026,D2,Men,Pacific West Conference,Menlo,,Golfer,So.,So,"Niwot, CO",Niwot,CO,domestic,Niwot HS,0,https://menloathletics.com/sports/mens-golf/roster/2025-26
glf_2476990df90e,Jack,Stark,golf,2025-26,2026,D2,Men,Pacific West Conference,Menlo,,Golfer,Gr.,Gr,"High Wycombe, England",High Wycombe,,international,Dr Challoner's Grammar School,0,https://menloathletics.com/sports/mens-golf/roster/2025-26
glf_61700b50580e,Kaden,Thurston,golf,2025-26,2026,D2,Men,Pacific West Conference,Menlo,,Golfer,Sr.,Sr,"Ukiah, CA",Ukiah,CA,domestic,Ukiah HS,0,https://menloathletics.com/sports/mens-golf/roster/2025-26
glf_5b8814e1b8b6,QiFeng,"""Adam"" Tong",golf,2025-26,2026,D2,Men,Pacific West Conference,Menlo,,Golfer,Fr.,Fr,"Beijing, China",Beijing,,international,ADCS,0,https://menloathletics.com/sports/mens-golf/roster/2025-26
glf_ccb8adf3a5fe,Josh,Belzer,golf,2025-26,2026,D2,Men,Great Lakes Valley Conference,McKendree,"6'2""",Golfer,Sr.,Sr,"Belleville, IL",Belleville,IL,domestic,Belleville East High School,0,https://mckbearcats.com/sports/mens-golf/roster/2025-26
glf_705b44db0530,Edgar,Betoret de Salazar,golf,2025-26,2026,D2,Men,Great Lakes Valley Conference,McKendree,,Golfer,So.,So,"Valencia, Spain",Valencia,,international,Iale International School,0,https://mckbearcats.com/sports/mens-golf/roster/2025-26
glf_1f11c8497275,Thierry,Boucher,golf,2025-26,2026,D2,Men,Great Lakes Valley Conference,McKendree,,Golfer,So.,So,"London, England",London,,international,Hincley Wood School,0,https://mckbearcats.com/sports/mens-golf/roster/2025-26
glf_9b15f2987513,Trystan,Du Plessis,golf,2025-26,2026,D2,Men,Great Lakes Valley Conference,McKendree,,Golfer,Sr.,Sr,"Pretoria, South Africa",Pretoria,,international,Gems First Point School,0,https://mckbearcats.com/sports/mens-golf/roster/2025-26
glf_5fa27763f49d,Hata,Iemkanitchat,golf,2025-26,2026,D2,Men,Great Lakes Valley Conference,McKendree,,Golfer,Sr.,Sr,"Bangkok, Thailand",Bangkok,,international,Raffles Christian School,0,https://mckbearcats.com/sports/mens-golf/roster/2025-26
glf_6d8160cdf09f,Ethan,Lang,golf,2025-26,2026,D2,Men,Great Lakes Valley Conference,McKendree,"6'2""",Golfer,Fr.,Fr,"Paisley, Scotland",Paisley,,international,St. Andrew Academy,1,https://mckbearcats.com/sports/mens-golf/roster/2025-26
glf_5a80cd99ac58,Jack,LeMatty,golf,2025-26,2026,D2,Men,Great Lakes Valley Conference,McKendree,,Golfer,So.,So,"Eureka, MO",Eureka,MO,domestic,Eureka High School,0,https://mckbearcats.com/sports/mens-golf/roster/2025-26
glf_9294e2955aca,Quentin,Meyer,golf,2025-26,2026,D2,Men,Great Lakes Valley Conference,McKendree,,Golfer,So.,So,"Belleville, IL",Belleville,IL,domestic,Mascoutah High School,0,https://mckbearcats.com/sports/mens-golf/roster/2025-26
glf_9d9d0127dc86,Clay,Mullins,golf,2025-26,2026,D2,Men,Great Lakes Valley Conference,McKendree,,Golfer,Sr.,Sr,"Belleville, IL",Belleville,IL,domestic,Belleville West High School,0,https://mckbearcats.com/sports/mens-golf/roster/2025-26
glf_c91c3ec10187,Andrew,Neutzling,golf,2025-26,2026,D2,Men,Great Lakes Valley Conference,McKendree,"5'11""",Golfer,Fr.,Fr,"Belleville, IL",Belleville,IL,domestic,Belleville East High School,0,https://mckbearcats.com/sports/mens-golf/roster/2025-26
glf_ddc4c8287e8f,Pe,Nontarux,golf,2025-26,2026,D2,Men,Great Lakes Valley Conference,McKendree,,Golfer,So.,So,"Lampang, Thailand",Lampang,,international,Bunyawat Witthayalai School,0,https://mckbearcats.com/sports/mens-golf/roster/2025-26
glf_d93f7f834135,Aidan,O'Keefe,golf,2025-26,2026,D2,Men,Great Lakes Valley Conference,McKendree,,Golfer,Jr.,Jr,"Ferguson, MO",Ferguson,MO,domestic,Marquette Catholic,0,https://mckbearcats.com/sports/mens-golf/roster/2025-26
glf_8a37c47abe44,Kyle,Peck,golf,2025-26,2026,D2,Men,Great Lakes Valley Conference,McKendree,,Golfer,Jr.,Jr,"Oak Creek, WI",Oak Creek,WI,domestic,Oak Creek High School,0,https://mckbearcats.com/sports/mens-golf/roster/2025-26
glf_844d2e36e410,Edward,Rockall,golf,2025-26,2026,D2,Men,Great Lakes Valley Conference,McKendree,,Golfer,So.,So,"Ferndown, Dorset, UK",Ferndown,,international,Brockenhurst College,0,https://mckbearcats.com/sports/mens-golf/roster/2025-26
glf_273f5b710b05,Carter,Rose,golf,2025-26,2026,D2,Men,Great Lakes Valley Conference,McKendree,"5'11""",Golfer,Jr.,Jr,"Swansea, IL",Swansea,IL,domestic,Belleville East High School,0,https://mckbearcats.com/sports/mens-golf/roster/2025-26
glf_ccd2b507697f,Keegan,Rose,golf,2025-26,2026,D2,Men,Great Lakes Valley Conference,McKendree,"5'11""",Golfer,Fr.,Fr,"Swansea, IL",Swansea,IL,domestic,Belleville East High School,0,https://mckbearcats.com/sports/mens-golf/roster/2025-26
glf_c4d67471a8af,Lucas,Thompson,golf,2025-26,2026,D2,Men,Great Lakes Valley Conference,McKendree,,Golfer,So.,So,"Chester, IL",Chester,IL,domestic,Chester High School,0,https://mckbearcats.com/sports/mens-golf/roster/2025-26
glf_c7e016c0700c,Tristan,Traustason,golf,2025-26,2026,D2,Men,Great Lakes Valley Conference,McKendree,"6'2""",Golfer,Fr.,Fr,"Akranes, Iceland",Akranes,,international,Fjölbrautarskóli Vesturland,0,https://mckbearcats.com/sports/mens-golf/roster/2025-26
glf_6b19713280ca,Wouter,Villhaber,golf,2025-26,2026,D2,Men,Great Lakes Valley Conference,McKendree,,Golfer,Sr.,Sr,"Schimmert, Limburg, The Netherlands",Schimmert,,international,,,https://mckbearcats.com/sports/mens-golf/roster/2025-26
glf_886a00aa5951,Matthew,Wood,golf,2025-26,2026,D2,Men,Great Lakes Valley Conference,McKendree,,Golfer,So.,So,"Ayr, Ontario, Canada",Ayr,,international,Southwood Secondary School,0,https://mckbearcats.com/sports/mens-golf/roster/2025-26
glf_0c493557ea3d,Edison,Wu,golf,2025-26,2026,D2,Men,Great Lakes Valley Conference,McKendree,"5'6""",Golfer,Fr.,Fr,"San José, Costa Rica",San José,,international,British School,0,https://mckbearcats.com/sports/mens-golf/roster/2025-26
glf_c48a747a3c47,Ryan,Darling,golf,2025-26,2026,D2,Men,Northern Sun Intercollegiate Conference,Minnesota State Mankato,,Golfer,Sr.,Sr,"Allouez, Wis.",Allouez,WI,domestic,Notre Dame Academy,1,https://msumavericks.com/sports/mens-golf/roster/2025-26
glf_2a0d7a3329b6,Michael,Johnson,golf,2025-26,2026,D2,Men,Northern Sun Intercollegiate Conference,Minnesota State Mankato,,Golfer,So.,So,"Eagan, Minn.",Eagan,MN,domestic,Eagan,0,https://msumavericks.com/sports/mens-golf/roster/2025-26
glf_fc40fd0e0370,Hogan,Ordal,golf,2025-26,2026,D2,Men,Northern Sun Intercollegiate Conference,Minnesota State Mankato,,Golfer,Sr.,Sr,"Lakeville, Minn.",Lakeville,MN,domestic,Lakeville South,0,https://msumavericks.com/sports/mens-golf/roster/2025-26
glf_2747c014d2cf,Karson,Patten,golf,2025-26,2026,D2,Men,Northern Sun Intercollegiate Conference,Minnesota State Mankato,,Golfer,Jr.,Jr,"Carlton, Minn.",Carlton,MN,domestic,Cloquet,0,https://msumavericks.com/sports/mens-golf/roster/2025-26
glf_4229d8adf026,Logan,Peroutka,golf,2025-26,2026,D2,Men,Northern Sun Intercollegiate Conference,Minnesota State Mankato,,Golfer,So.,So,"Faribault, Minn.",Faribault,MN,domestic,Faribault,0,https://msumavericks.com/sports/mens-golf/roster/2025-26
glf_f178dcd2ef3f,Paul,Rezko,golf,2025-26,2026,D2,Men,Northern Sun Intercollegiate Conference,Minnesota State Mankato,,Golfer,Fr.,Fr,"Hacienda Heights, Calif.",Hacienda Heights,CA,domestic,The British School,0,https://msumavericks.com/sports/mens-golf/roster/2025-26
glf_bc5871dc9c58,Jack,Schrader,golf,2025-26,2026,D2,Men,Northern Sun Intercollegiate Conference,Minnesota State Mankato,,Golfer,Jr.,Jr,"Maple Grove, Minn.",Maple Grove,MN,domestic,Maple Grove,0,https://msumavericks.com/sports/mens-golf/roster/2025-26
glf_02ac62cac9d3,Sam,Swavely,golf,2025-26,2026,D2,Men,Northern Sun Intercollegiate Conference,Minnesota State Mankato,,Golfer,Fr.,Fr,"Hudson, Wis.",Hudson,WI,domestic,Hudson,0,https://msumavericks.com/sports/mens-golf/roster/2025-26
glf_fc9b9b51ace3,Waii,Chidtawan Wangrungwichaisri,golf,2025-26,2026,D2,Men,Northern Sun Intercollegiate Conference,Minnesota State Mankato,,Golfer,Fr.,Fr,"Chiang Mai, Thailand",Chiang Mai,,international,Montfort College,0,https://msumavericks.com/sports/mens-golf/roster/2025-26
glf_aee949945d71,Leo,Werschay,golf,2025-26,2026,D2,Men,Northern Sun Intercollegiate Conference,Minnesota State Mankato,,Golfer,Sr.,Sr,"Augusta, Minn.",Augusta,MN,domestic,Cathedral,0,https://msumavericks.com/sports/mens-golf/roster/2025-26
glf_808ddb43fcdc,Alex,Augustine,golf,2025-26,2026,D2,Men,Gulf South Conference,Mississippi College,"5'9"" 135 lbs",Golfer,R-Fr.,Fr,"Lake Charles, La.",Lake Charles,LA,domestic,Barbe HS,0,https://www.gochoctaws.com/sports/mens-golf/roster/2025-26
glf_4835aa456061,Linus,Doverfors,golf,2025-26,2026,D2,Men,Gulf South Conference,Mississippi College,"5'10"" 175 lbs",Golfer,Sr.,Sr,"Linkoping, Sweden",Linkoping,,international,Lindsey Wilson,0,https://www.gochoctaws.com/sports/mens-golf/roster/2025-26
glf_5ed9a021af86,Ben,Eichelberger,golf,2025-26,2026,D2,Men,Gulf South Conference,Mississippi College,"6'1"" 200 lbs",Golfer,Fr.,Fr,"Brandon, Miss.",Brandon,MS,domestic,Brandon HS,0,https://www.gochoctaws.com/sports/mens-golf/roster/2025-26
glf_84f53c61c419,Cole,Flesher,golf,2025-26,2026,D2,Men,Gulf South Conference,Mississippi College,"5'10"" 210 lbs",Golfer,So.,So,"Madison, Miss.",Madison,MS,domestic,Madison Central HS,0,https://www.gochoctaws.com/sports/mens-golf/roster/2025-26
glf_d154325b655c,João,Iglesias,golf,2025-26,2026,D2,Men,Gulf South Conference,Mississippi College,"5'10"" 165 lbs",Golfer,So.,So,"Coimbra, Portugal",Coimbra,,international,Dodge City CC,0,https://www.gochoctaws.com/sports/mens-golf/roster/2025-26
glf_8e7906d52653,Jack,Mckie,golf,2025-26,2026,D2,Men,Gulf South Conference,Mississippi College,"5'11"" 155 lbs",Golfer,Jr.,Jr,"Chester, England",Chester,,international,Dodge City CC,0,https://www.gochoctaws.com/sports/mens-golf/roster/2025-26
glf_12cc60c1dfc7,Todd,Mckie,golf,2025-26,2026,D2,Men,Gulf South Conference,Mississippi College,"6'2"" 158 lbs",Golfer,Jr.,Jr,"Chester, England",Chester,,international,Dodge City CC,0,https://www.gochoctaws.com/sports/mens-golf/roster/2025-26
glf_2b18a5e8964e,Evan,O'Doherty,golf,2025-26,2026,D2,Men,Gulf South Conference,Mississippi College,"5'7"" 163 lbs",Golfer,R-Sr.,Sr,"Loughrea, Ireland",Loughrea,,international,Tyler JC,0,https://www.gochoctaws.com/sports/mens-golf/roster/2025-26
glf_f8620c755947,William,Porter,golf,2025-26,2026,D2,Men,Gulf South Conference,Mississippi College,"6'0"" 170 lbs",Golfer,R-So.,So,"Cordova, Tenn.",Cordova,TN,domestic,Evangelical Christian,0,https://www.gochoctaws.com/sports/mens-golf/roster/2025-26
glf_73962c0026f4,Zach,Robertson,golf,2025-26,2026,D2,Men,Gulf South Conference,Mississippi College,"6'3"" 175 lbs",Golfer,Sr.,Sr,"Lake Charles, La.",Lake Charles,LA,domestic,Barbe High School,0,https://www.gochoctaws.com/sports/mens-golf/roster/2025-26
glf_0495d6e0e7fc,Owen,Wallace,golf,2025-26,2026,D2,Men,Gulf South Conference,Mississippi College,"6'3"" 220 lbs",Golfer,R-Jr.,Jr,"Lubbock, Texas",Lubbock,TX,domestic,Frenship High School,0,https://www.gochoctaws.com/sports/mens-golf/roster/2025-26
glf_c9b64134ef78,Derek,Dulceak,golf,2025-26,2026,D2,Men,Great Lakes Valley Conference,Missouri S and T,,Golfer,Fr.,Fr,"Springfield, IL",Springfield,IL,domestic,Glenwood,0,https://minerathletics.com/sports/mens-golf/roster/2025-26
glf_2fb4b5be630c,Joey,Friedel,golf,2025-26,2026,D2,Men,Great Lakes Valley Conference,Missouri S and T,,Golfer,Sr.,Sr,"St. Peters, MO",St. Peters,MO,domestic,Fort Zumwalt South,0,https://minerathletics.com/sports/mens-golf/roster/2025-26
glf_0dacaf367eee,Thomas,Heisner,golf,2025-26,2026,D2,Men,Great Lakes Valley Conference,Missouri S and T,,Golfer,Sr.,Sr,"Crestwood, MO",Crestwood,MO,domestic,Lindbergh,0,https://minerathletics.com/sports/mens-golf/roster/2025-26
glf_e8cbe42e493a,Quin,Hoenig,golf,2025-26,2026,D2,Men,Great Lakes Valley Conference,Missouri S and T,,Golfer,Sr.,Sr,"O'Fallon, Mo",O'Fallon,MO,domestic,Francis Howell,0,https://minerathletics.com/sports/mens-golf/roster/2025-26
glf_43a5b29a274b,Chayton,Jordan,golf,2025-26,2026,D2,Men,Great Lakes Valley Conference,Missouri S and T,,Golfer,Fr.,Fr,"Rolla, MO",Rolla,MO,domestic,Rolla,0,https://minerathletics.com/sports/mens-golf/roster/2025-26
glf_031c72e990a6,Li,Kasule,golf,2025-26,2026,D2,Men,Great Lakes Valley Conference,Missouri S and T,,Golfer,Fr.,Fr,"Stockholm, Sweden",Stockholm,,international,Upplands-Brogymnasiet,0,https://minerathletics.com/sports/mens-golf/roster/2025-26
glf_dba213cb5157,Cole,Komyati,golf,2025-26,2026,D2,Men,Great Lakes Valley Conference,Missouri S and T,,Golfer,Sr.,Sr,"Elberta, AL",Elberta,AL,domestic,Bayside Academy,1,https://minerathletics.com/sports/mens-golf/roster/2025-26
glf_03bae684fc24,Haikal,Putera,golf,2025-26,2026,D2,Men,Great Lakes Valley Conference,Missouri S and T,,Golfer,Fr.,Fr,"Selangor, Malaysia",Selangor,,international,IMG Academy,1,https://minerathletics.com/sports/mens-golf/roster/2025-26
glf_58b607ddefbf,Rizq,Adam Rohizam,golf,2025-26,2026,D2,Men,Great Lakes Valley Conference,Missouri S and T,,Golfer,So.,So,"Selangor, Malaysia",Selangor,,international,Robert Louis Stevenson,0,https://minerathletics.com/sports/mens-golf/roster/2025-26
glf_13de8ff604e5,Andy,Su,golf,2025-26,2026,D2,Men,Great Lakes Valley Conference,Missouri S and T,,Golfer,So.,So,"Poole, England",Poole,,international,Poole,0,https://minerathletics.com/sports/mens-golf/roster/2025-26
glf_c39818f1ba83,Isaac,To,golf,2025-26,2026,D2,Men,Great Lakes Valley Conference,Missouri S and T,,Golfer,Sr.,Sr,"Petaling Jaya, Malaysia",Petaling Jaya,,international,Real International School,0,https://minerathletics.com/sports/mens-golf/roster/2025-26
glf_3cf3491dd870,Aiden,Asby,golf,2025-26,2026,D2,Men,Mid-America Intercollegiate Athletics Association,Missouri Western State,"5'10""",Golfer,Sr.,Sr,"Bolivar, Mo.",Bolivar,MO,domestic,Bolivar HS,0,https://gogriffons.com/sports/mens-golf/roster/2025-26
glf_53a1996676ee,Bennett,Berger,golf,2025-26,2026,D2,Men,Mid-America Intercollegiate Athletics Association,Missouri Western State,"6'2""",Golfer,Jr.,Jr,"Lake Mills, Iowa",Lake Mills,IA,domestic,Lake Mills HS,0,https://gogriffons.com/sports/mens-golf/roster/2025-26
glf_a235a645b69e,Parker,Boggins,golf,2025-26,2026,D2,Men,Mid-America Intercollegiate Athletics Association,Missouri Western State,"6'2""",Golfer,Fr.,Fr,"Olathe, Kan.",Olathe,KS,domestic,Olathe West,0,https://gogriffons.com/sports/mens-golf/roster/2025-26
glf_1873e4f893d0,Parker,Bunting,golf,2025-26,2026,D2,Men,Mid-America Intercollegiate Athletics Association,Missouri Western State,"6'4""",Golfer,Jr.,Jr,"Lincoln, Neb.",Lincoln,NE,domestic,Lincoln East HS,0,https://gogriffons.com/sports/mens-golf/roster/2025-26
glf_06e16108df25,Patrick,Johnston,golf,2025-26,2026,D2,Men,Mid-America Intercollegiate Athletics Association,Missouri Western State,"6'2""",Golfer,So.,So,"St. Joseph, Mo.",St. Joseph,MO,domestic,Bishop LeBlond HS,0,https://gogriffons.com/sports/mens-golf/roster/2025-26
glf_e077e01b8171,Tim,Johnston,golf,2025-26,2026,D2,Men,Mid-America Intercollegiate Athletics Association,Missouri Western State,"6'2""",Golfer,So.,So,"St. Joseph, Mo.",St. Joseph,MO,domestic,Bishop LeBlond HS,0,https://gogriffons.com/sports/mens-golf/roster/2025-26
glf_be90a971d383,Davis,Jungbluth,golf,2025-26,2026,D2,Men,Mid-America Intercollegiate Athletics Association,Missouri Western State,"5'9""",Golfer,So.,So,"St. Joseph, Mo.",St. Joseph,MO,domestic,Bishop LeBlond HS,0,https://gogriffons.com/sports/mens-golf/roster/2025-26
glf_de3076baf2d9,Tommy,McDowell,golf,2025-26,2026,D2,Men,Mid-America Intercollegiate Athletics Association,Missouri Western State,"6'4""",Golfer,Fr.,Fr,"Leawood, Kan.",Leawood,KS,domestic,Blue Valley North,0,https://gogriffons.com/sports/mens-golf/roster/2025-26
glf_0ae95fa40ca9,Ethan,Mustard,golf,2025-26,2026,D2,Men,Mid-America Intercollegiate Athletics Association,Missouri Western State,"5'7""",Golfer,Fr.,Fr,"Lebanon, Mo.",Lebanon,MO,domestic,Lebanon HS,0,https://gogriffons.com/sports/mens-golf/roster/2025-26
glf_e88eb8fde9b4,Jackson,Patterson,golf,2025-26,2026,D2,Men,Mid-America Intercollegiate Athletics Association,Missouri Western State,"6'3""",Golfer,So.,So,"St. Joseph, Mo.",St. Joseph,MO,domestic,Central HS,0,https://gogriffons.com/sports/mens-golf/roster/2025-26
glf_0e4839bb6e9d,Coby,Puzio,golf,2025-26,2026,D2,Men,Mid-America Intercollegiate Athletics Association,Missouri Western State,"5'10""",Golfer,So.,So,"Brighton, Colo.",Brighton,CO,domestic,Brighton HS,0,https://gogriffons.com/sports/mens-golf/roster/2025-26
glf_3535a61a2dca,Sam,Schoeberl,golf,2025-26,2026,D2,Men,Mid-America Intercollegiate Athletics Association,Missouri Western State,"5'6""",Golfer,Jr.,Jr,"St. Joseph, Mo.",St. Joseph,MO,domestic,Bishop LeBlond HS,0,https://gogriffons.com/sports/mens-golf/roster/2025-26
glf_951db9233a68,Leo,Baudry,golf,2025-26,2026,D2,Men,Great Lakes Valley Conference,Missouri St Louis,"6'1""",Golfer,Sr.,Sr,"Saint Vincent-de-Pertignas, France",Saint Vincent-de-Pertignas,,international,St. Emillonnais,0,https://umsltritons.com/sports/mens-golf/roster/2025-26
glf_89a10bba8bc2,Benjamin,Berger,golf,2025-26,2026,D2,Men,Great Lakes Valley Conference,Missouri St Louis,"5'7""",Golfer,Jr.,Jr,"St. Charles, Mo.",St. Charles,MO,domestic,Francis Howell Central,0,https://umsltritons.com/sports/mens-golf/roster/2025-26
glf_92829ab6ece7,Campbell,Cox,golf,2025-26,2026,D2,Men,Great Lakes Valley Conference,Missouri St Louis,"5'10""",Golfer,So.,So,"Fayetteville, Ark.",Fayetteville,AR,domestic,Fayetteville,0,https://umsltritons.com/sports/mens-golf/roster/2025-26
glf_14db91a1c2ba,Ludvig,Granlund,golf,2025-26,2026,D2,Men,Great Lakes Valley Conference,Missouri St Louis,"5'10""",Golfer,Jr.,Jr,"Stockholm, Sweden",Stockholm,,international,Solna Gymnasium,0,https://umsltritons.com/sports/mens-golf/roster/2025-26
glf_5e76d1200eec,Andy,Hennen,golf,2025-26,2026,D2,Men,Great Lakes Valley Conference,Missouri St Louis,"5'8""",Golfer,Sr.,Sr,"St. Louis, Mo.",St. Louis,MO,domestic,Lutheran South,0,https://umsltritons.com/sports/mens-golf/roster/2025-26
glf_2362ae53565d,Trigg,Lindahl,golf,2025-26,2026,D2,Men,Great Lakes Valley Conference,Missouri St Louis,"6'0""",Golfer,So.,So,"Hermann, Mo.",Hermann,MO,domestic,Hermann,0,https://umsltritons.com/sports/mens-golf/roster/2025-26
glf_0d35d47546d9,Logan,Mayo,golf,2025-26,2026,D2,Men,Great Lakes Valley Conference,Missouri St Louis,"5'7""",Golfer,So.,So,"Springdale, Ark.",Springdale,AR,domestic,Har-Ber,0,https://umsltritons.com/sports/mens-golf/roster/2025-26
glf_9844b3105a97,Dani,Solavera,golf,2025-26,2026,D2,Men,Great Lakes Valley Conference,Missouri St Louis,"5'6""",Golfer,Jr.,Jr,"Barcelona, Spain",Barcelona,,international,INS C.A.R.,0,https://umsltritons.com/sports/mens-golf/roster/2025-26
glf_c0593826e807,Nate,Warren,golf,2025-26,2026,D2,Men,Great Lakes Valley Conference,Missouri St Louis,"6'2""",Golfer,Fr.,Fr,"St. Albans, England",St. Albans,,international,St. George's School,0,https://umsltritons.com/sports/mens-golf/roster/2025-26
glf_e8dcd0a8115e,Jonas,Arnstrom Bakker,golf,2025-26,2026,D2,Men,Conference Carolinas,Mount Olive,"5'9""",Golfer,Sr.,Sr,"Strömstad, Sweden",Strömstad,,international,Korrespondensgymnasiet,0,https://umotrojans.com/sports/mens-golf/roster/2025-26
glf_85217ab869bb,Shawn,Benson,golf,2025-26,2026,D2,Men,Conference Carolinas,Mount Olive,"5'11""",Golfer,Sr.,Sr,"Morehead City, N.C.",Morehead City,NC,domestic,West Carteret,0,https://umotrojans.com/sports/mens-golf/roster/2025-26
glf_96861ff91112,Nico,Duran,golf,2025-26,2026,D2,Men,Conference Carolinas,Mount Olive,"6'1""",Golfer,Fr.,Fr,"Bogota, Colombia",Bogota,,international,,0,https://umotrojans.com/sports/mens-golf/roster/2025-26
glf_af61212dc3a7,Lavrans,Broen Holm,golf,2025-26,2026,D2,Men,Conference Carolinas,Mount Olive,"6'1""",Golfer,Jr.,Jr,"Tønsberg, Norway",Tønsberg,,international,Wang Toppidrett Tonsberg,0,https://umotrojans.com/sports/mens-golf/roster/2025-26
glf_05f96884814c,Oscar,Lönnqvist,golf,2025-26,2026,D2,Men,Conference Carolinas,Mount Olive,"5'10""",Golfer,So.,So,"Stockholm, Sweden",Stockholm,,international,Celsiusskolan,0,https://umotrojans.com/sports/mens-golf/roster/2025-26
glf_cf99bee6d094,Tyler,McKee,golf,2025-26,2026,D2,Men,Conference Carolinas,Mount Olive,"6'4""",Golfer,Fr.,Fr,"Dudley, NC",Dudley,NC,domestic,Southern Wayne HS,0,https://umotrojans.com/sports/mens-golf/roster/2025-26
glf_dd9fa707bef6,Matthew,Richardson,golf,2025-26,2026,D2,Men,Conference Carolinas,Mount Olive,"6'0""",Golfer,Sr.,Sr,"Snow Hill, N.C.",Snow Hill,NC,domestic,Arendell Parrott Academy,1,https://umotrojans.com/sports/mens-golf/roster/2025-26
glf_cf0032132621,Will,Sherman,golf,2025-26,2026,D2,Men,Conference Carolinas,Mount Olive,,Golfer,Fr.,Fr,,,,unknown,,0,https://umotrojans.com/sports/mens-golf/roster/2025-26
glf_7d29a84ad68d,Russell,Boren III,golf,2025-26,2026,D2,Men,Gulf South Conference,Montevallo,,Golfer,Jr.,Jr,"Oneonta, Ala.",Oneonta,AL,domestic,Oneonta High School,0,https://montevallofalcons.com/sports/mens-golf/roster/2025-26
glf_a75fb918191b,Brant,Carman,golf,2025-26,2026,D2,Men,Gulf South Conference,Montevallo,,Golfer,Fr.,Fr,,,,unknown,,0,https://montevallofalcons.com/sports/mens-golf/roster/2025-26
glf_ed7af7a1cb74,Jack,Carstensen,golf,2025-26,2026,D2,Men,Gulf South Conference,Montevallo,,Golfer,So.,So,"Osterville, Ma.",Osterville,MA,domestic,Saint John Paul II High School,0,https://montevallofalcons.com/sports/mens-golf/roster/2025-26
glf_fa0822b43b34,Dodd,Ferrelle,golf,2025-26,2026,D2,Men,Gulf South Conference,Montevallo,,Golfer,So.,So,"Athens, Ga.",Athens,GA,domestic,Cedar Shoals High School,0,https://montevallofalcons.com/sports/mens-golf/roster/2025-26
glf_1d2d91575ed6,Davis,Gurley,golf,2025-26,2026,D2,Men,Gulf South Conference,Montevallo,,Golfer,So.,So,"Kimberly, Ala.",Kimberly,AL,domestic,Mortimer Jordan High School,0,https://montevallofalcons.com/sports/mens-golf/roster/2025-26
glf_2718c8cd4270,Drew,Herman,golf,2025-26,2026,D2,Men,Gulf South Conference,Montevallo,,Golfer,So.,So,"Hoover, Ala.",Hoover,AL,domestic,Spain Park High School,0,https://montevallofalcons.com/sports/mens-golf/roster/2025-26
glf_1f3b09363885,Ben,Jackson,golf,2025-26,2026,D2,Men,Gulf South Conference,Montevallo,,Golfer,Fr.,Fr,"Thorsby, Ala.",Thorsby,AL,domestic,Jemison High School,0,https://montevallofalcons.com/sports/mens-golf/roster/2025-26
glf_e8522c664673,Miles,Jackson,golf,2025-26,2026,D2,Men,Gulf South Conference,Montevallo,,Golfer,Fr.,Fr,,,,unknown,,0,https://montevallofalcons.com/sports/mens-golf/roster/2025-26
glf_6502e8c9f9be,Miles,Miller,golf,2025-26,2026,D2,Men,Gulf South Conference,Montevallo,,Golfer,So.,So,"Fairhope, Ala.",Fairhope,AL,domestic,Fairhope High School,0,https://montevallofalcons.com/sports/mens-golf/roster/2025-26
glf_d46304507ca0,Miguel,Riera Amezaga,golf,2025-26,2026,D2,Men,Gulf South Conference,Montevallo,,Golfer,Fr.,Fr,"Palma de Mallorca, Spain",Palma de Mallorca,,international,Bellver International College,0,https://montevallofalcons.com/sports/mens-golf/roster/2025-26
glf_58342766f62d,Seth,Rogers,golf,2025-26,2026,D2,Men,Gulf South Conference,Montevallo,,Golfer,Sr.,Sr,"Buhl, Ala.",Buhl,AL,domestic,Tuscaloosa County High School,0,https://montevallofalcons.com/sports/mens-golf/roster/2025-26
glf_589f07a84a5d,Camden,Shields,golf,2025-26,2026,D2,Men,Gulf South Conference,Montevallo,,Golfer,Jr.,Jr,,,,unknown,,0,https://montevallofalcons.com/sports/mens-golf/roster/2025-26
glf_d5803fa84bcd,Bentley,Van Pelt,golf,2025-26,2026,D2,Men,Gulf South Conference,Montevallo,,Golfer,So.,So,,,,unknown,,0,https://montevallofalcons.com/sports/mens-golf/roster/2025-26
glf_bcfa7b7e6cf4,Mateo,Verea,golf,2025-26,2026,D2,Men,Gulf South Conference,Montevallo,,Golfer,Fr.,Fr,,,,unknown,,0,https://montevallofalcons.com/sports/mens-golf/roster/2025-26
glf_80d242ca8ec7,Dylan,Bagley,golf,2025-26,2026,D2,Men,Mid-America Intercollegiate Athletics Association,Missouri Southern State,,Golfer,Gr.,Gr,"Hastings, New Zealand",Hastings,,international,Karamu HS,0,https://mssulions.com/sports/mens-golf/roster/2025-26
glf_585ddd808e99,Harvey,Barber,golf,2025-26,2026,D2,Men,Mid-America Intercollegiate Athletics Association,Missouri Southern State,,Golfer,Fr.,Fr,"Kirkham, United Kingdom",Kirkham,,international,,0,https://mssulions.com/sports/mens-golf/roster/2025-26
glf_afe66b5f5205,Fielding,Campbell,golf,2025-26,2026,D2,Men,Mid-America Intercollegiate Athletics Association,Missouri Southern State,,Golfer,Gr.,Gr,"Joplin, Mo.",Joplin,MO,domestic,Joplin HS,0,https://mssulions.com/sports/mens-golf/roster/2025-26
glf_095a54cadca9,Ethan,Chapman,golf,2025-26,2026,D2,Men,Mid-America Intercollegiate Athletics Association,Missouri Southern State,,Golfer,Jr.,Jr,"Springdale, Ark.",Springdale,AR,domestic,,0,https://mssulions.com/sports/mens-golf/roster/2025-26
glf_bdd2e6972e1b,Britten,Coy,golf,2025-26,2026,D2,Men,Mid-America Intercollegiate Athletics Association,Missouri Southern State,,Golfer,Jr.,Jr,"Carthage, Mo.",Carthage,MO,domestic,Carthage Senior HS,0,https://mssulions.com/sports/mens-golf/roster/2025-26
glf_02253ee21191,Owen,Derryberry,golf,2025-26,2026,D2,Men,Mid-America Intercollegiate Athletics Association,Missouri Southern State,,Golfer,So.,So,"Carthage, Mo.",Carthage,MO,domestic,Carthage Senior HS,0,https://mssulions.com/sports/mens-golf/roster/2025-26
glf_fa4ff50a9e30,Tucker,Ford,golf,2025-26,2026,D2,Men,Mid-America Intercollegiate Athletics Association,Missouri Southern State,,Golfer,Sr.,Sr,"Inola, Okla.",Inola,OK,domestic,Inola HS,0,https://mssulions.com/sports/mens-golf/roster/2025-26
glf_a0c46179cd4e,Zach,Gardner,golf,2025-26,2026,D2,Men,Mid-America Intercollegiate Athletics Association,Missouri Southern State,,Golfer,Jr.,Jr,"Fayetteville, Ark.",Fayetteville,AR,domestic,Fayetteville HS,0,https://mssulions.com/sports/mens-golf/roster/2025-26
glf_5c4a5f5a3eb6,Connor,Goens,golf,2025-26,2026,D2,Men,Mid-America Intercollegiate Athletics Association,Missouri Southern State,,Golfer,So.,So,"Fayetteville, Ark.",Fayetteville,AR,domestic,Fayetteville HS,0,https://mssulions.com/sports/mens-golf/roster/2025-26
glf_aeeecd64d59c,Samuel,Patterson,golf,2025-26,2026,D2,Men,Mid-America Intercollegiate Athletics Association,Missouri Southern State,,Golfer,Fr.,Fr,"Fayetteville, Ark.",Fayetteville,AR,domestic,Fayetteville HS,0,https://mssulions.com/sports/mens-golf/roster/2025-26
glf_f29d1e43df80,Colby,Shadwick,golf,2025-26,2026,D2,Men,Mid-America Intercollegiate Athletics Association,Missouri Southern State,,Golfer,Fr.,Fr,"Neosho, Mo.",Neosho,MO,domestic,Neosho HS,0,https://mssulions.com/sports/mens-golf/roster/2025-26
glf_06078c222153,Maxwell,Templeman,golf,2025-26,2026,D2,Men,Mid-America Intercollegiate Athletics Association,Missouri Southern State,,Golfer,Jr.,Jr,"Carthage, Mo.",Carthage,MO,domestic,Carthage Senior HS,0,https://mssulions.com/sports/mens-golf/roster/2025-26
glf_960a62a0fc0d,Thomas,Walker,golf,2025-26,2026,D2,Men,Mid-America Intercollegiate Athletics Association,Missouri Southern State,,Golfer,So.,So,"Carl Junction, Mo.",Carl Junction,MO,domestic,Carl Junction HS,0,https://mssulions.com/sports/mens-golf/roster/2025-26
glf_053891060914,Carson,Wampler,golf,2025-26,2026,D2,Men,Mid-America Intercollegiate Athletics Association,Missouri Southern State,,Golfer,Sr.,Sr,"Joplin, Mo.",Joplin,MO,domestic,Joplin High School,0,https://mssulions.com/sports/mens-golf/roster/2025-26
glf_61bb8e2c87aa,Ahrens,,golf,2025-26,2026,D2,Men,Mid-America Intercollegiate Athletics Association,Newman,,Golfer,Sr.,Sr,"Lucan Ontario, Canada",Lucan Ontario,,international,Medway HS,0,https://newmanjets.com/sports/mens-golf/roster/2025-26
glf_3612e33fa6b5,Asgeirsson,,golf,2025-26,2026,D2,Men,Mid-America Intercollegiate Athletics Association,Newman,,Golfer,So.,So,"Hafnarfjorour, Iceland",Hafnarfjorour,,international,Hafnarfjorour School,0,https://newmanjets.com/sports/mens-golf/roster/2025-26
glf_881b764651e1,Best,,golf,2025-26,2026,D2,Men,Mid-America Intercollegiate Athletics Association,Newman,,Golfer,Jr.,Jr,"Olathe, Kan.",Olathe,KS,domestic,St Thomas Aquinas HS,0,https://newmanjets.com/sports/mens-golf/roster/2025-26
glf_f90779593bd3,Conroy,,golf,2025-26,2026,D2,Men,Mid-America Intercollegiate Athletics Association,Newman,,Golfer,Fr.,Fr,"St. Louis, Mo.",St. Louis,MO,domestic,DeSmet Jesuit,0,https://newmanjets.com/sports/mens-golf/roster/2025-26
glf_257b542eb805,Delsart,,golf,2025-26,2026,D2,Men,Mid-America Intercollegiate Athletics Association,Newman,,Golfer,Jr.,Jr,"Wrightown, Wis.",Wrightown,WI,domestic,Wrightown HS,0,https://newmanjets.com/sports/mens-golf/roster/2025-26
glf_a0a36548984d,Hermansson,,golf,2025-26,2026,D2,Men,Mid-America Intercollegiate Athletics Association,Newman,,Golfer,Fr.,Fr,"Djursholm, Sweden",Djursholm,,international,Korrespondens,0,https://newmanjets.com/sports/mens-golf/roster/2025-26
glf_247060cda308,Mercer,,golf,2025-26,2026,D2,Men,Mid-America Intercollegiate Athletics Association,Newman,,Golfer,Fr.,Fr,"Wichita, Kan.",Wichita,KS,domestic,Bishop Carroll HS,0,https://newmanjets.com/sports/mens-golf/roster/2025-26
glf_1652ec81108b,Muldoon,,golf,2025-26,2026,D2,Men,Mid-America Intercollegiate Athletics Association,Newman,,Golfer,Sr.,Sr,"Bella Vista, Ark.",Bella Vista,AR,domestic,Gravette HS,0,https://newmanjets.com/sports/mens-golf/roster/2025-26
glf_c45930d72042,Olsen,,golf,2025-26,2026,D2,Men,Mid-America Intercollegiate Athletics Association,Newman,,Golfer,So.,So,"Bekkestua, Norway",Bekkestua,,international,NTG Baerum HS,0,https://newmanjets.com/sports/mens-golf/roster/2025-26
glf_2530eee96316,Toomey,,golf,2025-26,2026,D2,Men,Mid-America Intercollegiate Athletics Association,Newman,,Golfer,Sr.,Sr,"Surprise, Ariz.",Surprise,AZ,domestic,Shadow Ridge,0,https://newmanjets.com/sports/mens-golf/roster/2025-26
glf_085175b2660f,Townsend,,golf,2025-26,2026,D2,Men,Mid-America Intercollegiate Athletics Association,Newman,,Golfer,Sr.,Sr,"Byfleet, England",Byfleet,,international,Bishop David Brown,0,https://newmanjets.com/sports/mens-golf/roster/2025-26
glf_2ef3a7649991,Vaca,,golf,2025-26,2026,D2,Men,Mid-America Intercollegiate Athletics Association,Newman,,Golfer,Fr.,Fr,"Quito, Ecuador",Quito,,international,Colegio Menor,0,https://newmanjets.com/sports/mens-golf/roster/2025-26
glf_5b867c8ed838,Vidar,,golf,2025-26,2026,D2,Men,Mid-America Intercollegiate Athletics Association,Newman,,Golfer,Fr.,Fr,"Reykjavik, Iceland",Reykjavik,,international,Menntaskolinn Vid Sund,0,https://newmanjets.com/sports/mens-golf/roster/2025-26
glf_ca2c698f7136,Welsh,,golf,2025-26,2026,D2,Men,Mid-America Intercollegiate Athletics Association,Newman,,Golfer,So.,So,"Wichita, Kan.",Wichita,KS,domestic,Hesston HS,0,https://newmanjets.com/sports/mens-golf/roster/2025-26
glf_f567d6c6f471,Javier,Borrego Martin,golf,2025-26,2026,D2,Men,South Atlantic Conference,Newberry,"5'11"" 159 lbs",Golfer,Sr.,Sr,"Salamanca, Spain",Salamanca,,international,,0,https://newberrywolves.com/sports/mens-golf/roster/2025-26
glf_c1837fa497c1,Daniel,Donato,golf,2025-26,2026,D2,Men,South Atlantic Conference,Newberry,"6'3"" 180 lbs",Golfer,Fr.,Fr,"Mt. Pleasant, SC",Mt. Pleasant,SC,domestic,,0,https://newberrywolves.com/sports/mens-golf/roster/2025-26
glf_f732e3ae1a8e,Jack,Earle,golf,2025-26,2026,D2,Men,South Atlantic Conference,Newberry,"6'0"" 175 lbs",Golfer,Jr.,Jr,"Jupiter, Fla.",Jupiter,FL,domestic,Fla. Jupiter Community High School,0,https://newberrywolves.com/sports/mens-golf/roster/2025-26
glf_fa6138c75ac2,Benny,Fischer,golf,2025-26,2026,D2,Men,South Atlantic Conference,Newberry,"5'11"" 154 lbs",Golfer,Gr.,Gr,"Regensburg, Germany",Regensburg,,international,Gymnasium Regensburg,0,https://newberrywolves.com/sports/mens-golf/roster/2025-26
glf_53b971b68551,Fredrik,Gannon,golf,2025-26,2026,D2,Men,South Atlantic Conference,Newberry,"6'0"" 170 lbs",Golfer,Fr.,Fr,"England, Thames Ditton",England,,international,,0,https://newberrywolves.com/sports/mens-golf/roster/2025-26
glf_2cd6aa0ca123,Julius,Gieraths,golf,2025-26,2026,D2,Men,South Atlantic Conference,Newberry,"6'2"" 187 lbs",Golfer,Fr.,Fr,"Bensberg, Germany",Bensberg,,international,,0,https://newberrywolves.com/sports/mens-golf/roster/2025-26
glf_36a189a86e55,Josh,Greig,golf,2025-26,2026,D2,Men,South Atlantic Conference,Newberry,"5'4"" 135 lbs",Golfer,Sr.,Sr,"Horsham, England",Horsham,,international,,0,https://newberrywolves.com/sports/mens-golf/roster/2025-26
glf_b477a8968246,Jesper,Gruendemann,golf,2025-26,2026,D2,Men,South Atlantic Conference,Newberry,"6'3"" 231 lbs",Golfer,Jr.,Jr,"Dassendorf, Germany",Dassendorf,,international,Gymnasium Wentorf,0,https://newberrywolves.com/sports/mens-golf/roster/2025-26
glf_19bbb0b196c3,Dylan,Hume,golf,2025-26,2026,D2,Men,South Atlantic Conference,Newberry,"6'1"" 190 lbs",Golfer,Fr.,Fr,"Alpharetta, GA",Alpharetta,GA,domestic,,0,https://newberrywolves.com/sports/mens-golf/roster/2025-26
glf_3e1ed696af04,Pablo,Jaime,golf,2025-26,2026,D2,Men,South Atlantic Conference,Newberry,,Golfer,Fr.,Fr,,,,unknown,,0,https://newberrywolves.com/sports/mens-golf/roster/2025-26
glf_07d86a2b2dfb,Christian,Kuehl,golf,2025-26,2026,D2,Men,South Atlantic Conference,Newberry,"6'2"" 182 lbs",Golfer,So.,So,"Hamburg, Germany",Hamburg,,international,,0,https://newberrywolves.com/sports/mens-golf/roster/2025-26
glf_0e46e6886f9b,Gavin,Weiss,golf,2025-26,2026,D2,Men,South Atlantic Conference,Newberry,"6'1"" 200 lbs",Golfer,So.,So,"River Ridge, F.L.",River Ridge,FL,domestic,,0,https://newberrywolves.com/sports/mens-golf/roster/2025-26
glf_0d4663be3742,Perrin,Dale,golf,2025-26,2026,D2,Men,Conference Carolinas,North Greenville,"5'11"" 165 lbs",Golfer,Fr.,Fr,"Trenton, S.C.",Trenton,SC,domestic,Wardlaw Academy,1,https://nguathletics.com/sports/mens-golf/roster/2025-26
glf_b37212bc34e6,Tanner,Doeden,golf,2025-26,2026,D2,Men,Conference Carolinas,North Greenville,,Golfer,Fr.,Fr,,,,unknown,,0,https://nguathletics.com/sports/mens-golf/roster/2025-26
glf_73ea75d0037f,Jon,Donwen,golf,2025-26,2026,D2,Men,Conference Carolinas,North Greenville,"5'11"" 165 lbs",Golfer,Sr.,Sr,"Trenton, S.C.",Trenton,SC,domestic,Wardlaw Academy,1,https://nguathletics.com/sports/mens-golf/roster/2025-26
glf_400d03142506,Vinny,Esposito,golf,2025-26,2026,D2,Men,Conference Carolinas,North Greenville,,Golfer,Fr.,Fr,,,,unknown,,0,https://nguathletics.com/sports/mens-golf/roster/2025-26
glf_9078db6710cd,Jaelan,Fisher,golf,2025-26,2026,D2,Men,Conference Carolinas,North Greenville,,Golfer,Fr.,Fr,,,,unknown,,0,https://nguathletics.com/sports/mens-golf/roster/2025-26
glf_a82e0fb11b7b,Baylor,Geer,golf,2025-26,2026,D2,Men,Conference Carolinas,North Greenville,,Golfer,Jr.,Jr,"Johnston, S.C.",Johnston,SC,domestic,Wardlaw Academy,1,https://nguathletics.com/sports/mens-golf/roster/2025-26
glf_f208085503c3,Henry,Hall,golf,2025-26,2026,D2,Men,Conference Carolinas,North Greenville,"5'7"" 185 lbs",Golfer,Jr.,Jr,"Greenville, S.C.",Greenville,SC,domestic,St. Joseph's Catholic,0,https://nguathletics.com/sports/mens-golf/roster/2025-26
glf_7f8fbeab6e3e,Parker,Homesley,golf,2025-26,2026,D2,Men,Conference Carolinas,North Greenville,,Golfer,Fr.,Fr,,,,unknown,,0,https://nguathletics.com/sports/mens-golf/roster/2025-26
glf_ac9e151e9b58,Noah,Kaoni,golf,2025-26,2026,D2,Men,Conference Carolinas,North Greenville,,Golfer,Fr.,Fr,"Phoenix, AZ",Phoenix,AZ,domestic,Sandra Day O'Connor High School,0,https://nguathletics.com/sports/mens-golf/roster/2025-26
glf_367b33384c03,Blake,Kelly,golf,2025-26,2026,D2,Men,Conference Carolinas,North Greenville,"5'7"" 150 lbs",Golfer,Jr.,Jr,"Woodruff, S.C.",Woodruff,SC,domestic,Woodruff HS,0,https://nguathletics.com/sports/mens-golf/roster/2025-26
glf_a0334ea5340c,Adam,Knox,golf,2025-26,2026,D2,Men,Conference Carolinas,North Greenville,,Golfer,Fr.,Fr,,,,unknown,,0,https://nguathletics.com/sports/mens-golf/roster/2025-26
glf_8a8ab45f1234,Blake,Lewis,golf,2025-26,2026,D2,Men,Conference Carolinas,North Greenville,"5'10"" 155 lbs",Golfer,Jr.,Jr,"Parkersburg, W.V.",Parkersburg,WV,domestic,,0,https://nguathletics.com/sports/mens-golf/roster/2025-26
glf_af05afb20ef3,Braedon,Murphy,golf,2025-26,2026,D2,Men,Conference Carolinas,North Greenville,"5'10"" 160 lbs",Golfer,Sr.,Sr,"North Augusta, S.C.",North Augusta,SC,domestic,Fox Creek HS,0,https://nguathletics.com/sports/mens-golf/roster/2025-26
glf_042bdc254b43,Ryder,Seppala,golf,2025-26,2026,D2,Men,Conference Carolinas,North Greenville,,Golfer,Fr.,Fr,,,,unknown,,0,https://nguathletics.com/sports/mens-golf/roster/2025-26
glf_d4e8f2a32793,Jacob,Shuford,golf,2025-26,2026,D2,Men,Conference Carolinas,North Greenville,"5'7"" 160 lbs",Golfer,Sr.,Sr,"Aiken, S.C.",Aiken,SC,domestic,Aiken HS,0,https://nguathletics.com/sports/mens-golf/roster/2025-26
glf_37e99f76acb6,Nolan,Witham,golf,2025-26,2026,D2,Men,Conference Carolinas,North Greenville,,Golfer,Fr.,Fr,,,,unknown,,0,https://nguathletics.com/sports/mens-golf/roster/2025-26
glf_aaf4f653b434,Tyler,Annala,golf,2025-26,2026,D2,Men,Great Lakes Intercollegiate Athletic Conference,Northern Michigan,,Golfer,Sr.,Sr,"Champion, Mich.",Champion,MI,domestic,Westwood,0,https://nmuwildcats.com/sports/mens-golf/roster/2025-26
glf_2ce54e433f40,Brady,Badker,golf,2025-26,2026,D2,Men,Great Lakes Intercollegiate Athletic Conference,Northern Michigan,,Golfer,Sr.,Sr,"Menominee, Mich.",Menominee,MI,domestic,Menominee,0,https://nmuwildcats.com/sports/mens-golf/roster/2025-26
glf_f32e53159bde,Jacob,Daavettila,golf,2025-26,2026,D2,Men,Great Lakes Intercollegiate Athletic Conference,Northern Michigan,,Golfer,Fr.,Fr,,,,unknown,,0,https://nmuwildcats.com/sports/mens-golf/roster/2025-26
glf_635abf232fdf,Levi,Pennala,golf,2025-26,2026,D2,Men,Great Lakes Intercollegiate Athletic Conference,Northern Michigan,,Golfer,So.,So,"Brighton, Mich.",Brighton,MI,domestic,Brighton,0,https://nmuwildcats.com/sports/mens-golf/roster/2025-26
glf_ec11912ffd36,Arthur,Ylitalo,golf,2025-26,2026,D2,Men,Great Lakes Intercollegiate Athletic Conference,Northern Michigan,,Golfer,Jr.,Jr,"Buffalo, Minnesota",Buffalo,MN,domestic,Buffalo,0,https://nmuwildcats.com/sports/mens-golf/roster/2025-26
glf_c1848f5ea10d,Harvey,Ylitalo,golf,2025-26,2026,D2,Men,Great Lakes Intercollegiate Athletic Conference,Northern Michigan,,Golfer,Fr.,Fr,,,,unknown,,0,https://nmuwildcats.com/sports/mens-golf/roster/2025-26
glf_7ebbbffe6a80,Alex,Chenard,golf,2025-26,2026,D2,Men,Great American Conference,Northwestern Oklahoma State,"5'10"" 210 lbs",Golfer,R-Jr.,Jr,"Tecumseh, Ontario",Tecumseh,,international,A21 Academy,1,https://riderangersride.com/sports/mens-golf/roster/2025-26
glf_abd9d268095a,Max,Courange,golf,2025-26,2026,D2,Men,Great American Conference,Northwestern Oklahoma State,"5'8"" 150 lbs",Golfer,Jr.,Jr,"Norman, Oklahoma",Norman,OK,domestic,Norman North High School,0,https://riderangersride.com/sports/mens-golf/roster/2025-26
glf_43e4dde324d2,Jace,Crain,golf,2025-26,2026,D2,Men,Great American Conference,Northwestern Oklahoma State,"5'11"" 195 lbs",Golfer,Fr.,Fr,"West Monroe, Louisiana",West Monroe,LA,domestic,West Monroe High School,0,https://riderangersride.com/sports/mens-golf/roster/2025-26
glf_3dea64c34b44,Magnus,Fabian,golf,2025-26,2026,D2,Men,Great American Conference,Northwestern Oklahoma State,"6'2"" 191 lbs",Golfer,Jr.,Jr,"Stuttgart, Germany",Stuttgart,,international,Erich-Kaestner Gymnasium,0,https://riderangersride.com/sports/mens-golf/roster/2025-26
glf_656ff450ac13,Zac,Farmer,golf,2025-26,2026,D2,Men,Great American Conference,Northwestern Oklahoma State,"6'0"" 165 lbs",Golfer,So.,So,"Brisbane, Queensland, Australia",Brisbane,,international,Ipswich Grammar School,0,https://riderangersride.com/sports/mens-golf/roster/2025-26
glf_cd4aeb75a7c1,Chad,Fox,golf,2025-26,2026,D2,Men,Great American Conference,Northwestern Oklahoma State,"6'2"" 180 lbs",Golfer,So.,So,"Enid, Oklahoma",Enid,OK,domestic,Pioneer High School,0,https://riderangersride.com/sports/mens-golf/roster/2025-26
glf_c10d9b7ac836,Trevor,Gale,golf,2025-26,2026,D2,Men,Great American Conference,Northwestern Oklahoma State,"5'11"" 170 lbs",Golfer,Fr.,Fr,"Boulder, Colorado",Boulder,CO,domestic,Fairview High School,0,https://riderangersride.com/sports/mens-golf/roster/2025-26
glf_6b1227aaa241,Pierce,Geminden,golf,2025-26,2026,D2,Men,Great American Conference,Northwestern Oklahoma State,"6'1"" 185 lbs",Golfer,Jr.,Jr,"Spring, Texas",Spring,TX,domestic,Grand Oaks High School,0,https://riderangersride.com/sports/mens-golf/roster/2025-26
glf_b04d79d0110c,Niklas,Hacker,golf,2025-26,2026,D2,Men,Great American Conference,Northwestern Oklahoma State,"6'0"" 190 lbs",Golfer,Jr.,Jr,"Bielefeld, Germany",Bielefeld,,international,Widukind Gymnasium Enger,0,https://riderangersride.com/sports/mens-golf/roster/2025-26
glf_515684b89edf,Brady,Hall,golf,2025-26,2026,D2,Men,Great American Conference,Northwestern Oklahoma State,"5'8"" 185 lbs",Golfer,So.,So,"Gananoque, Ontario, Canada",Gananoque,,international,IMG Academy,1,https://riderangersride.com/sports/mens-golf/roster/2025-26
glf_e3fc86e210b8,Gage,Hall,golf,2025-26,2026,D2,Men,Great American Conference,Northwestern Oklahoma State,"6'0"" 160 lbs",Golfer,So.,So,"Claremore, Oklahoma",Claremore,OK,domestic,Claremore High School,0,https://riderangersride.com/sports/mens-golf/roster/2025-26
glf_09af5972e867,Grant,Henry,golf,2025-26,2026,D2,Men,Great American Conference,Northwestern Oklahoma State,"5'10"" 130 lbs",Golfer,So.,So,"Coweta, Oklahoma",Coweta,OK,domestic,Coweta High School,0,https://riderangersride.com/sports/mens-golf/roster/2025-26
glf_101b96a43a10,Aspen,Hopper,golf,2025-26,2026,D2,Men,Great American Conference,Northwestern Oklahoma State,"5'10"" 155 lbs",Golfer,So.,So,"Fort Worth, Texas",Fort Worth,TX,domestic,Liberty University Online Academy,1,https://riderangersride.com/sports/mens-golf/roster/2025-26
glf_b6f4e24fcada,Lewton,Reed,golf,2025-26,2026,D2,Men,Great American Conference,Northwestern Oklahoma State,"6'2"" 175 lbs",Golfer,So.,So,"Beggs, Oklahoma",Beggs,OK,domestic,Providence Christian,0,https://riderangersride.com/sports/mens-golf/roster/2025-26
glf_364ba0473621,An-chieh,Tsai,golf,2025-26,2026,D2,Men,Great American Conference,Northwestern Oklahoma State,"5'10"" 175 lbs",Golfer,So.,So,"New Taipei City, Taiwan",New Taipei City,,international,Ku Pao Home Economics & Commercial High School,0,https://riderangersride.com/sports/mens-golf/roster/2025-26
glf_fd8c28865204,Chris,Xiao,golf,2025-26,2026,D2,Men,Great American Conference,Northwestern Oklahoma State,"6'0"" 170 lbs",Golfer,Jr.,Jr,"Durban, South Africa",Durban,,international,Northwood Boys' High School,0,https://riderangersride.com/sports/mens-golf/roster/2025-26
glf_192de1eda150,Matti,Zerwin,golf,2025-26,2026,D2,Men,Great American Conference,Northwestern Oklahoma State,"5'11"" 170 lbs",Golfer,Jr.,Jr,"Lafayette, Colorado",Lafayette,CO,domestic,Homeschooled,1,https://riderangersride.com/sports/mens-golf/roster/2025-26
glf_26e25cb3b131,Colby,Bennett,golf,2025-26,2026,D2,Men,Peach Belt Conference,North Georgia,,Golfer,Jr.,Jr,"Greensboro, Ga.",Greensboro,GA,domestic,Lake Oconee Academy,1,https://ungathletics.com/sports/mens-golf/roster/2025-26
glf_e02e0d5b6e58,James,Douglas,golf,2025-26,2026,D2,Men,Peach Belt Conference,North Georgia,,Golfer,Jr.,Jr,"Athens, Ga.",Athens,GA,domestic,Prince Avenue Christian,0,https://ungathletics.com/sports/mens-golf/roster/2025-26
glf_fedb8e32a682,Maddox,Drake,golf,2025-26,2026,D2,Men,Peach Belt Conference,North Georgia,,Golfer,So.,So,"Athens, Ga.",Athens,GA,domestic,Prince Avenue Christian,0,https://ungathletics.com/sports/mens-golf/roster/2025-26
glf_c2282c1872c0,Connor,Horton,golf,2025-26,2026,D2,Men,Peach Belt Conference,North Georgia,,Golfer,Sr.,Sr,"Clayton, Ga.",Clayton,GA,domestic,Rabun County,0,https://ungathletics.com/sports/mens-golf/roster/2025-26
glf_8e8ddf9ba5c5,Garrett,Horton,golf,2025-26,2026,D2,Men,Peach Belt Conference,North Georgia,,Golfer,Sr.,Sr,"Clayton, Ga.",Clayton,GA,domestic,Rabun County,0,https://ungathletics.com/sports/mens-golf/roster/2025-26
glf_32f3de144b96,Dayton,Humphrey,golf,2025-26,2026,D2,Men,Peach Belt Conference,North Georgia,,Golfer,Jr.,Jr,"Lynn Haven, Fla",Lynn Haven,FL,domestic,Mosely,0,https://ungathletics.com/sports/mens-golf/roster/2025-26
glf_634f98d87f8f,Grant,Langford,golf,2025-26,2026,D2,Men,Peach Belt Conference,North Georgia,,Golfer,Jr.,Jr,"LaFayette, Ga.",LaFayette,GA,domestic,LaFayette,0,https://ungathletics.com/sports/mens-golf/roster/2025-26
glf_e938a51c58ff,Kai,Marko,golf,2025-26,2026,D2,Men,Peach Belt Conference,North Georgia,,Golfer,Fr.,Fr,"Roswell, Ga.",Roswell,GA,domestic,Rivers Academy,1,https://ungathletics.com/sports/mens-golf/roster/2025-26
glf_15389d24119b,Tanner,Millar,golf,2025-26,2026,D2,Men,Peach Belt Conference,North Georgia,,Golfer,So.,So,"Amelia Island, Fla.",Amelia Island,FL,domestic,Fernandina Beach,0,https://ungathletics.com/sports/mens-golf/roster/2025-26
glf_c510e1710851,Jack,Rowe,golf,2025-26,2026,D2,Men,Peach Belt Conference,North Georgia,,Golfer,So.,So,"Clarkesville, Ga.",Clarkesville,GA,domestic,Habersham Central,0,https://ungathletics.com/sports/mens-golf/roster/2025-26
glf_2bb9bc64ba2a,Hunter,Smith,golf,2025-26,2026,D2,Men,Peach Belt Conference,North Georgia,,Golfer,Sr.,Sr,"Athens, Ga.",Athens,GA,domestic,Prince Avenue Christian,0,https://ungathletics.com/sports/mens-golf/roster/2025-26
glf_f5b1aecbcd3e,Rhett,Smith,golf,2025-26,2026,D2,Men,Peach Belt Conference,North Georgia,,Golfer,Jr.,Jr,"Eatonton, Ga.",Eatonton,GA,domestic,Lake Oconee Academy,1,https://ungathletics.com/sports/mens-golf/roster/2025-26
glf_197407d8bee5,Drew,Sutherland,golf,2025-26,2026,D2,Men,Peach Belt Conference,North Georgia,,Golfer,Fr.,Fr,"Macon, Ga.",Macon,GA,domestic,Stratford Academy,1,https://ungathletics.com/sports/mens-golf/roster/2025-26
glf_bdb63648cfb0,Lucas,Albert,golf,2025-26,2026,D2,Men,Sunshine State Conference,Nova Southeastern,,Golfer,Jr.,Jr,"Mallorca, Spain",Mallorca,,international,Palma College,0,https://nsusharks.com/sports/mens-golf/roster/2025-26
glf_915c6ce66001,Jorge,Berea,golf,2025-26,2026,D2,Men,Sunshine State Conference,Nova Southeastern,,Golfer,Jr.,Jr,"Barcelona, Spain",Barcelona,,international,,0,https://nsusharks.com/sports/mens-golf/roster/2025-26
glf_b6f1f990fa60,Rodrigo,Huerta,golf,2025-26,2026,D2,Men,Sunshine State Conference,Nova Southeastern,,Golfer,Fr.,Fr,"Santiago de los Caballeros, Dominican Republic",Santiago de los Caballeros,,international,,0,https://nsusharks.com/sports/mens-golf/roster/2025-26
glf_a2ebd5e47787,James,Humphries,golf,2025-26,2026,D2,Men,Sunshine State Conference,Nova Southeastern,,Golfer,Jr.,Jr,"Bromsgrove, United Kingdom",Bromsgrove,,international,,0,https://nsusharks.com/sports/mens-golf/roster/2025-26
glf_e769de29528d,Elias,Mardeni,golf,2025-26,2026,D2,Men,Sunshine State Conference,Nova Southeastern,,Golfer,So.,So,"Garabito, Costa Rica",Garabito,,international,,0,https://nsusharks.com/sports/mens-golf/roster/2025-26
glf_00d67d13ce39,Bruno,Marques,golf,2025-26,2026,D2,Men,Sunshine State Conference,Nova Southeastern,,Golfer,So.,So,"Palma de Mallorca, Spain",Palma de Mallorca,,international,,0,https://nsusharks.com/sports/mens-golf/roster/2025-26
glf_5a2034b1fdd2,William,McGhie,golf,2025-26,2026,D2,Men,Sunshine State Conference,Nova Southeastern,,Golfer,Sr.,Sr,"Lancaster, Lancashire, England",Lancaster,,international,,0,https://nsusharks.com/sports/mens-golf/roster/2025-26
glf_74925ff5048a,Ivan,Ponsdomenech,golf,2025-26,2026,D2,Men,Sunshine State Conference,Nova Southeastern,,Golfer,Jr.,Jr,"Blanes, Spain",Blanes,,international,,0,https://nsusharks.com/sports/mens-golf/roster/2025-26
glf_3a1ded596d7d,Jonathan,Campbell,golf,2025-26,2026,D2,Men,Great Midwest Athletic Conference,Ohio Dominican,,Golfer,Fr.,Fr,"Milford, Ohio",Milford,OH,domestic,Milford,0,https://ohiodominicanpanthers.com/sports/mens-golf/roster/2025-26
glf_72bb0d9dca7e,Garett,Dillon,golf,2025-26,2026,D2,Men,Great Midwest Athletic Conference,Ohio Dominican,,Golfer,Fr.,Fr,"Alliance, Ohio",Alliance,OH,domestic,Marlington,0,https://ohiodominicanpanthers.com/sports/mens-golf/roster/2025-26
glf_73914850a6a2,Aidan,Fischer,golf,2025-26,2026,D2,Men,Great Midwest Athletic Conference,Ohio Dominican,,Golfer,Fr.,Fr,"Chillicothe, Ohio",Chillicothe,OH,domestic,Chillicothe,0,https://ohiodominicanpanthers.com/sports/mens-golf/roster/2025-26
glf_c4303133e6ad,Chase,Forsyth,golf,2025-26,2026,D2,Men,Great Midwest Athletic Conference,Ohio Dominican,,Golfer,So.,So,"Youngstown, Ohio",Youngstown,OH,domestic,Ursuline (Chestnut Hill),0,https://ohiodominicanpanthers.com/sports/mens-golf/roster/2025-26
glf_bac098cd5f18,Vincent,Haller,golf,2025-26,2026,D2,Men,Great Midwest Athletic Conference,Ohio Dominican,,Golfer,Fr.,Fr,"Chillicothe, Ohio",Chillicothe,OH,domestic,Chillicothe,0,https://ohiodominicanpanthers.com/sports/mens-golf/roster/2025-26
glf_09798f7f9c2d,Cian,Hughes,golf,2025-26,2026,D2,Men,Great Midwest Athletic Conference,Ohio Dominican,,Golfer,Sr.,Sr,"Sydney, Australia",Sydney,,international,St. Pius X College,0,https://ohiodominicanpanthers.com/sports/mens-golf/roster/2025-26
glf_2f41557a367c,Owen,Lutz,golf,2025-26,2026,D2,Men,Great Midwest Athletic Conference,Ohio Dominican,,Golfer,So.,So,"Zanesville, Ohio",Zanesville,OH,domestic,Maysville,0,https://ohiodominicanpanthers.com/sports/mens-golf/roster/2025-26
glf_2b0561d65505,Nathan,Menapace,golf,2025-26,2026,D2,Men,Great Midwest Athletic Conference,Ohio Dominican,,Golfer,So.,So,"New Philadelphia, Ohio",New Philadelphia,OH,domestic,New Philadelphia,0,https://ohiodominicanpanthers.com/sports/mens-golf/roster/2025-26
glf_dbcba10919eb,Carter,Price,golf,2025-26,2026,D2,Men,Great Midwest Athletic Conference,Ohio Dominican,,Golfer,Fr.,Fr,"Carrolll, Ohio",Carrolll,OH,domestic,Bloom-Carroll,0,https://ohiodominicanpanthers.com/sports/mens-golf/roster/2025-26
glf_ba1b12508e9c,Will,Rickard,golf,2025-26,2026,D2,Men,Great Midwest Athletic Conference,Ohio Dominican,,Golfer,Fr.,Fr,"Owensboro, Ky.",Owensboro,KY,domestic,Owensboro,0,https://ohiodominicanpanthers.com/sports/mens-golf/roster/2025-26
glf_36f59f9c2cde,Rune,Van den Bosch,golf,2025-26,2026,D2,Men,Great Midwest Athletic Conference,Ohio Dominican,,Golfer,Jr.,Jr,"Vossem, Brussels",Vossem,,international,Heilig-Hart College,0,https://ohiodominicanpanthers.com/sports/mens-golf/roster/2025-26
glf_95a61e675268,Jackson,Vesco,golf,2025-26,2026,D2,Men,Great Midwest Athletic Conference,Ohio Dominican,,Golfer,Fr.,Fr,"Akron, Ohio",Akron,OH,domestic,St. Vincent-St. Mary,0,https://ohiodominicanpanthers.com/sports/mens-golf/roster/2025-26
glf_abd4a9caacfa,Bo,White,golf,2025-26,2026,D2,Men,Great Midwest Athletic Conference,Ohio Dominican,,Golfer,Fr.,Fr,"Crooksville, Ohio",Crooksville,OH,domestic,Crooksville,0,https://ohiodominicanpanthers.com/sports/mens-golf/roster/2025-26
glf_5e37aac7bbcb,Elijah,Zimmerman,golf,2025-26,2026,D2,Men,Great Midwest Athletic Conference,Ohio Dominican,,Golfer,Fr.,Fr,"Medina, Ohio",Medina,OH,domestic,Medina,0,https://ohiodominicanpanthers.com/sports/mens-golf/roster/2025-26
glf_c51c6a3d5693,Will,Balliet,golf,2025-26,2026,D2,Men,Lone Star Conference,Oklahoma Christian,"5'10""",Golfer,R-Fr.,Fr,"Thornton, Colo.",Thornton,CO,domestic,Riverdale Ridge HS,0,https://oceagles.com/sports/mens-golf/roster/2025-26
glf_79e9798304c2,Zachary,Beddor,golf,2025-26,2026,D2,Men,Lone Star Conference,Oklahoma Christian,,Golfer,Fr.,Fr,"Chanhassen, Minn.",Chanhassen,MN,domestic,,0,https://oceagles.com/sports/mens-golf/roster/2025-26
glf_68905dacae5a,Francisco,Bonavia,golf,2025-26,2026,D2,Men,Lone Star Conference,Oklahoma Christian,,Golfer,Fr.,Fr,"Marcos Juarez, Argentina",Marcos Juarez,,international,,0,https://oceagles.com/sports/mens-golf/roster/2025-26
glf_4fa434fc5a92,Mason,Brown,golf,2025-26,2026,D2,Men,Lone Star Conference,Oklahoma Christian,,Golfer,So.,So,"Magnolia, Texas",Magnolia,TX,domestic,Magnolia West HS,0,https://oceagles.com/sports/mens-golf/roster/2025-26
glf_73adcc03c70e,Tim,Clark,golf,2025-26,2026,D2,Men,Lone Star Conference,Oklahoma Christian,,Golfer,R-Fr.,Fr,Phillipines,Phillipines,,international,,0,https://oceagles.com/sports/mens-golf/roster/2025-26
glf_969c6167a205,Kyler,Hemelstrand,golf,2025-26,2026,D2,Men,Lone Star Conference,Oklahoma Christian,"5'11""",Golfer,R-Fr.,Fr,"Salem, Ore.",Salem,OR,domestic,Cascade HS,0,https://oceagles.com/sports/mens-golf/roster/2025-26
glf_5b441605ff57,Dawson,Holder,golf,2025-26,2026,D2,Men,Lone Star Conference,Oklahoma Christian,,Golfer,Fr.,Fr,"Kingston, Okla.",Kingston,OK,domestic,,0,https://oceagles.com/sports/mens-golf/roster/2025-26
glf_c380211731bc,Carson,Lee,golf,2025-26,2026,D2,Men,Lone Star Conference,Oklahoma Christian,,Golfer,Jr.,Jr,"Edmond, Okla.",Edmond,OK,domestic,Bishop McGuinness HS,0,https://oceagles.com/sports/mens-golf/roster/2025-26
glf_ffb645f6bfab,Lenni,Perala,golf,2025-26,2026,D2,Men,Lone Star Conference,Oklahoma Christian,,Golfer,Fr.,Fr,"Lempaala, Finland",Lempaala,,international,,0,https://oceagles.com/sports/mens-golf/roster/2025-26
glf_9a9e79ee8239,Vertti,Perala,golf,2025-26,2026,D2,Men,Lone Star Conference,Oklahoma Christian,"6'0""",Golfer,Jr.,Jr,"Lempaala, Finland",Lempaala,,international,Lempaala Lukio,0,https://oceagles.com/sports/mens-golf/roster/2025-26
glf_1944219d7449,Juan,Repetto,golf,2025-26,2026,D2,Men,Lone Star Conference,Oklahoma Christian,,Golfer,So.,So,"Tandil, Argentina",Tandil,,international,,0,https://oceagles.com/sports/mens-golf/roster/2025-26
glf_dd21e35fd179,Colin,Richards,golf,2025-26,2026,D2,Men,Lone Star Conference,Oklahoma Christian,"6'0""",Golfer,R-Fr.,Fr,"Dublin, Ohio",Dublin,OH,domestic,Dublin Jerome HS,0,https://oceagles.com/sports/mens-golf/roster/2025-26
glf_fb041e57c8c0,Alex,Rigby,golf,2025-26,2026,D2,Men,Lone Star Conference,Oklahoma Christian,,Golfer,So.,So,"Vancouver, Wash.",Vancouver,WA,domestic,Mountain View HS,0,https://oceagles.com/sports/mens-golf/roster/2025-26
glf_450b1d094502,Garrett,Thornhill,golf,2025-26,2026,D2,Men,Lone Star Conference,Oklahoma Christian,"6'2""",Golfer,R-Fr.,Fr,"Edmond, Okla.",Edmond,OK,domestic,Edmond Memorial HS,0,https://oceagles.com/sports/mens-golf/roster/2025-26
glf_eec097b4b078,Aaron,Vargas,golf,2025-26,2026,D2,Men,Lone Star Conference,Oklahoma Christian,"6'0""",Golfer,R-Fr.,Fr,"Phoenix, Ariz.",Phoenix,AZ,domestic,Rancho Solano Prep,1,https://oceagles.com/sports/mens-golf/roster/2025-26
glf_061d83ebe981,Jake,Yrene,golf,2025-26,2026,D2,Men,Lone Star Conference,Oklahoma Christian,,Golfer,So.,So,"Albuquerque, N.M.",Albuquerque,NM,domestic,New Mexico JC,0,https://oceagles.com/sports/mens-golf/roster/2025-26
glf_08e53ef8a6d4,Dimarco,Benallo,golf,2025-26,2026,D2,Men,Sunshine State Conference,Palm Beach Atlantic,"5'9""",Golfer,Fr.,Fr,"Arvada, Colo.",Arvada,CO,domestic,IMG Academy,1,https://pbasailfish.com/sports/mens-golf/roster/2025-26
glf_2935ff0a61f5,Ty,Cooper,golf,2025-26,2026,D2,Men,Sunshine State Conference,Palm Beach Atlantic,"6'1""",Golfer,Sr.,Sr,"Branson, Mo.",Branson,MO,domestic,Reeds Spring HS,0,https://pbasailfish.com/sports/mens-golf/roster/2025-26
glf_3f44513f8cb0,Wylie,Curtis,golf,2025-26,2026,D2,Men,Sunshine State Conference,Palm Beach Atlantic,"6'1""",Golfer,Fr.,Fr,"Mission Hills, Kan.",Mission Hills,KS,domestic,Shawnee Mission East,0,https://pbasailfish.com/sports/mens-golf/roster/2025-26
glf_5f8775704c59,Aaron,DeWitt,golf,2025-26,2026,D2,Men,Sunshine State Conference,Palm Beach Atlantic,"5'8""",Golfer,Fr.,Fr,"Winter Haven, Fla.",Winter Haven,FL,domestic,Chain of Lakes Collegiate,0,https://pbasailfish.com/sports/mens-golf/roster/2025-26
glf_d45c51eada1c,Landon,Donnelly,golf,2025-26,2026,D2,Men,Sunshine State Conference,Palm Beach Atlantic,"5'11""",Golfer,Fr.,Fr,"Houston, Texas",Houston,TX,domestic,St. Thomas HS,0,https://pbasailfish.com/sports/mens-golf/roster/2025-26
glf_56c372251acf,Nick,Estrada,golf,2025-26,2026,D2,Men,Sunshine State Conference,Palm Beach Atlantic,"5'8""",Golfer,Gr.,Gr,"Loxahatchee, Fla.",Loxahatchee,FL,domestic,IMG Academy,1,https://pbasailfish.com/sports/mens-golf/roster/2025-26
glf_247d143a8a93,Tristen,Evans,golf,2025-26,2026,D2,Men,Sunshine State Conference,Palm Beach Atlantic,"6'0""",Golfer,Fr.,Fr,"Canyon Lake, Texas",Canyon Lake,TX,domestic,Canyon Lake HS,0,https://pbasailfish.com/sports/mens-golf/roster/2025-26
glf_15a817a79281,Cole,Gillis,golf,2025-26,2026,D2,Men,Sunshine State Conference,Palm Beach Atlantic,"5'11""",Golfer,So.,So,"Phoenix, Ariz.",Phoenix,AZ,domestic,Sandra Day O'Connor,0,https://pbasailfish.com/sports/mens-golf/roster/2025-26
glf_9c3881adebbc,Raines,Holmes,golf,2025-26,2026,D2,Men,Sunshine State Conference,Palm Beach Atlantic,"5'10""",Golfer,Sr.,Sr,"Vero Beach, Fla.",Vero Beach,FL,domestic,Homeschool,1,https://pbasailfish.com/sports/mens-golf/roster/2025-26
glf_7f0c45942670,Niko,Karoutsos,golf,2025-26,2026,D2,Men,Sunshine State Conference,Palm Beach Atlantic,"5'10""",Golfer,Sr.,Sr,"Grosse Pointe Woods, Mich.",Grosse Pointe Woods,MI,domestic,Grosse Pointe North,0,https://pbasailfish.com/sports/mens-golf/roster/2025-26
glf_eaef7b1f2b2a,Christopher,Lee,golf,2025-26,2026,D2,Men,Sunshine State Conference,Palm Beach Atlantic,"5'7""",Golfer,Gr.,Gr,"West Palm Beach, Fla.",West Palm Beach,FL,domestic,Cardinal Newman HS,0,https://pbasailfish.com/sports/mens-golf/roster/2025-26
glf_558ff2151f83,Alexander,Ogle,golf,2025-26,2026,D2,Men,Sunshine State Conference,Palm Beach Atlantic,"6'3""",Golfer,Jr.,Jr,"Palm Harbor, Fla.",Palm Harbor,FL,domestic,Berkeley Prep,1,https://pbasailfish.com/sports/mens-golf/roster/2025-26
glf_fb58079d88cf,Espn,Pool,golf,2025-26,2026,D2,Men,Sunshine State Conference,Palm Beach Atlantic,"5'7""",Golfer,Fr.,Fr,"St. Cloud, Fla.",St. Cloud,FL,domestic,St. Cloud HS,0,https://pbasailfish.com/sports/mens-golf/roster/2025-26
glf_f30ca92747b9,Billy,Reid,golf,2025-26,2026,D2,Men,Sunshine State Conference,Palm Beach Atlantic,"5'9""",Golfer,Sr.,Sr,"Palm Beach Gardens, Fla.",Palm Beach Gardens,FL,domestic,Palm Beach Gardens HS,0,https://pbasailfish.com/sports/mens-golf/roster/2025-26
glf_a4671c6d305c,Jordan,Verge,golf,2025-26,2026,D2,Men,Sunshine State Conference,Palm Beach Atlantic,"6'0""",Golfer,Sr.,Sr,"Bozeman, Mont.",Bozeman,MT,domestic,Gallatin HS,0,https://pbasailfish.com/sports/mens-golf/roster/2025-26
glf_8e247c0ddef7,Justus,Verge,golf,2025-26,2026,D2,Men,Sunshine State Conference,Palm Beach Atlantic,"6'0""",Golfer,Sr.,Sr,"Bozeman, Mont.",Bozeman,MT,domestic,Gallatin HS,0,https://pbasailfish.com/sports/mens-golf/roster/2025-26
glf_3b398977778f,Zade,Avery,golf,2025-26,2026,D2,Men,Mid-America Intercollegiate Athletics Association,Pittsburg State,,Golfer,R-Fr.,Fr,"Bixby, Okla.",Bixby,OK,domestic,Bixby High School,0,https://pittstategorillas.com/sports/golf/roster/2025-26
glf_86ac67992ed7,Brady,Bains,golf,2025-26,2026,D2,Men,Mid-America Intercollegiate Athletics Association,Pittsburg State,,Golfer,Fr.,Fr,"Montgomery, Texas",Montgomery,TX,domestic,Lake Creek High School,0,https://pittstategorillas.com/sports/golf/roster/2025-26
glf_7620dd0af494,Owen,Buerke,golf,2025-26,2026,D2,Men,Mid-America Intercollegiate Athletics Association,Pittsburg State,,Golfer,Fr.,Fr,"Springfield, Mo.",Springfield,MO,domestic,Glendale High School,0,https://pittstategorillas.com/sports/golf/roster/2025-26
glf_99edd019347b,Cooper,Forth,golf,2025-26,2026,D2,Men,Mid-America Intercollegiate Athletics Association,Pittsburg State,,Golfer,So.,So,"Webb City, Mo.",Webb City,MO,domestic,Webb City High School,0,https://pittstategorillas.com/sports/golf/roster/2025-26
glf_31f60653747e,Tyler,Hardtarfer,golf,2025-26,2026,D2,Men,Mid-America Intercollegiate Athletics Association,Pittsburg State,,Golfer,So.,So,"Goddard, Kan.",Goddard,KS,domestic,Eisenhower High School,0,https://pittstategorillas.com/sports/golf/roster/2025-26
glf_5b8b7246ae27,David,Hobart,golf,2025-26,2026,D2,Men,Mid-America Intercollegiate Athletics Association,Pittsburg State,,Golfer,Fr.,Fr,"Dallas, Texas",Dallas,TX,domestic,JJ Pearce High School,0,https://pittstategorillas.com/sports/golf/roster/2025-26
glf_ef8f6cf4b413,Theo,Juhl,golf,2025-26,2026,D2,Men,Mid-America Intercollegiate Athletics Association,Pittsburg State,,Golfer,Sr.,Sr,"Garden City, Kan.",Garden City,KS,domestic,Garden City High School,0,https://pittstategorillas.com/sports/golf/roster/2025-26
glf_de7647843be1,Jack,Randall,golf,2025-26,2026,D2,Men,Mid-America Intercollegiate Athletics Association,Pittsburg State,,Golfer,So.,So,"Lawrence, Kan.",Lawrence,KS,domestic,Free State High School,0,https://pittstategorillas.com/sports/golf/roster/2025-26
glf_3886ed5bfb9f,Brooks,Sauder,golf,2025-26,2026,D2,Men,Mid-America Intercollegiate Athletics Association,Pittsburg State,,Golfer,Sr.,Sr,"Emporia, Kan.",Emporia,KS,domestic,Emporia High School,0,https://pittstategorillas.com/sports/golf/roster/2025-26
glf_cf0eddbd96e4,Bradin,Stahl,golf,2025-26,2026,D2,Men,Mid-America Intercollegiate Athletics Association,Pittsburg State,,Golfer,R-Jr.,Jr,"Calgary, Canada",Calgary,,international,All Saints High School,0,https://pittstategorillas.com/sports/golf/roster/2025-26
glf_40e02959005e,Keaton,Thissen,golf,2025-26,2026,D2,Men,Mid-America Intercollegiate Athletics Association,Pittsburg State,,Golfer,Jr.,Jr,"Davenport, Iowa",Davenport,IA,domestic,Assumption High School,0,https://pittstategorillas.com/sports/golf/roster/2025-26
glf_3d6a1a80e9f5,Nick,Van Wyngarden,golf,2025-26,2026,D2,Men,Mid-America Intercollegiate Athletics Association,Pittsburg State,,Golfer,Fr.,Fr,"Lenexa, Kan.",Lenexa,KS,domestic,Olathe Northwest High School,0,https://pittstategorillas.com/sports/golf/roster/2025-26
glf_4f8f0d378d1e,Mason,White,golf,2025-26,2026,D2,Men,Mid-America Intercollegiate Athletics Association,Pittsburg State,,Golfer,Sr.,Sr,"Rowlett, Texas",Rowlett,TX,domestic,Rowlett High School,0,https://pittstategorillas.com/sports/golf/roster/2025-26
glf_644567a38770,Maxwell,Abel,golf,2025-26,2026,D2,Men,Great Lakes Intercollegiate Athletic Conference,Purdue Northwest,,Golfer,Fr.,Fr,"Valparaiso, Ind.",Valparaiso,IN,domestic,Valparaiso,0,https://pnwathletics.com/sports/mens-golf/roster/2025-26
glf_9930157dfe53,Nicholas,Alvarez,golf,2025-26,2026,D2,Men,Great Lakes Intercollegiate Athletic Conference,Purdue Northwest,,Golfer,Sr.,Sr,"Clearfield, Utah",Clearfield,UT,domestic,Clearfield,0,https://pnwathletics.com/sports/mens-golf/roster/2025-26
glf_d1407a44c70f,Ryan,Fontaine,golf,2025-26,2026,D2,Men,Great Lakes Intercollegiate Athletic Conference,Purdue Northwest,,Golfer,So.,So,"Evergreen Park, Ill.",Evergreen Park,IL,domestic,St. Laurence,0,https://pnwathletics.com/sports/mens-golf/roster/2025-26
glf_1843cc68e3a2,Jack,Glaspy,golf,2025-26,2026,D2,Men,Great Lakes Intercollegiate Athletic Conference,Purdue Northwest,,Golfer,Sr.,Sr,"Pewaukee, Wis.",Pewaukee,WI,domestic,Pewaukee,0,https://pnwathletics.com/sports/mens-golf/roster/2025-26
glf_3d2523e376e4,Seth,Gozo,golf,2025-26,2026,D2,Men,Great Lakes Intercollegiate Athletic Conference,Purdue Northwest,,Golfer,Sr.,Sr,"Crown Point, Ind.",Crown Point,IN,domestic,Crown Point,0,https://pnwathletics.com/sports/mens-golf/roster/2025-26
glf_05172bd13eac,Joshua,Gareth Hamilton,golf,2025-26,2026,D2,Men,Great Lakes Intercollegiate Athletic Conference,Purdue Northwest,,Golfer,Jr.,Jr,"Johannesburg, Gauteng",Johannesburg,,international,Abbey Park,0,https://pnwathletics.com/sports/mens-golf/roster/2025-26
glf_2816a2abbc89,Marc,Llorens,golf,2025-26,2026,D2,Men,Great Lakes Intercollegiate Athletic Conference,Purdue Northwest,,Golfer,Sr.,Sr,"Barcelona, Spain",Barcelona,,international,,0,https://pnwathletics.com/sports/mens-golf/roster/2025-26
glf_bd23bc985562,Alexander,Moon,golf,2025-26,2026,D2,Men,Great Lakes Intercollegiate Athletic Conference,Purdue Northwest,,Golfer,Sr.,Sr,"Southgate, Mich.",Southgate,MI,domestic,Wyandotte Roosevelt,0,https://pnwathletics.com/sports/mens-golf/roster/2025-26
glf_0a416c6e4ffa,Connor,O'Malley,golf,2025-26,2026,D2,Men,Great Lakes Intercollegiate Athletic Conference,Purdue Northwest,,Golfer,Fr.,Fr,"River Falls, Wis.",River Falls,WI,domestic,River Falls,0,https://pnwathletics.com/sports/mens-golf/roster/2025-26
glf_5064c8c82a6a,Harrison,Odle,golf,2025-26,2026,D2,Men,Great Lakes Intercollegiate Athletic Conference,Purdue Northwest,,Golfer,Jr.,Jr,"Rennselear, Ind.",Rennselear,IN,domestic,Rennselear Central,0,https://pnwathletics.com/sports/mens-golf/roster/2025-26
glf_d0e6c27b3944,Brody,Pass,golf,2025-26,2026,D2,Men,Great Lakes Intercollegiate Athletic Conference,Purdue Northwest,,Golfer,Sr.,Sr,"Lino Lakes, Minn.",Lino Lakes,MN,domestic,Centennial,0,https://pnwathletics.com/sports/mens-golf/roster/2025-26
glf_a115381fcdd9,Blake,Arnold,golf,2025-26,2026,D2,Men,Great Lakes Valley Conference,Quincy,,Golfer,Jr.,Jr,"Liberty, IL",Liberty,IL,domestic,Liberty High School,0,https://quhawks.com/sports/mens-golf/roster/2025-26
glf_046e038c336b,Colton,Barr,golf,2025-26,2026,D2,Men,Great Lakes Valley Conference,Quincy,,Golfer,Fr.,Fr,"Jacksonville, IL",Jacksonville,IL,domestic,Jacksonville High School,0,https://quhawks.com/sports/mens-golf/roster/2025-26
glf_31f7af4fe12c,Matthew,Boudreau,golf,2025-26,2026,D2,Men,Great Lakes Valley Conference,Quincy,,Golfer,So.,So,"Quincy, IL",Quincy,IL,domestic,Quincy Notre Dame High School,0,https://quhawks.com/sports/mens-golf/roster/2025-26
glf_8c79c7b42831,Brayden,Buffington,golf,2025-26,2026,D2,Men,Great Lakes Valley Conference,Quincy,,Golfer,Sr.,Sr,"Bowling Green, MO",Bowling Green,MO,domestic,Bowling Green High School,0,https://quhawks.com/sports/mens-golf/roster/2025-26
glf_80382816c9e1,Sam,Cory,golf,2025-26,2026,D2,Men,Great Lakes Valley Conference,Quincy,,Golfer,So.,So,"Quincy, IL",Quincy,IL,domestic,Quincy Senior High School,0,https://quhawks.com/sports/mens-golf/roster/2025-26
glf_18796cd84f74,Konnor,Craven,golf,2025-26,2026,D2,Men,Great Lakes Valley Conference,Quincy,,Golfer,So.,So,"Quincy, IL",Quincy,IL,domestic,Quincy Notre Dame High School,0,https://quhawks.com/sports/mens-golf/roster/2025-26
glf_678b3151ec43,Jack,Driscoll,golf,2025-26,2026,D2,Men,Great Lakes Valley Conference,Quincy,,Golfer,Sr.,Sr,"Mt. Zion, IL",Mt. Zion,IL,domestic,Mt. Zion High School,0,https://quhawks.com/sports/mens-golf/roster/2025-26
glf_d078840f6376,David,Gartrell,golf,2025-26,2026,D2,Men,Great Lakes Valley Conference,Quincy,,Golfer,Fr.,Fr,"Charlotte, NC",Charlotte,NC,domestic,Piedmont High School,0,https://quhawks.com/sports/mens-golf/roster/2025-26
glf_93f6fb4b2750,Ross,Gawenda,golf,2025-26,2026,D2,Men,Great Lakes Valley Conference,Quincy,,Golfer,So.,So,"Rantoul, IL",Rantoul,IL,domestic,Rantoul High School,0,https://quhawks.com/sports/mens-golf/roster/2025-26
glf_c66713935944,Michael,Martelli,golf,2025-26,2026,D2,Men,Great Lakes Valley Conference,Quincy,,Golfer,Jr.,Jr,"Effingham, IL",Effingham,IL,domestic,St. Anthony High School,0,https://quhawks.com/sports/mens-golf/roster/2025-26
glf_04515d199a15,Colby,Robertson,golf,2025-26,2026,D2,Men,Great Lakes Valley Conference,Quincy,,Golfer,So.,So,"Carthage, IL",Carthage,IL,domestic,Illini West High School,0,https://quhawks.com/sports/mens-golf/roster/2025-26
glf_943cc0d86d6b,Glenn,Sutton,golf,2025-26,2026,D2,Men,Great Lakes Valley Conference,Quincy,,Golfer,R-Jr.,Jr,"Macomb, IL",Macomb,IL,domestic,Macomb High School,0,https://quhawks.com/sports/mens-golf/roster/2025-26
glf_5902508eef91,Griffin,Taylor,golf,2025-26,2026,D2,Men,Great Lakes Valley Conference,Quincy,,Golfer,Sr.,Sr,"Macomb, IL",Macomb,IL,domestic,Macomb High School,0,https://quhawks.com/sports/mens-golf/roster/2025-26
glf_945c661d7e3d,Daniel,Bahlinger,golf,2025-26,2026,D2,Men,Great Lakes Valley Conference,Rockhurst,"6'1""",Golfer,So.,So,"Clearwater, Fla.",Clearwater,FL,domestic,East Lake,0,https://rockhursthawks.com/sports/mens-golf/roster/2025-26
glf_bacd3d97f523,Adam,Challoner,golf,2025-26,2026,D2,Men,Great Lakes Valley Conference,Rockhurst,"6'0""",Golfer,Jr.,Jr,"Galway, Ireland",Galway,,international,Holy Rosary College,0,https://rockhursthawks.com/sports/mens-golf/roster/2025-26
glf_3ed9fb4dce26,Lander,Guibert,golf,2025-26,2026,D2,Men,Great Lakes Valley Conference,Rockhurst,"6'1""",Golfer,Jr.,Jr,"San Sebastian, Spain",San Sebastian,,international,Deutsche Schule San Sebastian,0,https://rockhursthawks.com/sports/mens-golf/roster/2025-26
glf_6985d58b0404,Landon,McNitt,golf,2025-26,2026,D2,Men,Great Lakes Valley Conference,Rockhurst,"5'10""",Golfer,Fr.,Fr,"Rogers, Ark.",Rogers,AR,domestic,Bentonville,0,https://rockhursthawks.com/sports/mens-golf/roster/2025-26
glf_917ba8bf247c,Tim,Powers,golf,2025-26,2026,D2,Men,Great Lakes Valley Conference,Rockhurst,"5'11""",Golfer,Jr.,Jr,"St. Louis, Mo.",St. Louis,MO,domestic,DeSmet,0,https://rockhursthawks.com/sports/mens-golf/roster/2025-26
glf_63c6fb857d34,Bryce,Renz,golf,2025-26,2026,D2,Men,Great Lakes Valley Conference,Rockhurst,"6'3""",Golfer,Fr.,Fr,"St. Charles, Mo.",St. Charles,MO,domestic,Francis Howell North,0,https://rockhursthawks.com/sports/mens-golf/roster/2025-26
glf_ba6e2b74d02c,Roman,Scoby,golf,2025-26,2026,D2,Men,Great Lakes Valley Conference,Rockhurst,"6'2""",Golfer,Fr.,Fr,"Sabetha, Kan.",Sabetha,KS,domestic,Sabetha,0,https://rockhursthawks.com/sports/mens-golf/roster/2025-26
glf_b4d417179c57,Kingston,Solomon,golf,2025-26,2026,D2,Men,Great Lakes Valley Conference,Rockhurst,"6'3""",Golfer,So.,So,"Omaha, Neb.",Omaha,NE,domestic,Creighton Prep,1,https://rockhursthawks.com/sports/mens-golf/roster/2025-26
glf_7f4e0054dfa1,Tyler,Van Bree,golf,2025-26,2026,D2,Men,Great Lakes Valley Conference,Rockhurst,"5'8""",Golfer,Sr.,Sr,"St. Louis, Mo.",St. Louis,MO,domestic,St. Louis University High School,0,https://rockhursthawks.com/sports/mens-golf/roster/2025-26
glf_45d0a8a4bd81,Ashton,Vinton,golf,2025-26,2026,D2,Men,Great Lakes Valley Conference,Rockhurst,"6'1""",Golfer,Sr.,Sr,"Springfield, Mo.",Springfield,MO,domestic,Springfield Catholic,0,https://rockhursthawks.com/sports/mens-golf/roster/2025-26
glf_f212caaee8bb,Tyler,Wilcox,golf,2025-26,2026,D2,Men,Great Lakes Valley Conference,Rockhurst,"5'11""",Golfer,So.,So,"Overland Park, Kan.",Overland Park,KS,domestic,Blue Valley Southwest,0,https://rockhursthawks.com/sports/mens-golf/roster/2025-26
glf_e786bec3452c,Jack,Winkler,golf,2025-26,2026,D2,Men,Great Lakes Valley Conference,Rockhurst,"5'10""",Golfer,R-Fr.,Fr,"Prairie Village, Kan.",Prairie Village,KS,domestic,Shawnee Mission East,0,https://rockhursthawks.com/sports/mens-golf/roster/2025-26
glf_10bdf07647ac,Mike,Wolski,golf,2025-26,2026,D2,Men,Great Lakes Valley Conference,Rockhurst,"5'11""",Golfer,Sr.,Sr,"Lancaster, N.Y.",Lancaster,NY,domestic,Lancaster,0,https://rockhursthawks.com/sports/mens-golf/roster/2025-26
glf_aa6dc20ad03c,Clarence,Chapman III,golf,2025-26,2026,D2,Men,Sunshine State Conference,Rollins,,Golfer,Jr.,Jr,"Memphis, Tenn.",Memphis,TN,domestic,University School,0,https://rollinssports.com/sports/mens-golf/roster/2025-26
glf_dd34c60c398a,Andrew,Clark,golf,2025-26,2026,D2,Men,Sunshine State Conference,Rollins,,Golfer,Sr.,Sr,"Winter Park, Fla.",Winter Park,FL,domestic,Winter Park HS,0,https://rollinssports.com/sports/mens-golf/roster/2025-26
glf_d5fa799ae14d,Sean,Dobson,golf,2025-26,2026,D2,Men,Sunshine State Conference,Rollins,,Golfer,Jr.,Jr,"Bolton, England",Bolton,,international,Bolton School,0,https://rollinssports.com/sports/mens-golf/roster/2025-26
glf_c9aab5fb82cb,RJ,Glod,golf,2025-26,2026,D2,Men,Sunshine State Conference,Rollins,,Golfer,Gr.,Gr,"Ponte Vedra Beach, Fla.",Ponte Vedra Beach,FL,domestic,Ponte Vedra HS,0,https://rollinssports.com/sports/mens-golf/roster/2025-26
glf_d5265ba6049b,Jules,Haessig,golf,2025-26,2026,D2,Men,Sunshine State Conference,Rollins,,Golfer,So.,So,"Porrentruy, Switzerland",Porrentruy,,international,American School,0,https://rollinssports.com/sports/mens-golf/roster/2025-26
glf_c39cbbc311bf,Jacob,Hair,golf,2025-26,2026,D2,Men,Sunshine State Conference,Rollins,,Golfer,Gr.,Gr,"Orlando, Fla.",Orlando,FL,domestic,Bishop Moore Catholic,0,https://rollinssports.com/sports/mens-golf/roster/2025-26
glf_596d80af1617,Mick,Herron,golf,2025-26,2026,D2,Men,Sunshine State Conference,Rollins,,Golfer,So.,So,"Excelsior, Minn.",Excelsior,MN,domestic,Holy Family Catholic,0,https://rollinssports.com/sports/mens-golf/roster/2025-26
glf_dda6afdf14f2,Franco,Misdorp,golf,2025-26,2026,D2,Men,Sunshine State Conference,Rollins,,Golfer,Sr.,Sr,"Pilar, Argentina",Pilar,,international,St. George's College North,0,https://rollinssports.com/sports/mens-golf/roster/2025-26
glf_41344ec247dc,Packy,Mokris,golf,2025-26,2026,D2,Men,Sunshine State Conference,Rollins,,Golfer,Fr.,Fr,"Winter Park, Fla.",Winter Park,FL,domestic,Bishop Moore,0,https://rollinssports.com/sports/mens-golf/roster/2025-26
glf_d3fb97cb35ef,Gustav,Ordel,golf,2025-26,2026,D2,Men,Sunshine State Conference,Rollins,,Golfer,So.,So,"Berlin, Germany",Berlin,,international,Sotogrande International,0,https://rollinssports.com/sports/mens-golf/roster/2025-26
glf_f516e6f66d1d,Jackson,Stewart,golf,2025-26,2026,D2,Men,Sunshine State Conference,Rollins,,Golfer,Fr.,Fr,"Carbondale, Colo.",Carbondale,CO,domestic,ICL Academy,1,https://rollinssports.com/sports/mens-golf/roster/2025-26
glf_2ede41cebde3,Wilson,Stringer,golf,2025-26,2026,D2,Men,Sunshine State Conference,Rollins,,Golfer,Fr.,Fr,"Orlando, Fla.",Orlando,FL,domestic,First Academy,1,https://rollinssports.com/sports/mens-golf/roster/2025-26
glf_95295324d3d7,Nirekh,Tejwani,golf,2025-26,2026,D2,Men,Sunshine State Conference,Rollins,,Golfer,So.,So,Sri Lanka,Sri Lanka,,international,Colombo International,0,https://rollinssports.com/sports/mens-golf/roster/2025-26
glf_50b9eaf9edbc,Harrison,Williams,golf,2025-26,2026,D2,Men,Sunshine State Conference,Rollins,,Golfer,Fr.,Fr,"Atlanta, Ga.",Atlanta,GA,domestic,IMG Academy,1,https://rollinssports.com/sports/mens-golf/roster/2025-26
glf_21e51314223b,Callum,Brown,golf,2025-26,2026,D2,Men,Mid-America Intercollegiate Athletics Association,Rogers State,"5'10""",Golfer,So.,So,"Durham, England",Durham,,international,Durham Sixth Form Centre,0,https://rsuhillcats.com/sports/mens-golf/roster/2025-26
glf_a269e961086b,Maddox,Bullen,golf,2025-26,2026,D2,Men,Mid-America Intercollegiate Athletics Association,Rogers State,"6'0""",Golfer,Sr.,Sr,"Nowata, Okla.",Nowata,OK,domestic,Nowata HS,0,https://rsuhillcats.com/sports/mens-golf/roster/2025-26
glf_0a0e2068e8ab,Tyler,Collier,golf,2025-26,2026,D2,Men,Mid-America Intercollegiate Athletics Association,Rogers State,"6'3""",Golfer,Sr.,Sr,"Broken Arrow, Okla.",Broken Arrow,OK,domestic,Broken Arrow HS,0,https://rsuhillcats.com/sports/mens-golf/roster/2025-26
glf_3015f19e0581,Aiden,Deng,golf,2025-26,2026,D2,Men,Mid-America Intercollegiate Athletics Association,Rogers State,"6'1""",Golfer,Sr.,Sr,"Peterborough, Ontario",Peterborough,,international,Kenner Collegiate,0,https://rsuhillcats.com/sports/mens-golf/roster/2025-26
glf_fe40cbd4e076,Ben,Field II,golf,2025-26,2026,D2,Men,Mid-America Intercollegiate Athletics Association,Rogers State,"6'2""",Golfer,Fr.,Fr,"Owasso, Okla.",Owasso,OK,domestic,Owasso HS,0,https://rsuhillcats.com/sports/mens-golf/roster/2025-26
glf_8d4ca5a35bd2,Bo,Gentry,golf,2025-26,2026,D2,Men,Mid-America Intercollegiate Athletics Association,Rogers State,"5'8""",Golfer,So.,So,"Tulsa, Okla.",Tulsa,OK,domestic,Union HS,0,https://rsuhillcats.com/sports/mens-golf/roster/2025-26
glf_49f7888211c9,Miguel,Mora,golf,2025-26,2026,D2,Men,Mid-America Intercollegiate Athletics Association,Rogers State,"5'9""",Golfer,So.,So,"Gigon, Spain",Gigon,,international,Colegio Leones,0,https://rsuhillcats.com/sports/mens-golf/roster/2025-26
glf_7ec16bcc714a,Kobsak,Phisitbuntoon,golf,2025-26,2026,D2,Men,Mid-America Intercollegiate Athletics Association,Rogers State,"5'10""",Golfer,Fr.,Fr,"Chiang Rai, Thailand",Chiang Rai,,international,,0,https://rsuhillcats.com/sports/mens-golf/roster/2025-26
glf_828c6505462a,Thomas,Richardson,golf,2025-26,2026,D2,Men,Mid-America Intercollegiate Athletics Association,Rogers State,"6'2""",Golfer,Fr.,Fr,"Liverpool, England",Liverpool,,international,Millfield School,0,https://rsuhillcats.com/sports/mens-golf/roster/2025-26
glf_692b99f2b48d,Dylan,Ros,golf,2025-26,2026,D2,Men,Mid-America Intercollegiate Athletics Association,Rogers State,"5'11""",Golfer,Jr.,Jr,"Westpunt, Aruba",Westpunt,,international,Ceque College,0,https://rsuhillcats.com/sports/mens-golf/roster/2025-26
glf_96b5e5c6e1ba,Lucas,Faubert,golf,2025-26,2026,D2,Men,Great Lakes Intercollegiate Athletic Conference,Roosevelt,,Golfer,Fr.,Fr,"Marbella, Spain",Marbella,,international,,0,https://rooseveltlakers.com/sports/mens-golf/roster/2025-26
glf_b6108c9d0c16,Jamie,Garnett,golf,2025-26,2026,D2,Men,Great Lakes Intercollegiate Athletic Conference,Roosevelt,,Golfer,Fr.,Fr,,,,unknown,,0,https://rooseveltlakers.com/sports/mens-golf/roster/2025-26
glf_17f0c28ec21d,Pierre,Heylen,golf,2025-26,2026,D2,Men,Great Lakes Intercollegiate Athletic Conference,Roosevelt,,Golfer,So.,So,,,,unknown,,0,https://rooseveltlakers.com/sports/mens-golf/roster/2025-26
glf_b8246fa47923,Easton,Holman,golf,2025-26,2026,D2,Men,Great Lakes Intercollegiate Athletic Conference,Roosevelt,,Golfer,Fr.,Fr,,,,unknown,,0,https://rooseveltlakers.com/sports/mens-golf/roster/2025-26
glf_20ab79a4bfe7,Ben,Jones,golf,2025-26,2026,D2,Men,Great Lakes Intercollegiate Athletic Conference,Roosevelt,,Golfer,Fr.,Fr,,,,unknown,,0,https://rooseveltlakers.com/sports/mens-golf/roster/2025-26
glf_cb3ed9f06fa3,Justin,Rodriguez,golf,2025-26,2026,D2,Men,Great Lakes Intercollegiate Athletic Conference,Roosevelt,,Golfer,Jr.,Jr,,,,unknown,,0,https://rooseveltlakers.com/sports/mens-golf/roster/2025-26
glf_f6740a6f14ee,Marc,Waller,golf,2025-26,2026,D2,Men,Great Lakes Intercollegiate Athletic Conference,Roosevelt,,Golfer,Jr.,Jr,"Marbella, Spain",Marbella,,international,,0,https://rooseveltlakers.com/sports/mens-golf/roster/2025-26
glf_ad009044b44c,Matthew,Webb,golf,2025-26,2026,D2,Men,Great Lakes Intercollegiate Athletic Conference,Roosevelt,,Golfer,Jr.,Jr,"Palatka, Fla.",Palatka,FL,domestic,,0,https://rooseveltlakers.com/sports/mens-golf/roster/2025-26
glf_e67e4bdb1695,Justin,Bjornson,golf,2025-26,2026,D2,Men,Great Northwest Athletic Conference,Simon Fraser,Right Right,Golfer,Jr.,Jr,"Surrey, B.C.",Surrey,,international,Pacific Academy,1,https://athletics.sfu.ca/sports/mens-golf/roster/2025-26
glf_faf3f20feeaf,Ben,Buchner,golf,2025-26,2026,D2,Men,Great Northwest Athletic Conference,Simon Fraser,Right Right,Golfer,Fr.,Fr,"Amherstburg, Ont.",Amherstburg,,international,North Star,0,https://athletics.sfu.ca/sports/mens-golf/roster/2025-26
glf_936a80af5004,Denby,Carswell,golf,2025-26,2026,D2,Men,Great Northwest Athletic Conference,Simon Fraser,Right Right,Golfer,R-Jr.,Jr,"Burnaby, B.C.",Burnaby,,international,Stratford Hall,0,https://athletics.sfu.ca/sports/mens-golf/roster/2025-26
glf_2a1f158866ea,Maxwell,Corcoran,golf,2025-26,2026,D2,Men,Great Northwest Athletic Conference,Simon Fraser,Right Right,Golfer,So.,So,"Ottawa, Ont.",Ottawa,,international,West Carleton,0,https://athletics.sfu.ca/sports/mens-golf/roster/2025-26
glf_50c53707627a,Liam,Jackes,golf,2025-26,2026,D2,Men,Great Northwest Athletic Conference,Simon Fraser,Right Right,Golfer,R-Fr.,Fr,"Vancouver, B.C.",Vancouver,,international,Magee,0,https://athletics.sfu.ca/sports/mens-golf/roster/2025-26
glf_3e77fe742aa4,Eric,Joo,golf,2025-26,2026,D2,Men,Great Northwest Athletic Conference,Simon Fraser,Right Right,Golfer,Fr.,Fr,"Coquitlam, B.C.",Coquitlam,,international,Coquitlam O. L.,0,https://athletics.sfu.ca/sports/mens-golf/roster/2025-26
glf_96b34b71549d,Brendan,O'Brien,golf,2025-26,2026,D2,Men,Great Northwest Athletic Conference,Simon Fraser,Right Right,Golfer,Jr.,Jr,"Victoria, B.C.",Victoria,,international,Oak Bay,0,https://athletics.sfu.ca/sports/mens-golf/roster/2025-26
glf_bc2af89f4ebb,Jonathan,Van Pykstra,golf,2025-26,2026,D2,Men,Great Northwest Athletic Conference,Simon Fraser,Right Right,Golfer,Fr.,Fr,"Vancouver, B.C.",Vancouver,,international,Vancouver College,0,https://athletics.sfu.ca/sports/mens-golf/roster/2025-26
glf_bb1a1513c5d0,Chris,Apperson,golf,2025-26,2026,D2,Men,Pennsylvania State Athletic Conference,Shepherd,"5'9"" 140 lbs R",Golfer,Fr.,Fr,"Frederick, Md.",Frederick,MD,domestic,Thomas Johnson,0,https://shepherdrams.com/sports/mens-golf/roster/2025-26
glf_e73ed6200eed,Luke,Davis,golf,2025-26,2026,D2,Men,Pennsylvania State Athletic Conference,Shepherd,"5'10"" 160 lbs R",Golfer,Sr.,Sr,"Clear Brook, Va.",Clear Brook,VA,domestic,James Wood,0,https://shepherdrams.com/sports/mens-golf/roster/2025-26
glf_2b1adb8b5de6,Morgan,Dehoff,golf,2025-26,2026,D2,Men,Pennsylvania State Athletic Conference,Shepherd,"5'8"" 120 lbs L",Golfer,Sr.,Sr,"Rohrersville, Md.",Rohrersville,MD,domestic,Boonsboro,0,https://shepherdrams.com/sports/mens-golf/roster/2025-26
glf_30ef4ae28eb5,Killian,Donnelly,golf,2025-26,2026,D2,Men,Pennsylvania State Athletic Conference,Shepherd,"5'8"" 154 lbs R",Golfer,R-Fr.,Fr,"Palmyra, Va.",Palmyra,VA,domestic,Palmyra,0,https://shepherdrams.com/sports/mens-golf/roster/2025-26
glf_ff131c80e70a,Ethan,Gibson,golf,2025-26,2026,D2,Men,Pennsylvania State Athletic Conference,Shepherd,"5'10"" 140 lbs R",Golfer,Fr.,Fr,"Fredericksburg, Va.",Fredericksburg,VA,domestic,Chancellor,0,https://shepherdrams.com/sports/mens-golf/roster/2025-26
glf_9371db0aef48,Ben,Heidrick,golf,2025-26,2026,D2,Men,Pennsylvania State Athletic Conference,Shepherd,"6'4"" 290 lbs R",Golfer,So.,So,"Rosedale, Md.",Rosedale,MD,domestic,Calvert Hall,0,https://shepherdrams.com/sports/mens-golf/roster/2025-26
glf_0eb03552685b,Campbell,Koegler,golf,2025-26,2026,D2,Men,Pennsylvania State Athletic Conference,Shepherd,"5'10"" 155 lbs R",Golfer,So.,So,"Wheeling, W.Va.",Wheeling,WV,domestic,Wheeling Park,0,https://shepherdrams.com/sports/mens-golf/roster/2025-26
glf_866326fdea65,Joey,Leisinger,golf,2025-26,2026,D2,Men,Pennsylvania State Athletic Conference,Shepherd,"6'4"" 165 lbs R",Golfer,Sr.,Sr,"Hagerstown, Md.",Hagerstown,MD,domestic,South Hagerstown,0,https://shepherdrams.com/sports/mens-golf/roster/2025-26
glf_41fd7b1657a6,Trey,Rios,golf,2025-26,2026,D2,Men,Pennsylvania State Athletic Conference,Shepherd,"5'11"" 155 lbs R",Golfer,Sr.,Sr,"Denver, Pa.",Denver,PA,domestic,Cocalico,0,https://shepherdrams.com/sports/mens-golf/roster/2025-26
glf_109615cde33c,Nop,Satjavitvisarn,golf,2025-26,2026,D2,Men,Pennsylvania State Athletic Conference,Shepherd,"5'10"" 155 lbs R",Golfer,Sr.,Sr,"Yannawa Bangkok, Thailand",Yannawa Bangkok,,international,International Community School,0,https://shepherdrams.com/sports/mens-golf/roster/2025-26
glf_bb49d75eb78d,Andrew,Taylor,golf,2025-26,2026,D2,Men,Pennsylvania State Athletic Conference,Shepherd,"5'10"" 170 lbs R",Golfer,So.,So,"Summit Point, W.Va.",Summit Point,WV,domestic,Washington,0,https://shepherdrams.com/sports/mens-golf/roster/2025-26
glf_465d6748840d,Leo,Daiss,golf,2025-26,2026,D2,Men,Rocky Mountain Athletic Conference,South Dakota Mines,,Golfer,Fr.,Fr,"Hill City, SD",Hill City,SD,domestic,,0,https://gorockers.com/sports/mens-golf/roster/2025-26
glf_64bd7cc2f710,Caeden,Ekroth,golf,2025-26,2026,D2,Men,Rocky Mountain Athletic Conference,South Dakota Mines,,Golfer,R-Jr.,Jr,"Yankton, S.D.",Yankton,SD,domestic,,0,https://gorockers.com/sports/mens-golf/roster/2025-26
glf_fe7a26cd59d6,Brycen,Farris,golf,2025-26,2026,D2,Men,Rocky Mountain Athletic Conference,South Dakota Mines,,Golfer,R-So.,So,"Windsor, Colo.",Windsor,CO,domestic,,0,https://gorockers.com/sports/mens-golf/roster/2025-26
glf_ef5140dcbee6,Carter,Hillukka,golf,2025-26,2026,D2,Men,Rocky Mountain Athletic Conference,South Dakota Mines,,Golfer,Fr.,Fr,"Menahga, MN",Menahga,MN,domestic,,0,https://gorockers.com/sports/mens-golf/roster/2025-26
glf_71ea9f66b18c,Owen,Jorgenson,golf,2025-26,2026,D2,Men,Rocky Mountain Athletic Conference,South Dakota Mines,,Golfer,Fr.,Fr,"Brandon, SD",Brandon,SD,domestic,,0,https://gorockers.com/sports/mens-golf/roster/2025-26
glf_6067920cc579,Ramey,Lloyd,golf,2025-26,2026,D2,Men,Rocky Mountain Athletic Conference,South Dakota Mines,,Golfer,R-Jr.,Jr,"Bozeman, Mont.",Bozeman,MT,domestic,,0,https://gorockers.com/sports/mens-golf/roster/2025-26
glf_28fe544d851d,Alex,Makarchuk,golf,2025-26,2026,D2,Men,Rocky Mountain Athletic Conference,South Dakota Mines,,Golfer,Jr.,Jr,"Taber, Alberta, Canada",Taber,,international,,0,https://gorockers.com/sports/mens-golf/roster/2025-26
glf_d0425c94714a,Matai,Naqica,golf,2025-26,2026,D2,Men,Rocky Mountain Athletic Conference,South Dakota Mines,,Golfer,So.,So,"Centennial, Colo.",Centennial,CO,domestic,,0,https://gorockers.com/sports/mens-golf/roster/2025-26
glf_4e0695560f81,Hayden,Overfield,golf,2025-26,2026,D2,Men,Rocky Mountain Athletic Conference,South Dakota Mines,,Golfer,Fr.,Fr,"Thermopolis, WY",Thermopolis,WY,domestic,,0,https://gorockers.com/sports/mens-golf/roster/2025-26
glf_c7a269df36d5,Isaac,Schmidt,golf,2025-26,2026,D2,Men,Rocky Mountain Athletic Conference,South Dakota Mines,,Golfer,Fr.,Fr,"Casper, WY",Casper,WY,domestic,,0,https://gorockers.com/sports/mens-golf/roster/2025-26
glf_86171c3f4ac1,Andrew,Sinar,golf,2025-26,2026,D2,Men,Rocky Mountain Athletic Conference,South Dakota Mines,,Golfer,Fr.,Fr,"Centennial, CO",Centennial,CO,domestic,,0,https://gorockers.com/sports/mens-golf/roster/2025-26
glf_9575dba5a96f,Cole,Thompson,golf,2025-26,2026,D2,Men,Rocky Mountain Athletic Conference,South Dakota Mines,,Golfer,So.,So,"Gretna, Neb.",Gretna,NE,domestic,,0,https://gorockers.com/sports/mens-golf/roster/2025-26
glf_c0f6711974f1,Tyler,White,golf,2025-26,2026,D2,Men,Rocky Mountain Athletic Conference,South Dakota Mines,,Golfer,Jr.,Jr,"Morrison, Colo.",Morrison,CO,domestic,,0,https://gorockers.com/sports/mens-golf/roster/2025-26
glf_77af9591393c,Cameron,Baez,golf,2025-26,2026,D2,Men,Peach Belt Conference,USC Aiken,"5'8""",Golfer,Fr.,Fr,"Davenport, Fla.",Davenport,FL,domestic,Windermere H.S.,0,https://pacersports.com/sports/mens-golf/roster/2025-26
glf_b4129d731c3b,Matthew,Baxley,golf,2025-26,2026,D2,Men,Peach Belt Conference,USC Aiken,"5'10""",Golfer,Jr.,Jr,"Beech Island, S.C.",Beech Island,SC,domestic,North Augusta H.S.,0,https://pacersports.com/sports/mens-golf/roster/2025-26
glf_52bb9640af1a,Jackson,Beggs,golf,2025-26,2026,D2,Men,Peach Belt Conference,USC Aiken,"6'0""",Golfer,So.,So,"North Augusta, S.C.",North Augusta,SC,domestic,North Augusta H.S.,0,https://pacersports.com/sports/mens-golf/roster/2025-26
glf_921d0e81445e,Hugo,Boyer,golf,2025-26,2026,D2,Men,Peach Belt Conference,USC Aiken,"5'10""",Golfer,Jr.,Jr,"Wambrechies, France",Wambrechies,,international,La Croix Blanche,0,https://pacersports.com/sports/mens-golf/roster/2025-26
glf_cb28963d9edf,Teddy,Crooke,golf,2025-26,2026,D2,Men,Peach Belt Conference,USC Aiken,"6'1""",Golfer,So.,So,"Oakham, UK",Oakham,,international,Rossall School,0,https://pacersports.com/sports/mens-golf/roster/2025-26
glf_0de767a48107,Karl,Frisk,golf,2025-26,2026,D2,Men,Peach Belt Conference,USC Aiken,"6'1""",Golfer,R-Sr.,Sr,"Spring Grove, Pa.",Spring Grove,PA,domestic,Spring Grove Area H.S.,0,https://pacersports.com/sports/mens-golf/roster/2025-26
glf_b4ed2060538b,Nick,Goellner,golf,2025-26,2026,D2,Men,Peach Belt Conference,USC Aiken,"6'3""",Golfer,Jr.,Jr,"Holly Springs, N.C.",Holly Springs,NC,domestic,Apex Friendship H.S.,0,https://pacersports.com/sports/mens-golf/roster/2025-26
glf_77f1354db5e5,Logan,Leistner,golf,2025-26,2026,D2,Men,Peach Belt Conference,USC Aiken,"5'10""",Golfer,Fr.,Fr,"Orlando, Fla.",Orlando,FL,domestic,Lake Nona H.S.,0,https://pacersports.com/sports/mens-golf/roster/2025-26
glf_1e2981eb0c5a,Mitchell,McNeill,golf,2025-26,2026,D2,Men,Peach Belt Conference,USC Aiken,"6'2""",Golfer,Jr.,Jr,"North Augusta, S.C.",North Augusta,SC,domestic,North Augusta High School,0,https://pacersports.com/sports/mens-golf/roster/2025-26
glf_1b9795c24cb9,Kaeden,Nomm,golf,2025-26,2026,D2,Men,Peach Belt Conference,USC Aiken,"6'3""",Golfer,Sr.,Sr,"Minocqua, Wis.",Minocqua,WI,domestic,Lakeland Union H.S.,0,https://pacersports.com/sports/mens-golf/roster/2025-26
glf_7c83d225ef0c,Ian,Williams,golf,2025-26,2026,D2,Men,Peach Belt Conference,USC Aiken,"6'0""",Golfer,Jr.,Jr,"Cary, N.C.",Cary,NC,domestic,Green Hope High School,0,https://pacersports.com/sports/mens-golf/roster/2025-26
glf_f51934559db4,Braden,Allison,golf,2025-26,2026,D2,Men,Great American Conference,Southeastern Oklahoma State,,Golfer,So.,So,"Southlake, Texas",Southlake,TX,domestic,Texas Legacy High School,0,https://gosoutheastern.com/sports/mens-golf/roster/2025-26
glf_24d72a6453c5,Tristun,Burnham,golf,2025-26,2026,D2,Men,Great American Conference,Southeastern Oklahoma State,,Golfer,Jr.,Jr,"Kingfisher, Okla.",Kingfisher,OK,domestic,Kingfisher HS,0,https://gosoutheastern.com/sports/mens-golf/roster/2025-26
glf_94370835ab96,Caleb,Castor,golf,2025-26,2026,D2,Men,Great American Conference,Southeastern Oklahoma State,,Golfer,Fr.,Fr,"Mansfield, Texas",Mansfield,TX,domestic,Texas Legacy High School,0,https://gosoutheastern.com/sports/mens-golf/roster/2025-26
glf_4d038eeab06d,Talan,Haley,golf,2025-26,2026,D2,Men,Great American Conference,Southeastern Oklahoma State,,Golfer,Fr.,Fr,"Howe, Texas",Howe,TX,domestic,Texas Howe High School,0,https://gosoutheastern.com/sports/mens-golf/roster/2025-26
glf_ee57ec70f402,Dilyn,Hart,golf,2025-26,2026,D2,Men,Great American Conference,Southeastern Oklahoma State,,Golfer,Jr.,Jr,"Tishomingo, Okla.",Tishomingo,OK,domestic,Tishomingo High School,0,https://gosoutheastern.com/sports/mens-golf/roster/2025-26
glf_2d072e72ea8c,Nicholas,Martin,golf,2025-26,2026,D2,Men,Great American Conference,Southeastern Oklahoma State,,Golfer,R-Jr.,Jr,"Frisco, Texas",Frisco,TX,domestic,Reedy HS,0,https://gosoutheastern.com/sports/mens-golf/roster/2025-26
glf_9e9f4e88064d,Reid,Sharp,golf,2025-26,2026,D2,Men,Great American Conference,Southeastern Oklahoma State,,Golfer,Fr.,Fr,"Tom Bean, Texas",Tom Bean,TX,domestic,Texas Tom Bean High School,0,https://gosoutheastern.com/sports/mens-golf/roster/2025-26
glf_6be0d0f2f3f8,Austin,Skierski,golf,2025-26,2026,D2,Men,Great American Conference,Southeastern Oklahoma State,,Golfer,Fr.,Fr,"Austin, Texas",Austin,TX,domestic,Texas Westwood High School,0,https://gosoutheastern.com/sports/mens-golf/roster/2025-26
glf_9b964932e57e,Jesse,Tandoy,golf,2025-26,2026,D2,Men,Great American Conference,Southeastern Oklahoma State,,Golfer,So.,So,"Broken Arrow, Okla.",Broken Arrow,OK,domestic,Okla. Union High School,0,https://gosoutheastern.com/sports/mens-golf/roster/2025-26
glf_7c0a78fb88ea,Dylan,Allen,golf,2025-26,2026,D2,Men,Peach Belt Conference,USC Beaufort,"5'9""",Golfer,Sr.,Sr,"Châteauneuf-Grasse, France",Châteauneuf-Grasse,,international,DeMatha Catholic,0,https://uscbathletics.com/sports/mens-golf/roster/2025-26
glf_18aba93cf520,Jan,Ciric,golf,2025-26,2026,D2,Men,Peach Belt Conference,USC Beaufort,,Golfer,Sr.,Sr,"Ljubljana, Slovenia",Ljubljana,,international,Gimnazija Šiška,0,https://uscbathletics.com/sports/mens-golf/roster/2025-26
glf_61b901da881c,Christofer,Hammar,golf,2025-26,2026,D2,Men,Peach Belt Conference,USC Beaufort,,Golfer,Sr.,Sr,"Stockholm, Sweden",Stockholm,,international,Saltsjöbadens,0,https://uscbathletics.com/sports/mens-golf/roster/2025-26
glf_bab66a3a00ae,Nikolai,Holme,golf,2025-26,2026,D2,Men,Peach Belt Conference,USC Beaufort,,Golfer,Jr.,Jr,"Jessheim, Norway",Jessheim,,international,Wang Romerike,0,https://uscbathletics.com/sports/mens-golf/roster/2025-26
glf_11891a10e005,Bode,King,golf,2025-26,2026,D2,Men,Peach Belt Conference,USC Beaufort,,Golfer,So.,So,"Hartland, WI",Hartland,WI,domestic,Arrowhead Union H.S.,0,https://uscbathletics.com/sports/mens-golf/roster/2025-26
glf_59521f93fd75,Octavio,Laurent,golf,2025-26,2026,D2,Men,Peach Belt Conference,USC Beaufort,,Golfer,Fr.,Fr,"Bordeaux, France",Bordeaux,,international,Lycee du mirail,0,https://uscbathletics.com/sports/mens-golf/roster/2025-26
glf_ba99397251b6,Nicolas,Normand,golf,2025-26,2026,D2,Men,Peach Belt Conference,USC Beaufort,,Golfer,Sr.,Sr,"Lasne, Belgium",Lasne,,international,Lycée de Berlaymont,0,https://uscbathletics.com/sports/mens-golf/roster/2025-26
glf_9675acadcdf3,Tyler,Quaill,golf,2025-26,2026,D2,Men,Peach Belt Conference,USC Beaufort,,Golfer,Sr.,Sr,"Sunshine Coast, Queensland, Australia",Sunshine Coast,,international,St. John's College Nambour,0,https://uscbathletics.com/sports/mens-golf/roster/2025-26
glf_8f020d57a24b,Alfie,Reynolds,golf,2025-26,2026,D2,Men,Peach Belt Conference,USC Beaufort,,Golfer,So.,So,"London, England",London,,international,Middlesex County,0,https://uscbathletics.com/sports/mens-golf/roster/2025-26
glf_b6b31040e8fe,Alejandro,Rivas,golf,2025-26,2026,D2,Men,Peach Belt Conference,USC Beaufort,,Golfer,Fr.,Fr,"Caracas, Venezuela",Caracas,,international,Henry Clay,0,https://uscbathletics.com/sports/mens-golf/roster/2025-26
glf_713111474098,Aaron,Williams,golf,2025-26,2026,D2,Men,Peach Belt Conference,USC Beaufort,,Golfer,Sr.,Sr,"Owings, MD",Owings,MD,domestic,Lake Mary Prep,1,https://uscbathletics.com/sports/mens-golf/roster/2025-26
glf_62df2c05b61d,Miguel,Anaya,golf,2025-26,2026,D2,Men,Great American Conference,Southern Nazarene,,Golfer,Fr.,Fr,"San Luis Potosí, Mexico",San Luis Potosí,,international,TX Travis High School,0,https://snuathletics.com/sports/mens-golf/roster/2025-26
glf_8156d61a09c4,Jace,Black,golf,2025-26,2026,D2,Men,Great American Conference,Southern Nazarene,,Golfer,Jr.,Jr,"Duncan, Okla.",Duncan,OK,domestic,Duncan,0,https://snuathletics.com/sports/mens-golf/roster/2025-26
glf_68e4d3199563,Davis,Cunningham,golf,2025-26,2026,D2,Men,Great American Conference,Southern Nazarene,,Golfer,Fr.,Fr,"Richmond, TX",Richmond,TX,domestic,TX Travis High School,0,https://snuathletics.com/sports/mens-golf/roster/2025-26
glf_07f4bcff1406,Bryce,Dunlap,golf,2025-26,2026,D2,Men,Great American Conference,Southern Nazarene,,Golfer,Fr.,Fr,"Arcadia, Okla.",Arcadia,OK,domestic,Homeschool,1,https://snuathletics.com/sports/mens-golf/roster/2025-26
glf_b5e5af2c68a1,Dawson,Dunlap,golf,2025-26,2026,D2,Men,Great American Conference,Southern Nazarene,,Golfer,Sr.,Sr,"Arcadia, Okla.",Arcadia,OK,domestic,Homeschool,1,https://snuathletics.com/sports/mens-golf/roster/2025-26
glf_1af8c3c61eea,Luca,Dunnington,golf,2025-26,2026,D2,Men,Great American Conference,Southern Nazarene,,Golfer,Fr.,Fr,"Oklahoma City, Okla.",Oklahoma City,OK,domestic,en SAS,0,https://snuathletics.com/sports/mens-golf/roster/2025-26
glf_b3b62523db21,Kaseton,Farris,golf,2025-26,2026,D2,Men,Great American Conference,Southern Nazarene,,Golfer,So.,So,"Elk City, Okla.",Elk City,OK,domestic,Elk City,0,https://snuathletics.com/sports/mens-golf/roster/2025-26
glf_7542f82bf99e,Drew,Hansen,golf,2025-26,2026,D2,Men,Great American Conference,Southern Nazarene,,Golfer,Fr.,Fr,"Piedmont, Okla.",Piedmont,OK,domestic,Homeschool,1,https://snuathletics.com/sports/mens-golf/roster/2025-26
glf_5b55cd4b44e7,Andrew,Hill,golf,2025-26,2026,D2,Men,Great American Conference,Southern Nazarene,,Golfer,So.,So,"Corpus Christi, Texas",Corpus Christi,TX,domestic,Arlington Heights Christian School,0,https://snuathletics.com/sports/mens-golf/roster/2025-26
glf_da13627f25f0,Enzo,Johnson,golf,2025-26,2026,D2,Men,Great American Conference,Southern Nazarene,,Golfer,Fr.,Fr,"Ipswich, England",Ipswich,,international,England Kesgrave High School,0,https://snuathletics.com/sports/mens-golf/roster/2025-26
glf_e4f201baa02a,Aiden,Lozano,golf,2025-26,2026,D2,Men,Great American Conference,Southern Nazarene,,Golfer,Fr.,Fr,"Edmond, Okla.",Edmond,OK,domestic,Bishop McGuinness,0,https://snuathletics.com/sports/mens-golf/roster/2025-26
glf_51e7e5e9b254,Simon,McBride,golf,2025-26,2026,D2,Men,Great American Conference,Southern Nazarene,,Golfer,R-Sr.,Sr,"Paragould, Ark.",Paragould,AR,domestic,Paragould,0,https://snuathletics.com/sports/mens-golf/roster/2025-26
glf_f4527fbafa30,Theodor,Naus,golf,2025-26,2026,D2,Men,Great American Conference,Southern Nazarene,,Golfer,Sr.,Sr,"Prague, Czech Republic",Prague,,international,Gymnázium Oty Pavla,0,https://snuathletics.com/sports/mens-golf/roster/2025-26
glf_939dd9baf16f,Harper,Phillips,golf,2025-26,2026,D2,Men,Great American Conference,Southern Nazarene,,Golfer,Fr.,Fr,,,,unknown,,0,https://snuathletics.com/sports/mens-golf/roster/2025-26
glf_fff994c11ce7,Braden,Taylor,golf,2025-26,2026,D2,Men,Great American Conference,Southern Nazarene,,Golfer,Fr.,Fr,"Goddard, Kan.",Goddard,KS,domestic,Eisenhower,0,https://snuathletics.com/sports/mens-golf/roster/2025-26
glf_e7c5cd3dfd14,Gage,Tucker,golf,2025-26,2026,D2,Men,Great American Conference,Southern Nazarene,,Golfer,So.,So,"Norman, Okla.",Norman,OK,domestic,Community Christian,0,https://snuathletics.com/sports/mens-golf/roster/2025-26
glf_8d4fb763f612,Andrew,Baxley,golf,2025-26,2026,D2,Men,Conference Carolinas,Southern Wesleyan,"5'8""",Golfer,Fr.,Fr,"North Augusta, SC",North Augusta,SC,domestic,North Augusta HS,0,https://swuathletics.com/sports/mens-golf/roster/2025-26
glf_2bc05f2cad56,Alston,Brooks,golf,2025-26,2026,D2,Men,Conference Carolinas,Southern Wesleyan,"6'0""",Golfer,Fr.,Fr,"West Columbia, SC",West Columbia,SC,domestic,Gray Collegiate,0,https://swuathletics.com/sports/mens-golf/roster/2025-26
glf_0f52d8b6ca43,Owen,Kinnunen,golf,2025-26,2026,D2,Men,Conference Carolinas,Southern Wesleyan,"5'10""",Golfer,Fr.,Fr,"Taylors, SC",Taylors,SC,domestic,Blue Ridge HS,0,https://swuathletics.com/sports/mens-golf/roster/2025-26
glf_dc4b83b4e976,Tyler,Lusk,golf,2025-26,2026,D2,Men,Conference Carolinas,Southern Wesleyan,"6'0""",Golfer,Fr.,Fr,"Walhalla, SC",Walhalla,SC,domestic,Walhalla HS,0,https://swuathletics.com/sports/mens-golf/roster/2025-26
glf_55e5c95c6a77,Kieran,Parkins,golf,2025-26,2026,D2,Men,Conference Carolinas,Southern Wesleyan,"6'1""",Golfer,Fr.,Fr,"Bromley, United Kingdom",Bromley,,international,Ravens Wood School,0,https://swuathletics.com/sports/mens-golf/roster/2025-26
glf_205b7de7137a,Landen,Pitts,golf,2025-26,2026,D2,Men,Conference Carolinas,Southern Wesleyan,"6'0""",Golfer,So.,So,"Seneca, SC",Seneca,SC,domestic,Seneca HS,0,https://swuathletics.com/sports/mens-golf/roster/2025-26
glf_8c5b44433fc2,JP,Reed,golf,2025-26,2026,D2,Men,Conference Carolinas,Southern Wesleyan,"5'11""",Golfer,Fr.,Fr,"Hilton Head, SC",Hilton Head,SC,domestic,Hilton Head Christian,0,https://swuathletics.com/sports/mens-golf/roster/2025-26
glf_ea15d5bd3fad,Ben,Sanders,golf,2025-26,2026,D2,Men,Conference Carolinas,Southern Wesleyan,"5'11""",Golfer,Fr.,Fr,"Taylors, SC",Taylors,SC,domestic,Wade Hampton HS,0,https://swuathletics.com/sports/mens-golf/roster/2025-26
glf_342979c7491a,Matis,Sayah,golf,2025-26,2026,D2,Men,Conference Carolinas,Southern Wesleyan,,Golfer,Fr.,Fr,"Marseille, France",Marseille,,international,,0,https://swuathletics.com/sports/mens-golf/roster/2025-26
glf_7f31fe4f3018,Landon,Smith,golf,2025-26,2026,D2,Men,Conference Carolinas,Southern Wesleyan,"6'0""",Golfer,Fr.,Fr,"Anderson, SC",Anderson,SC,domestic,TL Hanna HS,0,https://swuathletics.com/sports/mens-golf/roster/2025-26
glf_cc8af238a68f,Sawyer,Burleson,golf,2025-26,2026,D2,Men,Great American Conference,Southwestern Oklahoma State,,Golfer,Fr.,Fr,"Pampa, Texas",Pampa,TX,domestic,,0,https://swosuathletics.com/sports/mens-golf/roster/2025-26
glf_b3341d293dcc,Maximo,Douer,golf,2025-26,2026,D2,Men,Great American Conference,Southwestern Oklahoma State,,Golfer,Fr.,Fr,"Buenos Aires, Argentina",Buenos Aires,,international,,0,https://swosuathletics.com/sports/mens-golf/roster/2025-26
glf_1f0d4f0f229f,Brayden,Duncan,golf,2025-26,2026,D2,Men,Great American Conference,Southwestern Oklahoma State,,Golfer,Fr.,Fr,"Elk City, Okla.",Elk City,OK,domestic,,0,https://swosuathletics.com/sports/mens-golf/roster/2025-26
glf_84b11473698d,Samuel,Moran,golf,2025-26,2026,D2,Men,Great American Conference,Southwestern Oklahoma State,,Golfer,Fr.,Fr,"Los Palmas, Spain",Los Palmas,,international,,0,https://swosuathletics.com/sports/mens-golf/roster/2025-26
glf_c9f0c4c2e2fb,Ryan,Carlisle,golf,2025-26,2026,D2,Men,Great American Conference,Southwestern Oklahoma State,,Golfer,Sr.,Sr,"Arapaho, Okla.",Arapaho,OK,domestic,,0,https://swosuathletics.com/sports/mens-golf/roster/2025-26
glf_4b99636d5ac3,Conrado,Diaz Ermacora,golf,2025-26,2026,D2,Men,Great American Conference,Southwestern Oklahoma State,,Golfer,So.,So,"La Plata, Argentina",La Plata,,international,,0,https://swosuathletics.com/sports/mens-golf/roster/2025-26
glf_14ae81dde2de,Caspar,Graf,golf,2025-26,2026,D2,Men,Great American Conference,Southwestern Oklahoma State,,Golfer,Sr.,Sr,"Frankfurt, Germany",Frankfurt,,international,,0,https://swosuathletics.com/sports/mens-golf/roster/2025-26
glf_d1c5d3f660a9,Otto,Heden,golf,2025-26,2026,D2,Men,Great American Conference,Southwestern Oklahoma State,,Golfer,Sr.,Sr,"Djursholm, Sweden",Djursholm,,international,,0,https://swosuathletics.com/sports/mens-golf/roster/2025-26
glf_a4743280929b,Ben,Jackson,golf,2025-26,2026,D2,Men,Great American Conference,Southwestern Oklahoma State,,Golfer,Fr.,Fr,"Brisbane, Australia",Brisbane,,international,,0,https://swosuathletics.com/sports/mens-golf/roster/2025-26
glf_98d1b7678b73,Sutton,McMillan,golf,2025-26,2026,D2,Men,Great American Conference,Southwestern Oklahoma State,,Golfer,Sr.,Sr,"Choctaw, Okla.",Choctaw,OK,domestic,,0,https://swosuathletics.com/sports/mens-golf/roster/2025-26
glf_e18ac01f066e,Blaine,Bitler,golf,2025-26,2026,D2,Men,Southern Intercollegiate Athletic Conference,Spring Hill,,Golfer,Fr.,Fr,"Dallas, Texas",Dallas,TX,domestic,John Paul II HS,0,https://shcbadgers.com/sports/mens-golf/roster/2025-26
glf_dbc109ce9718,Hudson,Carr,golf,2025-26,2026,D2,Men,Southern Intercollegiate Athletic Conference,Spring Hill,,Golfer,Sr.,Sr,"Memphis, Tenn.",Memphis,TN,domestic,Christian Brothers HS,0,https://shcbadgers.com/sports/mens-golf/roster/2025-26
glf_ed955dc40833,Benjamin,Chiasson,golf,2025-26,2026,D2,Men,Southern Intercollegiate Athletic Conference,Spring Hill,,Golfer,So.,So,"Mandeville, La.",Mandeville,LA,domestic,Saint Paul's Catholic,0,https://shcbadgers.com/sports/mens-golf/roster/2025-26
glf_e7b2ebd59ce9,Carlos,De Nicolas Peral,golf,2025-26,2026,D2,Men,Southern Intercollegiate Athletic Conference,Spring Hill,,Golfer,Sr.,Sr,"Valladolid, Castilla y Leon, Spain",Valladolid,,international,Colegio Nuestra Señora del Lourdes,0,https://shcbadgers.com/sports/mens-golf/roster/2025-26
glf_1541821542c4,Samuel,Dumas,golf,2025-26,2026,D2,Men,Southern Intercollegiate Athletic Conference,Spring Hill,,Golfer,R-Jr.,Jr,"Chatom, Ala.",Chatom,AL,domestic,Washington County HS,0,https://shcbadgers.com/sports/mens-golf/roster/2025-26
glf_51933151899f,Nicholas,Haber,golf,2025-26,2026,D2,Men,Southern Intercollegiate Athletic Conference,Spring Hill,,Golfer,Fr.,Fr,"Arlington Heights, Ill.",Arlington Heights,IL,domestic,Rolling Meadows HS,0,https://shcbadgers.com/sports/mens-golf/roster/2025-26
glf_7921aef3a91e,Christopher,Janson,golf,2025-26,2026,D2,Men,Southern Intercollegiate Athletic Conference,Spring Hill,,Golfer,So.,So,"Geestland, Lower Saxony, Germany",Geestland,,international,Schulzentrum Geschwister Scholl Gymnasiale Oberstufe,0,https://shcbadgers.com/sports/mens-golf/roster/2025-26
glf_027821c6d138,Kevin,Kelsey,golf,2025-26,2026,D2,Men,Southern Intercollegiate Athletic Conference,Spring Hill,,Golfer,So.,So,"Covington, La.",Covington,LA,domestic,Saint Paul's Catholic,0,https://shcbadgers.com/sports/mens-golf/roster/2025-26
glf_49c67329d260,Spencer,Schlagel,golf,2025-26,2026,D2,Men,Southern Intercollegiate Athletic Conference,Spring Hill,,Golfer,So.,So,"Parker, Colo.",Parker,CO,domestic,Legend HS,0,https://shcbadgers.com/sports/mens-golf/roster/2025-26
glf_542c903ea5b0,Mats,Sletten Larsen,golf,2025-26,2026,D2,Men,Southern Intercollegiate Athletic Conference,Spring Hill,,Golfer,So.,So,"Oslo, Norway",Oslo,,international,Wang Toppidrett Oslo,0,https://shcbadgers.com/sports/mens-golf/roster/2025-26
glf_9f34474e4552,Nicholas,Thapar,golf,2025-26,2026,D2,Men,Southern Intercollegiate Athletic Conference,Spring Hill,,Golfer,Jr.,Jr,"Edgewood, Ky.",Edgewood,KY,domestic,Covington Catholic,0,https://shcbadgers.com/sports/mens-golf/roster/2025-26
glf_39b941536001,Kevin,Tobergte,golf,2025-26,2026,D2,Men,Southern Intercollegiate Athletic Conference,Spring Hill,,Golfer,Jr.,Jr,"Hebron, Ky.",Hebron,KY,domestic,St. Henry District HS,0,https://shcbadgers.com/sports/mens-golf/roster/2025-26
glf_de3faea010c1,Reese,Tyrrell,golf,2025-26,2026,D2,Men,Southern Intercollegiate Athletic Conference,Spring Hill,,Golfer,R-Jr.,Jr,"Ponte Vedra Beach, Fla.",Ponte Vedra Beach,FL,domestic,Homeschool,1,https://shcbadgers.com/sports/mens-golf/roster/2025-26
glf_73850992dc4a,Pat,Clair,golf,2025-26,2026,D2,Men,Northeast-10 Conference,Saint Anselm,"6'1""",Golfer,Fr.,Fr,"Lexington, Mass.",Lexington,MA,domestic,Arlington Catholic,0,https://saintanselmhawks.com/sports/mens-golf/roster/2025-26
glf_2719fc9bb3c3,Charles,Conway,golf,2025-26,2026,D2,Men,Northeast-10 Conference,Saint Anselm,"5'9""",Golfer,So.,So,"Stoneham, Mass.",Stoneham,MA,domestic,Stoneham,0,https://saintanselmhawks.com/sports/mens-golf/roster/2025-26
glf_87b186042d5f,Aidan,Finn,golf,2025-26,2026,D2,Men,Northeast-10 Conference,Saint Anselm,"6'0""",Golfer,Fr.,Fr,"Braintree, Mass.",Braintree,MA,domestic,Braintree,0,https://saintanselmhawks.com/sports/mens-golf/roster/2025-26
glf_45008fc399ec,Jack,Murray,golf,2025-26,2026,D2,Men,Northeast-10 Conference,Saint Anselm,"6'2""",Golfer,So.,So,"Reading, Mass.",Reading,MA,domestic,Reading Memorial,0,https://saintanselmhawks.com/sports/mens-golf/roster/2025-26
glf_59171edd624a,Nick,Nowak,golf,2025-26,2026,D2,Men,Northeast-10 Conference,Saint Anselm,"6'2""",Golfer,So.,So,"Amherst, N.H.",Amherst,NH,domestic,Souhegan,0,https://saintanselmhawks.com/sports/mens-golf/roster/2025-26
glf_601d0daf0364,Chris,O'Grady,golf,2025-26,2026,D2,Men,Northeast-10 Conference,Saint Anselm,"5'9""",Golfer,Sr.,Sr,"Middleton, Mass.",Middleton,MA,domestic,Masconomet,0,https://saintanselmhawks.com/sports/mens-golf/roster/2025-26
glf_8365f732e127,Anthony,Picano,golf,2025-26,2026,D2,Men,Northeast-10 Conference,Saint Anselm,"5'10""",Golfer,Sr.,Sr,"Reading, Mass.",Reading,MA,domestic,Reading Memorial,0,https://saintanselmhawks.com/sports/mens-golf/roster/2025-26
glf_5f8fc03d10d8,Connor,Powers,golf,2025-26,2026,D2,Men,Northeast-10 Conference,Saint Anselm,"5'10""",Golfer,Sr.,Sr,"Braintree, Mass.",Braintree,MA,domestic,Braintree,0,https://saintanselmhawks.com/sports/mens-golf/roster/2025-26
glf_60c278223d1a,Riley,Reardon,golf,2025-26,2026,D2,Men,Northeast-10 Conference,Saint Anselm,"5'8""",Golfer,So.,So,"Woburn, Mass.",Woburn,MA,domestic,Arlington Catholic,0,https://saintanselmhawks.com/sports/mens-golf/roster/2025-26
glf_45bdea93509d,Carl,Sirrianna,golf,2025-26,2026,D2,Men,Northeast-10 Conference,Saint Anselm,"5'8""",Golfer,Fr.,Fr,"Concord, N.H.",Concord,NH,domestic,Concord,0,https://saintanselmhawks.com/sports/mens-golf/roster/2025-26
glf_bc6dbfafe134,James,Smith,golf,2025-26,2026,D2,Men,Northeast-10 Conference,Saint Anselm,"6'3""",Golfer,Fr.,Fr,"Peabody, Mass.",Peabody,MA,domestic,Malden Catholic,0,https://saintanselmhawks.com/sports/mens-golf/roster/2025-26
glf_2d51072638e4,Peter,Torres,golf,2025-26,2026,D2,Men,Northeast-10 Conference,Saint Anselm,"6'1""",Golfer,Sr.,Sr,"North Dighton, Mass.",North Dighton,MA,domestic,Dighton-Rehoboth,0,https://saintanselmhawks.com/sports/mens-golf/roster/2025-26
glf_b41d0c74be2d,Brandon,Vitarisi,golf,2025-26,2026,D2,Men,Northeast-10 Conference,Saint Anselm,"5'8""",Golfer,So.,So,"Reading, Mass.",Reading,MA,domestic,Reading Memorial,0,https://saintanselmhawks.com/sports/mens-golf/roster/2025-26
glf_2b464fad10be,Brady,Warren,golf,2025-26,2026,D2,Men,Northeast-10 Conference,Saint Anselm,"6'2""",Golfer,Jr.,Jr,"Lynn, Mass.",Lynn,MA,domestic,Lynn Classical High,0,https://saintanselmhawks.com/sports/mens-golf/roster/2025-26
glf_558e173210f8,Charlie,Blake,golf,2025-26,2026,D2,Men,Northeast-10 Conference,Southern New Hampshire,Competed Fall 2025,Golfer,So.,So,"Saratoga Springs, N.Y.",Saratoga Springs,NY,domestic,Saratoga Springs,0,https://snhupenmen.com/sports/mens-golf/roster/2025-26
glf_28bb3c76c97d,Drew,Cameron,golf,2025-26,2026,D2,Men,Northeast-10 Conference,Southern New Hampshire,,Golfer,Jr.,Jr,"Londonderry, N.H.",Londonderry,NH,domestic,Londonderry,0,https://snhupenmen.com/sports/mens-golf/roster/2025-26
glf_b5276c2e959c,Mitchell,Cormier,golf,2025-26,2026,D2,Men,Northeast-10 Conference,Southern New Hampshire,,Golfer,Jr.,Jr,"Walpole, N.H.",Walpole,NH,domestic,Fall Mountain,0,https://snhupenmen.com/sports/mens-golf/roster/2025-26
glf_a20d1a1012da,Sean,Dully,golf,2025-26,2026,D2,Men,Northeast-10 Conference,Southern New Hampshire,,Golfer,Sr.,Sr,"Palm Beach Gardens, Fla.",Palm Beach Gardens,FL,domestic,Palm Beach Gardens,0,https://snhupenmen.com/sports/mens-golf/roster/2025-26
glf_668f8af42737,Sam,Maurice,golf,2025-26,2026,D2,Men,Northeast-10 Conference,Southern New Hampshire,,Golfer,So.,So,"Auburn, N.H.",Auburn,NH,domestic,Trinity,0,https://snhupenmen.com/sports/mens-golf/roster/2025-26
glf_0b70d5eae989,Stephen,Ramos,golf,2025-26,2026,D2,Men,Northeast-10 Conference,Southern New Hampshire,,Golfer,So.,So,"Danville, N.H.",Danville,NH,domestic,Timberlane Regional,0,https://snhupenmen.com/sports/mens-golf/roster/2025-26
glf_129659b553ee,Gavin,Richardson,golf,2025-26,2026,D2,Men,Northeast-10 Conference,Southern New Hampshire,,Golfer,Fr.,Fr,"Concord, N.H.",Concord,NH,domestic,Concord,0,https://snhupenmen.com/sports/mens-golf/roster/2025-26
glf_7fa586d245ae,Evan,Rollins,golf,2025-26,2026,D2,Men,Northeast-10 Conference,Southern New Hampshire,Competed Fall 2025,Golfer,Sr.,Sr,"Laconia, N.H.",Laconia,NH,domestic,Laconia,0,https://snhupenmen.com/sports/mens-golf/roster/2025-26
glf_7ab1883997c5,Andrew,Surprenant,golf,2025-26,2026,D2,Men,Northeast-10 Conference,Southern New Hampshire,,Golfer,So.,So,"Boscawen, N.H.",Boscawen,NH,domestic,Merrimack Valley,0,https://snhupenmen.com/sports/mens-golf/roster/2025-26
glf_70516de1102e,Enzo,Barbaglia,golf,2025-26,2026,D2,Men,Sunshine State Conference,Saint Leo,"5'9""",Golfer,Sr.,Sr,"Johannesburg, South Africa",Johannesburg,,international,Redhill,0,https://saintleolions.com/sports/mens-golf/roster/2025-26
glf_d8b030a6fcfc,Marshall,Bath,golf,2025-26,2026,D2,Men,Sunshine State Conference,Saint Leo,"5'9""",Golfer,So.,So,"Markham, Ontario, Canada",Markham,,international,Courtice Secondary,0,https://saintleolions.com/sports/mens-golf/roster/2025-26
glf_a612749af01b,Caleb,Davies,golf,2025-26,2026,D2,Men,Sunshine State Conference,Saint Leo,"5'9""",Golfer,Jr.,Jr,"Langley, British Columbia",Langley,,international,Langley Fine Arts School,0,https://saintleolions.com/sports/mens-golf/roster/2025-26
glf_c0bca3c20ec7,Divan,Eksteen,golf,2025-26,2026,D2,Men,Sunshine State Conference,Saint Leo,"5'8""",Golfer,Fr.,Fr,"Montverde, Fla.",Montverde,FL,domestic,Montverde Academy,1,https://saintleolions.com/sports/mens-golf/roster/2025-26
glf_703fae1ca2ff,Carl,Gustin,golf,2025-26,2026,D2,Men,Sunshine State Conference,Saint Leo,"6'3""",Golfer,Sr.,Sr,"Northbrook, Ill.",Northbrook,IL,domestic,Glenbrook North,0,https://saintleolions.com/sports/mens-golf/roster/2025-26
glf_f63f1e1f7a47,Nicklas,Illi,golf,2025-26,2026,D2,Men,Sunshine State Conference,Saint Leo,"6'0""",Golfer,Jr.,Jr,"Davos Dorf, Switzerland",Davos Dorf,,international,Sportgymnasium Davos,0,https://saintleolions.com/sports/mens-golf/roster/2025-26
glf_327a3a21294c,Ethan,Keys,golf,2025-26,2026,D2,Men,Sunshine State Conference,Saint Leo,"5'9""",Golfer,So.,So,"Wesley Chapel, Fla.",Wesley Chapel,FL,domestic,Saddlebrook Academy,1,https://saintleolions.com/sports/mens-golf/roster/2025-26
glf_75bb0a6526b5,Mathieu,Lafontaine,golf,2025-26,2026,D2,Men,Sunshine State Conference,Saint Leo,"6'2""",Golfer,Sr.,Sr,"Montreal, Quebec, Canada",Montreal,,international,L’école secondaire Le Sommet à Hawkesbury,0,https://saintleolions.com/sports/mens-golf/roster/2025-26
glf_7dd571659814,Micke,Laurelli,golf,2025-26,2026,D2,Men,Sunshine State Conference,Saint Leo,"6'0""",Golfer,So.,So,Stockholm. Sweden,Stockholm. Sweden,,international,Celsiusskolan,0,https://saintleolions.com/sports/mens-golf/roster/2025-26
glf_99b68195ae22,Ryan,Letterly,golf,2025-26,2026,D2,Men,Sunshine State Conference,Saint Leo,"6'0""",Golfer,Sr.,Sr,"Anthony, Fla.",Anthony,FL,domestic,North Marion,0,https://saintleolions.com/sports/mens-golf/roster/2025-26
glf_232f9d2a3b35,Maximilian,Morgenstern,golf,2025-26,2026,D2,Men,Sunshine State Conference,Saint Leo,"6'5""",Golfer,Jr.,Jr,"Ermatingen,TG, Switzerland",Ermatingen,,international,Gymnasium Schloss Gaienhofen,0,https://saintleolions.com/sports/mens-golf/roster/2025-26
glf_f5f98a57254d,Benjamin,Morland,golf,2025-26,2026,D2,Men,Sunshine State Conference,Saint Leo,"6'2""",Golfer,Fr.,Fr,"Grimstad, Norway",Grimstad,,international,Dahlske VGS,0,https://saintleolions.com/sports/mens-golf/roster/2025-26
glf_be479fdbe73c,Connor,Newbold,golf,2025-26,2026,D2,Men,Sunshine State Conference,Saint Leo,"6'2""",Golfer,So.,So,"Wesley Chapel, Fla.",Wesley Chapel,FL,domestic,Cypress Creek,0,https://saintleolions.com/sports/mens-golf/roster/2025-26
glf_0cd0d1aeb728,Piero,Rojas,golf,2025-26,2026,D2,Men,Sunshine State Conference,Saint Leo,"5'9""",Golfer,Jr.,Jr,"Trujillo, Peru",Trujillo,,international,Montessori International College,0,https://saintleolions.com/sports/mens-golf/roster/2025-26
glf_84e35bcab062,Grant,Sallengs,golf,2025-26,2026,D2,Men,Sunshine State Conference,Saint Leo,"5'5""",Golfer,Fr.,Fr,"Land O'Lakes, Fla.",Land O'Lakes,FL,domestic,Land O'Lakes,0,https://saintleolions.com/sports/mens-golf/roster/2025-26
glf_71eee5462400,Kyle,Souchak,golf,2025-26,2026,D2,Men,Sunshine State Conference,Saint Leo,"6'2""",Golfer,Fr.,Fr,"Sarasota, Fla.",Sarasota,FL,domestic,Riverview,0,https://saintleolions.com/sports/mens-golf/roster/2025-26
glf_e3ed667f2627,Paul,Steele,golf,2025-26,2026,D2,Men,Sunshine State Conference,Saint Leo,"6'0""",Golfer,Fr.,Fr,"Land O'Lakes, Fla.",Land O'Lakes,FL,domestic,Land O'Lakes,0,https://saintleolions.com/sports/mens-golf/roster/2025-26
glf_03b77ed7509e,Francisco,Aceves,golf,2025-26,2026,D2,Men,Lone Star Conference,Texas A&M International,,Golfer,Fr.,Fr,"Santiago, Chile",Santiago,,international,Colegio del Verbo Divino,0,https://godustdevils.com/sports/mens-golf/roster/2025-26
glf_56e46094117f,Caleb,Guerra,golf,2025-26,2026,D2,Men,Lone Star Conference,Texas A&M International,,Golfer,Fr.,Fr,"Laredo, TX",Laredo,TX,domestic,Zapata High School,0,https://godustdevils.com/sports/mens-golf/roster/2025-26
glf_d99545b4068a,Jacob,McCawley,golf,2025-26,2026,D2,Men,Lone Star Conference,Texas A&M International,,Golfer,Jr.,Jr,"The Colony, Texas",The Colony,TX,domestic,The Colony High School,0,https://godustdevils.com/sports/mens-golf/roster/2025-26
glf_4b8178a7daf6,Juan,Monckeberg,golf,2025-26,2026,D2,Men,Lone Star Conference,Texas A&M International,,Golfer,Sr.,Sr,"Santiago, Chile",Santiago,,international,Alpharetta High School,0,https://godustdevils.com/sports/mens-golf/roster/2025-26
glf_fd5538fbe464,Brody,Polzin,golf,2025-26,2026,D2,Men,Lone Star Conference,Texas A&M International,,Golfer,So.,So,"Houston, TX",Houston,TX,domestic,Klein Oak High School,0,https://godustdevils.com/sports/mens-golf/roster/2025-26
glf_c09fb2ac02a5,Elvis,Steen,golf,2025-26,2026,D2,Men,Lone Star Conference,Texas A&M International,,Golfer,Sr.,Sr,"Plano, Texas",Plano,TX,domestic,Allen High School,0,https://godustdevils.com/sports/mens-golf/roster/2025-26
glf_a2680fe45662,Jose,Vazquez,golf,2025-26,2026,D2,Men,Lone Star Conference,Texas A&M International,,Golfer,Fr.,Fr,"Mexico City, Mexico",Mexico City,,international,The Learning Club,0,https://godustdevils.com/sports/mens-golf/roster/2025-26
glf_7c9ecb17e752,Theodor,With,golf,2025-26,2026,D2,Men,Lone Star Conference,Texas A&M International,,Golfer,Jr.,Jr,"Oslo, Norway",Oslo,,international,Wang Athletic High School,0,https://godustdevils.com/sports/mens-golf/roster/2025-26
glf_a1fef7fb66dc,Corey,Abod,golf,2025-26,2026,D2,Men,Central Atlantic Collegiate Conference,Jefferson,"5'9""",Golfer,Fr.,Fr,"Laytonsville, Md.",Laytonsville,MD,domestic,Sherwood,0,https://jeffersonrams.com/sports/mens-golf/roster/2025-26
glf_4996b5312f76,Thomas,Baschoff,golf,2025-26,2026,D2,Men,Central Atlantic Collegiate Conference,Jefferson,"5'9""",Golfer,So.,So,"West Chester, Pa.",West Chester,PA,domestic,West Chester East,0,https://jeffersonrams.com/sports/mens-golf/roster/2025-26
glf_258c17f6554e,Mike,Boland,golf,2025-26,2026,D2,Men,Central Atlantic Collegiate Conference,Jefferson,"6'0""",Golfer,So.,So,"Walpole, Mass.",Walpole,MA,domestic,Walpole,0,https://jeffersonrams.com/sports/mens-golf/roster/2025-26
glf_758ac7199396,Jason,Giampapa,golf,2025-26,2026,D2,Men,Central Atlantic Collegiate Conference,Jefferson,"5'10""",Golfer,Jr.,Jr,"Walpole, Mass.",Walpole,MA,domestic,Walpole,0,https://jeffersonrams.com/sports/mens-golf/roster/2025-26
glf_c847fd852aed,Jaden,Minter,golf,2025-26,2026,D2,Men,Central Atlantic Collegiate Conference,Jefferson,"6'0""",Golfer,Jr.,Jr,"Royersford, Pa.",Royersford,PA,domestic,Spring-Ford,0,https://jeffersonrams.com/sports/mens-golf/roster/2025-26
glf_087bbb66c518,Jack,Morrissey,golf,2025-26,2026,D2,Men,Central Atlantic Collegiate Conference,Jefferson,"6'2""",Golfer,Jr.,Jr,"Springfield, Pa.",Springfield,PA,domestic,Springfield,0,https://jeffersonrams.com/sports/mens-golf/roster/2025-26
glf_bb925a4b41f3,George,Siozos,golf,2025-26,2026,D2,Men,Central Atlantic Collegiate Conference,Jefferson,"5'9""",Golfer,Fr.,Fr,"Montreal, Quebec",Montreal,,international,Rosmere High,0,https://jeffersonrams.com/sports/mens-golf/roster/2025-26
glf_79b0904fc807,Ethan,Turner,golf,2025-26,2026,D2,Men,Central Atlantic Collegiate Conference,Jefferson,"5'9""",Golfer,Fr.,Fr,"Guelph, ON",Guelph,,international,John F Ross,0,https://jeffersonrams.com/sports/mens-golf/roster/2025-26
glf_e53779167921,Daniel,Aitken,golf,2025-26,2026,D2,Men,Great Midwest Athletic Conference,Tiffin,,Golfer,Jr.,Jr,"Banchory, Scotland",Banchory,,international,Aboyne Academy,0,https://gotiffindragons.com/sports/mens-golf/roster/2025-26
glf_cbdc081a6824,Mason,Bartholomy,golf,2025-26,2026,D2,Men,Great Midwest Athletic Conference,Tiffin,,Golfer,Sr.,Sr,"Ravenna, Ohio",Ravenna,OH,domestic,Rootstown HS,0,https://gotiffindragons.com/sports/mens-golf/roster/2025-26
glf_7e97a3a0ca3a,Mitchell,Brassard,golf,2025-26,2026,D2,Men,Great Midwest Athletic Conference,Tiffin,,Golfer,Sr.,Sr,"Innisfil, Ontario, Canada",Innisfil,,international,Innisdale Secondary School,0,https://gotiffindragons.com/sports/mens-golf/roster/2025-26
glf_2b967ad5bcef,Harrison,Brindley,golf,2025-26,2026,D2,Men,Great Midwest Athletic Conference,Tiffin,,Golfer,Fr.,Fr,"Caterham, England",Caterham,,international,Whitgift School,0,https://gotiffindragons.com/sports/mens-golf/roster/2025-26
glf_4775b059dd55,Winston,Brown,golf,2025-26,2026,D2,Men,Great Midwest Athletic Conference,Tiffin,,Golfer,Jr.,Jr,"Decatur, Ind.",Decatur,IN,domestic,Bellmont HS,0,https://gotiffindragons.com/sports/mens-golf/roster/2025-26
glf_6572559d9926,Christopher,Bruno,golf,2025-26,2026,D2,Men,Great Midwest Athletic Conference,Tiffin,,Golfer,Jr.,Jr,"Tiffin, Ohio",Tiffin,OH,domestic,Columbian HS,0,https://gotiffindragons.com/sports/mens-golf/roster/2025-26
glf_61d3ca4389e4,Andrew,Combs,golf,2025-26,2026,D2,Men,Great Midwest Athletic Conference,Tiffin,,Golfer,Sr.,Sr,"Tiffin, Ohio",Tiffin,OH,domestic,Old Fort HS,0,https://gotiffindragons.com/sports/mens-golf/roster/2025-26
glf_ab1cebcbf555,Will,Guest,golf,2025-26,2026,D2,Men,Great Midwest Athletic Conference,Tiffin,,Golfer,So.,So,"Medina, Ohio",Medina,OH,domestic,Medina Senior HS,0,https://gotiffindragons.com/sports/mens-golf/roster/2025-26
glf_d898fb365fff,Austin,Hammond,golf,2025-26,2026,D2,Men,Great Midwest Athletic Conference,Tiffin,,Golfer,So.,So,"Bellefontaine, Ohio",Bellefontaine,OH,domestic,Bellefontaine HS,0,https://gotiffindragons.com/sports/mens-golf/roster/2025-26
glf_137ef89ad9e9,Liam,Harvey,golf,2025-26,2026,D2,Men,Great Midwest Athletic Conference,Tiffin,,Golfer,Jr.,Jr,"New Plymouth, New Zealand",New Plymouth,,international,Francis Douglas Memorial College,0,https://gotiffindragons.com/sports/mens-golf/roster/2025-26
glf_4bee6edd36bb,Filip,Lundqvist,golf,2025-26,2026,D2,Men,Great Midwest Athletic Conference,Tiffin,,Golfer,Fr.,Fr,"Linkoping, Sweden",Linkoping,,international,Birgittaskolan,0,https://gotiffindragons.com/sports/mens-golf/roster/2025-26
glf_f0eb1e3b5606,Ryan,Mead,golf,2025-26,2026,D2,Men,Great Midwest Athletic Conference,Tiffin,,Golfer,Fr.,Fr,"Findlay, Ohio",Findlay,OH,domestic,Liberty-Benton HS,0,https://gotiffindragons.com/sports/mens-golf/roster/2025-26
glf_1b2b6da98861,Ryan,Norkin,golf,2025-26,2026,D2,Men,Great Midwest Athletic Conference,Tiffin,,Golfer,Sr.,Sr,"Dublin, Ohio",Dublin,OH,domestic,Dublin Jerome HS,0,https://gotiffindragons.com/sports/mens-golf/roster/2025-26
glf_10618a2ee9f7,Lane,Notter,golf,2025-26,2026,D2,Men,Great Midwest Athletic Conference,Tiffin,,Golfer,So.,So,"Center Point, Ind.",Center Point,IN,domestic,Northview HS,0,https://gotiffindragons.com/sports/mens-golf/roster/2025-26
glf_d188b6a390ae,Zachary,Ross,golf,2025-26,2026,D2,Men,Great Midwest Athletic Conference,Tiffin,,Golfer,So.,So,"Coraopolis, Pa.",Coraopolis,PA,domestic,Moon Area HS,0,https://gotiffindragons.com/sports/mens-golf/roster/2025-26
glf_a89fd46a44e1,Devon,Starcher,golf,2025-26,2026,D2,Men,Great Midwest Athletic Conference,Tiffin,,Golfer,Sr.,Sr,"Wooster, Ohio",Wooster,OH,domestic,Wooster HS,0,https://gotiffindragons.com/sports/mens-golf/roster/2025-26
glf_81af37252f12,Joshua,Swartz,golf,2025-26,2026,D2,Men,Great Midwest Athletic Conference,Tiffin,,Golfer,Fr.,Fr,"Fremont, Ohio",Fremont,OH,domestic,Clyde HS,0,https://gotiffindragons.com/sports/mens-golf/roster/2025-26
glf_6a96fe7d255a,Max,Vanoy,golf,2025-26,2026,D2,Men,Great Midwest Athletic Conference,Tiffin,,Golfer,So.,So,"Newark, Ohio",Newark,OH,domestic,Newark Catholic,0,https://gotiffindragons.com/sports/mens-golf/roster/2025-26
glf_91505250df20,Zander,Wannemacher,golf,2025-26,2026,D2,Men,Great Midwest Athletic Conference,Tiffin,,Golfer,Fr.,Fr,"Mount Cory, Ohio",Mount Cory,OH,domestic,Van Buren HS,0,https://gotiffindragons.com/sports/mens-golf/roster/2025-26
glf_132adc5eec54,Christien,Westcott,golf,2025-26,2026,D2,Men,Great Midwest Athletic Conference,Tiffin,,Golfer,Fr.,Fr,"Beulah, Mich.",Beulah,MI,domestic,Benzie Central HS,0,https://gotiffindragons.com/sports/mens-golf/roster/2025-26
glf_88bcb43bcea7,Grant,Woodruff,golf,2025-26,2026,D2,Men,Great Midwest Athletic Conference,Tiffin,,Golfer,So.,So,"Urbana, Ohio",Urbana,OH,domestic,Graham HS,0,https://gotiffindragons.com/sports/mens-golf/roster/2025-26
glf_bfd0633888ea,Ryan,Applin,golf,2025-26,2026,D2,Men,Gulf South Conference,Trevecca Nazarene,,Golfer,Fr.,Fr,"Park Ridge, NJ",Park Ridge,NJ,domestic,Bergen Catholic,0,https://tnutrojans.com/sports/mens-golf/roster/2025-26
glf_16550818e838,Lucas,Barrett,golf,2025-26,2026,D2,Men,Gulf South Conference,Trevecca Nazarene,,Golfer,Jr.,Jr,"Lexington, KY",Lexington,KY,domestic,Lexington Christian,0,https://tnutrojans.com/sports/mens-golf/roster/2025-26
glf_c5149dcddcbb,Wilson,Borders,golf,2025-26,2026,D2,Men,Gulf South Conference,Trevecca Nazarene,,Golfer,So.,So,"Nashville, TN",Nashville,TN,domestic,Lipscomb Acad.,0,https://tnutrojans.com/sports/mens-golf/roster/2025-26
glf_5a1bc20cd7af,Maddox,Burton,golf,2025-26,2026,D2,Men,Gulf South Conference,Trevecca Nazarene,,Golfer,Jr.,Jr,"Irving, TX",Irving,TX,domestic,Uplift North Hills Prep,1,https://tnutrojans.com/sports/mens-golf/roster/2025-26
glf_387a6b9d6434,Matthew,Crookes,golf,2025-26,2026,D2,Men,Gulf South Conference,Trevecca Nazarene,,Golfer,Jr.,Jr,"Hillcrest, South Africa",Hillcrest,,international,Kearsney College HS / Davis & Elkins College,0,https://tnutrojans.com/sports/mens-golf/roster/2025-26
glf_f1b670178821,Thibau,De Lange,golf,2025-26,2026,D2,Men,Gulf South Conference,Trevecca Nazarene,,Golfer,Sr.,Sr,"Brussels, Belgium",Brussels,,international,Campus de Brug / Williams Baptist,0,https://tnutrojans.com/sports/mens-golf/roster/2025-26
glf_f890770d035f,Alex,Hamm,golf,2025-26,2026,D2,Men,Gulf South Conference,Trevecca Nazarene,,Golfer,Sr.,Sr,"Brentwood, TN",Brentwood,TN,domestic,Father Ryan HS,0,https://tnutrojans.com/sports/mens-golf/roster/2025-26
glf_e2226a3ce150,Weston,Lowry,golf,2025-26,2026,D2,Men,Gulf South Conference,Trevecca Nazarene,,Golfer,Fr.,Fr,"Nashville, TN",Nashville,TN,domestic,Lipscomb Acad.,0,https://tnutrojans.com/sports/mens-golf/roster/2025-26
glf_6c7deb1cb7b1,Andrew,Reeves,golf,2025-26,2026,D2,Men,Gulf South Conference,Trevecca Nazarene,,Golfer,Fr.,Fr,"Shelbyville, TN",Shelbyville,TN,domestic,The Webb School,0,https://tnutrojans.com/sports/mens-golf/roster/2025-26
glf_66cbe96f5c8f,Paul,Swanepoel,golf,2025-26,2026,D2,Men,Gulf South Conference,Trevecca Nazarene,,Golfer,Jr.,Jr,"Ballito, South Africa",Ballito,,international,Kearsney College HS / East Central CC,0,https://tnutrojans.com/sports/mens-golf/roster/2025-26
glf_2aba9625c4c3,Laird,Williams,golf,2025-26,2026,D2,Men,Gulf South Conference,Trevecca Nazarene,,Golfer,Fr.,Fr,"Franklin, TN",Franklin,TN,domestic,Page HS,0,https://tnutrojans.com/sports/mens-golf/roster/2025-26
glf_b281702c8db8,Ethan,Anderson,golf,2025-26,2026,D2,Men,Great Lakes Valley Conference,Upper Iowa,Right-Handed,Golfer,Fr.,Fr,"Oelwein, Iowa",Oelwein,IA,domestic,Oelwein HS,0,https://uiupeacocks.com/sports/mens-golf/roster/2025-26
glf_6de7eced85e4,William,Benedict,golf,2025-26,2026,D2,Men,Great Lakes Valley Conference,Upper Iowa,Right-Handed,Golfer,So.,So,"River Falls, Wis.",River Falls,WI,domestic,River Falls HS,0,https://uiupeacocks.com/sports/mens-golf/roster/2025-26
glf_464947157f51,Christian,Burkhart,golf,2025-26,2026,D2,Men,Great Lakes Valley Conference,Upper Iowa,Right-Handed,Golfer,Jr.,Jr,"Urbana, Iowa",Urbana,IA,domestic,Center Point-Urbana HS,0,https://uiupeacocks.com/sports/mens-golf/roster/2025-26
glf_b0b435f40872,Ethan,Cahalan,golf,2025-26,2026,D2,Men,Great Lakes Valley Conference,Upper Iowa,Right-Handed,Golfer,Fr.,Fr,"Independence, Iowa",Independence,IA,domestic,Independence JR/SR HS,0,https://uiupeacocks.com/sports/mens-golf/roster/2025-26
glf_99e9d97c970b,Owen,Davison,golf,2025-26,2026,D2,Men,Great Lakes Valley Conference,Upper Iowa,Right-Handed,Golfer,Gr.,Gr,"La Crescent, Minn.",La Crescent,MN,domestic,La Crescent-Hokah HS,0,https://uiupeacocks.com/sports/mens-golf/roster/2025-26
glf_69d64ea2a80f,Joseph,Grau,golf,2025-26,2026,D2,Men,Great Lakes Valley Conference,Upper Iowa,Right-Handed,Golfer,Jr.,Jr,"Monona, Iowa",Monona,IA,domestic,MFL MarMac HS,0,https://uiupeacocks.com/sports/mens-golf/roster/2025-26
glf_3a1d0a087567,Jaxx,Johnson,golf,2025-26,2026,D2,Men,Great Lakes Valley Conference,Upper Iowa,Right-Handed,Golfer,Jr.,Jr,"Phoenix, Ariz.",Phoenix,AZ,domestic,Thunderbird HS,0,https://uiupeacocks.com/sports/mens-golf/roster/2025-26
glf_9c53cdd53cf7,Jack,Miller,golf,2025-26,2026,D2,Men,Great Lakes Valley Conference,Upper Iowa,Right-Handed,Golfer,So.,So,"Jesup, Iowa",Jesup,IA,domestic,Jesup HS,0,https://uiupeacocks.com/sports/mens-golf/roster/2025-26
glf_2f28e5b0e6a1,Jayden,Rios,golf,2025-26,2026,D2,Men,Great Lakes Valley Conference,Upper Iowa,Right-Handed,Golfer,Sr.,Sr,"Effingham, Ill.",Effingham,IL,domestic,St. Anthony HS,0,https://uiupeacocks.com/sports/mens-golf/roster/2025-26
glf_46d1012bb6db,Cruz,Bongiovanni,golf,2025-26,2026,D2,Men,South Atlantic Conference,UVA Wise,,Golfer,Fr.,Fr,"Milton, GA",Milton,GA,domestic,Milton,0,https://uvawisecavs.com/sports/mens-golf/roster/2025-26
glf_1b4591ee3155,Ryley,Forster,golf,2025-26,2026,D2,Men,South Atlantic Conference,UVA Wise,,Golfer,Jr.,Jr,"Maryville, TN",Maryville,TN,domestic,William Blount,0,https://uvawisecavs.com/sports/mens-golf/roster/2025-26
glf_be6bfb953f6f,Jacob,Leonard,golf,2025-26,2026,D2,Men,South Atlantic Conference,UVA Wise,,Golfer,Fr.,Fr,"Pennington Gap, VA",Pennington Gap,VA,domestic,Lee,0,https://uvawisecavs.com/sports/mens-golf/roster/2025-26
glf_d3940ca6bb01,Evan,Loftis,golf,2025-26,2026,D2,Men,South Atlantic Conference,UVA Wise,,Golfer,Sr.,Sr,"Canton, NC",Canton,NC,domestic,Pisgah,0,https://uvawisecavs.com/sports/mens-golf/roster/2025-26
glf_679531b23513,Trenton,McMillen,golf,2025-26,2026,D2,Men,South Atlantic Conference,UVA Wise,,Golfer,Jr.,Jr,"Suffolk, VA",Suffolk,VA,domestic,Nansemond Rive,0,https://uvawisecavs.com/sports/mens-golf/roster/2025-26
glf_383ee2dd4acc,Piyachote,Naphapayarksiri,golf,2025-26,2026,D2,Men,South Atlantic Conference,UVA Wise,,Golfer,So.,So,"Bangkok, Thailand",Bangkok,,international,,0,https://uvawisecavs.com/sports/mens-golf/roster/2025-26
glf_6958064ef66e,Teekatat,Rukmaneewan,golf,2025-26,2026,D2,Men,South Atlantic Conference,UVA Wise,,Golfer,Fr.,Fr,"Bangkok, Thailand",Bangkok,,international,,0,https://uvawisecavs.com/sports/mens-golf/roster/2025-26
glf_c5500984c31d,Evan,Sacbibit,golf,2025-26,2026,D2,Men,South Atlantic Conference,UVA Wise,,Golfer,So.,So,"Centreville, VA",Centreville,VA,domestic,Westfield,0,https://uvawisecavs.com/sports/mens-golf/roster/2025-26
glf_c52dc4b9610c,Reilly,Yoder,golf,2025-26,2026,D2,Men,South Atlantic Conference,UVA Wise,,Golfer,Jr.,Jr,"Tyron, NC",Tyron,NC,domestic,Polk County,0,https://uvawisecavs.com/sports/mens-golf/roster/2025-26
glf_59810ffc3ead,Marco,Anderson,golf,2025-26,2026,D2,Men,Mid-America Intercollegiate Athletics Association,Washburn,"5'7"" 135 lbs",Golfer,Sr.,Sr,"Pretoria, South Africa",Pretoria,,international,Hoërskool Eldoraigne,0,https://wusports.com/sports/mens-golf/roster/2025-26
glf_80a4fc4c4bb1,Drew,Buchman,golf,2025-26,2026,D2,Men,Mid-America Intercollegiate Athletics Association,Washburn,"6'0"" 175 lbs",Golfer,Fr.,Fr,"Council Grove, Kan.",Council Grove,KS,domestic,Council Grove,0,https://wusports.com/sports/mens-golf/roster/2025-26
glf_ccac6a8a4082,Blake,Buessing,golf,2025-26,2026,D2,Men,Mid-America Intercollegiate Athletics Association,Washburn,"5'7"" 160 lbs",Golfer,RS-Sr.,UNK,"Carbondale, Kan.",Carbondale,KS,domestic,Santa Fe Trail,0,https://wusports.com/sports/mens-golf/roster/2025-26
glf_e6baa83e04d9,Jake,Conley,golf,2025-26,2026,D2,Men,Mid-America Intercollegiate Athletics Association,Washburn,"5'11"" 155 lbs",Golfer,RS-Fr.,UNK,"Lenexa, Kan.",Lenexa,KS,domestic,Olathe Northwest,0,https://wusports.com/sports/mens-golf/roster/2025-26
glf_a5adec7e36bf,Quinn,Earwood,golf,2025-26,2026,D2,Men,Mid-America Intercollegiate Athletics Association,Washburn,"6'0"" 160 lbs",Golfer,Jr.,Jr,"Platte City, Mo.",Platte City,MO,domestic,Homeschool,1,https://wusports.com/sports/mens-golf/roster/2025-26
glf_5b72fe8ce88b,Jacob,Fratzel,golf,2025-26,2026,D2,Men,Mid-America Intercollegiate Athletics Association,Washburn,"5'9"" 155 lbs",Golfer,Fr.,Fr,"Shawnee, Kan.",Shawnee,KS,domestic,St. James Academy,1,https://wusports.com/sports/mens-golf/roster/2025-26
glf_39a5bc33bb2e,Zachary,Haydamack,golf,2025-26,2026,D2,Men,Mid-America Intercollegiate Athletics Association,Washburn,"6'2"" 200 lbs",Golfer,Jr.,Jr,"Cochrane, Canada",Cochrane,,international,Bow Valley,0,https://wusports.com/sports/mens-golf/roster/2025-26
glf_177efc059cdb,James,Hill,golf,2025-26,2026,D2,Men,Mid-America Intercollegiate Athletics Association,Washburn,"5'11"" 155 lbs",Golfer,Sr.,Sr,"Andover, Kan.",Andover,KS,domestic,Andover,0,https://wusports.com/sports/mens-golf/roster/2025-26
glf_ded7b49f0782,Jake,Kolich,golf,2025-26,2026,D2,Men,Mid-America Intercollegiate Athletics Association,Washburn,"6'1"" 180 lbs",Golfer,Fr.,Fr,"Shawnee, Kan.",Shawnee,KS,domestic,St. James Academy,1,https://wusports.com/sports/mens-golf/roster/2025-26
glf_c8fed78b956a,Michael,Matteucci,golf,2025-26,2026,D2,Men,Mid-America Intercollegiate Athletics Association,Washburn,"5'9"" 150 lbs",Golfer,So.,So,"Salina, Kan.",Salina,KS,domestic,Sacred Heart Junior/Senior High School,0,https://wusports.com/sports/mens-golf/roster/2025-26
glf_615b2b862d7a,Brody,Scafe,golf,2025-26,2026,D2,Men,Mid-America Intercollegiate Athletics Association,Washburn,"6'1"" 205 lbs",Golfer,RS-Fr.,UNK,"Wichita, Kan.",Wichita,KS,domestic,Eisenhower,0,https://wusports.com/sports/mens-golf/roster/2025-26
glf_37799bc78b30,Maddix,Shook,golf,2025-26,2026,D2,Men,Mid-America Intercollegiate Athletics Association,Washburn,"6'0"" 180 lbs",Golfer,Fr.,Fr,"Garden City, Kan.",Garden City,KS,domestic,Garden City,0,https://wusports.com/sports/mens-golf/roster/2025-26
glf_7dd080b3bca8,Myles,Tarvin,golf,2025-26,2026,D2,Men,Mid-America Intercollegiate Athletics Association,Washburn,,Golfer,So.,So,"Olathe, Kan.",Olathe,KS,domestic,Olathe West,0,https://wusports.com/sports/mens-golf/roster/2025-26
glf_6fba311e8aaf,Zach,Vandervoort,golf,2025-26,2026,D2,Men,Mid-America Intercollegiate Athletics Association,Washburn,"5'9"" 165 lbs",Golfer,Sr.,Sr,"Hebron, Neb.",Hebron,NE,domestic,Pratt High School,0,https://wusports.com/sports/mens-golf/roster/2025-26
glf_eab49d6ef720,Chris,Dineros,golf,2025-26,2026,D2,Men,Pacific West Conference,Vanguard,,Golfer,Jr.,Jr,"San Gabriel, CA",San Gabriel,CA,domestic,Temple City HS,0,https://vanguardlions.com/sports/mens-golf/roster/2025-26
glf_0bb4e41780a0,Alexander,Elia,golf,2025-26,2026,D2,Men,Pacific West Conference,Vanguard,,Golfer,So.,So,"Coronado, CA",Coronado,CA,domestic,Francis Parker School,0,https://vanguardlions.com/sports/mens-golf/roster/2025-26
glf_5941c00bf8db,Charles,Gulbe,golf,2025-26,2026,D2,Men,Pacific West Conference,Vanguard,,Golfer,Jr.,Jr,"Elk Grove, CA",Elk Grove,CA,domestic,Laguna Creek HS,0,https://vanguardlions.com/sports/mens-golf/roster/2025-26
glf_2c3c747a58c0,Paul,Howard,golf,2025-26,2026,D2,Men,Pacific West Conference,Vanguard,,Golfer,So.,So,"San Diego, CA",San Diego,CA,domestic,Mission Bay HS,0,https://vanguardlions.com/sports/mens-golf/roster/2025-26
glf_fa9effa090f4,Hayes,Hunton,golf,2025-26,2026,D2,Men,Pacific West Conference,Vanguard,,Golfer,Fr.,Fr,"Costa Mesa, CA",Costa Mesa,CA,domestic,Estancia HS,0,https://vanguardlions.com/sports/mens-golf/roster/2025-26
glf_6f189b105ffd,Kyle,Koski,golf,2025-26,2026,D2,Men,Pacific West Conference,Vanguard,,Golfer,So.,So,"Chandler, AZ",Chandler,AZ,domestic,Perry HS,0,https://vanguardlions.com/sports/mens-golf/roster/2025-26
glf_931b407777ed,Fisher,Ransom,golf,2025-26,2026,D2,Men,Pacific West Conference,Vanguard,,Golfer,Sr.,Sr,"El Cajon, CA",El Cajon,CA,domestic,Christian High School,0,https://vanguardlions.com/sports/mens-golf/roster/2025-26
glf_9d3579ef83d3,Rex,Robinette,golf,2025-26,2026,D2,Men,Pacific West Conference,Vanguard,,Golfer,Sr.,Sr,"Olathe, KS",Olathe,KS,domestic,Maranatha Christian,0,https://vanguardlions.com/sports/mens-golf/roster/2025-26
glf_9de73f71fc44,Tyler,Williams,golf,2025-26,2026,D2,Men,Pacific West Conference,Vanguard,,Golfer,Jr.,Jr,"Granite Bay, CA",Granite Bay,CA,domestic,Granite Bay High School,0,https://vanguardlions.com/sports/mens-golf/roster/2025-26
glf_e0d6f3fa8c6c,Harper,Ackermann,golf,2025-26,2026,D2,Men,Gulf South Conference,West Florida,"6'0""",Golfer,Fr.,Fr,"St. Louis, MO",St. Louis,MO,domestic,Lakewood Ranch HS,0,https://goargos.com/sports/mens-golf/roster/2025-26
glf_96ad4750f1c9,Henry,Burbee,golf,2025-26,2026,D2,Men,Gulf South Conference,West Florida,"6'4""",Golfer,Fr.,Fr,"Lakewood Ranch, FL",Lakewood Ranch,FL,domestic,Lakewood Ranch HS,0,https://goargos.com/sports/mens-golf/roster/2025-26
glf_074ab2b65b2c,Jack,Burbee,golf,2025-26,2026,D2,Men,Gulf South Conference,West Florida,"6'1""",Golfer,Sr.,Sr,"Bradenton, Fla.",Bradenton,FL,domestic,Lakewood Ranch,0,https://goargos.com/sports/mens-golf/roster/2025-26
glf_e85b2e9b0427,Blake,Cornell,golf,2025-26,2026,D2,Men,Gulf South Conference,West Florida,"5'8""",Golfer,Fr.,Fr,"Daphne, Ala.",Daphne,AL,domestic,Daphne,0,https://goargos.com/sports/mens-golf/roster/2025-26
glf_e6420a301929,Per,Ekelund,golf,2025-26,2026,D2,Men,Gulf South Conference,West Florida,"6'3""",Golfer,Jr.,Jr,"Vellinge, Sweden",Vellinge,,international,Sundsgymnasiet School,0,https://goargos.com/sports/mens-golf/roster/2025-26
glf_ea20c7ab5445,Emmet,Kuhlenkamp,golf,2025-26,2026,D2,Men,Gulf South Conference,West Florida,"5'10""",Golfer,Fr.,Fr,"Fleming Island, Fla.",Fleming Island,FL,domestic,Fleming Island,0,https://goargos.com/sports/mens-golf/roster/2025-26
glf_284f6d6c1d9c,Eddie,Lee,golf,2025-26,2026,D2,Men,Gulf South Conference,West Florida,"5'10""",Golfer,Sr.,Sr,"Fort Walton Beach, Fla.",Fort Walton Beach,FL,domestic,Fort Walton Beach HS,0,https://goargos.com/sports/mens-golf/roster/2025-26
glf_42afb52b2383,Max,Page,golf,2025-26,2026,D2,Men,Gulf South Conference,West Florida,"6'1""",Golfer,R-Sr.,Sr,"Cantonment, Fla.",Cantonment,FL,domestic,Pensacola Catholic,0,https://goargos.com/sports/mens-golf/roster/2025-26
glf_045906026541,Preston,Severs,golf,2025-26,2026,D2,Men,Gulf South Conference,West Florida,,Golfer,Jr.,Jr,"Lakewood Ranch, Fla.",Lakewood Ranch,FL,domestic,Lakewood Ranch,0,https://goargos.com/sports/mens-golf/roster/2025-26
glf_ae89cbe3bc90,Ethan,Tak,golf,2025-26,2026,D2,Men,Gulf South Conference,West Florida,,Golfer,Fr.,Fr,"St. Augustine, FL",St. Augustine,FL,domestic,Nease HS,0,https://goargos.com/sports/mens-golf/roster/2025-26
glf_5adb63b7d32a,Cooper,Tendick,golf,2025-26,2026,D2,Men,Gulf South Conference,West Florida,,Golfer,Sr.,Sr,"Kennesaw, Ga.",Kennesaw,GA,domestic,North Cobb,0,https://goargos.com/sports/mens-golf/roster/2025-26
glf_5fb80389130c,TJ,Thompson,golf,2025-26,2026,D2,Men,Gulf South Conference,West Florida,,Golfer,Jr.,Jr,"Coral Springs, Fla.",Coral Springs,FL,domestic,Marjory Stoneman Douglas,0,https://goargos.com/sports/mens-golf/roster/2025-26
glf_5c97aa13059a,Ethan,Weinberg,golf,2025-26,2026,D2,Men,Gulf South Conference,West Florida,,Golfer,Fr.,Fr,"Lutz, FL",Lutz,FL,domestic,Steinbrenner HS,0,https://goargos.com/sports/mens-golf/roster/2025-26
glf_363de61469a8,Patrick,Carl,golf,2025-26,2026,D2,Men,Pennsylvania State Athletic Conference,West Chester,,Golfer,Fr.,Fr,"Mount Airy, Md.",Mount Airy,MD,domestic,South Carroll,0,https://wcupagoldenrams.com/sports/mens-golf/roster/2025-26
glf_54db88422e8c,Ryan,D'Ariano,golf,2025-26,2026,D2,Men,Pennsylvania State Athletic Conference,West Chester,,Golfer,Sr.,Sr,"West Chester, Pa.",West Chester,PA,domestic,Rustin,0,https://wcupagoldenrams.com/sports/mens-golf/roster/2025-26
glf_a15934641239,Will,Hilton,golf,2025-26,2026,D2,Men,Pennsylvania State Athletic Conference,West Chester,,Golfer,Fr.,Fr,"Gibsonia, Pa.",Gibsonia,PA,domestic,Pine-Richland,0,https://wcupagoldenrams.com/sports/mens-golf/roster/2025-26
glf_ebc9de766d01,Evan,Jozwiak,golf,2025-26,2026,D2,Men,Pennsylvania State Athletic Conference,West Chester,,Golfer,Jr.,Jr,"Sinking Spring, Pa.",Sinking Spring,PA,domestic,Wilson,0,https://wcupagoldenrams.com/sports/mens-golf/roster/2025-26
glf_5edadee7a4e7,Yamato,Kimura,golf,2025-26,2026,D2,Men,Pennsylvania State Athletic Conference,West Chester,,Golfer,Jr.,Jr,"Kuwana Mie, Japan",Kuwana Mie,,international,Monteverde Academy,1,https://wcupagoldenrams.com/sports/mens-golf/roster/2025-26
glf_1132649844da,Alex,Marchetti,golf,2025-26,2026,D2,Men,Pennsylvania State Athletic Conference,West Chester,,Golfer,So.,So,"Hillsborough, N.J.",Hillsborough,NJ,domestic,Hillsborough,0,https://wcupagoldenrams.com/sports/mens-golf/roster/2025-26
glf_55308327f672,Victor,Mominey,golf,2025-26,2026,D2,Men,Pennsylvania State Athletic Conference,West Chester,,Golfer,Sr.,Sr,"Spring City, Pa.",Spring City,PA,domestic,Owen J. Roberts,0,https://wcupagoldenrams.com/sports/mens-golf/roster/2025-26
glf_d1299910675d,Nathan,Radwanski,golf,2025-26,2026,D2,Men,Pennsylvania State Athletic Conference,West Chester,,Golfer,Fr.,Fr,"Mohnton, Pa.",Mohnton,PA,domestic,Governor Mifflin,0,https://wcupagoldenrams.com/sports/mens-golf/roster/2025-26
glf_5a913aa2bbd7,Paul-Arthur,Roth,golf,2025-26,2026,D2,Men,Pennsylvania State Athletic Conference,West Chester,,Golfer,Fr.,Fr,"Virginia Beach, Virginia (France)",Virginia Beach,,international,Frank W Cox,0,https://wcupagoldenrams.com/sports/mens-golf/roster/2025-26
glf_63a0d8ae7836,Ethan,Cook,golf,2025-26,2026,D2,Men,Mountain East Conference,West Liberty,"5'8"" 160 lbs",Golfer,Jr.,Jr,"Sherrard, W.Va.",Sherrard,WV,domestic,John Marshall,0,https://hilltoppersports.com/sports/mens-golf/roster/2025-26
glf_7311f0c3ac3b,Isaac,Depew,golf,2025-26,2026,D2,Men,Mountain East Conference,West Liberty,"5'10"" 220 lbs",Golfer,Fr.,Fr,"Wheeling, W.Va.",Wheeling,WV,domestic,Linsly,0,https://hilltoppersports.com/sports/mens-golf/roster/2025-26
glf_641f218d5af3,Justin,Doerr,golf,2025-26,2026,D2,Men,Mountain East Conference,West Liberty,"5'8"" 150 lbs",Golfer,Jr.,Jr,"Wheeling, W.Va.",Wheeling,WV,domestic,Wheeling Central,0,https://hilltoppersports.com/sports/mens-golf/roster/2025-26
glf_6d4c12e246b5,Adam,Gill,golf,2025-26,2026,D2,Men,Mountain East Conference,West Liberty,"5'9"" 155 lbs",Golfer,Fr.,Fr,"Wheeling, W.Va.",Wheeling,WV,domestic,Linsly,0,https://hilltoppersports.com/sports/mens-golf/roster/2025-26
glf_21771cabf5dc,Brandon,Lawhon,golf,2025-26,2026,D2,Men,Mountain East Conference,West Liberty,"6'0"" 160 lbs",Golfer,Sr.,Sr,"St. Mary's, W.Va.",St. Mary's,WV,domestic,St. Mary's,0,https://hilltoppersports.com/sports/mens-golf/roster/2025-26
glf_25f4095fe0f5,Tanner,Pelaez,golf,2025-26,2026,D2,Men,Mountain East Conference,West Liberty,"5'8"" 175 lbs",Golfer,Sr.,Sr,"Tampa, Fla.",Tampa,FL,domestic,Academy at the Lakes,1,https://hilltoppersports.com/sports/mens-golf/roster/2025-26
glf_acd7a089575b,Tyler,Sauric,golf,2025-26,2026,D2,Men,Mountain East Conference,West Liberty,"5'9"" 155 lbs",Golfer,Jr.,Jr,"Eastlake, Ohio",Eastlake,OH,domestic,Eastlake North,0,https://hilltoppersports.com/sports/mens-golf/roster/2025-26
glf_b07db0882589,Carter,Stewart,golf,2025-26,2026,D2,Men,Mountain East Conference,West Liberty,"5'10"" 170 lbs",Golfer,Jr.,Jr,"Muskogee, Okla.",Muskogee,OK,domestic,Checotah,0,https://hilltoppersports.com/sports/mens-golf/roster/2025-26
glf_0bfb7860274f,Austin,Brooks,golf,2025-26,2026,D2,Men,Mountain East Conference,West Virginia State,,Golfer,Fr.,Fr,"Nitro, W.Va.",Nitro,WV,domestic,Nitro,0,https://wvsuyellowjackets.com/sports/mens-golf/roster/2025-26
glf_2512f029fb0d,Gabriel,Cuellar,golf,2025-26,2026,D2,Men,Mountain East Conference,West Virginia State,,Golfer,Sr.,Sr,"Bogota, Colombia",Bogota,,international,,0,https://wvsuyellowjackets.com/sports/mens-golf/roster/2025-26
glf_7bfe3f06edc2,Jayce,Feazelle,golf,2025-26,2026,D2,Men,Mountain East Conference,West Virginia State,,Golfer,So.,So,"St. Albans, W.Va.",St. Albans,WV,domestic,St. Albans,0,https://wvsuyellowjackets.com/sports/mens-golf/roster/2025-26
glf_f42c6a60d795,Dontae,Harris,golf,2025-26,2026,D2,Men,Mountain East Conference,West Virginia State,,Golfer,So.,So,"South Point, Ohio",South Point,OH,domestic,,0,https://wvsuyellowjackets.com/sports/mens-golf/roster/2025-26
glf_25be2c6d5f31,Brennen,Sang,golf,2025-26,2026,D2,Men,Mountain East Conference,West Virginia State,,Golfer,So.,So,"Point Pleasant, W.Va.",Point Pleasant,WV,domestic,Point Pleasant,0,https://wvsuyellowjackets.com/sports/mens-golf/roster/2025-26
glf_786ec580ef6b,Brody,Sipple,golf,2025-26,2026,D2,Men,Mountain East Conference,West Virginia State,,Golfer,Fr.,Fr,"Huntington, W.Va.",Huntington,WV,domestic,Huntington,0,https://wvsuyellowjackets.com/sports/mens-golf/roster/2025-26
glf_83fc8c6e7da1,Chase,Smith,golf,2025-26,2026,D2,Men,Mountain East Conference,West Virginia State,,Golfer,So.,So,"Buffalo, W. Va.",Buffalo,WV,domestic,Buffalo High School,0,https://wvsuyellowjackets.com/sports/mens-golf/roster/2025-26
glf_0f506c187df3,William,Wentz,golf,2025-26,2026,D2,Men,Mountain East Conference,West Virginia State,,Golfer,Fr.,Fr,"Charleston, W. Va.",Charleston,WV,domestic,Riverside,0,https://wvsuyellowjackets.com/sports/mens-golf/roster/2025-26
glf_c9a9d62ac485,Ben,Ambler,golf,2025-26,2026,D2,Men,Mountain East Conference,West Virginia Wesleyan,,Golfer,Fr.,Fr,"Cambridge, New Zealand",Cambridge,,international,s School,0,https://wesleyanbobcats.com/sports/mens-golf/roster/2025-26
glf_50eda2a42083,Caleb,Fairhurst,golf,2025-26,2026,D2,Men,Mountain East Conference,West Virginia Wesleyan,,Golfer,Jr.,Jr,"Tallmadge, Ohio",Tallmadge,OH,domestic,Tallmadge,0,https://wesleyanbobcats.com/sports/mens-golf/roster/2025-26
glf_557004a8d824,Jake,Geremia,golf,2025-26,2026,D2,Men,Mountain East Conference,West Virginia Wesleyan,,Golfer,Sr.,Sr,"Manalapan, N.J.",Manalapan,NJ,domestic,Colts Neck,0,https://wesleyanbobcats.com/sports/mens-golf/roster/2025-26
glf_4a255fedb5cf,Mason,Halfin,golf,2025-26,2026,D2,Men,Mountain East Conference,West Virginia Wesleyan,,Golfer,Jr.,Jr,"Phillipi, W.Va",Phillipi,WV,domestic,Philip Barbour,0,https://wesleyanbobcats.com/sports/mens-golf/roster/2025-26
glf_3a9eb34cbf95,Robin,Heidenreich,golf,2025-26,2026,D2,Men,Mountain East Conference,West Virginia Wesleyan,,Golfer,Fr.,Fr,"Stromstad, Sweden",Stromstad,,international,Aspero School,0,https://wesleyanbobcats.com/sports/mens-golf/roster/2025-26
glf_3bea8243bc11,Gabe,Jones,golf,2025-26,2026,D2,Men,Mountain East Conference,West Virginia Wesleyan,,Golfer,Jr.,Jr,"Tallmadge, Ohio",Tallmadge,OH,domestic,Tallmadge High School,0,https://wesleyanbobcats.com/sports/mens-golf/roster/2025-26
glf_62fb775a5b0b,Rahil,Krishna,golf,2025-26,2026,D2,Men,Mountain East Conference,West Virginia Wesleyan,,Golfer,Fr.,Fr,"Christchurch, New Zealand",Christchurch,,international,Christchurch Boys High School,0,https://wesleyanbobcats.com/sports/mens-golf/roster/2025-26
glf_769823744a66,Mason,Nicholas,golf,2025-26,2026,D2,Men,Mountain East Conference,West Virginia Wesleyan,,Golfer,Jr.,Jr,"Sistersville, W.Va",Sistersville,WV,domestic,Tyler Consolidated,0,https://wesleyanbobcats.com/sports/mens-golf/roster/2025-26
glf_05062932f617,Cole,Price,golf,2025-26,2026,D2,Men,Mountain East Conference,West Virginia Wesleyan,,Golfer,Sr.,Sr,"Waynesville, N.C.",Waynesville,NC,domestic,Gaston Day School,0,https://wesleyanbobcats.com/sports/mens-golf/roster/2025-26
glf_6fb51f3b04c8,Santiago,Caride,golf,2025-26,2026,D2,Men,Lone Star Conference,West Texas A&M,,Golfer,Sr.,Sr,"Bariloche, Argentina",Bariloche,,international,Seadea,0,https://gobuffsgo.com/sports/mens-golf/roster/2025-26
glf_6ecb71014ac0,Isidoro,Castaño,golf,2025-26,2026,D2,Men,Lone Star Conference,West Texas A&M,,Golfer,Jr.,Jr,"General Pico, Argentina",General Pico,,international,Centro Educativo Los Caldenes,0,https://gobuffsgo.com/sports/mens-golf/roster/2025-26
glf_012454b010ba,Jorge,De La Concepción Quílez,golf,2025-26,2026,D2,Men,Lone Star Conference,West Texas A&M,,Golfer,Jr.,Jr,"Valencia, Spain",Valencia,,international,Más Camarena,0,https://gobuffsgo.com/sports/mens-golf/roster/2025-26
glf_398b6d46622a,Pepe,De La Concepción Quílez,golf,2025-26,2026,D2,Men,Lone Star Conference,West Texas A&M,,Golfer,Sr.,Sr,"Valencia, Spain",Valencia,,international,Más Camarena,0,https://gobuffsgo.com/sports/mens-golf/roster/2025-26
glf_41feebe61014,Victor,Estas,golf,2025-26,2026,D2,Men,Lone Star Conference,West Texas A&M,,Golfer,Jr.,Jr,"Kortenburg, Belgium",Kortenburg,,international,Koninklijk Atheneum Tervuren,0,https://gobuffsgo.com/sports/mens-golf/roster/2025-26
glf_ecb7779fd581,Jack,Lankford,golf,2025-26,2026,D2,Men,Lone Star Conference,West Texas A&M,,Golfer,Fr.,Fr,"Amarillo, Texas",Amarillo,TX,domestic,Randall,0,https://gobuffsgo.com/sports/mens-golf/roster/2025-26
glf_b919a41ab9bc,Callum,McLean,golf,2025-26,2026,D2,Men,Lone Star Conference,West Texas A&M,,Golfer,Fr.,Fr,"Schilde, Belgium",Schilde,,international,Heilig Hart van Maria – Instituut,0,https://gobuffsgo.com/sports/mens-golf/roster/2025-26
glf_ed66cbe9d81f,Luis,Palomo,golf,2025-26,2026,D2,Men,Lone Star Conference,West Texas A&M,,Golfer,Sr.,Sr,"Barcelona, Spain",Barcelona,,international,Ies Car Sant Cugat,0,https://gobuffsgo.com/sports/mens-golf/roster/2025-26
glf_9a33a5077686,José,Rozas,golf,2025-26,2026,D2,Men,Lone Star Conference,West Texas A&M,,Golfer,Jr.,Jr,"Salamanaca, Spain",Salamanaca,,international,Colegio Leonés,0,https://gobuffsgo.com/sports/mens-golf/roster/2025-26
glf_f975705af09a,Kolby,Stork,golf,2025-26,2026,D2,Men,Lone Star Conference,West Texas A&M,,Golfer,Fr.,Fr,"Barbers Hill, Texas",Barbers Hill,TX,domestic,Barbers Hill,0,https://gobuffsgo.com/sports/mens-golf/roster/2025-26
glf_10692cfd13fc,David,Vega Gerstel,golf,2025-26,2026,D2,Men,Lone Star Conference,West Texas A&M,,Golfer,Fr.,Fr,"Las Palmas de Gran Canaria, Spain",Las Palmas de Gran Canaria,,international,American School,0,https://gobuffsgo.com/sports/mens-golf/roster/2025-26
glf_e3861f54991e,Andrew,Ahlstrom,golf,2025-26,2026,D2,Men,Rocky Mountain Athletic Conference,Westminster UT,"6'0""",Golfer,Sr.,Sr,"West Bountiful, UT",West Bountiful,UT,domestic,Bountiful HS,0,https://westminstergriffins.com/sports/mens-golf/roster/2025-26
glf_9953f59a2932,Ty,Anderson,golf,2025-26,2026,D2,Men,Rocky Mountain Athletic Conference,Westminster UT,,Golfer,Fr.,Fr,"Draper, UT",Draper,UT,domestic,Corner Canyon HS,0,https://westminstergriffins.com/sports/mens-golf/roster/2025-26
glf_9a6136cc044d,Jake,Debry,golf,2025-26,2026,D2,Men,Rocky Mountain Athletic Conference,Westminster UT,,Golfer,Fr.,Fr,"Holladay, UT",Holladay,UT,domestic,Skyline HS,0,https://westminstergriffins.com/sports/mens-golf/roster/2025-26
glf_f4df53360ac4,Anthony,Goodson,golf,2025-26,2026,D2,Men,Rocky Mountain Athletic Conference,Westminster UT,"5'8""",Golfer,So.,So,"Boise, ID",Boise,ID,domestic,Timberline HS,0,https://westminstergriffins.com/sports/mens-golf/roster/2025-26
glf_7fc9d3c6e404,Hayden,Howell,golf,2025-26,2026,D2,Men,Rocky Mountain Athletic Conference,Westminster UT,"6'0""",Golfer,Jr.,Jr,"Smithfield, UT",Smithfield,UT,domestic,Skyview HS,0,https://westminstergriffins.com/sports/mens-golf/roster/2025-26
glf_e6783f3b96bd,Nic,Jensen,golf,2025-26,2026,D2,Men,Rocky Mountain Athletic Conference,Westminster UT,"6'3""",Golfer,Jr.,Jr,"Las Vegas, NV",Las Vegas,NV,domestic,Las Vegas HS,0,https://westminstergriffins.com/sports/mens-golf/roster/2025-26
glf_94efc130e0b8,Aiden,Pavey,golf,2025-26,2026,D2,Men,Rocky Mountain Athletic Conference,Westminster UT,"5'8""",Golfer,So.,So,"Burlington, Ontario, CAN",Burlington,,international,M.M. Robinson HS,0,https://westminstergriffins.com/sports/mens-golf/roster/2025-26
glf_7f1ad38df75a,Wyatt,Toney,golf,2025-26,2026,D2,Men,Rocky Mountain Athletic Conference,Westminster UT,,Golfer,Fr.,Fr,"Moab, UT",Moab,UT,domestic,Grand County HS,0,https://westminstergriffins.com/sports/mens-golf/roster/2025-26
glf_9662700ebadc,Owen,Bousman,golf,2025-26,2026,D2,Men,Pacific West Conference,Westmont,"6'3"" R",Golfer,Fr.,Fr,"Templeton, Calif.",Templeton,CA,domestic,Templeton H.S.,0,https://athletics.westmont.edu/sports/mens-golf/roster/2025-26
glf_dec2ab3dca9d,Hernan,Iriarte Gonzalez,golf,2025-26,2026,D2,Men,Pacific West Conference,Westmont,"5'9"" R",Golfer,Fr.,Fr,"Torreón, Mexico",Torreón,,international,Montverde Academey,0,https://athletics.westmont.edu/sports/mens-golf/roster/2025-26
glf_85eaaebf273c,Fernando,Jimenez,golf,2025-26,2026,D2,Men,Pacific West Conference,Westmont,"6'1"" R",Golfer,Fr.,Fr,"Santa Teresa, N.M.",Santa Teresa,NM,domestic,El Paso H.S.,0,https://athletics.westmont.edu/sports/mens-golf/roster/2025-26
glf_d2fca78aaa2f,Jose,Licon,golf,2025-26,2026,D2,Men,Pacific West Conference,Westmont,"5'8"" R",Golfer,So.,So,"Chihuahua, Mexico",Chihuahua,,international,Instituto La Salle de Chihuahua,0,https://athletics.westmont.edu/sports/mens-golf/roster/2025-26
glf_a70fb4d6539e,Santiago,Lopez Ortiz,golf,2025-26,2026,D2,Men,Pacific West Conference,Westmont,"5'7"" R",Golfer,Fr.,Fr,"Ciudad Juárez, Mexico",Ciudad Juárez,,international,Cathedral H.S.,0,https://athletics.westmont.edu/sports/mens-golf/roster/2025-26
glf_e6201ffbd299,Nicolas,Rocha,golf,2025-26,2026,D2,Men,Pacific West Conference,Westmont,"5'8"" R",Golfer,So.,So,"Laredo, Texas",Laredo,TX,domestic,Montverde Academy,1,https://athletics.westmont.edu/sports/mens-golf/roster/2025-26
glf_9d8d319f398b,Alex,Alder,golf,2025-26,2026,D2,Men,South Atlantic Conference,Wingate,,Golfer,Fr.,Fr,"Reading, England",Reading,,international,,0,https://wingatebulldogs.com/sports/mens-golf/roster/2025-26
glf_f13e4c427ef4,Lewis,Beeden,golf,2025-26,2026,D2,Men,South Atlantic Conference,Wingate,,Golfer,Sr.,Sr,"London, England",London,,international,,0,https://wingatebulldogs.com/sports/mens-golf/roster/2025-26
glf_1577aeec9879,Charles,Cirier,golf,2025-26,2026,D2,Men,South Atlantic Conference,Wingate,,Golfer,Fr.,Fr,"Les Sables D'olonne, France",Les Sables D'olonne,,international,,0,https://wingatebulldogs.com/sports/mens-golf/roster/2025-26
glf_7e9c072c2c7e,Mattia,D'Errico,golf,2025-26,2026,D2,Men,South Atlantic Conference,Wingate,,Golfer,Fr.,Fr,"Reggio Emilia, Italy",Reggio Emilia,,international,,0,https://wingatebulldogs.com/sports/mens-golf/roster/2025-26
glf_147889f94dc5,Max,Drott,golf,2025-26,2026,D2,Men,South Atlantic Conference,Wingate,,Golfer,So.,So,"Linkoping, Sweden",Linkoping,,international,,0,https://wingatebulldogs.com/sports/mens-golf/roster/2025-26
glf_ab4f5839ea8c,Finn,Ellis,golf,2025-26,2026,D2,Men,South Atlantic Conference,Wingate,,Golfer,Fr.,Fr,"Bristol, England",Bristol,,international,,0,https://wingatebulldogs.com/sports/mens-golf/roster/2025-26
glf_bf1bbfc7d28c,Alexander,Jarheden,golf,2025-26,2026,D2,Men,South Atlantic Conference,Wingate,,Golfer,Fr.,Fr,"Linkoping, Sweden",Linkoping,,international,,0,https://wingatebulldogs.com/sports/mens-golf/roster/2025-26
glf_313fb4b89722,Oscar,Land,golf,2025-26,2026,D2,Men,South Atlantic Conference,Wingate,,Golfer,Sr.,Sr,"Leeds, England",Leeds,,international,,0,https://wingatebulldogs.com/sports/mens-golf/roster/2025-26
glf_9da85bf5fad1,Fynn,Loewe,golf,2025-26,2026,D2,Men,South Atlantic Conference,Wingate,,Golfer,Sr.,Sr,"Munich, Germany",Munich,,international,,0,https://wingatebulldogs.com/sports/mens-golf/roster/2025-26
glf_0c87a4f0c037,Cole,Rouse,golf,2025-26,2026,D2,Men,South Atlantic Conference,Wingate,,Golfer,So.,So,"Kernersville, N.C.",Kernersville,NC,domestic,,0,https://wingatebulldogs.com/sports/mens-golf/roster/2025-26
glf_4c122f5142c2,Brandon,Skidmore,golf,2025-26,2026,D2,Men,South Atlantic Conference,Wingate,,Golfer,So.,So,"Gloucester, England",Gloucester,,international,,0,https://wingatebulldogs.com/sports/mens-golf/roster/2025-26
glf_28e570cb3728,Alfie,Storer,golf,2025-26,2026,D2,Men,South Atlantic Conference,Wingate,,Golfer,Sr.,Sr,"Leeds, England",Leeds,,international,,0,https://wingatebulldogs.com/sports/mens-golf/roster/2025-26
glf_e02dd352d9f6,Garrison,Welborn,golf,2025-26,2026,D2,Men,South Atlantic Conference,Wingate,,Golfer,Fr.,Fr,"Waxhaw, N.C.",Waxhaw,NC,domestic,,0,https://wingatebulldogs.com/sports/mens-golf/roster/2025-26
glf_a8639c81564d,Matthew,Wordon,golf,2025-26,2026,D2,Men,South Atlantic Conference,Wingate,,Golfer,Jr.,Jr,"Bath, England",Bath,,international,,0,https://wingatebulldogs.com/sports/mens-golf/roster/2025-26
glf_e5ce4c94a7d4,Logan,Chouinard,golf,2025-26,2026,D2,Men,Northern Sun Intercollegiate Conference,Winona State,,Golfer,Jr.,Jr,"Elk River, Minn.",Elk River,MN,domestic,Elk River High School,0,https://winonastatewarriors.com/sports/mens-golf/roster/2025-26
glf_ca9dc331b392,Peyton,Coahran,golf,2025-26,2026,D2,Men,Northern Sun Intercollegiate Conference,Winona State,,Golfer,Sr.,Sr,"Spicer, Minn.",Spicer,MN,domestic,New London-Spicer,0,https://winonastatewarriors.com/sports/mens-golf/roster/2025-26
glf_5f06552bdef4,Juan,Carlos Feregrino Ponce,golf,2025-26,2026,D2,Men,Northern Sun Intercollegiate Conference,Winona State,,Golfer,So.,So,"Aguascalientes, Mexico",Aguascalientes,,international,ITESM,0,https://winonastatewarriors.com/sports/mens-golf/roster/2025-26
glf_05e96c96d5cc,Tyler,Gandrud,golf,2025-26,2026,D2,Men,Northern Sun Intercollegiate Conference,Winona State,,Golfer,So.,So,"Anoka, Minn.",Anoka,MN,domestic,Anoka High School,0,https://winonastatewarriors.com/sports/mens-golf/roster/2025-26
glf_4d3df25c3aa9,Andres,Hernandez,golf,2025-26,2026,D2,Men,Northern Sun Intercollegiate Conference,Winona State,,Golfer,Fr.,Fr,"Aguascalientes, Mexico",Aguascalientes,,international,Bosques International,0,https://winonastatewarriors.com/sports/mens-golf/roster/2025-26
glf_0b69fe4a174b,Max,Jericho,golf,2025-26,2026,D2,Men,Northern Sun Intercollegiate Conference,Winona State,,Golfer,So.,So,"Loveday, Australia",Loveday,,international,Sacred Heart,0,https://winonastatewarriors.com/sports/mens-golf/roster/2025-26
glf_9607a07a25a4,Tyler,Johnson,golf,2025-26,2026,D2,Men,Northern Sun Intercollegiate Conference,Winona State,,Golfer,Sr.,Sr,"Berlin, Wis.",Berlin,WI,domestic,Berlin,0,https://winonastatewarriors.com/sports/mens-golf/roster/2025-26
glf_49868f2c2afa,Luke,Maas,golf,2025-26,2026,D2,Men,Northern Sun Intercollegiate Conference,Winona State,,Golfer,Jr.,Jr,"Watertown, Minn.",Watertown,MN,domestic,Watertown- Mayer High School,0,https://winonastatewarriors.com/sports/mens-golf/roster/2025-26
glf_30d88b4e9853,Diego,Olano,golf,2025-26,2026,D2,Men,Northern Sun Intercollegiate Conference,Winona State,,Golfer,Jr.,Jr,San Salvador,San Salvador,,international,Escuela Americana,0,https://winonastatewarriors.com/sports/mens-golf/roster/2025-26
glf_e4058eddedea,Javier,Ramos Casariego,golf,2025-26,2026,D2,Men,Northern Sun Intercollegiate Conference,Winona State,,Golfer,So.,So,"A Coruna, Spain",A Coruna,,international,Compania de Maria,0,https://winonastatewarriors.com/sports/mens-golf/roster/2025-26
glf_beadcee75cdb,Jayden,Ford,golf,2025-26,2026,D2,Men,Central Intercollegiate Athletic Association,Winston-Salem State,,Golfer,Fr.,Fr,"Charlotte, NC",Charlotte,NC,domestic,Clear Brook HS,0,https://wssurams.com/sports/mens-golf/roster/2025-26
glf_314333c63aae,William,"""Tanner"" Frye",golf,2025-26,2026,D2,Men,Central Intercollegiate Athletic Association,Winston-Salem State,,Golfer,So.,So,"Landis, NC",Landis,NC,domestic,,0,https://wssurams.com/sports/mens-golf/roster/2025-26
glf_ff143c12025e,Connor,Lineberry,golf,2025-26,2026,D2,Men,Central Intercollegiate Athletic Association,Winston-Salem State,,Golfer,Sr.,Sr,"Randleman, NC",Randleman,NC,domestic,,0,https://wssurams.com/sports/mens-golf/roster/2025-26
glf_5b48cdda5324,Cameron,Lutterloh,golf,2025-26,2026,D2,Men,Central Intercollegiate Athletic Association,Winston-Salem State,,Golfer,Jr.,Jr,"Whitsett, NC",Whitsett,NC,domestic,,0,https://wssurams.com/sports/mens-golf/roster/2025-26
glf_6e29accccca0,Chase,Mclaughlin,golf,2025-26,2026,D2,Men,Central Intercollegiate Athletic Association,Winston-Salem State,,Golfer,Fr.,Fr,"Kernersville, NC",Kernersville,NC,domestic,,0,https://wssurams.com/sports/mens-golf/roster/2025-26
glf_ee5900ed5e4a,Daudi,Ndirango,golf,2025-26,2026,D2,Men,Central Intercollegiate Athletic Association,Winston-Salem State,,Golfer,Fr.,Fr,"Friendswood, TX",Friendswood,TX,domestic,Clear Brook HS,0,https://wssurams.com/sports/mens-golf/roster/2025-26
glf_ce62fc4f1f79,Godfrey,Nsubuga,golf,2025-26,2026,D2,Men,Central Intercollegiate Athletic Association,Winston-Salem State,,Golfer,Sr.,Sr,"Luagzi, Uganda",Luagzi,,international,,0,https://wssurams.com/sports/mens-golf/roster/2025-26
glf_2e59b3694ce2,Ahmad,Raoul,golf,2025-26,2026,D2,Men,Central Intercollegiate Athletic Association,Winston-Salem State,,Golfer,Sr.,Sr,"Chicago, IL",Chicago,IL,domestic,,0,https://wssurams.com/sports/mens-golf/roster/2025-26
glf_18ebfa305410,Austin,Rickard,golf,2025-26,2026,D2,Men,Central Intercollegiate Athletic Association,Winston-Salem State,,Golfer,So.,So,"Randleman, NC",Randleman,NC,domestic,Randleman High School,0,https://wssurams.com/sports/mens-golf/roster/2025-26
glf_1e3db1b687ea,Kunakorn,Tang,golf,2025-26,2026,D2,Men,Central Intercollegiate Athletic Association,Winston-Salem State,,Golfer,Sr.,Sr,"Fuquay Varina, NC",Fuquay Varina,NC,domestic,Combine HS,0,https://wssurams.com/sports/mens-golf/roster/2025-26
glf_3a1588ff4827,Tyler,Thomas,golf,2025-26,2026,D2,Men,Central Intercollegiate Athletic Association,Winston-Salem State,,Golfer,Sr.,Sr,"Chicago, IL",Chicago,IL,domestic,,0,https://wssurams.com/sports/mens-golf/roster/2025-26
glf_27250a179fb9,Cameron,Witherspoon,golf,2025-26,2026,D2,Men,Central Intercollegiate Athletic Association,Winston-Salem State,,Golfer,Sr.,Sr,"Winston-Salem, NC",Winston-Salem,NC,domestic,,0,https://wssurams.com/sports/mens-golf/roster/2025-26
glf_c14a38028ba1,Daniel,Blankenburg,golf,2025-26,2026,D2,Men,Great Northwest Athletic Conference,Western Washington,Right,Golfer,Fr.,Fr,"Bellingham, WA",Bellingham,WA,domestic,Meridian,0,https://wwuvikings.com/sports/mens-golf/roster/2025-26
glf_b74e70dae1da,Conrad,Brown,golf,2025-26,2026,D2,Men,Great Northwest Athletic Conference,Western Washington,Right,Golfer,Jr.,Jr,"Burlington, WA",Burlington,WA,domestic,Burlington-Edison,0,https://wwuvikings.com/sports/mens-golf/roster/2025-26
glf_cfc721df061f,Calvin,Cakarnis,golf,2025-26,2026,D2,Men,Great Northwest Athletic Conference,Western Washington,Left,Golfer,Fr.,Fr,"Renton, WA",Renton,WA,domestic,Liberty,0,https://wwuvikings.com/sports/mens-golf/roster/2025-26
glf_13ca9b855311,Peter,Dionne-Yahr,golf,2025-26,2026,D2,Men,Great Northwest Athletic Conference,Western Washington,Right,Golfer,Sr.,Sr,"Kent, WA",Kent,WA,domestic,Kentwood,0,https://wwuvikings.com/sports/mens-golf/roster/2025-26
glf_02fa6809c6c8,Nick,Ennis,golf,2025-26,2026,D2,Men,Great Northwest Athletic Conference,Western Washington,Right,Golfer,Jr.,Jr,"Everett, WA",Everett,WA,domestic,Archbishop Murphy,0,https://wwuvikings.com/sports/mens-golf/roster/2025-26
glf_580fb3bb0c97,Jack,Kendrick,golf,2025-26,2026,D2,Men,Great Northwest Athletic Conference,Western Washington,Right,Golfer,So.,So,"Vancouver, WA",Vancouver,WA,domestic,Columbia River,0,https://wwuvikings.com/sports/mens-golf/roster/2025-26
glf_1896577e27c7,Henry,Kippenhan,golf,2025-26,2026,D2,Men,Great Northwest Athletic Conference,Western Washington,Right,Golfer,Fr.,Fr,"Mill Creek, WA",Mill Creek,WA,domestic,Jackson,0,https://wwuvikings.com/sports/mens-golf/roster/2025-26
glf_e048efa080ab,Palmer,Mutcheson,golf,2025-26,2026,D2,Men,Great Northwest Athletic Conference,Western Washington,Right,Golfer,So.,So,"Snohomish, WA",Snohomish,WA,domestic,Snohomish,0,https://wwuvikings.com/sports/mens-golf/roster/2025-26
glf_577f9511e9f0,Rex,Wilson,golf,2025-26,2026,D2,Men,Great Northwest Athletic Conference,Western Washington,Right,Golfer,So.,So,"Burlington, WA",Burlington,WA,domestic,Burlington-Edison,0,https://wwuvikings.com/sports/mens-golf/roster/2025-26
glf_c3dbeb219aa1,Christopher,Zamani,golf,2025-26,2026,D2,Men,Great Northwest Athletic Conference,Western Washington,Left,Golfer,Jr.,Jr,"Sammamish, WA",Sammamish,WA,domestic,Eastlake,0,https://wwuvikings.com/sports/mens-golf/roster/2025-26
glf_c828ef2e5c83,Bobby,Horner,golf,2025-26,2026,D2,Men,Great Lakes Intercollegiate Athletic Conference,UW-Parkside,,Golfer,Fr.,Fr,"Sussex, Wis.",Sussex,WI,domestic,Hamilton,0,https://parksiderangers.com/sports/mens-golf/roster/2025-26
glf_f071bcbe26d8,Preston,Lamirande,golf,2025-26,2026,D2,Men,Great Lakes Intercollegiate Athletic Conference,UW-Parkside,,Golfer,So.,So,"Green Bay, Wis.",Green Bay,WI,domestic,Bay Port,0,https://parksiderangers.com/sports/mens-golf/roster/2025-26
glf_0e8754692428,Ryan,Lingelbach,golf,2025-26,2026,D2,Men,Great Lakes Intercollegiate Athletic Conference,UW-Parkside,,Golfer,Jr.,Jr,"Elkhorn, Neb.",Elkhorn,NE,domestic,Elkhorn South,0,https://parksiderangers.com/sports/mens-golf/roster/2025-26
glf_e513704a61f4,Cooper,Pigeon,golf,2025-26,2026,D2,Men,Great Lakes Intercollegiate Athletic Conference,UW-Parkside,,Golfer,Fr.,Fr,"Iron Mountain, Mich.",Iron Mountain,MI,domestic,Iron Mountain,0,https://parksiderangers.com/sports/mens-golf/roster/2025-26
glf_d86120da098a,Tyler,Reiter,golf,2025-26,2026,D2,Men,Great Lakes Intercollegiate Athletic Conference,UW-Parkside,,Golfer,Fr.,Fr,"Prescott, Wis.",Prescott,WI,domestic,Prescott,0,https://parksiderangers.com/sports/mens-golf/roster/2025-26
glf_e1adcb07a42a,Aleck,Simms,golf,2025-26,2026,D2,Men,Great Lakes Intercollegiate Athletic Conference,UW-Parkside,,Golfer,Sr.,Sr,"Kingston, Ontario",Kingston,,international,Bayridge Secondary School,0,https://parksiderangers.com/sports/mens-golf/roster/2025-26
glf_fdde10b26549,Shane,Stanley,golf,2025-26,2026,D2,Men,Great Lakes Intercollegiate Athletic Conference,UW-Parkside,,Golfer,So.,So,"Metcalfe, Ontario",Metcalfe,,international,Osgoode Township,0,https://parksiderangers.com/sports/mens-golf/roster/2025-26
glf_f7e6c1ad5ab7,Hayden,Underhill,golf,2025-26,2026,D2,Men,Great Lakes Intercollegiate Athletic Conference,UW-Parkside,,Golfer,Sr.,Sr,"Amherstview, Ontario",Amherstview,,international,Ernestown Secondary,0,https://parksiderangers.com/sports/mens-golf/roster/2025-26
glf_ef71eb308848,Samuel,Ankelstam,golf,2025-26,2026,D2,Men,Conference Carolinas,Young Harris,"5'9""",Golfer,Fr.,Fr,"Stockholm, Sweden",Stockholm,,international,Ga Bremen High School,0,https://yhcathletics.com/sports/mens-golf/roster/2025-26
glf_a740637787a7,Chase,Bilbo,golf,2025-26,2026,D2,Men,Conference Carolinas,Young Harris,"5'9""",Golfer,Fr.,Fr,"Bremen, Ga",Bremen,GA,domestic,Ga Bremen High School,0,https://yhcathletics.com/sports/mens-golf/roster/2025-26
glf_fb0e59512cdb,Nicholas,Germanos,golf,2025-26,2026,D2,Men,Conference Carolinas,Young Harris,"5'11""",Golfer,So.,So,"Dacula, Ga.",Dacula,GA,domestic,Sugar Hill Christian,0,https://yhcathletics.com/sports/mens-golf/roster/2025-26
glf_5867a4b9cc87,Nick,Grimaldi,golf,2025-26,2026,D2,Men,Conference Carolinas,Young Harris,"5'10""",Golfer,Fr.,Fr,"Austell, Georgia",Austell,GA,domestic,Georgia McEachern High School,0,https://yhcathletics.com/sports/mens-golf/roster/2025-26
glf_9f3b4a28703d,Todd,Marovich,golf,2025-26,2026,D2,Men,Conference Carolinas,Young Harris,"5'8""",Golfer,Fr.,Fr,"Canton, Ga.",Canton,GA,domestic,Ga. Woodstock High School,0,https://yhcathletics.com/sports/mens-golf/roster/2025-26
glf_0f8d5273903a,Alex,Miggas,golf,2025-26,2026,D2,Men,Conference Carolinas,Young Harris,"5'11""",Golfer,Fr.,Fr,"Cumming, Georgia",Cumming,GA,domestic,North Forsyth High,0,https://yhcathletics.com/sports/mens-golf/roster/2025-26
glf_6717aa677923,Adrian,Ronn,golf,2025-26,2026,D2,Men,Conference Carolinas,Young Harris,,Golfer,So.,So,"Bro, Sweden",Bro,,international,Upplands-Bro Gymnasiet,0,https://yhcathletics.com/sports/mens-golf/roster/2025-26
glf_89bfc097db74,Joel,Sergel,golf,2025-26,2026,D2,Men,Conference Carolinas,Young Harris,"5'10""",Golfer,Fr.,Fr,"Vasteras, Sweden",Vasteras,,international,Grillska Gymnasiet Vasteras,0,https://yhcathletics.com/sports/mens-golf/roster/2025-26
glf_708106b6ed62,Chris,Terzian,golf,2025-26,2026,D2,Men,Conference Carolinas,Young Harris,"6'0""",Golfer,Jr.,Jr,"Gainesville, FL",Gainesville,FL,domestic,FL Buchholz High School,0,https://yhcathletics.com/sports/mens-golf/roster/2025-26
glf_1fbc4f4624ab,Maximilan,Barclay,golf,2025-26,2026,D2,Men,South Atlantic Conference,Coker,,Golfer,Sr.,Sr,"Ayr, Scotland",Ayr,,international,Belmont Academy,1,https://cokercobras.com/sports/mgolf/2025-26/roster
glf_99c52b0ea715,Dax,Becker,golf,2025-26,2026,D2,Men,South Atlantic Conference,Coker,,Golfer,So.,So,"Trenton, FL",Trenton,FL,domestic,Trenton High School,0,https://cokercobras.com/sports/mgolf/2025-26/roster
glf_a69202cecc49,James,Bradley,golf,2025-26,2026,D2,Men,South Atlantic Conference,Coker,,Golfer,So.,So,"East Hampton, NY",East Hampton,NY,domestic,RPS Academy,1,https://cokercobras.com/sports/mgolf/2025-26/roster
glf_ca19f01efd4c,Thomas,Broshears,golf,2025-26,2026,D2,Men,South Atlantic Conference,Coker,,Golfer,Jr.,Jr,"Evansville, IN",Evansville,IN,domestic,Evansville Memorial High School,0,https://cokercobras.com/sports/mgolf/2025-26/roster
glf_513068fef74d,Seth,Evans,golf,2025-26,2026,D2,Men,South Atlantic Conference,Coker,,Golfer,Sr.,Sr,"Florence, SC",Florence,SC,domestic,South Florence High School,0,https://cokercobras.com/sports/mgolf/2025-26/roster
glf_7be11d28d27a,Luke,LaFond,golf,2025-26,2026,D2,Men,South Atlantic Conference,Coker,,Golfer,Jr.,Jr,"Green Bay, WI",Green Bay,WI,domestic,IMG Academy,1,https://cokercobras.com/sports/mgolf/2025-26/roster
glf_dc0e21f12bbf,Harrison,LaPointe,golf,2025-26,2026,D2,Men,South Atlantic Conference,Coker,,Golfer,Fr.,Fr,,,,unknown,,0,https://cokercobras.com/sports/mgolf/2025-26/roster
glf_67dbac54314e,Landon,Merrell,golf,2025-26,2026,D2,Men,South Atlantic Conference,Coker,,Golfer,So.,So,"Salisbury, NC",Salisbury,NC,domestic,East Rowan High School,0,https://cokercobras.com/sports/mgolf/2025-26/roster
glf_bd9edd8a169c,Chase,Nieshalla,golf,2025-26,2026,D2,Men,South Atlantic Conference,Coker,,Golfer,Fr.,Fr,,,,unknown,,0,https://cokercobras.com/sports/mgolf/2025-26/roster
glf_5a72c06cb133,Ty,O'Brien,golf,2025-26,2026,D2,Men,South Atlantic Conference,Coker,,Golfer,So.,So,"Myrtle Beach, SC",Myrtle Beach,SC,domestic,Myrtle Beach High School,0,https://cokercobras.com/sports/mgolf/2025-26/roster
glf_211cdc1348f0,Adam,Scott,golf,2025-26,2026,D2,Men,South Atlantic Conference,Coker,,Golfer,So.,So,"Lochmaben, Scotland",Lochmaben,,international,Lockerbie Academy,1,https://cokercobras.com/sports/mgolf/2025-26/roster
glf_f2c39056088d,Blake,Weatherford,golf,2025-26,2026,D2,Men,South Atlantic Conference,Coker,,Golfer,Jr.,Jr,"Hartsville, SC",Hartsville,SC,domestic,Hartsville High School,0,https://cokercobras.com/sports/mgolf/2025-26/roster
glf_b33bb1cb788d,Ray,Dress,golf,2025-26,2026,D2,Men,Great Lakes Intercollegiate Athletic Conference,Ferris State,,Golfer,Cl.: Fr.,Fr,,,,unknown,,0,https://ferrisstatebulldogs.com/sports/mgolf/2025-26/roster
glf_987006aaa59b,Michael,Fenech,golf,2025-26,2026,D2,Men,Great Lakes Intercollegiate Athletic Conference,Ferris State,,Golfer,Cl.: Sr.,Sr,,,,unknown,,0,https://ferrisstatebulldogs.com/sports/mgolf/2025-26/roster
glf_bd126c7740cb,Bryce,Fleisher,golf,2025-26,2026,D2,Men,Great Lakes Intercollegiate Athletic Conference,Ferris State,,Golfer,Cl.: Sr.,Sr,,,,unknown,,0,https://ferrisstatebulldogs.com/sports/mgolf/2025-26/roster
glf_8d37066778f4,Ethan,Frost,golf,2025-26,2026,D2,Men,Great Lakes Intercollegiate Athletic Conference,Ferris State,,Golfer,Cl.: Fr.,Fr,,,,unknown,,0,https://ferrisstatebulldogs.com/sports/mgolf/2025-26/roster
glf_c1514e5b5304,Sam,Havey,golf,2025-26,2026,D2,Men,Great Lakes Intercollegiate Athletic Conference,Ferris State,,Golfer,Cl.: Sr.,Sr,,,,unknown,,0,https://ferrisstatebulldogs.com/sports/mgolf/2025-26/roster
glf_f9297cc13033,Alex,Kaems,golf,2025-26,2026,D2,Men,Great Lakes Intercollegiate Athletic Conference,Ferris State,,Golfer,Cl.: So.,So,,,,unknown,,0,https://ferrisstatebulldogs.com/sports/mgolf/2025-26/roster
glf_b183cc39c208,Ben,Miller,golf,2025-26,2026,D2,Men,Great Lakes Intercollegiate Athletic Conference,Ferris State,,Golfer,Cl.: So.,So,,,,unknown,,0,https://ferrisstatebulldogs.com/sports/mgolf/2025-26/roster
glf_b60862cae25a,Kole,Putnam,golf,2025-26,2026,D2,Men,Great Lakes Intercollegiate Athletic Conference,Ferris State,,Golfer,Cl.: Jr.,Jr,,,,unknown,,0,https://ferrisstatebulldogs.com/sports/mgolf/2025-26/roster
glf_2fdd8a2d3f3c,Peter,Roehl,golf,2025-26,2026,D2,Men,Great Lakes Intercollegiate Athletic Conference,Ferris State,,Golfer,Cl.: So.,So,,,,unknown,,0,https://ferrisstatebulldogs.com/sports/mgolf/2025-26/roster
glf_44c3374a03dd,Zach,Spencer,golf,2025-26,2026,D2,Men,Great Lakes Intercollegiate Athletic Conference,Ferris State,,Golfer,Cl.: Fr.,Fr,,,,unknown,,0,https://ferrisstatebulldogs.com/sports/mgolf/2025-26/roster
glf_302d7785f437,Brian,Tillman,golf,2025-26,2026,D2,Men,Great Lakes Intercollegiate Athletic Conference,Ferris State,,Golfer,Cl.: Fr.,Fr,,,,unknown,,0,https://ferrisstatebulldogs.com/sports/mgolf/2025-26/roster
glf_30b94856fa3e,Will,Toombs-Heavisides,golf,2025-26,2026,D2,Men,Great Lakes Intercollegiate Athletic Conference,Ferris State,,Golfer,Cl.: So.,So,,,,unknown,,0,https://ferrisstatebulldogs.com/sports/mgolf/2025-26/roster
glf_5e5b2ea70d0d,Seth,Bearden,golf,2025-26,2026,D2,Men,Lone Star Conference,Midwestern State,"5'10"" 175 lbs Right",Golfer,Sr.,Sr,"Crowell, Texas",Crowell,TX,domestic,Crowell HS (Texas Tech),0,https://msumustangs.com/sports/mens-golf/roster/2025-26
glf_c3f5fed164db,Hank,Germany,golf,2025-26,2026,D2,Men,Lone Star Conference,Midwestern State,"6'0"" 178 lbs Right",Golfer,Jr.,Jr,"Midlothian, Texas",Midlothian,TX,domestic,Heritage HS,0,https://msumustangs.com/sports/mens-golf/roster/2025-26
glf_25cfb4fcc6ec,Ryan,Griff,golf,2025-26,2026,D2,Men,Lone Star Conference,Midwestern State,"5'9"" 140 lbs Right",Golfer,So.,So,"Bulverde, Texas",Bulverde,TX,domestic,Smithson Valley HS,0,https://msumustangs.com/sports/mens-golf/roster/2025-26
glf_564dd8e51de1,Bryce,Hoech,golf,2025-26,2026,D2,Men,Lone Star Conference,Midwestern State,"6'0"" 165 lbs Right",Golfer,So.,So,"Spring Branch, Texas",Spring Branch,TX,domestic,Pieper HS,0,https://msumustangs.com/sports/mens-golf/roster/2025-26
glf_a3abdfce1907,Ben,Jones,golf,2025-26,2026,D2,Men,Lone Star Conference,Midwestern State,"5'11"" 155 lbs Left",Golfer,Jr.,Jr,"Hutto, Texas",Hutto,TX,domestic,Hutto HS (Blinn College),0,https://msumustangs.com/sports/mens-golf/roster/2025-26
glf_0472ab024752,Chase,Kisver,golf,2025-26,2026,D2,Men,Lone Star Conference,Midwestern State,"5'10"" 145 lbs Right",Golfer,Jr.,Jr,"Flower Mound, Texas",Flower Mound,TX,domestic,Flower Mound HS (Arkansas-Monticello),0,https://msumustangs.com/sports/mens-golf/roster/2025-26
glf_443792277eae,Anniston,McIlwain,golf,2025-26,2026,D2,Men,Lone Star Conference,Midwestern State,"5'11"" 170 lbs Right",Golfer,So.,So,"Bulverde, Texas",Bulverde,TX,domestic,Smithson Valley HS (Delta State),0,https://msumustangs.com/sports/mens-golf/roster/2025-26
glf_350f395b88d5,Boo,Moerschell,golf,2025-26,2026,D2,Men,Lone Star Conference,Midwestern State,"5'9"" 165 lbs Left",Golfer,So.,So,"Lake Kiowa, Texas",Lake Kiowa,TX,domestic,Callisburg HS,0,https://msumustangs.com/sports/mens-golf/roster/2025-26
glf_e09c4ac3f8a8,Collin,Moody,golf,2025-26,2026,D2,Men,Lone Star Conference,Midwestern State,"6'2"" 165 lbs Right",Golfer,Fr.,Fr,"Bridgeport, Texas",Bridgeport,TX,domestic,Bridgeport HS,0,https://msumustangs.com/sports/mens-golf/roster/2025-26
glf_81ff67e6bd79,Nathan,Nelson,golf,2025-26,2026,D2,Men,Lone Star Conference,Midwestern State,"5'9"" 175 lbs Right",Golfer,So.,So,"Gunter, Texas",Gunter,TX,domestic,Gunter HS (Howard Payne),0,https://msumustangs.com/sports/mens-golf/roster/2025-26
glf_54bc8a49126a,Porter,Barnett,golf,2025-26,2026,D2,Men,Northern Sun Intercollegiate Conference,Minot State,,Golfer,So.,So,"Carlyle, Saskatchewan",Carlyle,,international,Gordon F. Kells HS,0,https://msubeavers.com/sports/mens-golf/roster/2025-26
glf_859b1d32817e,Jeremy,Dewar,golf,2025-26,2026,D2,Men,Northern Sun Intercollegiate Conference,Minot State,,Golfer,Jr.,Jr,"Beaumont, Alberta",Beaumont,,international,Ecole Secondaire Beaumont Composite,0,https://msubeavers.com/sports/mens-golf/roster/2025-26
glf_87b51eafac44,Winston,Grayson,golf,2025-26,2026,D2,Men,Northern Sun Intercollegiate Conference,Minot State,,Golfer,So.,So,"Kipling, Saskatchewan",Kipling,,international,Kipling HS,0,https://msubeavers.com/sports/mens-golf/roster/2025-26
glf_308d45663b68,Zach,Hendrickson,golf,2025-26,2026,D2,Men,Northern Sun Intercollegiate Conference,Minot State,,Golfer,Sr.,Sr,"Minot, N.D.",Minot,ND,domestic,Our Redeemer's Christian,0,https://msubeavers.com/sports/mens-golf/roster/2025-26
glf_0bd98d4d9072,Fischer,Johnson,golf,2025-26,2026,D2,Men,Northern Sun Intercollegiate Conference,Minot State,,Golfer,Fr.,Fr,"Minot, N.D.",Minot,ND,domestic,Minot HS,0,https://msubeavers.com/sports/mens-golf/roster/2025-26
glf_0cdfe881513f,Max,Karnik,golf,2025-26,2026,D2,Men,Northern Sun Intercollegiate Conference,Minot State,,Golfer,Gr.,Gr,"Fargo, N.D.",Fargo,ND,domestic,Fargo Davies HS,0,https://msubeavers.com/sports/mens-golf/roster/2025-26
glf_a55c6a7f3586,Joshua,Lindbo,golf,2025-26,2026,D2,Men,Northern Sun Intercollegiate Conference,Minot State,,Golfer,Fr.,Fr,"Douglas, N.D.",Douglas,ND,domestic,South Prairie HS,0,https://msubeavers.com/sports/mens-golf/roster/2025-26
glf_3b70090a8fab,Gage,Olson,golf,2025-26,2026,D2,Men,Northern Sun Intercollegiate Conference,Minot State,,Golfer,Jr.,Jr,"Max, N.D.",Max,ND,domestic,South Prairie HS,0,https://msubeavers.com/sports/mens-golf/roster/2025-26
glf_f4d7991f1440,Kasen,Rostad,golf,2025-26,2026,D2,Men,Northern Sun Intercollegiate Conference,Minot State,,Golfer,Fr.,Fr,"Minot, N.D.",Minot,ND,domestic,Minot North HS,0,https://msubeavers.com/sports/mens-golf/roster/2025-26
glf_fb649bb794c4,Cameron,Schwab,golf,2025-26,2026,D2,Men,Northern Sun Intercollegiate Conference,Minot State,,Golfer,So.,So,"Maple Creek, Saskatchewan",Maple Creek,,international,Maple Creek Composite,0,https://msubeavers.com/sports/mens-golf/roster/2025-26
glf_e417929befdd,Gunther,Soltvedt,golf,2025-26,2026,D2,Men,Northern Sun Intercollegiate Conference,Minot State,,Golfer,Jr.,Jr,"Gypsum, Colo.",Gypsum,CO,domestic,Homeschooled / Eagle Valley HS,1,https://msubeavers.com/sports/mens-golf/roster/2025-26
glf_8ab13a51e148,Hank,Berning,golf,2025-26,2026,D2,Men,South Atlantic Conference,Mars Hill,,Golfer,Cl.: Sr.,Sr,"Johnson City, Tenn.",Johnson City,TN,domestic,University High School,0,https://marshilllions.com/sports/mgolf/2025-26/roster
glf_0c6235c5baa0,Clayton,Burnette,golf,2025-26,2026,D2,Men,South Atlantic Conference,Mars Hill,,Golfer,Cl.: Jr.,Jr,"Marion, N.C.",Marion,NC,domestic,Johnson & Wales,0,https://marshilllions.com/sports/mgolf/2025-26/roster
glf_02adb4a32994,Avery,Harden,golf,2025-26,2026,D2,Men,South Atlantic Conference,Mars Hill,,Golfer,Cl.: So.,So,"Tryon, N.C.",Tryon,NC,domestic,Polk County,0,https://marshilllions.com/sports/mgolf/2025-26/roster
glf_40dba54a3a02,John,Kern,golf,2025-26,2026,D2,Men,South Atlantic Conference,Mars Hill,,Golfer,Cl.: So.,So,"Duffield, Va.",Duffield,VA,domestic,Rye Cove,0,https://marshilllions.com/sports/mgolf/2025-26/roster
glf_1fdd4c76a883,Justin,Pinkerton,golf,2025-26,2026,D2,Men,South Atlantic Conference,Mars Hill,,Golfer,Cl.: Jr.,Jr,"Rutherfordton, N.C.",Rutherfordton,NC,domestic,Chase,0,https://marshilllions.com/sports/mgolf/2025-26/roster
glf_eca11eba98ae,Samuel,Singleton,golf,2025-26,2026,D2,Men,South Atlantic Conference,Mars Hill,,Golfer,Cl.: So.,So,"Arden, N.C.",Arden,NC,domestic,T.C. Roberson,0,https://marshilllions.com/sports/mgolf/2025-26/roster
glf_11708a914702,Liam,Walden,golf,2025-26,2026,D2,Men,South Atlantic Conference,Mars Hill,,Golfer,Cl.: Jr.,Jr,"Forest City, N.C.",Forest City,NC,domestic,,0,https://marshilllions.com/sports/mgolf/2025-26/roster
glf_a336e0289a11,Ben,Anderson,golf,2025-26,2026,D2,Men,Great Midwest Athletic Conference,Northwood,,Golfer,Cl.: Jr.,Jr,"East Lansing, Mich.",East Lansing,MI,domestic,East Lansing,0,https://timberwolves.gonorthwood.com/sports/mgolf/2025-26/roster
glf_21b2fc655809,Hunter,Bailey,golf,2025-26,2026,D2,Men,Great Midwest Athletic Conference,Northwood,,Golfer,Cl.: So.,So,"Prudenville, Mich.",Prudenville,MI,domestic,Houghton Lake,0,https://timberwolves.gonorthwood.com/sports/mgolf/2025-26/roster
glf_630c0c2c1ed0,Cameron,Bourdeau,golf,2025-26,2026,D2,Men,Great Midwest Athletic Conference,Northwood,,Golfer,Cl.: So.,So,"Brysden, Mich.",Brysden,MI,domestic,Almont,0,https://timberwolves.gonorthwood.com/sports/mgolf/2025-26/roster
glf_d1b8f675dd2a,Jacob,Burgess,golf,2025-26,2026,D2,Men,Great Midwest Athletic Conference,Northwood,,Golfer,Cl.: So.,So,"Holly, Mich.",Holly,MI,domestic,Dryden,0,https://timberwolves.gonorthwood.com/sports/mgolf/2025-26/roster
glf_aad1cafeb4be,Chris,Crockett,golf,2025-26,2026,D2,Men,Great Midwest Athletic Conference,Northwood,,Golfer,Cl.: Fr.,Fr,"Shepherd, Mich.",Shepherd,MI,domestic,Shepherd,0,https://timberwolves.gonorthwood.com/sports/mgolf/2025-26/roster
glf_b4644ae2480f,Jaden,Davis,golf,2025-26,2026,D2,Men,Great Midwest Athletic Conference,Northwood,,Golfer,Cl.: Fr.,Fr,"Goodrich, Mich.",Goodrich,MI,domestic,Goodrich,0,https://timberwolves.gonorthwood.com/sports/mgolf/2025-26/roster
glf_ba2ffb0413f4,Rykert,Frisinger,golf,2025-26,2026,D2,Men,Great Midwest Athletic Conference,Northwood,,Golfer,Cl.: So.,So,"Coldwater, Mich.",Coldwater,MI,domestic,Hillsdale Academy,1,https://timberwolves.gonorthwood.com/sports/mgolf/2025-26/roster
glf_8288bc8314bc,Nick,Gaulin,golf,2025-26,2026,D2,Men,Great Midwest Athletic Conference,Northwood,,Golfer,Cl.: Fr.,Fr,"Northville, Mich.",Northville,MI,domestic,Detroit Catholic,0,https://timberwolves.gonorthwood.com/sports/mgolf/2025-26/roster
glf_406f02cc335f,Logan,Gehoski,golf,2025-26,2026,D2,Men,Great Midwest Athletic Conference,Northwood,,Golfer,Cl.: Fr.,Fr,"Auburn, Mich.",Auburn,MI,domestic,Bay City Western,0,https://timberwolves.gonorthwood.com/sports/mgolf/2025-26/roster
glf_20c4f723d1ce,Wyatt,Guenther,golf,2025-26,2026,D2,Men,Great Midwest Athletic Conference,Northwood,,Golfer,Cl.: So.,So,"Grand Blanc, Mich.",Grand Blanc,MI,domestic,Grand Blanc,0,https://timberwolves.gonorthwood.com/sports/mgolf/2025-26/roster
glf_1b9f00c75004,Nick,Hagen,golf,2025-26,2026,D2,Men,Great Midwest Athletic Conference,Northwood,,Golfer,Cl.: Sr.,Sr,"Howell, Mich.",Howell,MI,domestic,Howell,0,https://timberwolves.gonorthwood.com/sports/mgolf/2025-26/roster
glf_450e28abcfba,Max,Hart,golf,2025-26,2026,D2,Men,Great Midwest Athletic Conference,Northwood,,Golfer,Cl.: Jr.,Jr,"Cheboygan, Mich.",Cheboygan,MI,domestic,Cheboygan,0,https://timberwolves.gonorthwood.com/sports/mgolf/2025-26/roster
glf_42bf4bcb2ff4,Colton,LaRose,golf,2025-26,2026,D2,Men,Great Midwest Athletic Conference,Northwood,,Golfer,Cl.: So.,So,"Clinton Twp., Mich.",Clinton Twp.,MI,domestic,De La Salle,0,https://timberwolves.gonorthwood.com/sports/mgolf/2025-26/roster
glf_ab70b0aec297,Daniel,Lee,golf,2025-26,2026,D2,Men,Great Midwest Athletic Conference,Northwood,,Golfer,Cl.: Fr.,Fr,"Rochester Hills, Mich.",Rochester Hills,MI,domestic,Rochester Adams,0,https://timberwolves.gonorthwood.com/sports/mgolf/2025-26/roster
glf_79504e399ccc,Nash,Leonard,golf,2025-26,2026,D2,Men,Great Midwest Athletic Conference,Northwood,,Golfer,Cl.: Fr.,Fr,"Auburn, Mich.",Auburn,MI,domestic,Bay City Western,0,https://timberwolves.gonorthwood.com/sports/mgolf/2025-26/roster
glf_6eb090109c0f,Drew,Marquoit,golf,2025-26,2026,D2,Men,Great Midwest Athletic Conference,Northwood,,Golfer,Cl.: Jr.,Jr,"Lake Odessa, Mich.",Lake Odessa,MI,domestic,Lakewood Odessa,0,https://timberwolves.gonorthwood.com/sports/mgolf/2025-26/roster
glf_cec8646ea17a,Adam,Morrison,golf,2025-26,2026,D2,Men,Great Midwest Athletic Conference,Northwood,,Golfer,Cl.: Fr.,Fr,"Washington Twp., Mich.",Washington Twp.,MI,domestic,Utica Eisenhower,0,https://timberwolves.gonorthwood.com/sports/mgolf/2025-26/roster
glf_45f797cc4948,Will,Pennanen,golf,2025-26,2026,D2,Men,Great Midwest Athletic Conference,Northwood,,Golfer,Cl.: Fr.,Fr,"Oxford, Mich.",Oxford,MI,domestic,Everest Collegiate,0,https://timberwolves.gonorthwood.com/sports/mgolf/2025-26/roster
glf_70af577c37b1,Jacob,Scharret,golf,2025-26,2026,D2,Men,Great Midwest Athletic Conference,Northwood,,Golfer,Cl.: So.,So,"Ortonville, Mich.",Ortonville,MI,domestic,Brandon,0,https://timberwolves.gonorthwood.com/sports/mgolf/2025-26/roster
glf_f1e4ee7288d6,James,Seymour,golf,2025-26,2026,D2,Men,Great Midwest Athletic Conference,Northwood,,Golfer,Cl.: Fr.,Fr,"Grand Rapids, Mich.",Grand Rapids,MI,domestic,Forest Hills Eastern,0,https://timberwolves.gonorthwood.com/sports/mgolf/2025-26/roster
glf_3c3d5d78bdc0,Gaven,Stamper,golf,2025-26,2026,D2,Men,Great Midwest Athletic Conference,Northwood,,Golfer,Cl.: So.,So,"Ortonville, Mich.",Ortonville,MI,domestic,Brandon,0,https://timberwolves.gonorthwood.com/sports/mgolf/2025-26/roster
glf_7aa22e5b9d2d,Ethan,Stange,golf,2025-26,2026,D2,Men,Great Midwest Athletic Conference,Northwood,,Golfer,Cl.: So.,So,"Ann Arbor, Mich.",Ann Arbor,MI,domestic,Skyline,0,https://timberwolves.gonorthwood.com/sports/mgolf/2025-26/roster
glf_5214f2ef3d32,Kosuke,Tojo,golf,2025-26,2026,D2,Men,Great Midwest Athletic Conference,Northwood,,Golfer,Cl.: Sr.,Sr,"Fujikawacho, Japan",Fujikawacho,,international,,0,https://timberwolves.gonorthwood.com/sports/mgolf/2025-26/roster
glf_1751e1434d68,Collin,Urbas,golf,2025-26,2026,D2,Men,Great Midwest Athletic Conference,Northwood,,Golfer,Cl.: Jr.,Jr,"Clinton Twp., Mich.",Clinton Twp.,MI,domestic,Warren De La Salle,0,https://timberwolves.gonorthwood.com/sports/mgolf/2025-26/roster
glf_b95dbe553721,Elijah,Galvan,golf,2025-26,2026,D2,Men,Lone Star Conference,St Marys TX,"6'1""",Golfer,So.,So,"Austin, Texas",Austin,TX,domestic,Lake Travis HS,0,https://rattlerathletics.com/sports/mens-golf/roster/2025-26
glf_6a96e33ade4b,Philip,Hallström,golf,2025-26,2026,D2,Men,Lone Star Conference,St Marys TX,"6'1""",Golfer,Jr.,Jr,"Gävle, Sweden",Gävle,,international,Celsiusskolan,0,https://rattlerathletics.com/sports/mens-golf/roster/2025-26
glf_7c7126333903,Kongpop,Kaikaew,golf,2025-26,2026,D2,Men,Lone Star Conference,St Marys TX,"6'4""",Golfer,Sr.,Sr,"Rayong, Thailand",Rayong,,international,Rayong English Program School,0,https://rattlerathletics.com/sports/mens-golf/roster/2025-26
glf_97398ba80ac2,Guillaume,Paquette,golf,2025-26,2026,D2,Men,Lone Star Conference,St Marys TX,"6'1""",Golfer,So.,So,"La Minerve, Quebec, Canada",La Minerve,,international,Baylor School,0,https://rattlerathletics.com/sports/mens-golf/roster/2025-26
glf_d18ef98e0e3e,Zach,Seader,golf,2025-26,2026,D2,Men,Lone Star Conference,St Marys TX,"6'0""",Golfer,So.,So,"Bulverde, Texas",Bulverde,TX,domestic,Smithson Valley HS,0,https://rattlerathletics.com/sports/mens-golf/roster/2025-26
glf_b8ee290f575b,Connor,Smith,golf,2025-26,2026,D2,Men,Lone Star Conference,St Marys TX,"5'9""",Golfer,Jr.,Jr,"The Hills, Texas",The Hills,TX,domestic,Lake Travis HS,0,https://rattlerathletics.com/sports/mens-golf/roster/2025-26
glf_77fca6f6dd33,Baptiste,Touchard,golf,2025-26,2026,D2,Men,Lone Star Conference,St Marys TX,"6'2""",Golfer,Sr.,Sr,"Saint-Agathon, France",Saint-Agathon,,international,Centre National d'Education a Distance,0,https://rattlerathletics.com/sports/mens-golf/roster/2025-26
glf_5cca5769aca2,Jorge,Basterra,golf,2025-26,2026,D2,Men,Great Lakes Intercollegiate Athletic Conference,Saginaw Valley State,,Golfer,Cl.:,UNK,,,,unknown,,0,https://svsucardinals.com/sports/mgolf/2025-26/roster
glf_52f79065f064,Dominic,DeLaura,golf,2025-26,2026,D2,Men,Great Lakes Intercollegiate Athletic Conference,Saginaw Valley State,,Golfer,Cl.: So.,So,"Washington Twp., Mich.",Washington Twp.,MI,domestic,Romeo HS,0,https://svsucardinals.com/sports/mgolf/2025-26/roster
glf_618ecf7e7b65,Dominik,Dostal,golf,2025-26,2026,D2,Men,Great Lakes Intercollegiate Athletic Conference,Saginaw Valley State,,Golfer,Cl.: Fr.,Fr,"Bloomfield Hills, Mich.",Bloomfield Hills,MI,domestic,Bloomfield Hills HS,0,https://svsucardinals.com/sports/mgolf/2025-26/roster
glf_42cb45df7ec4,Garett,Forgash,golf,2025-26,2026,D2,Men,Great Lakes Intercollegiate Athletic Conference,Saginaw Valley State,,Golfer,Cl.: So.,So,"Bay City, Mich.",Bay City,MI,domestic,John Glenn HS,0,https://svsucardinals.com/sports/mgolf/2025-26/roster
glf_be64cc78de7f,Evan,Klein,golf,2025-26,2026,D2,Men,Great Lakes Intercollegiate Athletic Conference,Saginaw Valley State,,Golfer,Cl.: So.,So,"Guelph, Ontario",Guelph,,international,Bishop Macdonell HS,0,https://svsucardinals.com/sports/mgolf/2025-26/roster
glf_03c2342f45ef,AJ,Liguori,golf,2025-26,2026,D2,Men,Great Lakes Intercollegiate Athletic Conference,Saginaw Valley State,,Golfer,Cl.: So.,So,"Flushing, Mich.",Flushing,MI,domestic,Flushing HS,0,https://svsucardinals.com/sports/mgolf/2025-26/roster
glf_f034a89eb68b,Alex,McCarthy,golf,2025-26,2026,D2,Men,Great Lakes Intercollegiate Athletic Conference,Saginaw Valley State,,Golfer,Cl.: Fr.,Fr,"Saginaw, Mich.",Saginaw,MI,domestic,Nouvel Catholic,0,https://svsucardinals.com/sports/mgolf/2025-26/roster
glf_8b70b99edadf,Garrett,Morrison,golf,2025-26,2026,D2,Men,Great Lakes Intercollegiate Athletic Conference,Saginaw Valley State,,Golfer,Cl.: Fr.,Fr,"Flushing, Mich.",Flushing,MI,domestic,Flushing HS,0,https://svsucardinals.com/sports/mgolf/2025-26/roster
glf_31da55036c8e,Tony,Spicuzza,golf,2025-26,2026,D2,Men,Great Lakes Intercollegiate Athletic Conference,Saginaw Valley State,,Golfer,Cl.: So.,So,"Grandville, Mich.",Grandville,MI,domestic,Grandville HS,0,https://svsucardinals.com/sports/mgolf/2025-26/roster
glf_f63bb32e81d0,Bradly,VanDamme,golf,2025-26,2026,D2,Men,Great Lakes Intercollegiate Athletic Conference,Saginaw Valley State,,Golfer,Cl.: Fr.,Fr,"Gladstone, Mich.",Gladstone,MI,domestic,Mid Peninsula HS,0,https://svsucardinals.com/sports/mgolf/2025-26/roster
glf_efba9a194b14,Ben,Yono,golf,2025-26,2026,D2,Men,Great Lakes Intercollegiate Athletic Conference,Saginaw Valley State,,Golfer,Cl.: So.,So,"West Bloomfield, Mich.",West Bloomfield,MI,domestic,Brother Rice HS,0,https://svsucardinals.com/sports/mgolf/2025-26/roster
glf_601a92295fa3,Mohit,Balaji,golf,2025-26,2026,D2,Men,Sunshine State Conference,Tampa,,Golfer,Cl.: Sr.,Sr,"Reunion, Fla.",Reunion,FL,domestic,The First Academy,1,https://tampaspartans.com/sports/mgolf/2025-26/roster
glf_5b4fa0e5a088,Louis,Galvin,golf,2025-26,2026,D2,Men,Sunshine State Conference,Tampa,,Golfer,Cl.: Sr.,Sr,"Kinsale, Ireland",Kinsale,,international,Carrigaline Community School,0,https://tampaspartans.com/sports/mgolf/2025-26/roster
glf_dc770abbff0a,Carl,Gustin,golf,2025-26,2026,D2,Men,Sunshine State Conference,Tampa,,Golfer,Cl.: Sr.,Sr,"Northbrook, Ill.",Northbrook,IL,domestic,Glenbrook North HS,0,https://tampaspartans.com/sports/mgolf/2025-26/roster
glf_9dfa95402249,Kyle,Honer,golf,2025-26,2026,D2,Men,Sunshine State Conference,Tampa,,Golfer,Cl.: Sr.,Sr,"Dublin, Ireland",Dublin,,international,Portmarnock Community School,0,https://tampaspartans.com/sports/mgolf/2025-26/roster
glf_dc03a7bc0666,Martin,Hurtado,golf,2025-26,2026,D2,Men,Sunshine State Conference,Tampa,,Golfer,Cl.: Jr.,Jr,"Las Condes, Chile",Las Condes,,international,Montverde Academy,1,https://tampaspartans.com/sports/mgolf/2025-26/roster
glf_9fd195a1521c,Linus,Landahl,golf,2025-26,2026,D2,Men,Sunshine State Conference,Tampa,,Golfer,Cl.: Sr.,Sr,"Värmdö, Sweden",Värmdö,,international,Celsiusskolan,0,https://tampaspartans.com/sports/mgolf/2025-26/roster
glf_d8127854e208,Aidan,Millham,golf,2025-26,2026,D2,Men,Sunshine State Conference,Tampa,,Golfer,Cl.: Jr.,Jr,"Mytchett, England",Mytchett,,international,Whitgift HS,0,https://tampaspartans.com/sports/mgolf/2025-26/roster
glf_40dbc367960d,William,Webb,golf,2025-26,2026,D2,Men,Sunshine State Conference,Tampa,,Golfer,Cl.: So.,So,"Raleigh, N.C.",Raleigh,NC,domestic,Needham B Broughton HS,0,https://tampaspartans.com/sports/mgolf/2025-26/roster
glf_04e083c39a85,Koltt,Bassham,golf,2025-26,2026,D2,Men,South Atlantic Conference,Tusculum,,Golfer,Cl.: Fr.,Fr,"Eagleville, Tenn.",Eagleville,TN,domestic,Eagleville HS,0,https://tusculumpioneers.com/sports/mgolf/2025-26/roster
glf_e408f4a16a8f,Ryland,Chaney,golf,2025-26,2026,D2,Men,South Atlantic Conference,Tusculum,,Golfer,Cl.: Sr.,Sr,"Owensboro, Ky.",Owensboro,KY,domestic,Brevard College / Owensboro Senior HS,0,https://tusculumpioneers.com/sports/mgolf/2025-26/roster
glf_8e83f2bf399c,George,Evans,golf,2025-26,2026,D2,Men,South Atlantic Conference,Tusculum,,Golfer,Cl.: Fr.,Fr,"Buckinghamshire, England",Buckinghamshire,,international,Sir William Bolases School,0,https://tusculumpioneers.com/sports/mgolf/2025-26/roster
glf_165bb629e395,Lawson,Harkey,golf,2025-26,2026,D2,Men,South Atlantic Conference,Tusculum,,Golfer,Cl.: Sr.,Sr,"Crouse, N.C.",Crouse,NC,domestic,West Lincoln HS,0,https://tusculumpioneers.com/sports/mgolf/2025-26/roster
glf_35a4cfafe546,Matthew,Hogan,golf,2025-26,2026,D2,Men,South Atlantic Conference,Tusculum,,Golfer,Cl.: Fr.,Fr,"Johnson City, Tenn.",Johnson City,TN,domestic,Science Hill HS,0,https://tusculumpioneers.com/sports/mgolf/2025-26/roster
glf_45176076194b,Marinus,Jeebe,golf,2025-26,2026,D2,Men,South Atlantic Conference,Tusculum,,Golfer,Cl.: Jr.,Jr,"Forstinning, Germany",Forstinning,,international,Franz-Marc-Gymnasium,0,https://tusculumpioneers.com/sports/mgolf/2025-26/roster
glf_0b112e3d96bd,Fraser,Laird,golf,2025-26,2026,D2,Men,South Atlantic Conference,Tusculum,,Golfer,Cl.: Jr.,Jr,"Aberdeen, Scotland",Aberdeen,,international,Alford Academy,1,https://tusculumpioneers.com/sports/mgolf/2025-26/roster
glf_a9b0b77f4a10,Ed,Linley,golf,2025-26,2026,D2,Men,South Atlantic Conference,Tusculum,,Golfer,Cl.: Fr.,Fr,"Romford, England",Romford,,international,Brentwood School,0,https://tusculumpioneers.com/sports/mgolf/2025-26/roster
glf_d9ecfce112df,Buster,O'Callaghan,golf,2025-26,2026,D2,Men,South Atlantic Conference,Tusculum,,Golfer,Cl.: Jr.,Jr,"Leatherhead, England",Leatherhead,,international,Keiser University / St. Johns HS,0,https://tusculumpioneers.com/sports/mgolf/2025-26/roster
glf_a0d3ab981f23,Harrison,Price,golf,2025-26,2026,D2,Men,South Atlantic Conference,Tusculum,,Golfer,Cl.: So.,So,"Winchester, England",Winchester,,international,Barton Peveril Sixth Form College,0,https://tusculumpioneers.com/sports/mgolf/2025-26/roster
glf_f2383e1a2b89,Gavin,Sells,golf,2025-26,2026,D2,Men,South Atlantic Conference,Tusculum,,Golfer,Cl.: So.,So,"Greeneville, Tenn.",Greeneville,TN,domestic,Greeneville HS,0,https://tusculumpioneers.com/sports/mgolf/2025-26/roster
glf_1eb499d34723,Hayden,Shrewsbury,golf,2025-26,2026,D2,Men,South Atlantic Conference,Tusculum,,Golfer,Cl.: So.,So,"Jonesborough, Tenn.",Jonesborough,TN,domestic,Daniel Boone HS,0,https://tusculumpioneers.com/sports/mgolf/2025-26/roster
glf_2166bc17e756,Dylan,Side,golf,2025-26,2026,D2,Men,South Atlantic Conference,Tusculum,,Golfer,Cl.: Jr.,Jr,"Gray, Tenn.",Gray,TN,domestic,Daniel Boone HS,0,https://tusculumpioneers.com/sports/mgolf/2025-26/roster
glf_5e9d5f23fe43,Joe,Stevenson,golf,2025-26,2026,D2,Men,South Atlantic Conference,Tusculum,,Golfer,Cl.: So..,So,"Craigavon, Northern Ireland",Craigavon,,international,Southern Regional,0,https://tusculumpioneers.com/sports/mgolf/2025-26/roster
glf_b5c407f3b4d9,Tom,Blumire,golf,2025-26,2026,D2,Men,Central Intercollegiate Athletic Association,Bluefield State,,Golfer,Fr.,Fr,"Hursley, England",Hursley,,international,,0,https://gobstate.com/sports/mens-golf/roster/2025-26
glf_bae64f078200,Jack,Dickinson,golf,2025-26,2026,D2,Men,Central Intercollegiate Athletic Association,Bluefield State,,Golfer,Fr.,Fr,"Blackpool, England",Blackpool,,international,,0,https://gobstate.com/sports/mens-golf/roster/2025-26
glf_8e14ba497e5c,Magnus,Nielsen-Kibsgaard,golf,2025-26,2026,D2,Men,Central Intercollegiate Athletic Association,Bluefield State,,Golfer,Jr.,Jr,"Nykøbing Mors, Denmark",Nykøbing Mors,,international,,0,https://gobstate.com/sports/mens-golf/roster/2025-26
glf_1610939dad7d,Kai,Raymond,golf,2025-26,2026,D2,Men,Central Intercollegiate Athletic Association,Bluefield State,,Golfer,So.,So,"Peterborough, England",Peterborough,,international,,0,https://gobstate.com/sports/mens-golf/roster/2025-26
glf_4a409102e007,Freddie,Timmis,golf,2025-26,2026,D2,Men,Central Intercollegiate Athletic Association,Bluefield State,,Golfer,Fr.,Fr,"Shropshire,England",Shropshire,,international,,0,https://gobstate.com/sports/mens-golf/roster/2025-26
glf_e682057cfaf0,Michael,Wilson,golf,2025-26,2026,D2,Men,Central Intercollegiate Athletic Association,Bluefield State,,Golfer,Fr.,Fr,"Antrim, Northern Ireland",Antrim,,international,,0,https://gobstate.com/sports/mens-golf/roster/2025-26
glf_795238277d5a,Thomas,Wilson,golf,2025-26,2026,D2,Men,Central Intercollegiate Athletic Association,Bluefield State,,Golfer,Fr.,Fr,"Worsley, England",Worsley,,international,,0,https://gobstate.com/sports/mens-golf/roster/2025-26
glf_a66a4ed1cb1b,Camden,Deeb,golf,2025-26,2026,D2,Men,Central Intercollegiate Athletic Association,Bluefield State,,Golfer,So.,So,"Bluefield, WV",Bluefield,WV,domestic,,0,https://gobstate.com/sports/mens-golf/roster/2025-26
glf_a3d5b40bd5bd,Joseph,Emery,golf,2025-26,2026,D2,Men,Central Intercollegiate Athletic Association,Bluefield State,,Golfer,So.,So,"Bolton, England",Bolton,,international,,0,https://gobstate.com/sports/mens-golf/roster/2025-26
glf_9240ce421d77,Alexander,Hambleton,golf,2025-26,2026,D2,Men,Central Intercollegiate Athletic Association,Bluefield State,,Golfer,Sr.,Sr,"Kent, England",Kent,,international,,0,https://gobstate.com/sports/mens-golf/roster/2025-26
glf_dae28d0618b1,Will,Hixon,golf,2025-26,2026,D2,Men,Central Intercollegiate Athletic Association,Bluefield State,,Golfer,So.,So,"Rippon, England",Rippon,,international,,0,https://gobstate.com/sports/mens-golf/roster/2025-26
glf_a894a0cf9fd3,Daniel,Jones,golf,2025-26,2026,D2,Men,Central Intercollegiate Athletic Association,Bluefield State,,Golfer,So.,So,"Rodley, England",Rodley,,international,,0,https://gobstate.com/sports/mens-golf/roster/2025-26
glf_e8ccc6c681b8,Eman,Lim,golf,2025-26,2026,D2,Men,Central Intercollegiate Athletic Association,Bluefield State,,Golfer,Jr.,Jr,"Lake Worth, FL",Lake Worth,FL,domestic,,0,https://gobstate.com/sports/mens-golf/roster/2025-26
glf_03a064dc04ce,Ben,Lyons,golf,2025-26,2026,D2,Men,Central Intercollegiate Athletic Association,Bluefield State,,Golfer,So.,So,"Kent, England",Kent,,international,,0,https://gobstate.com/sports/mens-golf/roster/2025-26
glf_c5e72f8e90b5,Jack,Rust,golf,2025-26,2026,D2,Men,Central Intercollegiate Athletic Association,Bluefield State,,Golfer,So.,So,"Cambridge, England",Cambridge,,international,,0,https://gobstate.com/sports/mens-golf/roster/2025-26
glf_0cb4b6145636,Elie,Ben Natan,golf,2025-26,2026,D2,Men,Mountain East Conference,Point Park,,Golfer,Fr.,Fr,"Paris, France",Paris,,international,Diagonale,0,https://pointparksports.com/sports/mens-golf/roster/2025-26
glf_b7085f43c8e8,Cameron,Huff,golf,2025-26,2026,D2,Men,Mountain East Conference,Point Park,,Golfer,Fr.,Fr,"Newton Falls, Ohio",Newton Falls,OH,domestic,Newton Falls,0,https://pointparksports.com/sports/mens-golf/roster/2025-26
glf_0bffc213d441,Tharcisse,Kalinda,golf,2025-26,2026,D2,Men,Mountain East Conference,Point Park,,Golfer,Gr.,Gr,"Bourg en Bresse, France",Bourg en Bresse,,international,,,https://pointparksports.com/sports/mens-golf/roster/2025-26
glf_27beec77d941,Kaiden,Kohler,golf,2025-26,2026,D2,Men,Mountain East Conference,Point Park,,Golfer,Fr.,Fr,"Bristolville, Ohio",Bristolville,OH,domestic,Bristol,0,https://pointparksports.com/sports/mens-golf/roster/2025-26
glf_2b5fca5d3ba0,Anthony,Maltony,golf,2025-26,2026,D2,Men,Mountain East Conference,Point Park,,Golfer,Sr.,Sr,"Pittsburgh, Pa.",Pittsburgh,PA,domestic,West Allegheny,0,https://pointparksports.com/sports/mens-golf/roster/2025-26
glf_75b9f25111fc,Milo,Thim,golf,2025-26,2026,D2,Men,Mountain East Conference,Point Park,,Golfer,Fr.,Fr,"Kungsbacka, Sweden",Kungsbacka,,international,Aranas Gymnasiet,0,https://pointparksports.com/sports/mens-golf/roster/2025-26
glf_32d35f9b5011,Joshua,Topper,golf,2025-26,2026,D2,Men,Mountain East Conference,Point Park,,Golfer,Fr.,Fr,"Bedford, Pa.",Bedford,PA,domestic,Bedford,0,https://pointparksports.com/sports/mens-golf/roster/2025-26
glf_deef443d99f6,Alex,Zinz,golf,2025-26,2026,D2,Men,Mountain East Conference,Point Park,,Golfer,Jr.,Jr,"Franklin, Pa.",Franklin,PA,domestic,Rocky Grove,0,https://pointparksports.com/sports/mens-golf/roster/2025-26
glf_ba600865abf5,Joe,Ensign,golf,2025-26,2026,D2,Men,Central Atlantic Collegiate Conference,Post,,Golfer,Gr.,Gr,"Rocky Hill, Conn.",Rocky Hill,CT,domestic,Xavier High School,0,https://posteagles.com/sports/mens-golf/roster/2025-26
glf_cbcbf3eb261d,Brandon,Frye,golf,2025-26,2026,D2,Men,Central Atlantic Collegiate Conference,Post,,Golfer,So.,So,"Bristol, Conn.",Bristol,CT,domestic,Bristol Central,0,https://posteagles.com/sports/mens-golf/roster/2025-26
glf_71c21ff7e760,Logan,Garrison,golf,2025-26,2026,D2,Men,Central Atlantic Collegiate Conference,Post,,Golfer,Fr.,Fr,"Clemmons, N.C.",Clemmons,NC,domestic,West Forsyth,0,https://posteagles.com/sports/mens-golf/roster/2025-26
glf_4c29a1b2e122,Gavin,Giroux,golf,2025-26,2026,D2,Men,Central Atlantic Collegiate Conference,Post,,Golfer,Fr.,Fr,"Washington, Conn.",Washington,CT,domestic,Shepaug Valley,0,https://posteagles.com/sports/mens-golf/roster/2025-26
glf_eab0ea05ed33,Phillip,Granum,golf,2025-26,2026,D2,Men,Central Atlantic Collegiate Conference,Post,,Golfer,Fr.,Fr,"Oslo, Norway",Oslo,,international,WANG High School,0,https://posteagles.com/sports/mens-golf/roster/2025-26
glf_01d06b88bcbd,Edward,Grinvalsky,golf,2025-26,2026,D2,Men,Central Atlantic Collegiate Conference,Post,,Golfer,Fr.,Fr,"Howell, N.J.",Howell,NJ,domestic,Howell,0,https://posteagles.com/sports/mens-golf/roster/2025-26
glf_61f41261dec4,Nathan,Leonard,golf,2025-26,2026,D2,Men,Central Atlantic Collegiate Conference,Post,,Golfer,Sr.,Sr,"Courtise, Ontario",Courtise,,international,St. Stephen's Catholic,0,https://posteagles.com/sports/mens-golf/roster/2025-26
glf_e94beda4a9bc,Jack,O'Brien,golf,2025-26,2026,D2,Men,Central Atlantic Collegiate Conference,Post,,Golfer,So.,So,"North Branford, Conn.",North Branford,CT,domestic,North Branford,0,https://posteagles.com/sports/mens-golf/roster/2025-26
glf_5892c0a8d29e,Luis,Reina,golf,2025-26,2026,D2,Men,Central Atlantic Collegiate Conference,Post,,Golfer,Fr.,Fr,"Troisdorf, NRW, Germany",Troisdorf,,international,GC Hubbelrath e.V.,0,https://posteagles.com/sports/mens-golf/roster/2025-26
glf_beaec1b77624,Flo,Schimek,golf,2025-26,2026,D2,Men,Central Atlantic Collegiate Conference,Post,,Golfer,Jr.,Jr,"Dusseldorf, Germany",Dusseldorf,,international,Leo-Statz-Berufskolleg,0,https://posteagles.com/sports/mens-golf/roster/2025-26
glf_142bfb26f57b,Braden,Shea,golf,2025-26,2026,D2,Men,Central Atlantic Collegiate Conference,Post,,Golfer,Jr.,Jr,"Berlin, Conn.",Berlin,CT,domestic,Berlin,0,https://posteagles.com/sports/mens-golf/roster/2025-26
glf_bb1a85fb0ccc,William,Bacon,golf,2025-26,2026,D2,Men,South Atlantic Conference,Carson-Newman,,Golfer,Sophomore,So,"Kingston, Tenn.",Kingston,TN,domestic,Roane County High School,0,https://cneagles.com/sports/m-golf/2025-26/roster
glf_d3959cf62ff1,Theo,Baker,golf,2025-26,2026,D2,Men,South Atlantic Conference,Carson-Newman,,Golfer,Junior,Jr,"Colchester, England",Colchester,,international,"The Sixth Form College, Colchester",0,https://cneagles.com/sports/m-golf/2025-26/roster
glf_33a066c7c590,Jackson,Bentz,golf,2025-26,2026,D2,Men,South Atlantic Conference,Carson-Newman,,Golfer,Freshman,Fr,"Oliver Springs, Tenn.",Oliver Springs,TN,domestic,Oak Ridge High School,0,https://cneagles.com/sports/m-golf/2025-26/roster
glf_2c94c251f85c,Aidan,Collier,golf,2025-26,2026,D2,Men,South Atlantic Conference,Carson-Newman,,Golfer,Junior,Jr,"Greeneville, Tenn.",Greeneville,TN,domestic,North Greene High School,0,https://cneagles.com/sports/m-golf/2025-26/roster
glf_0eeeec6bfa5f,Dylan,Frein,golf,2025-26,2026,D2,Men,South Atlantic Conference,Carson-Newman,,Golfer,Freshman,Fr,"Fleming Island, Fla.",Fleming Island,FL,domestic,Fleming Island High School,0,https://cneagles.com/sports/m-golf/2025-26/roster
glf_b6bb8a90e178,Ben,Johnston,golf,2025-26,2026,D2,Men,South Atlantic Conference,Carson-Newman,,Golfer,Senior,Sr,"Farragut, Tenn.",Farragut,TN,domestic,Christian Academy,1,https://cneagles.com/sports/m-golf/2025-26/roster
glf_a7dfebdaa0fe,Owen,Larson,golf,2025-26,2026,D2,Men,South Atlantic Conference,Carson-Newman,,Golfer,Sophomore,So,"Mount Juliet, TN",Mount Juliet,TN,domestic,Mount Juliet Christian,0,https://cneagles.com/sports/m-golf/2025-26/roster
glf_3163736dbc7b,Ian,Schoonmaker,golf,2025-26,2026,D2,Men,South Atlantic Conference,Carson-Newman,,Golfer,Sophomore,So,"Vancouver, Wash.",Vancouver,WA,domestic,Columbia River High School,0,https://cneagles.com/sports/m-golf/2025-26/roster
glf_fd977e40bc1c,Stefans,Spruzs,golf,2025-26,2026,D2,Men,South Atlantic Conference,Carson-Newman,,Golfer,Sophomore,So,"Carnikava, Latvia",Carnikava,,international,Education World Wide,0,https://cneagles.com/sports/m-golf/2025-26/roster
glf_b21b381ec26b,Bowen,Wentz,golf,2025-26,2026,D2,Men,South Atlantic Conference,Carson-Newman,,Golfer,Freshman,Fr,"Woodstock, Ga.",Woodstock,GA,domestic,River Ridge,0,https://cneagles.com/sports/m-golf/2025-26/roster
glf_468ecb03da58,Brady,Wentz,golf,2025-26,2026,D2,Men,South Atlantic Conference,Carson-Newman,,Golfer,Junior,Jr,"Woodstock, Ga.",Woodstock,GA,domestic,River Ridge,0,https://cneagles.com/sports/m-golf/2025-26/roster
glf_d87d5290972a,Max,Anthony,golf,2025-26,2026,D2,Men,Great Lakes Valley Conference,Illinois Springfield,,Golfer,Fr.,Fr,"New Brunswick, Canada",New Brunswick,,international,,0,https://uisprairiestars.com/sports/mens-golf/roster/2026-27
glf_729e4382e5a6,Vilgot,Arleback,golf,2025-26,2026,D2,Men,Great Lakes Valley Conference,Illinois Springfield,,Golfer,So.,So,"Kullavic, Sweden",Kullavic,,international,,0,https://uisprairiestars.com/sports/mens-golf/roster/2026-27
glf_62a0e5e3b925,Jake,Baldin,golf,2025-26,2026,D2,Men,Great Lakes Valley Conference,Illinois Springfield,,Golfer,Sr.,Sr,"Springfield, Ill.",Springfield,IL,domestic,Springfield,0,https://uisprairiestars.com/sports/mens-golf/roster/2026-27
glf_5c1fd9fb0439,Brooks,Cluver,golf,2025-26,2026,D2,Men,Great Lakes Valley Conference,Illinois Springfield,,Golfer,Jr.,Jr,"Clinton, Ill.",Clinton,IL,domestic,New Berlin,0,https://uisprairiestars.com/sports/mens-golf/roster/2026-27
glf_4a373c06cc18,Cal,Johnson,golf,2025-26,2026,D2,Men,Great Lakes Valley Conference,Illinois Springfield,,Golfer,Jr.,Jr,"Springfield, Ill.",Springfield,IL,domestic,Sacred Heart-Griffin,0,https://uisprairiestars.com/sports/mens-golf/roster/2026-27
glf_d4a6ae32780e,JJ,Kim,golf,2025-26,2026,D2,Men,Great Lakes Valley Conference,Illinois Springfield,,Golfer,Gr.,Gr,"Seoul, South Korea",Seoul,,international,Montverde Academy,1,https://uisprairiestars.com/sports/mens-golf/roster/2026-27
glf_6d384e913315,Sacha,Lamraski,golf,2025-26,2026,D2,Men,Great Lakes Valley Conference,Illinois Springfield,,Golfer,Jr.,Jr,"Brussels, Belgium",Brussels,,international,Rhode-Saint Genese,0,https://uisprairiestars.com/sports/mens-golf/roster/2026-27
glf_6a8cebcb1724,Jacob,LeBlanc,golf,2025-26,2026,D2,Men,Great Lakes Valley Conference,Illinois Springfield,,Golfer,Sr.,Sr,"New Brunswick, Canada",New Brunswick,,international,Mathieu Martin,0,https://uisprairiestars.com/sports/mens-golf/roster/2026-27
glf_237ab05832f8,Cash,McDonnell,golf,2025-26,2026,D2,Men,Great Lakes Valley Conference,Illinois Springfield,,Golfer,Fr.,Fr,"Kingston, Canada",Kingston,,international,Holy Cross Catholic,0,https://uisprairiestars.com/sports/mens-golf/roster/2026-27
glf_82b099015e9d,Kole,Myhra,golf,2025-26,2026,D2,Men,Great Lakes Valley Conference,Illinois Springfield,,Golfer,Fr.,Fr,"Calgary, Canada",Calgary,,international,Edge School,0,https://uisprairiestars.com/sports/mens-golf/roster/2026-27
glf_b58a9a7eaec1,Sahachat,Noosong,golf,2025-26,2026,D2,Men,Great Lakes Valley Conference,Illinois Springfield,,Golfer,Jr.,Jr,"Nakhon Si Thammarat, Thailand",Nakhon Si Thammarat,,international,Nakhom Sri Thammarat,0,https://uisprairiestars.com/sports/mens-golf/roster/2026-27
glf_6cfc9efdd1fc,Jack,Turnbull,golf,2025-26,2026,D2,Men,Great Lakes Valley Conference,Illinois Springfield,,Golfer,So.,So,"Springfield, Ill.",Springfield,IL,domestic,Glenwood,0,https://uisprairiestars.com/sports/mens-golf/roster/2026-27
glf_9acc86142426,Peyton,Woods,golf,2025-26,2026,D2,Men,Great Lakes Valley Conference,Illinois Springfield,,Golfer,Sr.,Sr,"Springfield, Ill.",Springfield,IL,domestic,Springfield High School,0,https://uisprairiestars.com/sports/mens-golf/roster/2026-27
