athlete_id,first_name,last_name,sport,athletic_year,season,division,gender,conference,school,position_raw,position_group,class_year_raw,class_standing,hometown_raw,hometown_city,hometown_state,origin,high_school,high_school_is_academy,source_url
ten_900c38fb3c1b,Lamija,Avdic,tennis,2025-26,2026,D1,Women,Atlantic Coast Conference,Virginia Tech,,Player,Senior,Sr,"Kirkland, Wash.",Kirkland,WA,domestic,Connections Academy,1,https://hokiesports.com/sports/womens-tennis/roster
ten_6b9eb4d312b9,Elizaveta,Castillo,tennis,2025-26,2026,D1,Women,Atlantic Coast Conference,Virginia Tech,,Player,Sophomore,So,"Lima, Peru",Lima,,international,Liceo Naval Almirante Guise,0,https://hokiesports.com/sports/womens-tennis/roster
ten_1f223808eb22,Laima,Frosch,tennis,2025-26,2026,D1,Women,Atlantic Coast Conference,Virginia Tech,,Player,Senior,Sr,"Bad Tölz, Germany",Bad Tölz,,international,Bayside High School,0,https://hokiesports.com/sports/womens-tennis/roster
ten_8e8322ec9e7e,Blair,Gill,tennis,2025-26,2026,D1,Women,Atlantic Coast Conference,Virginia Tech,,Player,Sophomore,So,"Lynchburg, Va.",Lynchburg,VA,domestic,Virginia Episcopal School,0,https://hokiesports.com/sports/womens-tennis/roster
ten_0c4584fea3d3,Alston,Myatt,tennis,2025-26,2026,D1,Women,Atlantic Coast Conference,Virginia Tech,,Player,Sophomore,So,"Hilton Head Island, S.C.",Hilton Head Island,SC,domestic,Connections Academy,1,https://hokiesports.com/sports/womens-tennis/roster
ten_bae310556de5,Maddie,Rexroat,tennis,2025-26,2026,D1,Women,Atlantic Coast Conference,Virginia Tech,,Player,Junior,Jr,"Milton, Ga.",Milton,GA,domestic,Rivers Academy,1,https://hokiesports.com/sports/womens-tennis/roster
ten_271f3cc91545,Mary,Sidelnyk,tennis,2025-26,2026,D1,Women,Atlantic Coast Conference,Virginia Tech,,Player,Sophomore,So,"Kyiv, Ukraine",Kyiv,,international,Optima Osvita,0,https://hokiesports.com/sports/womens-tennis/roster
ten_a4bb8d8a7339,Sirena,Waas,tennis,2025-26,2026,D1,Women,Atlantic Coast Conference,Virginia Tech,,Player,Sophomore,So,"London, England",London,,international,Putney High,0,https://hokiesports.com/sports/womens-tennis/roster
ten_2f0b4fae619f,Linda,Ziets-Segura,tennis,2025-26,2026,D1,Women,Atlantic Coast Conference,Virginia Tech,,Player,Junior,Jr,"New York, N.Y.",New York,NY,domestic,Laurel Springs School,0,https://hokiesports.com/sports/womens-tennis/roster
ten_e88347a7318e,Nadia,Barteck,tennis,2025-26,2026,D1,Women,Atlantic Coast Conference,Boston College,,Player,Jr.,Jr,"New York, N.Y.",New York,NY,domestic,,0,https://bceagles.com/sports/womens-tennis/roster
ten_1b3ed8a8e857,Olivia,Benton,tennis,2025-26,2026,D1,Women,Atlantic Coast Conference,Boston College,,Player,Jr.,Jr,"Rosedale, N.Y.",Rosedale,NY,domestic,Benjamin N. Cardozo,0,https://bceagles.com/sports/womens-tennis/roster
ten_ddec95e80040,Bella,Camacho,tennis,2025-26,2026,D1,Women,Atlantic Coast Conference,Boston College,,Player,So.,So,"Wayland, MA",Wayland,MA,domestic,Dwight Global,0,https://bceagles.com/sports/womens-tennis/roster
ten_150b61928783,Olivia,Cutone,tennis,2025-26,2026,D1,Women,Atlantic Coast Conference,Boston College,,Player,So.,So,"Kennebunkport, ME",Kennebunkport,ME,domestic,Maine Connections Academy,1,https://bceagles.com/sports/womens-tennis/roster
ten_b6c61d89412e,Tola,Glowacka,tennis,2025-26,2026,D1,Women,Atlantic Coast Conference,Boston College,,Player,Sr.,Sr,"Glen Head, N.Y.",Glen Head,NY,domestic,Jericho High School,0,https://bceagles.com/sports/womens-tennis/roster
ten_bc86bcdfeba4,Gian,Octa,tennis,2025-26,2026,D1,Women,Atlantic Coast Conference,Boston College,,Player,Jr.,Jr,"Toronto, Ontario",Toronto,,international,Bill Crothers Secondary School,0,https://bceagles.com/sports/womens-tennis/roster
ten_c9cbbd55fca4,Jackie,Soloveychik,tennis,2025-26,2026,D1,Women,Atlantic Coast Conference,Boston College,,Player,Sr.,Sr,"Bellevue, WA",Bellevue,WA,domestic,The Bear Creek School,0,https://bceagles.com/sports/womens-tennis/roster
ten_8487b1aeb42b,Lauren,Anderson,tennis,2025-26,2026,D1,Women,Atlantic Coast Conference,Florida St.,,Player,So.,So,"Sugar Hill, Ga.",Sugar Hill,GA,domestic,North Gwinnett High School,0,https://seminoles.com/sports/wten/roster
ten_86b5b12c08e4,Millie,Bissett,tennis,2025-26,2026,D1,Women,Atlantic Coast Conference,Florida St.,,Player,R-Sr.,Sr,"Bath, England",Bath,,international,Ralph Allen School,0,https://seminoles.com/sports/wten/roster
ten_a5caf6a41577,Mary,Boyce Deatherage,tennis,2025-26,2026,D1,Women,Atlantic Coast Conference,Florida St.,,Player,Jr.,Jr,"Maitland, Fla.",Maitland,FL,domestic,,0,https://seminoles.com/sports/wten/roster
ten_1e8668603772,Abby,Kelliher,tennis,2025-26,2026,D1,Women,Atlantic Coast Conference,Florida St.,,Player,So.,So,"Newcastle upon Tyne, Great Britain",Newcastle upon Tyne,,international,Loughborough Amherst School,0,https://seminoles.com/sports/wten/roster
ten_8eb15dfa9dd1,Laura,Putz,tennis,2025-26,2026,D1,Women,Atlantic Coast Conference,Florida St.,,Player,Sr.,Sr,"Munich, Germany",Munich,,international,Institut für Lernsysteme,0,https://seminoles.com/sports/wten/roster
ten_2403daa98492,Eva,Shaw,tennis,2025-26,2026,D1,Women,Atlantic Coast Conference,Florida St.,,Player,Sr.,Sr,"Staffordshire, England",Staffordshire,,international,Loughborough Amherst,0,https://seminoles.com/sports/wten/roster
ten_85db21866fa3,Andrea,Chacon,tennis,2025-26,2026,D1,Women,American Conference,Charlotte,,Player,So.,So,"Greensboro, N.C. / Maracay, Venezuela",Greensboro,,international,Western Guildford,0,https://charlotte49ers.com/sports/womens-tennis/roster
ten_ceb563df28a7,Amelie,Drukerova,tennis,2025-26,2026,D1,Women,American Conference,Charlotte,,Player,So.,So,"Prague, Czech Republic",Prague,,international,Ceska Repuplika Gynazium,0,https://charlotte49ers.com/sports/womens-tennis/roster
ten_bfb92856662c,Elizabeth,Ivanov,tennis,2025-26,2026,D1,Women,American Conference,Charlotte,,Player,Fr.,Fr,"Sydney, Australia",Sydney,,international,,0,https://charlotte49ers.com/sports/womens-tennis/roster
ten_8a8753b40ab6,Karina,Mohamed,tennis,2025-26,2026,D1,Women,American Conference,Charlotte,,Player,So.,So,"Alexandria, Egypt",Alexandria,,international,Alexandria Sporting Club,0,https://charlotte49ers.com/sports/womens-tennis/roster
ten_4b486f7b7fc1,Emma,Montebello,tennis,2025-26,2026,D1,Women,American Conference,Charlotte,,Player,Fr.,Fr,"Xemxija, Malta",Xemxija,,international,,0,https://charlotte49ers.com/sports/womens-tennis/roster
ten_26496ffdc965,Shona,Nakano,tennis,2025-26,2026,D1,Women,American Conference,Charlotte,,Player,R-Sr.,Sr,"Auckland, New Zealand",Auckland,,international,,0,https://charlotte49ers.com/sports/womens-tennis/roster
ten_9a20e4d9c775,Amalia,Widdowson,tennis,2025-26,2026,D1,Women,American Conference,Charlotte,,Player,Fr.,Fr,"Gloucester, England",Gloucester,,international,,0,https://charlotte49ers.com/sports/womens-tennis/roster
ten_b285e995610a,Diana,Badalyan,tennis,2025-26,2026,D1,Women,American Conference,Tulane,,Player,So.,So,"Adelaide, Australia",Adelaide,,international,Marryatville HS,0,https://tulanegreenwave.com/sports/womens-tennis/roster
ten_1dfcedeaeab5,Elisabeth,Braathen,tennis,2025-26,2026,D1,Women,American Conference,Tulane,,Player,Fr.,Fr,"Oslo, Norway",Oslo,,international,,0,https://tulanegreenwave.com/sports/womens-tennis/roster
ten_bee9d73030ae,Summer,Chandler,tennis,2025-26,2026,D1,Women,American Conference,Tulane,,Player,Jr.,Jr,"Jamaica, NY",Jamaica,NY,domestic,Laurel Springs School,0,https://tulanegreenwave.com/sports/womens-tennis/roster
ten_8da84cecc505,Natalia,Fantini,tennis,2025-26,2026,D1,Women,American Conference,Tulane,,Player,Jr.,Jr,"Merida, Mexico",Merida,,international,UT-Austin (TX) HS,0,https://tulanegreenwave.com/sports/womens-tennis/roster
ten_87c3fb51d69b,Whitley,Pate,tennis,2025-26,2026,D1,Women,American Conference,Tulane,,Player,Gr.,Gr,"Daniel Island, S.C.",Daniel Island,SC,domestic,Randy Pate Tennis Academy,1,https://tulanegreenwave.com/sports/womens-tennis/roster
ten_5d13e2578b7e,Natalia,Perez,tennis,2025-26,2026,D1,Women,American Conference,Tulane,,Player,R-So.,So,"Guaynabo, Puerto Rico",Guaynabo,PR,domestic,Club Med Academies,0,https://tulanegreenwave.com/sports/womens-tennis/roster
ten_c3919d55fc0d,Campbell,Ricci,tennis,2025-26,2026,D1,Women,American Conference,Tulane,,Player,Jr.,Jr,"Las Vegas, NV",Las Vegas,NV,domestic,Palo Verde HS,0,https://tulanegreenwave.com/sports/womens-tennis/roster
ten_f12b795981a2,Delanie,Tribby,tennis,2025-26,2026,D1,Women,American Conference,Tulane,,Player,Sr.,Sr,"Boca Raton, FL",Boca Raton,FL,domestic,Spanish River HS,0,https://tulanegreenwave.com/sports/womens-tennis/roster
ten_8e545787c46d,Russell,Alden,tennis,2025-26,2026,D1,Women,ASUN Conference,FGCU,"5'9""",Player,Fr.,Fr,"Delray Beach, Fla.",Delray Beach,FL,domestic,ICL Academy,1,https://fgcuathletics.com/sports/womens-tennis/roster
ten_11b279cde51b,June,Bjork,tennis,2025-26,2026,D1,Women,ASUN Conference,FGCU,"5'5""",Player,Jr.,Jr,"Stockholm, Sweden",Stockholm,,international,Korrespondent Gymnasiet,0,https://fgcuathletics.com/sports/womens-tennis/roster
ten_7426a1cecd70,Africa,Burillo Berezak,tennis,2025-26,2026,D1,Women,ASUN Conference,FGCU,"5'3""",Player,So.,So,"Alicante, Spain",Alicante,,international,New Castelar College,0,https://fgcuathletics.com/sports/womens-tennis/roster
ten_0052042d3ebd,Sabrina,Jaramillo,tennis,2025-26,2026,D1,Women,ASUN Conference,FGCU,"5'6""",Player,So.,So,"Orlando, Fla.",Orlando,FL,domestic,Orange County Florida Virtual School,0,https://fgcuathletics.com/sports/womens-tennis/roster
ten_481f17396f50,Anjali,Kotecha,tennis,2025-26,2026,D1,Women,ASUN Conference,FGCU,"5'3""",Player,Jr.,Jr,"London, England",London,,international,Oxford Open Learning,0,https://fgcuathletics.com/sports/womens-tennis/roster
ten_b141a5bbde9b,Cecilie,Maeland,tennis,2025-26,2026,D1,Women,ASUN Conference,FGCU,"5'4""",Player,So.,So,"Stavanger, Norway",Stavanger,,international,Wang Toppirdrett,0,https://fgcuathletics.com/sports/womens-tennis/roster
ten_d09ba5af8802,Ashley,Matz,tennis,2025-26,2026,D1,Women,ASUN Conference,FGCU,"5'5""",Player,Jr.,Jr,Milwaukee Wisconsin,Milwaukee Wisconsin,,international,Acellus Academy,1,https://fgcuathletics.com/sports/womens-tennis/roster
ten_b7976721e3e9,Nora,Svensson,tennis,2025-26,2026,D1,Women,ASUN Conference,FGCU,"5'5""",Player,Jr.,Jr,"Västerås, Sweden",Västerås,,international,Widénska Gymnasium,0,https://fgcuathletics.com/sports/womens-tennis/roster
ten_125ab87ad739,Maria,Vargas,tennis,2025-26,2026,D1,Women,ASUN Conference,FGCU,"5'4""",Player,Sr.,Sr,"Cali, Colombia",Cali,,international,Colegio Harvard,0,https://fgcuathletics.com/sports/womens-tennis/roster
ten_6898c6050b18,Malika,Amirgaliyeva,tennis,2025-26,2026,D1,Women,American Conference,Fla. Atlantic,,Player,So.,So,"Ust-Kamenogorsk, Kazakhstan",Ust-Kamenogorsk,,international,,0,https://fausports.com/sports/wten/roster
ten_ce83b13344f6,Panna,Bartha,tennis,2025-26,2026,D1,Women,American Conference,Fla. Atlantic,,Player,Sr.,Sr,"Pecs, Hungary",Pecs,,international,,0,https://fausports.com/sports/wten/roster
ten_54866c35a5af,Anastasiya,Kolyada,tennis,2025-26,2026,D1,Women,American Conference,Fla. Atlantic,,Player,Fr.,Fr,Ukraine,Ukraine,,international,,0,https://fausports.com/sports/wten/roster
ten_65020242a54e,Alexia,Patru,tennis,2025-26,2026,D1,Women,American Conference,Fla. Atlantic,,Player,So.,So,Romania,Romania,,international,,0,https://fausports.com/sports/wten/roster
ten_2328c80f2720,Katrin,Pavkova,tennis,2025-26,2026,D1,Women,American Conference,Fla. Atlantic,,Player,R-So.,So,"Vestec, Czech Republic",Vestec,,international,,0,https://fausports.com/sports/wten/roster
ten_e1bb91deb9dd,Malwina,Rowinska,tennis,2025-26,2026,D1,Women,American Conference,Fla. Atlantic,,Player,Sr.,Sr,"Warszawa, Poland",Warszawa,,international,,,https://fausports.com/sports/wten/roster
ten_a6d729f1cd38,Ioana,Sava,tennis,2025-26,2026,D1,Women,American Conference,Fla. Atlantic,,Player,So.,So,"Sibiu, Romania",Sibiu,,international,Mircea Eliade National College,0,https://fausports.com/sports/wten/roster
ten_c86881796254,Vanesa,Vlahova,tennis,2025-26,2026,D1,Women,American Conference,Fla. Atlantic,,Player,Fr.,Fr,Bulgaria,Bulgaria,,international,,0,https://fausports.com/sports/wten/roster
ten_8affeb7ff353,Emma,Dvorackova,tennis,2025-26,2026,D1,Women,American Conference,Memphis,,Player,So.,So,"Brno-Židenice, Czech Republic",Brno-Židenice,,international,Gymnázium Mojmírovo námestí,0,https://gotigersgo.com/sports/wten/roster
ten_b8ffe7f872d0,Natalia,Koppova,tennis,2025-26,2026,D1,Women,American Conference,Memphis,,Player,So.,So,"Banská Bystrica, Slovakia",Banská Bystrica,,international,High Sports School,0,https://gotigersgo.com/sports/wten/roster
ten_61126d994e5c,Marina,Lubsheva,tennis,2025-26,2026,D1,Women,American Conference,Memphis,,Player,So.,So,"Moscow, Russia",Moscow,,international,,,https://gotigersgo.com/sports/wten/roster
ten_c5f430f503e8,Alicia,Mall,tennis,2025-26,2026,D1,Women,American Conference,Memphis,,Player,So.,So,"Rheinzabern, Germany",Rheinzabern,,international,,0,https://gotigersgo.com/sports/wten/roster
ten_5feeb46e2656,Leonie,Moeller,tennis,2025-26,2026,D1,Women,American Conference,Memphis,,Player,Sr.,Sr,"Nordhorn, Germany",Nordhorn,,international,Evangelisches Gymnasium Nordhorn,0,https://gotigersgo.com/sports/wten/roster
ten_54554a4a1589,Clemence,Thouard,tennis,2025-26,2026,D1,Women,American Conference,Memphis,,Player,R-Jr.,Jr,"Paris, France",Paris,,international,Lycée Prevert,0,https://gotigersgo.com/sports/wten/roster
ten_2ccc0f5ea772,Adva,Dabah,tennis,2025-26,2026,D1,Women,Atlantic 10 Conference,Rhode Island,"5'9""",Player,Gr.,Gr,"Mazliah, Israel",Mazliah,,international,Herzog Regional,0,https://gorhody.com/sports/womens-tennis/roster
ten_369250fc6c19,Grace,Darcy,tennis,2025-26,2026,D1,Women,Atlantic 10 Conference,Rhode Island,"5'8""",Player,Jr.,Jr,"Melbourne, Australia",Melbourne,,international,Loreto,0,https://gorhody.com/sports/womens-tennis/roster
ten_60a879a02e98,Kajsa,Helgesen,tennis,2025-26,2026,D1,Women,Atlantic 10 Conference,Rhode Island,,Player,So.,So,"Stavanger, Norway",Stavanger,,international,,0,https://gorhody.com/sports/womens-tennis/roster
ten_58de4866adc8,Stephanie,Hylton,tennis,2025-26,2026,D1,Women,Atlantic 10 Conference,Rhode Island,"5'5""",Player,Sr.,Sr,"Miami, Fla.",Miami,FL,domestic,Miami Palmetto,0,https://gorhody.com/sports/womens-tennis/roster
ten_72d1afcaa235,Ellen,Katzer,tennis,2025-26,2026,D1,Women,Atlantic 10 Conference,Rhode Island,"5'10""",Player,Fr.,Fr,"Prague, Czech Republic",Prague,,international,Slavic Gymnasium,0,https://gorhody.com/sports/womens-tennis/roster
ten_574034bea3a4,Iben,Mol,tennis,2025-26,2026,D1,Women,Atlantic 10 Conference,Rhode Island,"5'11""",Player,Fr.,Fr,Finland,Finland,,international,Lahti Lyceum,0,https://gorhody.com/sports/womens-tennis/roster
ten_7a2fd36baeac,Anastasia,Pettersson,tennis,2025-26,2026,D1,Women,Atlantic 10 Conference,Rhode Island,"5'7""",Player,Jr.,Jr,"Ydre, Sweden",Ydre,,international,Akademi Bastad Gymnasium,0,https://gorhody.com/sports/womens-tennis/roster
ten_341f60c6e310,Blake,Rothchild,tennis,2025-26,2026,D1,Women,Atlantic 10 Conference,Rhode Island,"5'3""",Player,Sr.,Sr,"Cleveland, Ohio",Cleveland,OH,domestic,Orange,0,https://gorhody.com/sports/womens-tennis/roster
ten_6edec71454ee,Miruna,Scarlat,tennis,2025-26,2026,D1,Women,Atlantic 10 Conference,Rhode Island,"5'2""",Player,So.,So,"Boca Raton, Fla.",Boca Raton,FL,domestic,Lee Virtual School,0,https://gorhody.com/sports/womens-tennis/roster
ten_f075c76fc9d5,Maya,Bayat,tennis,2025-26,2026,D1,Women,Atlantic 10 Conference,George Mason,,Player,Jr.,Jr,"Arlington, Va.",Arlington,VA,domestic,Washington-Liberty High School,0,https://gomason.com/sports/womens-tennis/roster
ten_6a9794934813,Gray,Feaster,tennis,2025-26,2026,D1,Women,Atlantic 10 Conference,George Mason,,Player,Fr.,Fr,"Knoxville, Tenn.",Knoxville,TN,domestic,West High School,0,https://gomason.com/sports/womens-tennis/roster
ten_e641eda9a2f7,Shivaani,Ganesh,tennis,2025-26,2026,D1,Women,Atlantic 10 Conference,George Mason,,Player,Jr.,Jr,"Telangana, India",Telangana,,international,Nasr School,0,https://gomason.com/sports/womens-tennis/roster
ten_0c9a3c07c78a,Cenan,Liu,tennis,2025-26,2026,D1,Women,Atlantic 10 Conference,George Mason,,Player,Sr.,Sr,"Markham, Ontario",Markham,,international,St. Augustine's Catholic School,0,https://gomason.com/sports/womens-tennis/roster
ten_fa0e82983d2f,Lakshya,Motam,tennis,2025-26,2026,D1,Women,Atlantic 10 Conference,George Mason,,Player,Sr.,Sr,"Fairfax, Va.",Fairfax,VA,domestic,Grandview Preperatory,0,https://gomason.com/sports/womens-tennis/roster
ten_d1e1a2272306,Marianna,Pirmatova,tennis,2025-26,2026,D1,Women,Atlantic 10 Conference,George Mason,,Player,Fr.,Fr,"Fairfax, Va.",Fairfax,VA,domestic,Fairfax High School,0,https://gomason.com/sports/womens-tennis/roster
ten_05d49cf87c9d,Ravaka Noemie,Ramanantoanina,tennis,2025-26,2026,D1,Women,Atlantic 10 Conference,George Mason,,Player,Jr.,Jr,"Antananarivo, Madagascar",Antananarivo,,international,Lycée Français d'Antananarivo,0,https://gomason.com/sports/womens-tennis/roster
ten_0cbe4b5cab7c,Izzy,Rotaru,tennis,2025-26,2026,D1,Women,Atlantic 10 Conference,George Mason,,Player,So.,So,"Ashburn, Va.",Ashburn,VA,domestic,Broad Run High School,0,https://gomason.com/sports/womens-tennis/roster
ten_2074d9fe004d,Rowan,Scronce,tennis,2025-26,2026,D1,Women,Atlantic 10 Conference,George Mason,,Player,Fr.,Fr,"Decatur, Ga.",Decatur,GA,domestic,Lakeside High School,0,https://gomason.com/sports/womens-tennis/roster
ten_f5c838742270,Brooklyn,Siegel,tennis,2025-26,2026,D1,Women,Atlantic 10 Conference,George Mason,,Player,Sr.,Sr,"Chicago, Ill",Chicago,IL,domestic,Wolcott College Prep,1,https://gomason.com/sports/womens-tennis/roster
ten_fafac68b29fd,Noelle,Talarek,tennis,2025-26,2026,D1,Women,Atlantic 10 Conference,George Mason,,Player,Sr.,Sr,"Great Falls, Va.",Great Falls,VA,domestic,Langley High School,0,https://gomason.com/sports/womens-tennis/roster
ten_ebc9ec4e2fe2,Mary,Young,tennis,2025-26,2026,D1,Women,Atlantic 10 Conference,George Mason,,Player,Sr.,Sr,"Cary, North Carolina",Cary,NC,domestic,Green Level HS,0,https://gomason.com/sports/womens-tennis/roster
ten_3d6a94f02b16,Kaila,Angeles,tennis,2025-26,2026,D1,Women,ASUN Conference,Queens (NC),"5'8""",Player,Fr.,Fr,"Chicago, Ill.",Chicago,IL,domestic,Laurel Springs HS,0,https://queensathletics.com/sports/wten/roster
ten_53b178119c76,Sofia,Benhaddouch,tennis,2025-26,2026,D1,Women,ASUN Conference,Queens (NC),"5'5""",Player,Fr.,Fr,"Miami, Fla.",Miami,FL,domestic,Florida Virtual School,0,https://queensathletics.com/sports/wten/roster
ten_527c3d5abe6e,Mathilde,Bris,tennis,2025-26,2026,D1,Women,ASUN Conference,Queens (NC),"5'7""",Player,Fr.,Fr,"Paris, France",Paris,,international,Passey-Saint Honoré,0,https://queensathletics.com/sports/wten/roster
ten_2785910cdf2f,Rachel,Byrne,tennis,2025-26,2026,D1,Women,ASUN Conference,Queens (NC),"5'10""",Player,Fr.,Fr,"Dublin, Ireland",Dublin,,international,The Institute,0,https://queensathletics.com/sports/wten/roster
ten_921fbfd5a53d,Jett,Coetzee,tennis,2025-26,2026,D1,Women,ASUN Conference,Queens (NC),"5'2""",Player,Sr.,Sr,"Miami, Fla.",Miami,FL,domestic,Miami Palmetto Senior HS,0,https://queensathletics.com/sports/wten/roster
ten_06ac45957f73,Zoe,Cvitanovic,tennis,2025-26,2026,D1,Women,ASUN Conference,Queens (NC),"5'8""",Player,Sr.,Sr,"Les Bordes, France",Les Bordes,,international,CNED,0,https://queensathletics.com/sports/wten/roster
ten_2db653307699,Lucy,Hogan,tennis,2025-26,2026,D1,Women,ASUN Conference,Queens (NC),"5'7""",Player,Jr.,Jr,"Kilkenny, Ireland",Kilkenny,,international,Aesa Prep,1,https://queensathletics.com/sports/wten/roster
ten_2adc0d6ee6f3,Audrey,Serb,tennis,2025-26,2026,D1,Women,ASUN Conference,Queens (NC),"5'5""",Player,Jr.,Jr,"High Point, N.C.",High Point,NC,domestic,Southwest Guilford HS,0,https://queensathletics.com/sports/wten/roster
ten_15d3395d0efc,Daniela,Tomala,tennis,2025-26,2026,D1,Women,ASUN Conference,Queens (NC),"5'3""",Player,Fr.,Fr,"Guavaquil, Ecuador",Guavaquil,,international,Colegio Alemán Humboldt,0,https://queensathletics.com/sports/wten/roster
ten_3f2870ed6e2c,Laura,Damm,tennis,2025-26,2026,D1,Women,Atlantic 10 Conference,George Washington,,Player,Fr.,Fr,"Bradenton, FL",Bradenton,FL,domestic,IMG Academy,1,https://gwsports.com/sports/womens-tennis/roster
ten_73d92cf7ef5b,Madison,Lee,tennis,2025-26,2026,D1,Women,Atlantic 10 Conference,George Washington,,Player,Sr.,Sr,"Mississauga, Ontario",Mississauga,,international,St. Martin Secondary School,0,https://gwsports.com/sports/womens-tennis/roster
ten_dabf9aa6c18d,Alexandra,Lindqvist,tennis,2025-26,2026,D1,Women,Atlantic 10 Conference,George Washington,,Player,So.,So,"Stockholm, Sweden",Stockholm,,international,Stockholm Idrottgymnasium,0,https://gwsports.com/sports/womens-tennis/roster
ten_900272ebc416,Devika,Manu,tennis,2025-26,2026,D1,Women,Atlantic 10 Conference,George Washington,,Player,So.,So,"Boyds, MD",Boyds,MD,domestic,Northwest,0,https://gwsports.com/sports/womens-tennis/roster
ten_8fc91cb3df6d,Vaida,Matuseviciute,tennis,2025-26,2026,D1,Women,Atlantic 10 Conference,George Washington,,Player,Jr.,Jr,"Stockholm, Sweden",Stockholm,,international,Korrespondensgymnasium,0,https://gwsports.com/sports/womens-tennis/roster
ten_84c704e192d9,Victoria,Sasinka,tennis,2025-26,2026,D1,Women,Atlantic 10 Conference,George Washington,,Player,Sr.,Sr,"Bradenton, FL",Bradenton,FL,domestic,IMG Academy,1,https://gwsports.com/sports/womens-tennis/roster
ten_a236f40fff32,Solange,Skeene,tennis,2025-26,2026,D1,Women,Atlantic 10 Conference,George Washington,,Player,Sr.,Sr,"Port of Spain, Trinidad and Tobago",Port of Spain,,international,Broward Virtual School,0,https://gwsports.com/sports/womens-tennis/roster
ten_c7ba4f1e38bb,Laziza,Talipova,tennis,2025-26,2026,D1,Women,Atlantic 10 Conference,George Washington,,Player,So.,So,"Orlando, FL",Orlando,FL,domestic,Trinity Prep,1,https://gwsports.com/sports/womens-tennis/roster
ten_5bc9a3a314af,Karen,Verduzco,tennis,2025-26,2026,D1,Women,Atlantic 10 Conference,George Washington,,Player,Jr.,Jr,"Jalisco, Mexico",Jalisco,,international,Instituto Tecnológico y De Estudios Superiores De Monterrey,0,https://gwsports.com/sports/womens-tennis/roster
ten_bfa2dc43da1f,Chelsea,Bluestein,tennis,2025-26,2026,D1,Women,Big 12 Conference,BYU,,Player,Freshman,Fr,"Naples, Florida",Naples,FL,domestic,Skyridge High School,0,https://byucougars.com/sports/womens-tennis/roster
ten_be41c3813d02,Kendall,Kovick,tennis,2025-26,2026,D1,Women,Big 12 Conference,BYU,,Player,Senior,Sr,"Las Vegas, Nevada",Las Vegas,NV,domestic,Odyssey Charter High School,0,https://byucougars.com/sports/womens-tennis/roster
ten_54f6ce901a6d,Yuyun,Chen,tennis,2025-26,2026,D1,Women,Big 12 Conference,BYU,,Player,Sophomore,So,"Hsinchu, Taiwan",Hsinchu,,international,,,https://byucougars.com/sports/womens-tennis/roster
ten_bad034bd07e8,Gracie,Levelston,tennis,2025-26,2026,D1,Women,Big 12 Conference,BYU,,Player,Junior,Jr,"Vero Beach, Florida",Vero Beach,FL,domestic,Vero Beach High School,0,https://byucougars.com/sports/womens-tennis/roster
ten_4d2e4d975ecf,Sue,Yan Tan,tennis,2025-26,2026,D1,Women,Big 12 Conference,BYU,,Player,Sophomore,So,Singapore,Singapore,,international,Methodist Girls' School,0,https://byucougars.com/sports/womens-tennis/roster
ten_916223d13991,Sage,Bergeson,tennis,2025-26,2026,D1,Women,Big 12 Conference,BYU,,Player,Freshman,Fr,"Bountiful, Utah",Bountiful,UT,domestic,,0,https://byucougars.com/sports/womens-tennis/roster
ten_81e7c17836d1,Bella,Lewis,tennis,2025-26,2026,D1,Women,Big 12 Conference,BYU,,Player,Freshman,Fr,"Lehi, Utah",Lehi,UT,domestic,Skyridge High School,0,https://byucougars.com/sports/womens-tennis/roster
ten_955cce485f63,Karina,Mohamed,tennis,2025-26,2026,D1,Women,Big 12 Conference,BYU,,Player,Freshman,Fr,"Alexandria, Egypt",Alexandria,,international,Alexandria Sporting Club,0,https://byucougars.com/sports/womens-tennis/roster
ten_103c74857312,Isabella,Basson,tennis,2025-26,2026,D1,Women,Big 12 Conference,Baylor,,Player,Jr.,Jr,"Pretoria, South Africa",Pretoria,,international,Hatfield Christian,0,https://baylorbears.com/sports/womens-tennis/roster
ten_ca454893e6af,Kenna,Erickson,tennis,2025-26,2026,D1,Women,Big 12 Conference,Baylor,,Player,Sr.,Sr,"Austin, Texas",Austin,TX,domestic,Austin Tennis Academy,1,https://baylorbears.com/sports/womens-tennis/roster
ten_e8cc3e4c03e9,Luna,Ivkovic,tennis,2025-26,2026,D1,Women,Big 12 Conference,Baylor,,Player,So.,So,"Zagreb, Croatia",Zagreb,,international,,0,https://baylorbears.com/sports/womens-tennis/roster
ten_ced3e27f27fe,Zuzanna,Kubacha,tennis,2025-26,2026,D1,Women,Big 12 Conference,Baylor,,Player,Sr.,Sr,"Piechanin, Poland",Piechanin,,international,Marcin Gortat Sports Championship School,0,https://baylorbears.com/sports/womens-tennis/roster
ten_7dd8ad042846,Ligaya,Murray,tennis,2025-26,2026,D1,Women,Big 12 Conference,Baylor,,Player,Fr.,Fr,"Yonkers, N.Y.",Yonkers,NY,domestic,,0,https://baylorbears.com/sports/womens-tennis/roster
ten_8d63fc0c4068,Mu-Jie,Tzeng,tennis,2025-26,2026,D1,Women,Big 12 Conference,Baylor,,Player,So.,So,"Taipei, Taiwan",Taipei,,international,,0,https://baylorbears.com/sports/womens-tennis/roster
ten_316c6559c775,Maria,Ustic,tennis,2025-26,2026,D1,Women,Big 12 Conference,Baylor,,Player,Fr.,Fr,"Oxford, England",Oxford,,international,,0,https://baylorbears.com/sports/womens-tennis/roster
ten_8b39e073535d,Gabrielle,Villegas,tennis,2025-26,2026,D1,Women,Big 12 Conference,Baylor,,Player,So.,So,"Melbourne, Australia",Melbourne,,international,,0,https://baylorbears.com/sports/womens-tennis/roster
ten_f9388f08ca5d,Alian,Zack,tennis,2025-26,2026,D1,Women,Big 12 Conference,Baylor,,Player,Jr.,Jr,"Tel Aviv, Israel",Tel Aviv,,international,Oklahoma State,0,https://baylorbears.com/sports/womens-tennis/roster
ten_78a532366a22,Petja,Drame,tennis,2025-26,2026,D1,Women,Big 12 Conference,Houston,,Player,Sr.,Sr,"Maribor, Slovenia",Maribor,,international,,,https://uhcougars.com/sports/womens-tennis/roster
ten_10870a4045f8,Valeriia,Krokhotina,tennis,2025-26,2026,D1,Women,Big 12 Conference,Houston,,Player,Sr.,Sr,"St. Petersburg, Russia",St. Petersburg,,international,,,https://uhcougars.com/sports/womens-tennis/roster
ten_a03275ef2361,Alexia,Lavinia Puiac,tennis,2025-26,2026,D1,Women,Big 12 Conference,Houston,,Player,So.,So,"Cluj-Napoca, Romania",Cluj-Napoca,,international,,0,https://uhcougars.com/sports/womens-tennis/roster
ten_949b54e99890,Iva,Sepa,tennis,2025-26,2026,D1,Women,Big 12 Conference,Houston,,Player,Sr.,Sr,"Belgrade, Serbia",Belgrade,,international,,,https://uhcougars.com/sports/womens-tennis/roster
ten_56a28678af5f,Mari,Paz Alberto Vilar,tennis,2025-26,2026,D1,Women,Big 12 Conference,Iowa St.,,Player,Jr.,Jr,"Alcala De Henares, Spain",Alcala De Henares,,international,,0,https://cyclones.com/sports/wten/roster
ten_c8435ae3a5af,Julia,Camblor,tennis,2025-26,2026,D1,Women,Big 12 Conference,Iowa St.,,Player,Jr.,Jr,"Gijon, Spain",Gijon,,international,Íes Doña Jimena,0,https://cyclones.com/sports/wten/roster
ten_3f02327f5a97,Alicia,Dale,tennis,2025-26,2026,D1,Women,Big 12 Conference,Iowa St.,,Player,So.,So,"Tasmania, Australia",Tasmania,,international,St. Mary's College,0,https://cyclones.com/sports/wten/roster
ten_75f00b3e4171,Millie,Day,tennis,2025-26,2026,D1,Women,Big 12 Conference,Iowa St.,,Player,Jr.,Jr,"Buckinghamshire, England",Buckinghamshire,,international,Berkhamsted Prep,1,https://cyclones.com/sports/wten/roster
ten_5c316d5212ba,Gabriella,Kellner,tennis,2025-26,2026,D1,Women,Big 12 Conference,Iowa St.,,Player,So.,So,"New Hope, Pa.",New Hope,PA,domestic,Laurel Springs,0,https://cyclones.com/sports/wten/roster
ten_b022d15179b5,Suzanie,Pretorius,tennis,2025-26,2026,D1,Women,Big 12 Conference,Iowa St.,,Player,Jr.,Jr,"Potchefstroom, South Africa",Potchefstroom,,international,Bothaville,0,https://cyclones.com/sports/wten/roster
ten_2a2ec00a113b,Valeska,San Martin Ramirez,tennis,2025-26,2026,D1,Women,Big 12 Conference,Iowa St.,,Player,Sr.,Sr,"Machala, Ecuador",Machala,,international,Pert,0,https://cyclones.com/sports/wten/roster
ten_46100a000c1b,Stanislava,Shulzhenko,tennis,2025-26,2026,D1,Women,Big 12 Conference,Iowa St.,,Player,Sr.,Sr,"Kharkiv, Ukraine",Kharkiv,,international,Leander High School,0,https://cyclones.com/sports/wten/roster
ten_e90699e9abfa,Kira,Smith,tennis,2025-26,2026,D1,Women,Big 12 Conference,Iowa St.,,Player,So.,So,"Ankeny, Iowa",Ankeny,IA,domestic,Ankeny,0,https://cyclones.com/sports/wten/roster
ten_af59e0290e86,Valentina,Vargas,tennis,2025-26,2026,D1,Women,Big 12 Conference,Iowa St.,,Player,So.,So,"Guayaquil, Ecuador",Guayaquil,,international,,0,https://cyclones.com/sports/wten/roster
ten_6993326e824b,Rachel,Benoualid,tennis,2025-26,2026,D1,Women,Big East Conference,Seton Hall,,Player,Jr.,Jr,"Henderson, Nev.",Henderson,NV,domestic,,0,https://shupirates.com/sports/womens-tennis/roster
ten_7f34733c96f9,Imogen,Brooker,tennis,2025-26,2026,D1,Women,Big East Conference,Seton Hall,,Player,Sr.,Sr,"London, England",London,,international,,0,https://shupirates.com/sports/womens-tennis/roster
ten_b44c02de5127,Niamh,Campbell,tennis,2025-26,2026,D1,Women,Big East Conference,Seton Hall,,Player,Sr.,Sr,"Phoenix, Ariz. / Manchester, England",Phoenix,,international,,0,https://shupirates.com/sports/womens-tennis/roster
ten_2bee96a50228,Ellie,Coe,tennis,2025-26,2026,D1,Women,Big East Conference,Seton Hall,,Player,Jr.,Jr,"Cary, N.C.",Cary,NC,domestic,,0,https://shupirates.com/sports/womens-tennis/roster
ten_1c44ca5b1b69,Jaden,Davidson,tennis,2025-26,2026,D1,Women,Big East Conference,Seton Hall,,Player,Jr.,Jr,"Virginia Beach, Va.",Virginia Beach,VA,domestic,Charleston Southern,0,https://shupirates.com/sports/womens-tennis/roster
ten_0809910e06cf,Kira,Farrakhova,tennis,2025-26,2026,D1,Women,Big East Conference,Seton Hall,,Player,So.,So,"Boca Raton, Fla.",Boca Raton,FL,domestic,,0,https://shupirates.com/sports/womens-tennis/roster
ten_54d490d535bd,Isabelle,May,tennis,2025-26,2026,D1,Women,Big East Conference,Seton Hall,,Player,Jr.,Jr,"Indianapolis, Ind.",Indianapolis,IN,domestic,,0,https://shupirates.com/sports/womens-tennis/roster
ten_95d266fd9e29,Sofia,Segui,tennis,2025-26,2026,D1,Women,Big East Conference,Seton Hall,,Player,So.,So,"Calvia, Spain",Calvia,,international,,,https://shupirates.com/sports/womens-tennis/roster
ten_5c179063d97f,Anastasia,Sereda,tennis,2025-26,2026,D1,Women,Big East Conference,Seton Hall,,Player,Sr.,Sr,"Lehigh Acres, Fla.",Lehigh Acres,FL,domestic,,0,https://shupirates.com/sports/womens-tennis/roster
ten_35cbd195ea3e,Brooke,Arington,tennis,2025-26,2026,D1,Women,Big East Conference,Butler,"5'7""",Player,Jr.,Jr,"Cincinnati, Ohio",Cincinnati,OH,domestic,Indian Hill,0,https://butlersports.com/sports/womens-tennis/roster
ten_e9c1e2df6640,Lauren,Cook,tennis,2025-26,2026,D1,Women,Big East Conference,Butler,"5'4""",Player,Sr.,Sr,"Bartonville, Texas",Bartonville,TX,domestic,I-University Prep,1,https://butlersports.com/sports/womens-tennis/roster
ten_eceb8502c2f6,Kate,Fortney,tennis,2025-26,2026,D1,Women,Big East Conference,Butler,"5'4""",Player,So.,So,"Lacrosse, Wis.",Lacrosse,WI,domestic,Aquinas,0,https://butlersports.com/sports/womens-tennis/roster
ten_38bb22d01b7b,Elle,Martin,tennis,2025-26,2026,D1,Women,Big East Conference,Butler,"5'5""",Player,R-Jr.,Jr,"Park City, Utah",Park City,UT,domestic,Park City,0,https://butlersports.com/sports/womens-tennis/roster
ten_007f854bd5e5,Sienna,Miles,tennis,2025-26,2026,D1,Women,Big East Conference,Butler,"5'11""",Player,So.,So,"Calgary, Alberta, Canada",Calgary,,international,Bishop Carroll,0,https://butlersports.com/sports/womens-tennis/roster
ten_c2d547c3c635,Sophie,Parr,tennis,2025-26,2026,D1,Women,Big East Conference,Butler,"5'9""",Player,So.,So,"Silvis, Ill.",Silvis,IL,domestic,Liberty Academy,1,https://butlersports.com/sports/womens-tennis/roster
ten_b2b1fc7556dc,Hailey,Poplin,tennis,2025-26,2026,D1,Women,Big East Conference,Butler,"5'3""",Player,So.,So,"Hilton Head Island, S.C.",Hilton Head Island,SC,domestic,Heritage Academy,1,https://butlersports.com/sports/womens-tennis/roster
ten_a99da4f0923d,Laurel,Slechter,tennis,2025-26,2026,D1,Women,Big East Conference,Butler,"5'9""",Player,Fr.,Fr,"La Grange, Ky.",La Grange,KY,domestic,Oldham County,0,https://butlersports.com/sports/womens-tennis/roster
ten_9126ed247727,Julia,Uyesato,tennis,2025-26,2026,D1,Women,Big East Conference,Butler,"5'9""",Player,So.,So,"Corona, Calif.",Corona,CA,domestic,Academy of Innovation,1,https://butlersports.com/sports/womens-tennis/roster
ten_72abccfd30aa,Paulina,Aleksandrowicz,tennis,2025-26,2026,D1,Women,Big Sky Conference,Weber St.,,Player,Fr.,Fr,"Augustow, Poland",Augustow,,international,Sopocka Akademia Tenisowa,0,https://weberstatesports.com/sports/womens-tennis/roster/2026
ten_dab4debc6afc,Aleks,Bozinovska,tennis,2025-26,2026,D1,Women,Big Sky Conference,Weber St.,,Player,So.,So,"Melbourne, Australia",Melbourne,,international,St. Monica's College,0,https://weberstatesports.com/sports/womens-tennis/roster/2026
ten_8611f64a4c1c,Alicia,Celorio,tennis,2025-26,2026,D1,Women,Big Sky Conference,Weber St.,,Player,So.,So,"Gijon, Spain",Gijon,,international,IES Dona Jimena,0,https://weberstatesports.com/sports/womens-tennis/roster/2026
ten_5f642797f329,Jessica,Hill,tennis,2025-26,2026,D1,Women,Big Sky Conference,Weber St.,,Player,Sr.,Sr,"Exeter, UK",Exeter,,international,Maynards,0,https://weberstatesports.com/sports/womens-tennis/roster/2026
ten_265dc42adb32,Naomi,Johnson,tennis,2025-26,2026,D1,Women,Big Sky Conference,Weber St.,,Player,Fr.,Fr,"Lehi, UT",Lehi,UT,domestic,Skyridge HS,0,https://weberstatesports.com/sports/womens-tennis/roster/2026
ten_59ac19d60aaf,Savannah,Johnson,tennis,2025-26,2026,D1,Women,Big Sky Conference,Weber St.,,Player,Jr.,Jr,"Lehi, UT",Lehi,UT,domestic,Skyridge HS,0,https://weberstatesports.com/sports/womens-tennis/roster/2026
ten_d2361c5f397f,Maggie,Song,tennis,2025-26,2026,D1,Women,Big Sky Conference,Weber St.,,Player,Fr.,Fr,"Shandong Province, China",Shandong Province,,international,Shandong Province Qingdao,0,https://weberstatesports.com/sports/womens-tennis/roster/2026
ten_9ac777713e25,Nataly,Valdivia Rojas,tennis,2025-26,2026,D1,Women,Big Sky Conference,Weber St.,,Player,Fr.,Fr,"Lima, Peru",Lima,,international,Liceo Naval,0,https://weberstatesports.com/sports/womens-tennis/roster/2026
ten_66aaacf11c60,Mithila,Dixit,tennis,2025-26,2026,D1,Women,Big East Conference,Creighton,,Player,So.,So,"Olathe, Kan.",Olathe,KS,domestic,Olathe Northwest HS,0,https://gocreighton.com/sports/wten/roster
ten_5886c628465c,Elsa,Jurrens,tennis,2025-26,2026,D1,Women,Big East Conference,Creighton,,Player,Sr.,Sr,"Omaha, Neb.",Omaha,NE,domestic,Marian HS,0,https://gocreighton.com/sports/wten/roster
ten_78748d799239,Ella,Lewis,tennis,2025-26,2026,D1,Women,Big East Conference,Creighton,,Player,Sr.,Sr,"Asheville, N.C.",Asheville,NC,domestic,Bridgeway Academy,1,https://gocreighton.com/sports/wten/roster
ten_f6809a37542a,Olivia,Minikel,tennis,2025-26,2026,D1,Women,Big East Conference,Creighton,,Player,Jr.,Jr,"Manitowoc, Wis.",Manitowoc,WI,domestic,,0,https://gocreighton.com/sports/wten/roster
ten_8038680138ac,Livia,Rodrigues Daud,tennis,2025-26,2026,D1,Women,Big East Conference,Creighton,,Player,So.,So,"São Paulo, Brazil",São Paulo,,international,,0,https://gocreighton.com/sports/wten/roster
ten_0364cb9ba9ed,Philippa,Roy,tennis,2025-26,2026,D1,Women,Big East Conference,Creighton,,Player,Jr.,Jr,"Mountain Brook, Ala.",Mountain Brook,AL,domestic,Mountain Brook HS,0,https://gocreighton.com/sports/wten/roster
ten_6106775ddb3b,Sophie,Schwartz,tennis,2025-26,2026,D1,Women,Big East Conference,Creighton,,Player,Jr.,Jr,"Coppell, Texas",Coppell,TX,domestic,Greenhill School,0,https://gocreighton.com/sports/wten/roster
ten_1dbc97212965,Teresa,Tran,tennis,2025-26,2026,D1,Women,Big East Conference,Creighton,,Player,So.,So,"Frisco, Texas",Frisco,TX,domestic,Texas Virtual Schools,0,https://gocreighton.com/sports/wten/roster
ten_1ec9c6d6d6f3,Karli,Vo,tennis,2025-26,2026,D1,Women,Big East Conference,Creighton,,Player,Jr.,Jr,"Honolulu, Hawaii",Honolulu,HI,domestic,,0,https://gocreighton.com/sports/wten/roster
ten_0e49325a0d58,Angel,Bean,tennis,2025-26,2026,D1,Women,Big Sky Conference,Montana St.,,Player,Jr.,Jr,"Montreal, QB, Canada",Montreal,,international,College de Montreal,0,https://msubobcats.com/sports/wten/roster
ten_0acac4574de7,Lola,Bean,tennis,2025-26,2026,D1,Women,Big Sky Conference,Montana St.,,Player,Fr.,Fr,"Montreal, QB, Canada",Montreal,,international,College de Montreal,0,https://msubobcats.com/sports/wten/roster
ten_45136f2b2f3b,Nia,Gelashvili,tennis,2025-26,2026,D1,Women,Big Sky Conference,Montana St.,,Player,So.,So,"Ashkelon, Israel",Ashkelon,,international,Public School,0,https://msubobcats.com/sports/wten/roster
ten_3dba25167abd,Kavya,Khirwar,tennis,2025-26,2026,D1,Women,Big Sky Conference,Montana St.,,Player,Sr.,Sr,"New Delhi, India",New Delhi,,international,Mount Carmel School,0,https://msubobcats.com/sports/wten/roster
ten_ab79b5ac082e,Elle,Middleton,tennis,2025-26,2026,D1,Women,Big Sky Conference,Montana St.,,Player,Jr.,Jr,"Boulder, CO",Boulder,CO,domestic,Fairview HS,0,https://msubobcats.com/sports/wten/roster
ten_fdfc135a29c9,Terezie,Stverakova,tennis,2025-26,2026,D1,Women,Big Sky Conference,Montana St.,,Player,Fr.,Fr,"Ostrava, Czech Republic",Ostrava,,international,Gymnazium Educanet,0,https://msubobcats.com/sports/wten/roster
ten_b48cd30f1e20,Anna,Wise,tennis,2025-26,2026,D1,Women,Big Sky Conference,Montana St.,,Player,Jr.,Jr,"Ballito, South Africa",Ballito,,international,,,https://msubobcats.com/sports/wten/roster
ten_ffce07d0b6c6,Indoor,,tennis,2025-26,2026,D1,Women,Big Sky Conference,Montana St.,,Player,,UNK,,,,unknown,Public School,0,https://msubobcats.com/sports/wten/roster
ten_9d51f792eca0,Bicene,Benzaied,tennis,2025-26,2026,D1,Women,Big South Conference,Charleston So.,,Player,Fr.,Fr,Tunisia,Tunisia,,international,EdOptions Academy,1,https://csusports.com/sports/womens-tennis/roster
ten_c6db199839e0,Amike,Botha,tennis,2025-26,2026,D1,Women,Big South Conference,Charleston So.,,Player,So.,So,"Pretoria, South Africa",Pretoria,,international,Think Digital Academy,1,https://csusports.com/sports/womens-tennis/roster
ten_f84689343f74,Carlé,Botha,tennis,2025-26,2026,D1,Women,Big South Conference,Charleston So.,,Player,Jr.,Jr,"Pretoria, South Africa",Pretoria,,international,Think Digital Academy,1,https://csusports.com/sports/womens-tennis/roster
ten_d1ac6e81a380,Carlota,Farrés Carreter,tennis,2025-26,2026,D1,Women,Big South Conference,Charleston So.,,Player,R-Sr.,Sr,"Vic, Spain",Vic,,international,Sant Miquel dels Sants de Vic,0,https://csusports.com/sports/womens-tennis/roster
ten_af72cba53f34,Martina,Vazquez,tennis,2025-26,2026,D1,Women,Big South Conference,Charleston So.,,Player,Fr.,Fr,"Barcelona, Spain",Barcelona,,international,Institut Joaquim Blume,0,https://csusports.com/sports/womens-tennis/roster
ten_287fad5f75b0,Natsuki,Yamagami,tennis,2025-26,2026,D1,Women,Big South Conference,Charleston So.,,Player,Fr.,Fr,"Tokyo, Japan",Tokyo,,international,Fujimigaoka High School,0,https://csusports.com/sports/womens-tennis/roster
ten_7341ee805a1f,Brenda,Yoris,tennis,2025-26,2026,D1,Women,Big South Conference,Charleston So.,,Player,Sr.,Sr,"Doral, Fla.",Doral,FL,domestic,Doral Academy,1,https://csusports.com/sports/womens-tennis/roster
ten_0c71f10ef037,Ida,Clement,tennis,2025-26,2026,D1,Women,Big Ten Conference,Iowa,,Player,Jr.,Jr,"Bietigheim-Bissingen, Germany",Bietigheim-Bissingen,,international,Privatgynasium Schwetzigen,0,https://hawkeyesports.com/sports/wten/roster
ten_41eb5f1cd211,Emerey,Gross,tennis,2025-26,2026,D1,Women,Big Ten Conference,Iowa,,Player,Fr.,Fr,"St. Louis, Mo.",St. Louis,MO,domestic,IMG Academy,1,https://hawkeyesports.com/sports/wten/roster
ten_ee4c0f70178f,Macey,Howes,tennis,2025-26,2026,D1,Women,Big Ten Conference,Iowa,,Player,Fr.,Fr,"Iowa City, Iowa",Iowa City,IA,domestic,Iowa Connections Academy,1,https://hawkeyesports.com/sports/wten/roster
ten_1c3dd506dad6,Mia,Mack,tennis,2025-26,2026,D1,Women,Big Ten Conference,Iowa,,Player,Sr.,Sr,"Löchgau, Germany",Löchgau,,international,Privatgymnasium Schwetzingen,0,https://hawkeyesports.com/sports/wten/roster
ten_9e5600799852,Mia,Soso,tennis,2025-26,2026,D1,Women,Big Ten Conference,Iowa,,Player,Fr.,Fr,"Bloomingdale, Ill.",Bloomingdale,IL,domestic,Blue Chip Academy,1,https://hawkeyesports.com/sports/wten/roster
ten_b7d574fbd86e,Emma,Tothová,tennis,2025-26,2026,D1,Women,Big Ten Conference,Iowa,,Player,Jr.,Jr,"Bratislava, Slovakia",Bratislava,,international,Galileo Academy,1,https://hawkeyesports.com/sports/wten/roster
ten_053ccd622938,Sally,Xu,tennis,2025-26,2026,D1,Women,Big Ten Conference,Iowa,,Player,Jr.,Jr,"Guangzhou, China",Guangzhou,,international,,0,https://hawkeyesports.com/sports/wten/roster
ten_8948c1d927b6,Ida,Clement,tennis,2025-26,2026,D1,Women,Big Ten Conference,Purdue,,Player,Freshman,Fr,,,,unknown,,0,https://purduesports.com/sports/womens-tennis/roster
ten_0baad034cee6,Sophya,Devas,tennis,2025-26,2026,D1,Women,Big Ten Conference,Purdue,,Player,Freshman,Fr,,,,unknown,,0,https://purduesports.com/sports/womens-tennis/roster
ten_1916e3580373,Nehir,Dogan,tennis,2025-26,2026,D1,Women,Big Ten Conference,Purdue,,Player,Freshman,Fr,,,,unknown,,0,https://purduesports.com/sports/womens-tennis/roster
ten_d2a0d5fbbf0f,Jennifer,Florea,tennis,2025-26,2026,D1,Women,Big Ten Conference,Purdue,,Player,Freshman,Fr,,,,unknown,,0,https://purduesports.com/sports/womens-tennis/roster
ten_aa79f74b5a3f,Reese,Frank,tennis,2025-26,2026,D1,Women,Big Ten Conference,Purdue,,Player,Freshman,Fr,,,,unknown,,0,https://purduesports.com/sports/womens-tennis/roster
ten_b84967ac6a01,Ece,Gencer,tennis,2025-26,2026,D1,Women,Big Ten Conference,Purdue,,Player,Sophomore,So,,,,unknown,,0,https://purduesports.com/sports/womens-tennis/roster
ten_1d36e7bd50b3,Aleksandra,Kyselova,tennis,2025-26,2026,D1,Women,Big Ten Conference,Purdue,,Player,Freshman,Fr,,,,unknown,,0,https://purduesports.com/sports/womens-tennis/roster
ten_d00ac25a8e38,Kathryn,Wilson,tennis,2025-26,2026,D1,Women,Big Ten Conference,Purdue,,Player,Sophomore,So,,,,unknown,,0,https://purduesports.com/sports/womens-tennis/roster
ten_543959c4d3f3,Danielle,Young,tennis,2025-26,2026,D1,Women,Big Ten Conference,Purdue,,Player,Freshman,Fr,,,,unknown,,0,https://purduesports.com/sports/womens-tennis/roster
ten_aeda5d29fee0,Isabella,Bringas,tennis,2025-26,2026,D1,Women,Big West Conference,UC Davis,"5'6""",Player,Jr.,Jr,"Palos Verdes, Calif.",Palos Verdes,CA,domestic,Palos Verdes Peninsula,0,https://ucdavisaggies.com/sports/womens-tennis/roster
ten_a4df24141aab,Vivian,Gallaway,tennis,2025-26,2026,D1,Women,Big West Conference,UC Davis,,Player,So.,So,"Walnut Creek, Calif.",Walnut Creek,CA,domestic,Berean Christian,0,https://ucdavisaggies.com/sports/womens-tennis/roster
ten_44a0ede44d14,Aileena,Hu,tennis,2025-26,2026,D1,Women,Big West Conference,UC Davis,,Player,Jr.,Jr,"Elk Grove, Calif.",Elk Grove,CA,domestic,American River,0,https://ucdavisaggies.com/sports/womens-tennis/roster
ten_8375322a54a7,Delilah,Rizvi,tennis,2025-26,2026,D1,Women,Big West Conference,UC Davis,,Player,Fr.,Fr,"Thousand Oaks, Calif.",Thousand Oaks,CA,domestic,Westlake,0,https://ucdavisaggies.com/sports/womens-tennis/roster
ten_67626a9cf3bf,Lyla,Van Loben Sels,tennis,2025-26,2026,D1,Women,Big West Conference,UC Davis,,Player,Fr.,Fr,"Sacramento, Calif.",Sacramento,CA,domestic,C.K. McClatchy,0,https://ucdavisaggies.com/sports/womens-tennis/roster
ten_575db1151cb0,Penelope,Wong,tennis,2025-26,2026,D1,Women,Big West Conference,UC Davis,,Player,Jr.,Jr,"Mountain View, Calif.",Mountain View,CA,domestic,Mountain View,0,https://ucdavisaggies.com/sports/womens-tennis/roster
ten_81d13977a842,Elim,Yan,tennis,2025-26,2026,D1,Women,Big West Conference,UC Davis,,Player,Jr.,Jr,"Adelaide, Aus.",Adelaide,,international,,0,https://ucdavisaggies.com/sports/womens-tennis/roster
ten_2c9f10496829,Ramey,Yu,tennis,2025-26,2026,D1,Women,Big West Conference,UC Davis,"5'6""",Player,Jr.,Jr,"Guangdong, China",Guangdong,,international,Dongguan SSL HS,0,https://ucdavisaggies.com/sports/womens-tennis/roster
ten_596e31d170d0,Allaire,Berl,tennis,2025-26,2026,D1,Women,Big West Conference,Hawaii,"5'7""",Player,Sr.,Sr,"Westport, Mass.",Westport,MA,domestic,Saint Andrews School,0,https://hawaiiathletics.com/sports/womens-tennis/roster
ten_421c6f22154b,Emma,Forgac,tennis,2025-26,2026,D1,Women,Big West Conference,Hawaii,"5'3""",Player,So.,So,"Hamburg, Germany",Hamburg,,international,Eliteschule de Sports,0,https://hawaiiathletics.com/sports/womens-tennis/roster
ten_3ed8e58966a6,Hannah,Galindo,tennis,2025-26,2026,D1,Women,Big West Conference,Hawaii,"5'8""",Player,Jr.,Jr,"Los Angeles, Calif.",Los Angeles,CA,domestic,John Marshall High School,0,https://hawaiiathletics.com/sports/womens-tennis/roster
ten_cf7fb5230cad,Grete,Gull,tennis,2025-26,2026,D1,Women,Big West Conference,Hawaii,"5'6""",Player,Fr.,Fr,"Kuressaare, Estonia",Kuressaare,,international,Audentes e-gymnasium,0,https://hawaiiathletics.com/sports/womens-tennis/roster
ten_55fe62008f60,Makeilah,Nepomuceno,tennis,2025-26,2026,D1,Women,Big West Conference,Hawaii,"5'1""",Player,So.,So,"Rosemead, Calif.",Rosemead,CA,domestic,California Connections Academy,1,https://hawaiiathletics.com/sports/womens-tennis/roster
ten_01ed8d31f9e0,Isabella,Pampulov,tennis,2025-26,2026,D1,Women,Big West Conference,Hawaii,,Player,Sr.,Sr,"Honolulu, O‘ahu",Honolulu,HI,domestic,Henry J. Kaiser HS,0,https://hawaiiathletics.com/sports/womens-tennis/roster
ten_a0ffdc209dac,Sophie,Rachor,tennis,2025-26,2026,D1,Women,Big West Conference,Hawaii,"5'10""",Player,Sr.,Sr,"Bad Soden am Taunus, Germany",Bad Soden am Taunus,,international,Albert Einstein School,0,https://hawaiiathletics.com/sports/womens-tennis/roster
ten_def200d1d311,Alexia,Jacobs,tennis,2025-26,2026,D1,Women,Big Ten Conference,Washington,,Player,Sr.,Sr,"Calgary, Canada",Calgary,,international,Vista Virtual,0,https://gohuskies.com/sports/wten/roster
ten_0fa3ceda9990,Nela,Jandova,tennis,2025-26,2026,D1,Women,Big Ten Conference,Washington,,Player,Fr.,Fr,"Prague, Czech Republic",Prague,,international,Gymnazium Nad Stolou,0,https://gohuskies.com/sports/wten/roster
ten_215a48e72109,Karolina,Kozakova,tennis,2025-26,2026,D1,Women,Big Ten Conference,Washington,,Player,Jr.,Jr,"Uzwil, Switzerland",Uzwil,,international,,,https://gohuskies.com/sports/wten/roster
ten_e1258621d619,Alexia,Marginean,tennis,2025-26,2026,D1,Women,Big Ten Conference,Washington,,Player,So.,So,"Aiud, Romania",Aiud,,international,Mircea Eliade National College,0,https://gohuskies.com/sports/wten/roster
ten_4e46866dc8d4,Marina,Markina,tennis,2025-26,2026,D1,Women,Big Ten Conference,Washington,,Player,Jr.,Jr,"Riga, Latvia",Riga,,international,,,https://gohuskies.com/sports/wten/roster
ten_a4e8b83a7649,Waverly,Potter,tennis,2025-26,2026,D1,Women,Big Ten Conference,Washington,,Player,So.,So,"Calgary, Canada",Calgary,,international,,0,https://gohuskies.com/sports/wten/roster
ten_1a6e8e9cc3f1,Jermine,Sherif,tennis,2025-26,2026,D1,Women,Big Ten Conference,Washington,,Player,Sr.,Sr,"Cairo, Egypt",Cairo,,international,,,https://gohuskies.com/sports/wten/roster
ten_45f5aee69284,Zehra,Suko,tennis,2025-26,2026,D1,Women,Big Ten Conference,Washington,,Player,Sr.,Sr,"Kirkland, Wash.",Kirkland,WA,domestic,Connections Academy,1,https://gohuskies.com/sports/wten/roster
ten_8b3da006c096,Carina,Syrtveit,tennis,2025-26,2026,D1,Women,Big Ten Conference,Washington,,Player,Jr.,Jr,"Oslo, Norway",Oslo,,international,WANG Toppidrett Oslo,0,https://gohuskies.com/sports/wten/roster
ten_e82de73644ab,Marie,Weissheim,tennis,2025-26,2026,D1,Women,Big Ten Conference,Washington,,Player,Sr.,Sr,"Itzehoe, Germany",Itzehoe,,international,Sophie-Scholl Gymnasium,0,https://gohuskies.com/sports/wten/roster
ten_65183624f927,Candela,Aparisi,tennis,2025-26,2026,D1,Women,Big West Conference,Cal Poly,,Player,Sr.,Sr,"Valencia, Spain",Valencia,,international,Cambridge House,0,https://gopoly.com/sports/womens-tennis/roster
ten_56d6d06610aa,Tia,Bonita Jakupovic-Kljako,tennis,2025-26,2026,D1,Women,Big West Conference,Cal Poly,,Player,So.,So,"London, England",London,,international,Queenswood School,0,https://gopoly.com/sports/womens-tennis/roster
ten_3243d0fde5a2,Aspen,Chung,tennis,2025-26,2026,D1,Women,Big West Conference,Cal Poly,,Player,So.,So,"Tustin, CA",Tustin,CA,domestic,Laurel Springs Academy,1,https://gopoly.com/sports/womens-tennis/roster
ten_f9fa04af073f,Amy,Leather,tennis,2025-26,2026,D1,Women,Big West Conference,Cal Poly,,Player,R-Sr.,Sr,"Bath, England",Bath,,international,Ralph Allen School,0,https://gopoly.com/sports/womens-tennis/roster
ten_e03297f67a23,Natalie,Lynch,tennis,2025-26,2026,D1,Women,Big West Conference,Cal Poly,,Player,R-Jr.,Jr,"Corona, CA",Corona,CA,domestic,Mater Dei HS,0,https://gopoly.com/sports/womens-tennis/roster
ten_cc4de5450925,Jessica,MacCallum,tennis,2025-26,2026,D1,Women,Big West Conference,Cal Poly,,Player,Jr.,Jr,"Laguna Beach, CA",Laguna Beach,CA,domestic,Laguna Beach HS,0,https://gopoly.com/sports/womens-tennis/roster
ten_8264cf841a82,Olivia,Mlouk,tennis,2025-26,2026,D1,Women,Big West Conference,Cal Poly,,Player,So.,So,"Long Beach, CA",Long Beach,CA,domestic,Mater Dei HS,0,https://gopoly.com/sports/womens-tennis/roster
ten_d3fa4a18e15f,Simone,Bergeron,tennis,2025-26,2026,D1,Women,Coastal Athletic Association,Elon,"5'6""",Player,Sr.,Sr,"Vienna, Va.",Vienna,VA,domestic,James Madison High School,0,https://elonphoenix.com/sports/womens-tennis/roster
ten_a0a2b81ed144,Lisa,Dierick,tennis,2025-26,2026,D1,Women,Coastal Athletic Association,Elon,"5'9""",Player,So.,So,"Asse, Belgium",Asse,,international,Sint Donatus Merchtem,0,https://elonphoenix.com/sports/womens-tennis/roster
ten_5d842bace394,Cornelia,Kack,tennis,2025-26,2026,D1,Women,Coastal Athletic Association,Elon,"5'8""",Player,Jr.,Jr,"Sigtuna, Sweden",Sigtuna,,international,Akademi Båstad Gymnasium,0,https://elonphoenix.com/sports/womens-tennis/roster
ten_7d85eada85c3,Lisa,Kranec,tennis,2025-26,2026,D1,Women,Coastal Athletic Association,Elon,"5'7""",Player,Jr.,Jr,"Cary, N.C.",Cary,NC,domestic,Green Hope High School,0,https://elonphoenix.com/sports/womens-tennis/roster
ten_333fedeec701,Alexis,Nyborg,tennis,2025-26,2026,D1,Women,Coastal Athletic Association,Elon,"5'9""",Player,Sr.,Sr,"Moreland Hills, Ohio",Moreland Hills,OH,domestic,Orange High School,0,https://elonphoenix.com/sports/womens-tennis/roster
ten_9c2d10546057,Iga,Piotrowska,tennis,2025-26,2026,D1,Women,Coastal Athletic Association,Elon,"5'10""",Player,Fr.,Fr,"Pultusk, Poland",Pultusk,,international,Prywatne Liceum Ogolnoksztalcace im. Zofii i Jedrzeja Moraczewskich,0,https://elonphoenix.com/sports/womens-tennis/roster
ten_7c4e5ea225d1,Mariana,Reding,tennis,2025-26,2026,D1,Women,Coastal Athletic Association,Elon,"5'4""",Player,Sr.,Sr,"Leon, Mexico",Leon,,international,ITESM Campus Leon,0,https://elonphoenix.com/sports/womens-tennis/roster
ten_7c28406d6ccb,Sonja,Rooth,tennis,2025-26,2026,D1,Women,Coastal Athletic Association,Elon,"5'7""",Player,Jr.,Jr,"Gothenburg, Sweden",Gothenburg,,international,Kitas Gymnasium,0,https://elonphoenix.com/sports/womens-tennis/roster
ten_5139c9fc08e8,Alexandria,Warsing,tennis,2025-26,2026,D1,Women,Coastal Athletic Association,Elon,"5'11""",Player,Fr.,Fr,"Allentown, Pa.",Allentown,PA,domestic,Parkland,0,https://elonphoenix.com/sports/womens-tennis/roster
ten_483b38d55132,Dorsa,Cheraghi,tennis,2025-26,2026,D1,Women,Coastal Athletic Association,N.C. A&T,"5'3""",Player,So.,So,"Istanbul, Turkey",Istanbul,,international,Hoda,0,https://ncataggies.com/sports/womens-tennis/roster/2026
ten_82d59dcd1af9,Hana,El Sherif,tennis,2025-26,2026,D1,Women,Coastal Athletic Association,N.C. A&T,"5'3""",Player,Sr.,Sr,"Cairo, Egypt",Cairo,,international,Maadi Narmer School,0,https://ncataggies.com/sports/womens-tennis/roster/2026
ten_84478ec20177,Valeriia,Fomenko,tennis,2025-26,2026,D1,Women,Coastal Athletic Association,N.C. A&T,"5'7""",Player,Fr.,Fr,"Odessa, Ukraine",Odessa,,international,,0,https://ncataggies.com/sports/womens-tennis/roster/2026
ten_48f9f686b861,Juana,Gomez Weiss,tennis,2025-26,2026,D1,Women,Coastal Athletic Association,N.C. A&T,,Player,So.,So,"Neuquen, Argentina",Neuquen,,international,Asociación Mutualista Evangélica Neuquina,0,https://ncataggies.com/sports/womens-tennis/roster/2026
ten_f3ea80dc941b,Randy,Rakotoarilala,tennis,2025-26,2026,D1,Women,Coastal Athletic Association,N.C. A&T,,Player,Jr.,Jr,"Antananarivo, Madagascar",Antananarivo,,international,Alliance Francaise,0,https://ncataggies.com/sports/womens-tennis/roster/2026
ten_5e9f6d050057,Tabeth,Tadoum,tennis,2025-26,2026,D1,Women,Coastal Athletic Association,N.C. A&T,,Player,Jr.,Jr,"Houston, Texas",Houston,TX,domestic,Texas Connection Academy,1,https://ncataggies.com/sports/womens-tennis/roster/2026
ten_6bebbe45a9f9,Flavia,Villegas,tennis,2025-26,2026,D1,Women,Coastal Athletic Association,N.C. A&T,,Player,So.,So,"La Paz, Bolivia",La Paz,,international,St. Andrew's School,0,https://ncataggies.com/sports/womens-tennis/roster/2026
ten_10e9f9864a62,Vittoria,Baccino,tennis,2025-26,2026,D1,Women,Conference USA,FIU,"5'3""",Player,Sr.,Sr,"Savona, Italy",Savona,,international,Florida Virtual,0,https://fiusports.com/sports/womens-tennis/roster
ten_265dd2182e75,Viktorie,Hazmukova,tennis,2025-26,2026,D1,Women,Conference USA,FIU,"5'7""",Player,Jr.,Jr,"Skvorec, Czech Republic",Skvorec,,international,Eastern Michigan,0,https://fiusports.com/sports/womens-tennis/roster
ten_8fbe2d9d79ce,Maria,Lucia Araoz-Gosn,tennis,2025-26,2026,D1,Women,Conference USA,FIU,"5'4""",Player,Jr.,Jr,"Parkland, Fla.",Parkland,FL,domestic,Florida Virtual,0,https://fiusports.com/sports/womens-tennis/roster
ten_fc642336feed,Milica,Milosavljevic,tennis,2025-26,2026,D1,Women,Conference USA,FIU,,Player,Jr.,Jr,"Irig, Serbia",Irig,,international,,,https://fiusports.com/sports/womens-tennis/roster
ten_1e9044a5f3a3,Victoria,Papadopoulou,tennis,2025-26,2026,D1,Women,Conference USA,FIU,,Player,Gr.,Gr,"Ialysos, Greece",Ialysos,,international,St. John's,0,https://fiusports.com/sports/womens-tennis/roster
ten_d9108580c4ff,Aleksandra,Simeva,tennis,2025-26,2026,D1,Women,Conference USA,FIU,"5'11""",Player,Sr.,Sr,"Skopje, Republic of North Macedonia",Skopje,,international,,0,https://fiusports.com/sports/womens-tennis/roster
ten_c9f60c49dc7c,Jelena,Vico,tennis,2025-26,2026,D1,Women,Conference USA,FIU,"5'10""",Player,Jr.,Jr,"Toronto, Canada",Toronto,,international,Penn State,0,https://fiusports.com/sports/womens-tennis/roster
ten_131ed90dc008,Oziera,Ahmad,tennis,2025-26,2026,D1,Women,Coastal Athletic Association,Col. of Charleston,,Player,Sr.,Sr,"Hampton, N.H.",Hampton,NH,domestic,,0,https://cofcsports.com/sports/wten/roster
ten_260ee57a6913,Elle,Bredemann,tennis,2025-26,2026,D1,Women,Coastal Athletic Association,Col. of Charleston,,Player,Gr.,Gr,"Daniel Island, S.C.",Daniel Island,SC,domestic,,0,https://cofcsports.com/sports/wten/roster
ten_57edd4363ceb,Marra,Bruce,tennis,2025-26,2026,D1,Women,Coastal Athletic Association,Col. of Charleston,,Player,R-Jr.,Jr,"Pittsburgh, Pa.",Pittsburgh,PA,domestic,Peters Township,0,https://cofcsports.com/sports/wten/roster
ten_c8ce4d23b975,Olivia,Bull,tennis,2025-26,2026,D1,Women,Coastal Athletic Association,Col. of Charleston,,Player,So.,So,"Myrtle Beach, S.C.",Myrtle Beach,SC,domestic,,0,https://cofcsports.com/sports/wten/roster
ten_8cb5cd134567,Sia,Cariov,tennis,2025-26,2026,D1,Women,Coastal Athletic Association,Col. of Charleston,,Player,Jr.,Jr,"Delray Beach, Fla.",Delray Beach,FL,domestic,Boulder Universal,0,https://cofcsports.com/sports/wten/roster
ten_119db3c98123,Isabella,De Luise,tennis,2025-26,2026,D1,Women,Coastal Athletic Association,Col. of Charleston,,Player,Jr.,Jr,"Brambleton, Va.",Brambleton,VA,domestic,Independence HS,0,https://cofcsports.com/sports/wten/roster
ten_fbaabdf9dcf2,Ella,DeFord,tennis,2025-26,2026,D1,Women,Coastal Athletic Association,Col. of Charleston,,Player,So.,So,"Mount Pleasant, SC",Mount Pleasant,SC,domestic,Oceanside Collegiate,0,https://cofcsports.com/sports/wten/roster
ten_0f0520723ddd,Aneta,Holubova,tennis,2025-26,2026,D1,Women,Coastal Athletic Association,Col. of Charleston,,Player,Fr.,Fr,"Kromeriz, Czech Republic",Kromeriz,,international,Gymnazium Kromeriz,0,https://cofcsports.com/sports/wten/roster
ten_5b5ada48dc05,Harper,Santos,tennis,2025-26,2026,D1,Women,Coastal Athletic Association,Col. of Charleston,,Player,Jr.,Jr,Spring Creek Academy,Spring Creek Academy,,international,"Dallas, Texas",0,https://cofcsports.com/sports/wten/roster
ten_d9997fd71781,Saige,Severance,tennis,2025-26,2026,D1,Women,Coastal Athletic Association,Col. of Charleston,,Player,Jr.,Jr,"Charleston, S.C.",Charleston,SC,domestic,Bishop England HS,0,https://cofcsports.com/sports/wten/roster
ten_e6736f31f048,Riley,Trinkle,tennis,2025-26,2026,D1,Women,Coastal Athletic Association,Col. of Charleston,,Player,So.,So,"Charlestown, Ind.",Charlestown,IN,domestic,,0,https://cofcsports.com/sports/wten/roster
ten_3c7f66dcff18,Emma,Cohen,tennis,2025-26,2026,D1,Women,Conference USA,Louisiana Tech,,Player,Jr.,Jr,"London, England",London,,international,Loughborough College,0,https://latechsports.com/sports/womens-tennis/roster
ten_31c97b3b0a1f,Carolina,Correia,tennis,2025-26,2026,D1,Women,Conference USA,Louisiana Tech,,Player,Fr.,Fr,"Braga, Portugal",Braga,,international,Escola Secundaria Alberto Sampaio,0,https://latechsports.com/sports/womens-tennis/roster
ten_55d4515ee1c0,Manal,Ennaciri,tennis,2025-26,2026,D1,Women,Conference USA,Louisiana Tech,,Player,Sr.,Sr,"Mohammedia, Morocco",Mohammedia,,international,Edoption Academy,1,https://latechsports.com/sports/womens-tennis/roster
ten_27609ef42796,Lucia,Gallegos,tennis,2025-26,2026,D1,Women,Conference USA,Louisiana Tech,,Player,R-So.,So,"San Jose, Costa Rica",San Jose,,international,Blue Valley,0,https://latechsports.com/sports/womens-tennis/roster
ten_c7b612a811ed,Lexie,Patton,tennis,2025-26,2026,D1,Women,Conference USA,Louisiana Tech,,Player,Fr.,Fr,"Coppell, Texas",Coppell,TX,domestic,Coppell HS,0,https://latechsports.com/sports/womens-tennis/roster
ten_7f740e0037c0,Nina,Skoric,tennis,2025-26,2026,D1,Women,Conference USA,Louisiana Tech,,Player,Sr.,Sr,"Paris, France",Paris,,international,CNED,0,https://latechsports.com/sports/womens-tennis/roster
ten_fdb1c69a8888,Natalia,Trigosso,tennis,2025-26,2026,D1,Women,Conference USA,Louisiana Tech,,Player,Jr.,Jr,"La Paz, Bolivia",La Paz,,international,IVLA,0,https://latechsports.com/sports/womens-tennis/roster
ten_dfd0ad8b756a,Maria,Tsironi,tennis,2025-26,2026,D1,Women,Conference USA,Louisiana Tech,,Player,Jr.,Jr,"Argyroupoli, Greece",Argyroupoli,,international,Third Lyceum of Argyroupoli,0,https://latechsports.com/sports/womens-tennis/roster
ten_154c53e7e60a,Carolina,Chiatti,tennis,2025-26,2026,D1,Women,Conference USA,Western Ky.,,Player,Sr.,Sr,"Santo Domingo, Dominican Republic",Santo Domingo,,international,Colegio Mundo Integral/Stephen F. Austin,0,https://wkusports.com/sports/womens-tennis/roster
ten_eaa518e43d3d,Isabelle,Einess,tennis,2025-26,2026,D1,Women,Conference USA,Western Ky.,,Player,R-Fr.,Fr,"Minneapolis, Minn.",Minneapolis,MN,domestic,Breck School,0,https://wkusports.com/sports/womens-tennis/roster
ten_f42eef5ba699,Ariadna,Fernandez,tennis,2025-26,2026,D1,Women,Conference USA,Western Ky.,,Player,Jr.,Jr,"Quito, Ecuador",Quito,,international,Unidad Educativa Nuevo Ecuador/Arkansas State,0,https://wkusports.com/sports/womens-tennis/roster
ten_2d07af54a966,Virginia,Madueño,tennis,2025-26,2026,D1,Women,Conference USA,Western Ky.,,Player,Fr.,Fr,"Alicante, Spain",Alicante,,international,Colegio CEU Jesús María,0,https://wkusports.com/sports/womens-tennis/roster
ten_eb3e1d0b204b,Barbara,Olvera,tennis,2025-26,2026,D1,Women,Conference USA,Western Ky.,,Player,Fr.,Fr,"Guayaquil, Ecuador",Guayaquil,,international,Unidad Educativa Adventista del Pacifico,0,https://wkusports.com/sports/womens-tennis/roster
ten_78e70e9df51e,Emily,Schut,tennis,2025-26,2026,D1,Women,Conference USA,Western Ky.,,Player,Jr.,Jr,"Woerden, Netherlands",Woerden,,international,,,https://wkusports.com/sports/womens-tennis/roster
ten_49c707defa2f,Andra,Sirbu,tennis,2025-26,2026,D1,Women,Conference USA,Western Ky.,,Player,Jr.,Jr,"Bucharest, Romania",Bucharest,,international,iCademy Middle East/Bradley,0,https://wkusports.com/sports/womens-tennis/roster
ten_5cfca28a7462,Elizabeth,Sobieski,tennis,2025-26,2026,D1,Women,Conference USA,Western Ky.,,Player,Sr.,Sr,"Muskego, Wisconsin",Muskego,WI,domestic,Muskego HS/Valparaiso,0,https://wkusports.com/sports/womens-tennis/roster
ten_73fd8bdc5e63,Emma,Akselrod,tennis,2025-26,2026,D1,Women,Conference USA,Delaware,,Player,Jr.,Jr,"Toronto, ON",Toronto,,international,Stephen Lewis Secondary,0,https://bluehens.com/sports/wten/roster
ten_a553a1e72fe2,Annabel,Hristova,tennis,2025-26,2026,D1,Women,Conference USA,Delaware,,Player,Fr.,Fr,"London, England",London,,international,Putney,0,https://bluehens.com/sports/wten/roster
ten_014a62e8a976,Isabella,Kellenberger,tennis,2025-26,2026,D1,Women,Conference USA,Delaware,,Player,Fr.,Fr,"Einsiedeln, Switzerland",Einsiedeln,,international,Beyond Sports,0,https://bluehens.com/sports/wten/roster
ten_e655a573c84f,Aimee,Knowles,tennis,2025-26,2026,D1,Women,Conference USA,Delaware,,Player,Fr.,Fr,"Tynemouth, England",Tynemouth,,international,Kings Priory School,0,https://bluehens.com/sports/wten/roster
ten_917842f4437e,Jenny,Marsh,tennis,2025-26,2026,D1,Women,Conference USA,Delaware,,Player,Fr.,Fr,"Dublin, Ireland",Dublin,,international,St. Andrew's College,0,https://bluehens.com/sports/wten/roster
ten_dc1d2478ee24,Lara,Russiniello,tennis,2025-26,2026,D1,Women,Conference USA,Delaware,,Player,Jr.,Jr,"Bulle, Switzerland",Bulle,,international,Collège du Sud,0,https://bluehens.com/sports/wten/roster
ten_956de49404af,Valeria,Sanchez,tennis,2025-26,2026,D1,Women,Conference USA,Delaware,,Player,Jr.,Jr,"Bradenton, Fla.",Bradenton,FL,domestic,Inspiration Academy,1,https://bluehens.com/sports/wten/roster
ten_af4ad5e9c848,Fleur,Sprengers,tennis,2025-26,2026,D1,Women,Conference USA,Delaware,,Player,Jr.,Jr,"Geldrop, The Netherlands",Geldrop,,international,Augustinianum,0,https://bluehens.com/sports/wten/roster
ten_92aa016c0090,Payton,Tomichek,tennis,2025-26,2026,D1,Women,Conference USA,Delaware,,Player,Jr.,Jr,"Brentwood, Tenn.",Brentwood,TN,domestic,Brentwood Academy,1,https://bluehens.com/sports/wten/roster
ten_bacd89ede96c,Kinga,Wahl-Maniecka,tennis,2025-26,2026,D1,Women,Conference USA,Delaware,,Player,Fr.,Fr,"Bytom, Poland",Bytom,,international,V Liceum Ogólnoksztalcace Mistrzostwa Sportowego im. Kamili Skolimowskiej w Bytomiu,0,https://bluehens.com/sports/wten/roster
ten_d75c0febcda3,Hanan,Awale,tennis,2025-26,2026,D1,Women,Horizon League,IU Indy,,Player,So.,So,"Avon, Ind.",Avon,IN,domestic,iUniversity Prep,1,https://iuindyjags.com/sports/womens-tennis/roster
ten_73942bf42824,Chloe,Bailey,tennis,2025-26,2026,D1,Women,Horizon League,IU Indy,,Player,Jr.,Jr,"Richardson, Texas",Richardson,TX,domestic,iUniversity Prep,1,https://iuindyjags.com/sports/womens-tennis/roster
ten_cd4389c290f6,Sofia,Castillo,tennis,2025-26,2026,D1,Women,Horizon League,IU Indy,,Player,Sr.,Sr,"Guadalajara, Mexico",Guadalajara,,international,,0,https://iuindyjags.com/sports/womens-tennis/roster
ten_56f17ac78b08,Emma,Dell,tennis,2025-26,2026,D1,Women,Horizon League,IU Indy,,Player,Sr.,Sr,"Indianapolis, Ind.",Indianapolis,IN,domestic,Indiana Connections Academy,1,https://iuindyjags.com/sports/womens-tennis/roster
ten_33094bd78562,Bella,Duncan,tennis,2025-26,2026,D1,Women,Horizon League,IU Indy,,Player,Fr.,Fr,"Noblesville, Ind.",Noblesville,IN,domestic,Noblesville,0,https://iuindyjags.com/sports/womens-tennis/roster
ten_b7831277dda0,Sara,Jankovic,tennis,2025-26,2026,D1,Women,Horizon League,IU Indy,,Player,Jr.,Jr,"Itasca, Ill.",Itasca,IL,domestic,Lake Park,0,https://iuindyjags.com/sports/womens-tennis/roster
ten_93f59328a0ec,Kally,Kadzinski,tennis,2025-26,2026,D1,Women,Horizon League,IU Indy,,Player,Jr.,Jr,"Parkland, Fla.",Parkland,FL,domestic,Laurel Springs,0,https://iuindyjags.com/sports/womens-tennis/roster
ten_ad68755fe165,Elle,Kotre,tennis,2025-26,2026,D1,Women,Horizon League,IU Indy,,Player,Jr.,Jr,"Overland Park, Kan.",Overland Park,KS,domestic,Ignite Christian,0,https://iuindyjags.com/sports/womens-tennis/roster
ten_83cd4811444a,Grace,Lampman,tennis,2025-26,2026,D1,Women,Horizon League,IU Indy,,Player,Sr.,Sr,"Miamisburg, Ohio",Miamisburg,OH,domestic,Archbishop Alter,0,https://iuindyjags.com/sports/womens-tennis/roster
ten_d14d8da70e48,Calli,Sokolowski,tennis,2025-26,2026,D1,Women,Horizon League,IU Indy,,Player,Sr.,Sr,"Holly, Mich.",Holly,MI,domestic,Holly,0,https://iuindyjags.com/sports/womens-tennis/roster
ten_c15a2ab1efc7,Alicia,Cheng,tennis,2025-26,2026,D1,Women,Ivy League,Princeton,,Player,So.,So,"Repulse Bay, Hong Kong",Repulse Bay,,international,Harrow International School,0,https://goprincetontigers.com/sports/womens-tennis/roster
ten_00033b86e422,Bella,Chhiv,tennis,2025-26,2026,D1,Women,Ivy League,Princeton,,Player,Jr.,Jr,"Irvine, Calif.",Irvine,CA,domestic,Laurel Springs Online,0,https://goprincetontigers.com/sports/womens-tennis/roster
ten_d43e78fa66d2,Tsehay,Driscoll,tennis,2025-26,2026,D1,Women,Ivy League,Princeton,,Player,Jr.,Jr,"La Canada Flintridge, Calif.",La Canada Flintridge,CA,domestic,La Canada,0,https://goprincetontigers.com/sports/womens-tennis/roster
ten_4f8dd12b3167,Eva,Elbaz,tennis,2025-26,2026,D1,Women,Ivy League,Princeton,,Player,Sr.,Sr,"Bradenton, Fla.",Bradenton,FL,domestic,IMG Academy,1,https://goprincetontigers.com/sports/womens-tennis/roster
ten_107e575db72c,Anna,Maria Fedotova,tennis,2025-26,2026,D1,Women,Ivy League,Princeton,,Player,Fr.,Fr,"Boca Raton, Fla.",Boca Raton,FL,domestic,Grandview Prepatory School,0,https://goprincetontigers.com/sports/womens-tennis/roster
ten_0cd53b188ba6,Alice,Ferlito,tennis,2025-26,2026,D1,Women,Ivy League,Princeton,,Player,Jr.,Jr,"Barcelona, Spain",Barcelona,,international,ES American School,0,https://goprincetontigers.com/sports/womens-tennis/roster
ten_b16eee4c5522,Madeleine,Jessup,tennis,2025-26,2026,D1,Women,Ivy League,Princeton,,Player,So.,So,"Palos Verdes, Calif.",Palos Verdes,CA,domestic,Palos Verdes Peninsula,0,https://goprincetontigers.com/sports/womens-tennis/roster
ten_088128ddcb28,Anna,Nguyen,tennis,2025-26,2026,D1,Women,Ivy League,Princeton,,Player,So.,So,"Reading, Mass.",Reading,MA,domestic,Reading Memorial,0,https://goprincetontigers.com/sports/womens-tennis/roster
ten_2a466b31ada6,Berklie,Simmering,tennis,2025-26,2026,D1,Women,Ivy League,Princeton,,Player,Fr.,Fr,"Fort Myers, Fla.",Fort Myers,FL,domestic,Evangelical Christian,0,https://goprincetontigers.com/sports/womens-tennis/roster
ten_9e5ab528afba,Maren,Urata,tennis,2025-26,2026,D1,Women,Ivy League,Princeton,,Player,So.,So,"La Canada Flintridge, Calif.",La Canada Flintridge,CA,domestic,La Canada,0,https://goprincetontigers.com/sports/womens-tennis/roster
ten_eebf49a64083,Pearlie,Zhang,tennis,2025-26,2026,D1,Women,Ivy League,Princeton,,Player,So.,So,"Plainsboro, N.J.",Plainsboro,NJ,domestic,Dwight Global,0,https://goprincetontigers.com/sports/womens-tennis/roster
ten_738b2498cac1,Capt.,,tennis,2025-26,2026,D1,Women,Ivy League,Princeton,,Player,,UNK,,,,unknown,Harrow International School,0,https://goprincetontigers.com/sports/womens-tennis/roster
ten_60cb9193e706,Emily,Baek,tennis,2025-26,2026,D1,Women,Ivy League,Columbia,,Player,Jr.,Jr,"Suwanee, Ga.",Suwanee,GA,domestic,Lambert,0,https://gocolumbialions.com/sports/womens-tennis/roster
ten_3219d8de92b3,Malak,El Allami,tennis,2025-26,2026,D1,Women,Ivy League,Columbia,,Player,Jr.,Jr,"Casablanca, Morocco",Casablanca,,international,EdOptions Academy,1,https://gocolumbialions.com/sports/womens-tennis/roster
ten_8af1366c4983,Salma,Farhat,tennis,2025-26,2026,D1,Women,Ivy League,Columbia,,Player,Sr.,Sr,"Bellevue, Wash.",Bellevue,WA,domestic,Laurel Springs,0,https://gocolumbialions.com/sports/womens-tennis/roster
ten_7fdf08a6200d,Margaret,Hui,tennis,2025-26,2026,D1,Women,Ivy League,Columbia,,Player,So.,So,"San Diego, Calif",San Diego,CA,domestic,Santa Fe Christian,0,https://gocolumbialions.com/sports/womens-tennis/roster
ten_86639672c761,Gayathri,Krishnan,tennis,2025-26,2026,D1,Women,Ivy League,Columbia,,Player,Sr.,Sr,"Cupertino, Calif.",Cupertino,CA,domestic,Cupertino,0,https://gocolumbialions.com/sports/womens-tennis/roster
ten_6549001369e9,Michelle,Li,tennis,2025-26,2026,D1,Women,Ivy League,Columbia,,Player,So.,So,"Houston, Texas",Houston,TX,domestic,Memorial,0,https://gocolumbialions.com/sports/womens-tennis/roster
ten_9fba16da6ad5,Sabrina,Lin,tennis,2025-26,2026,D1,Women,Ivy League,Columbia,,Player,So.,So,"Saratoga, Calif.",Saratoga,CA,domestic,Saratoga,0,https://gocolumbialions.com/sports/womens-tennis/roster
ten_6aa61713e6d2,Amber,Yin,tennis,2025-26,2026,D1,Women,Ivy League,Columbia,,Player,Jr.,Jr,"St. Louis, Mo.",St. Louis,MO,domestic,Lafayette High School,0,https://gocolumbialions.com/sports/womens-tennis/roster
ten_0143691dd90a,Natalie,Block,tennis,2025-26,2026,D1,Women,Ivy League,Harvard,,Player,Sr.,Sr,"Plantation, Fla.",Plantation,FL,domestic,American Heritage School,0,https://gocrimson.com/sports/womens-tennis/roster
ten_0bc7a80ac64f,Andra,Braicu,tennis,2025-26,2026,D1,Women,Ivy League,Harvard,,Player,So.,So,"Berlin, Germany",Berlin,,international,Weil Tennis Academy,1,https://gocrimson.com/sports/womens-tennis/roster
ten_2d6fb3c68e38,Kavya,Karra,tennis,2025-26,2026,D1,Women,Ivy League,Harvard,,Player,Sr.,Sr,"Princeton Junction, N.J.",Princeton Junction,NJ,domestic,West Windsor-Plainsboro High,0,https://gocrimson.com/sports/womens-tennis/roster
ten_6c6c8f8623ec,Kate,Kim,tennis,2025-26,2026,D1,Women,Ivy League,Harvard,,Player,Sr.,Sr,"Joplin, Mo.",Joplin,MO,domestic,Stanford Online High School,0,https://gocrimson.com/sports/womens-tennis/roster
ten_66ec60b41d4e,Polina,Krumkachev,tennis,2025-26,2026,D1,Women,Ivy League,Harvard,,Player,So.,So,"Bradenton, Fla.",Bradenton,FL,domestic,Laurel Springs School,0,https://gocrimson.com/sports/womens-tennis/roster
ten_4ca3f8f2d6f4,Isabella,Ohr,tennis,2025-26,2026,D1,Women,Ivy League,Harvard,,Player,So.,So,,,,unknown,,0,https://gocrimson.com/sports/womens-tennis/roster
ten_c1f042ed0736,Elsie,Ragatz,tennis,2025-26,2026,D1,Women,Ivy League,Harvard,,Player,Sr.,Sr,"Woodside, Calif.",Woodside,CA,domestic,Sacred Heart Preparatory,1,https://gocrimson.com/sports/womens-tennis/roster
ten_3cc1a723a229,Natasha,Rajaram,tennis,2025-26,2026,D1,Women,Ivy League,Harvard,,Player,Jr.,Jr,"Cupertino, Calif.",Cupertino,CA,domestic,Dwight Global,0,https://gocrimson.com/sports/womens-tennis/roster
ten_bc0c361710d9,Anna-Raphaëlle,Serghi,tennis,2025-26,2026,D1,Women,Ivy League,Harvard,,Player,Jr.,Jr,"Ottawa, Ontario",Ottawa,,international,Glebe Collegiate,0,https://gocrimson.com/sports/womens-tennis/roster
ten_5d62c4acc105,Claire,Shao,tennis,2025-26,2026,D1,Women,Ivy League,Harvard,,Player,So.,So,"Princeton Junction, N.J.",Princeton Junction,NJ,domestic,Florida Virtual School,0,https://gocrimson.com/sports/womens-tennis/roster
ten_258269f317fa,Stephanie,Yakoff,tennis,2025-26,2026,D1,Women,Ivy League,Harvard,,Player,Sr.,Sr,"Fort Lee, N.J.",Fort Lee,NJ,domestic,Fort Lee,0,https://gocrimson.com/sports/womens-tennis/roster
ten_804d73f5f73c,Dylan,Gelber,tennis,2025-26,2026,D1,Women,Ivy League,Cornell,"5'7""",Player,So.,So,"Montreal, Québec",Montreal,,international,Miss Edgar's and Miss Cramp's School,0,https://cornellbigred.com/sports/womens-tennis/roster
ten_cba408b0624b,Sage,Loudon,tennis,2025-26,2026,D1,Women,Ivy League,Cornell,"5'9""",Player,Jr.,Jr,"New York, N.Y.",New York,NY,domestic,Laurel Springs School,0,https://cornellbigred.com/sports/womens-tennis/roster
ten_37f1f714dbb0,Martina,Marica,tennis,2025-26,2026,D1,Women,Ivy League,Cornell,"5'10""",Player,Sr.,Sr,"San Jose, Calif.",San Jose,CA,domestic,Laurel Springs Online School,0,https://cornellbigred.com/sports/womens-tennis/roster
ten_9d55c32b7afe,Andrea,Martinez De Los Rios,tennis,2025-26,2026,D1,Women,Ivy League,Cornell,"5'9""",Player,Jr.,Jr,"Glen Head, N.Y.",Glen Head,NY,domestic,North Shore Senior HS,0,https://cornellbigred.com/sports/womens-tennis/roster
ten_705580e68cdf,Michelle,Ryndin,tennis,2025-26,2026,D1,Women,Ivy League,Cornell,"5'9""",Player,Sr.,Sr,"Staten Island, N.Y.",Staten Island,NY,domestic,Tottenville HS,0,https://cornellbigred.com/sports/womens-tennis/roster
ten_cd934094773d,Victoria,Zhao,tennis,2025-26,2026,D1,Women,Ivy League,Cornell,"5'9""",Player,Sr.,Sr,"Houston, Texas",Houston,TX,domestic,St. John's School,0,https://cornellbigred.com/sports/womens-tennis/roster
ten_235ade3b8be2,Dani,Ben-Abraham,tennis,2025-26,2026,D1,Women,Ivy League,Brown,,Player,Sr.,Sr,"New York, N.Y.",New York,NY,domestic,Laurel Springs,0,https://brownbears.com/sports/womens-tennis/roster
ten_c6ccef762a21,Bella,Hu,tennis,2025-26,2026,D1,Women,Ivy League,Brown,,Player,Jr.,Jr,"West Chester, Pa.",West Chester,PA,domestic,The Baldwin School,0,https://brownbears.com/sports/womens-tennis/roster
ten_ae9d99f47bb0,Abigail,Lee,tennis,2025-26,2026,D1,Women,Ivy League,Brown,,Player,So.,So,"Deerfield, Ill.",Deerfield,IL,domestic,Deerfield High School,0,https://brownbears.com/sports/womens-tennis/roster
ten_51a04aa0cca2,Ali,Maguy,tennis,2025-26,2026,D1,Women,Ivy League,Brown,,Player,Jr.,Jr,"Moraga, Calif.",Moraga,CA,domestic,Campolindo,0,https://brownbears.com/sports/womens-tennis/roster
ten_4285ca515af6,Chloe,Qin,tennis,2025-26,2026,D1,Women,Ivy League,Brown,,Player,So.,So,"Bloomfield Hills, Mich.",Bloomfield Hills,MI,domestic,Cranbrook Kingswood,0,https://brownbears.com/sports/womens-tennis/roster
ten_9b14f4ec8684,Francesca,Saroli,tennis,2025-26,2026,D1,Women,Ivy League,Brown,,Player,So.,So,"Key Biscayne, Fla.",Key Biscayne,FL,domestic,Laurel Springs School,0,https://brownbears.com/sports/womens-tennis/roster
ten_b69084bf265a,Hannah,Shen,tennis,2025-26,2026,D1,Women,Ivy League,Brown,,Player,Sr.,Sr,Hong Kong,Hong Kong,,international,Laurel Springs (N.Y.),0,https://brownbears.com/sports/womens-tennis/roster
ten_625acd999a69,Sari,Woo,tennis,2025-26,2026,D1,Women,Ivy League,Brown,,Player,Jr.,Jr,"Ann Arbor, Mich.",Ann Arbor,MI,domestic,Skyline,0,https://brownbears.com/sports/womens-tennis/roster
ten_175700e1548b,Anne,Yang,tennis,2025-26,2026,D1,Women,Ivy League,Brown,,Player,Sr.,Sr,"Lake Forest, Calif.",Lake Forest,CA,domestic,Portola High School,0,https://brownbears.com/sports/womens-tennis/roster
ten_10669db97ca7,Peyton,Capuano,tennis,2025-26,2026,D1,Women,Ivy League,Dartmouth,,Player,Sr.,Sr,"Herndon, Va.",Herndon,VA,domestic,St. Paul VI Catholic,0,https://dartmouthsports.com/sports/womens-tennis/roster
ten_610083ef57c2,Audrey,Feng,tennis,2025-26,2026,D1,Women,Ivy League,Dartmouth,,Player,So.,So,"Los Altos, Calif.",Los Altos,CA,domestic,The Harker School,0,https://dartmouthsports.com/sports/womens-tennis/roster
ten_855a1454d93b,Sam,Grosjean,tennis,2025-26,2026,D1,Women,Ivy League,Dartmouth,,Player,Jr.,Jr,"Boca Raton, Fla.",Boca Raton,FL,domestic,Score Academy,1,https://dartmouthsports.com/sports/womens-tennis/roster
ten_c378fbda7d67,Lauren,Han,tennis,2025-26,2026,D1,Women,Ivy League,Dartmouth,,Player,Jr.,Jr,"Happy Valley, Ore.",Happy Valley,OR,domestic,Clackamas High School,0,https://dartmouthsports.com/sports/womens-tennis/roster
ten_5de10a93ec87,Caroline,Lemcke,tennis,2025-26,2026,D1,Women,Ivy League,Dartmouth,,Player,Sr.,Sr,"Las Vegas, Nev.",Las Vegas,NV,domestic,Palo Verde,0,https://dartmouthsports.com/sports/womens-tennis/roster
ten_cebee992278a,Prisha,Lingam,tennis,2025-26,2026,D1,Women,Ivy League,Dartmouth,,Player,Fy.,Fr,"Bloomfield Hills, Mich.",Bloomfield Hills,MI,domestic,Bloomfield Hills High School,0,https://dartmouthsports.com/sports/womens-tennis/roster
ten_2df44e19f71c,Kylie,Liu,tennis,2025-26,2026,D1,Women,Ivy League,Dartmouth,,Player,Fy.,Fr,"San Diego, Calif.",San Diego,CA,domestic,Westview High School,0,https://dartmouthsports.com/sports/womens-tennis/roster
ten_26775079fdac,Josephine,Lombardi,tennis,2025-26,2026,D1,Women,Ivy League,Dartmouth,,Player,So.,So,"Houston, Texas",Houston,TX,domestic,Weiner School,0,https://dartmouthsports.com/sports/womens-tennis/roster
ten_3f06e33ecec8,Michela,Moore,tennis,2025-26,2026,D1,Women,Ivy League,Dartmouth,,Player,Sr.,Sr,"Monte Sereno, Calif.",Monte Sereno,CA,domestic,Los Gatos,0,https://dartmouthsports.com/sports/womens-tennis/roster
ten_64459823fbb1,Alexandra,Orlins,tennis,2025-26,2026,D1,Women,Ivy League,Dartmouth,,Player,So.,So,"Cheshire, Conn.",Cheshire,CT,domestic,Cheshire High School,0,https://dartmouthsports.com/sports/womens-tennis/roster
ten_7379e8e46e07,Elise,Wong,tennis,2025-26,2026,D1,Women,Ivy League,Dartmouth,,Player,Jr.,Jr,"Honolulu, Hawaii",Honolulu,HI,domestic,Punahou School,0,https://dartmouthsports.com/sports/womens-tennis/roster
ten_c4d39c6bd4cf,Isabella,Baker,tennis,2025-26,2026,D1,Women,Metro Atlantic Athletic Conference,Quinnipiac,,Player,Sr.,Sr,"Halifax, Nova Scotia, Can.",Halifax,,international,Citadel High School,0,https://gobobcats.com/sports/womens-tennis/roster
ten_5a932bfced4a,Trista,Caffyn-Parsons,tennis,2025-26,2026,D1,Women,Metro Atlantic Athletic Conference,Quinnipiac,,Player,Jr.,Jr,"Braintree, Mass.",Braintree,MA,domestic,ICL Academy,1,https://gobobcats.com/sports/womens-tennis/roster
ten_af0af16f189a,Caitlin,Flower,tennis,2025-26,2026,D1,Women,Metro Atlantic Athletic Conference,Quinnipiac,,Player,Sr.,Sr,"Falls of Rough, Ky.",Falls of Rough,KY,domestic,Grandview Preparatory School,1,https://gobobcats.com/sports/womens-tennis/roster
ten_ab869b5677b6,Willow,Renton,tennis,2025-26,2026,D1,Women,Metro Atlantic Athletic Conference,Quinnipiac,,Player,Jr.,Jr,"Goshen, Ky.",Goshen,KY,domestic,North Oldham Highschool,0,https://gobobcats.com/sports/womens-tennis/roster
ten_eaa353642f14,Caroline,Schulson,tennis,2025-26,2026,D1,Women,Metro Atlantic Athletic Conference,Quinnipiac,,Player,Sr.,Sr,"Newburyport, Mass.",Newburyport,MA,domestic,Newburyport High School,0,https://gobobcats.com/sports/womens-tennis/roster
ten_52382d895e95,Anagha,Shankar,tennis,2025-26,2026,D1,Women,Metro Atlantic Athletic Conference,Quinnipiac,,Player,Sr.,Sr,"East Brunswick, N.J.",East Brunswick,NJ,domestic,East Brunswick High School,0,https://gobobcats.com/sports/womens-tennis/roster
ten_18f0948a1054,Isabella,Sicignano,tennis,2025-26,2026,D1,Women,Metro Atlantic Athletic Conference,Quinnipiac,,Player,Jr.,Jr,"Bethany, Conn.",Bethany,CT,domestic,Amity Regional,0,https://gobobcats.com/sports/womens-tennis/roster
ten_5f5843a6f4b0,Ella,Fitcher,tennis,2025-26,2026,D1,Women,Mid-American Conference,Western Mich.,,Player,Jr.,Jr,"Melbourne, Australia",Melbourne,,international,Desert Mountain,0,https://wmubroncos.com/sports/womens-tennis/roster
ten_0a79bbe12ce9,Julia,Frazier,tennis,2025-26,2026,D1,Women,Mid-American Conference,Western Mich.,,Player,Sr.,Sr,"Scottsdale, Ariz.",Scottsdale,AZ,domestic,Desert Mountain,0,https://wmubroncos.com/sports/womens-tennis/roster
ten_c419a8cae8f2,Pei,Chi Ho,tennis,2025-26,2026,D1,Women,Mid-American Conference,Western Mich.,,Player,Fr.,Fr,"New Taipei City, Taiwan",New Taipei City,,international,,0,https://wmubroncos.com/sports/womens-tennis/roster
ten_68b1e7db6ed1,Julie,Hostáková,tennis,2025-26,2026,D1,Women,Mid-American Conference,Western Mich.,,Player,Fr.,Fr,"Prague, Czechia",Prague,,international,,0,https://wmubroncos.com/sports/womens-tennis/roster
ten_6c27250ae05f,Xingtong,Jiang,tennis,2025-26,2026,D1,Women,Mid-American Conference,Western Mich.,,Player,So.,So,"Shanghai, China",Shanghai,,international,Shanghai Univeristy of Sports High School,0,https://wmubroncos.com/sports/womens-tennis/roster
ten_5ec5434ef6cd,Sienna,Osborne,tennis,2025-26,2026,D1,Women,Mid-American Conference,Western Mich.,,Player,Jr.,Jr,"Clarkston, Mich.",Clarkston,MI,domestic,Lake Orion,0,https://wmubroncos.com/sports/womens-tennis/roster
ten_48197e15b787,Frida,Weijerman,tennis,2025-26,2026,D1,Women,Mid-American Conference,Western Mich.,,Player,Jr.,Jr,"Gothenburg, Sweden",Gothenburg,,international,,0,https://wmubroncos.com/sports/womens-tennis/roster
ten_5876ac45386d,Ayana,Yaguchi,tennis,2025-26,2026,D1,Women,Mid-American Conference,Western Mich.,,Player,So.,So,"Tokyo, Japan",Tokyo,,international,Urawareimei,0,https://wmubroncos.com/sports/womens-tennis/roster
ten_23fd3a6815cc,Iva,Daneva,tennis,2025-26,2026,D1,Women,Mid-American Conference,Eastern Mich.,,Player,Jr.,Jr,"Kavadarci, North Macedonia",Kavadarci,,international,DSU Sportska Akademija,0,https://emueagles.com/sports/wten/roster
ten_e8d5fc1862a2,Lara,Diaz Zayas,tennis,2025-26,2026,D1,Women,Mid-American Conference,Eastern Mich.,,Player,Jr.,Jr,"Mar de Ajo, Argentina",Mar de Ajo,,international,SEADEA,0,https://emueagles.com/sports/wten/roster
ten_a158e5439b3b,Pehal,Kharadkar,tennis,2025-26,2026,D1,Women,Mid-American Conference,Eastern Mich.,,Player,So.,So,"Indore, India",Indore,,international,Daly College Indore,0,https://emueagles.com/sports/wten/roster
ten_4dbf3838c5dd,Matilde,Parreira,tennis,2025-26,2026,D1,Women,Mid-American Conference,Eastern Mich.,,Player,So.,So,"Leiria, Portugal",Leiria,,international,Escola Secundária Afonso Lopes Vieria,0,https://emueagles.com/sports/wten/roster
ten_15bc4a476b99,Kseniia,Saenko,tennis,2025-26,2026,D1,Women,Mid-American Conference,Eastern Mich.,,Player,Sr.,Sr,"Voronezh, Russia",Voronezh,,international,Gymnasium 2,0,https://emueagles.com/sports/wten/roster
ten_42081365f22f,Sabrina,Tolstova,tennis,2025-26,2026,D1,Women,Mid-American Conference,Eastern Mich.,,Player,So.,So,"Odesa, Ukraine",Odesa,,international,Tennisquick Los Cristianos,0,https://emueagles.com/sports/wten/roster
ten_b175e1a2be24,Letters,,tennis,2025-26,2026,D1,Women,Mid-American Conference,Eastern Mich.,,Player,,UNK,,,,unknown,,0,https://emueagles.com/sports/wten/roster
ten_8ea565e4176c,Julia,Daroszewska,tennis,2025-26,2026,D1,Women,Mid-Eastern Athletic Conference,Norfolk St.,"5'6""",Player,So.,So,"Ploiesti, Romania",Ploiesti,,international,,0,https://nsuspartans.com/sports/womens-tennis/roster
ten_244ca81ef04a,Sabina,Iurea,tennis,2025-26,2026,D1,Women,Mid-Eastern Athletic Conference,Norfolk St.,"5'6""",Player,Sr.,Sr,"Ploiesti, Romania",Ploiesti,,international,,0,https://nsuspartans.com/sports/womens-tennis/roster
ten_3552e865ea4b,Kayla,Kennedy,tennis,2025-26,2026,D1,Women,Mid-Eastern Athletic Conference,Norfolk St.,"5'9""",Player,So.,So,"Chesapeake, VA",Chesapeake,VA,domestic,,0,https://nsuspartans.com/sports/womens-tennis/roster
ten_99f782ed2025,Yana,Klimchuk,tennis,2025-26,2026,D1,Women,Mid-Eastern Athletic Conference,Norfolk St.,"5'11""",Player,So.,So,"Minsk, Belarus",Minsk,,international,,0,https://nsuspartans.com/sports/womens-tennis/roster
ten_1cf50f5ed029,Angelina,Maniawska,tennis,2025-26,2026,D1,Women,Mid-Eastern Athletic Conference,Norfolk St.,"5'10""",Player,Sr.,Sr,"Tarnow, Poland",Tarnow,,international,,0,https://nsuspartans.com/sports/womens-tennis/roster
ten_d8232e9ac221,Elena,Martinez Prado,tennis,2025-26,2026,D1,Women,Mid-Eastern Athletic Conference,Norfolk St.,"5'3""",Player,Sr.,Sr,"Sevilla, Spain",Sevilla,,international,,0,https://nsuspartans.com/sports/womens-tennis/roster
ten_6a55bd983daa,Ines,Sabadie,tennis,2025-26,2026,D1,Women,Mid-Eastern Athletic Conference,Norfolk St.,"5'7""",Player,Sr.,Sr,"Génissieux, France",Génissieux,,international,,0,https://nsuspartans.com/sports/womens-tennis/roster
ten_e61700cbc98b,Regina,Urbiola,tennis,2025-26,2026,D1,Women,Mid-Eastern Athletic Conference,Norfolk St.,"5'2""",Player,Sr.,Sr,"Querétaro, Mexico",Querétaro,,international,,0,https://nsuspartans.com/sports/womens-tennis/roster
ten_e225b6837639,Yuliya,Yurkova,tennis,2025-26,2026,D1,Women,Mid-Eastern Athletic Conference,Norfolk St.,"5'9""",Player,Jr.,Jr,"Vitebsk, Belarus",Vitebsk,,international,,0,https://nsuspartans.com/sports/womens-tennis/roster
ten_cd537cbb2afe,Anastasia,Akuginova,tennis,2025-26,2026,D1,Women,Mid-American Conference,Toledo,,Player,So.,So,"Moscow, Russia",Moscow,,international,Secondary School,0,https://utrockets.com/sports/wten/roster
ten_5e88702336ab,Isabella,Barretto,tennis,2025-26,2026,D1,Women,Mid-American Conference,Toledo,,Player,So.,So,"Rochester, Mich.",Rochester,MI,domestic,Stoney Creek,0,https://utrockets.com/sports/wten/roster
ten_485a865e0227,Jone,Ibanez,tennis,2025-26,2026,D1,Women,Mid-American Conference,Toledo,,Player,Sr.,Sr,"Santurtzi, Spain",Santurtzi,,international,Kantauri Institutua,0,https://utrockets.com/sports/wten/roster
ten_889891c606b2,Iva,Jankovic,tennis,2025-26,2026,D1,Women,Mid-American Conference,Toledo,,Player,So.,So,"Valjevo, Serbia",Valjevo,,international,E-Gimnazija,0,https://utrockets.com/sports/wten/roster
ten_4d173c9ff1a8,Emerson,Jones,tennis,2025-26,2026,D1,Women,Mid-American Conference,Toledo,,Player,Fr.,Fr,"Saline, Mich.",Saline,MI,domestic,Saline,0,https://utrockets.com/sports/wten/roster
ten_20363b0873ba,Annika,Munson,tennis,2025-26,2026,D1,Women,Mid-American Conference,Toledo,,Player,Jr.,Jr,"Stillwater, Minn.",Stillwater,MN,domestic,Mahtomedi,0,https://utrockets.com/sports/wten/roster
ten_61ffbf61d0ec,Gaby,Rondon,tennis,2025-26,2026,D1,Women,Mid-American Conference,Toledo,,Player,Sr.,Sr,"Hollywood, Fla.",Hollywood,FL,domestic,Florida Virtual School,0,https://utrockets.com/sports/wten/roster
ten_471df85ae5f8,JJ,Scholten,tennis,2025-26,2026,D1,Women,Mid-American Conference,Toledo,,Player,Jr.,Jr,"Arlington, Va.",Arlington,VA,domestic,Laurel Springs Online School,0,https://utrockets.com/sports/wten/roster
ten_55995e7c98bd,June,Vigneron,tennis,2025-26,2026,D1,Women,Mid-American Conference,Toledo,,Player,Jr.,Jr,"Fleury-en-Biere, France",Fleury-en-Biere,,international,CNED,0,https://utrockets.com/sports/wten/roster
ten_1404ea778340,Cassandra,Lecoanet,tennis,2025-26,2026,D1,Women,Mid-Eastern Athletic Conference,South Carolina St.,"5'5""",Player,Fr.,Fr,California,California,CA,domestic,,0,https://www.scsuathletics.com/sports/womens-tennis/roster/2026
ten_4915bfd0f8b5,Katerina,Marsalkova,tennis,2025-26,2026,D1,Women,Mid-Eastern Athletic Conference,South Carolina St.,"5'5""",Player,Fr.,Fr,Czech Republic,Czech Republic,,international,,0,https://www.scsuathletics.com/sports/womens-tennis/roster/2026
ten_dc481d16ab51,Ashikha,Amalnathan,tennis,2025-26,2026,D1,Women,Mid-Eastern Athletic Conference,South Carolina St.,"5'6""",Player,So.,So,"Grander, Indiana",Grander,IN,domestic,,0,https://www.scsuathletics.com/sports/womens-tennis/roster/2026
ten_5493dead08ba,Danica,Nedeljkovic,tennis,2025-26,2026,D1,Women,Mid-Eastern Athletic Conference,South Carolina St.,"5'7""",Player,Jr.,Jr,"Belgrade, Serbia",Belgrade,,international,,0,https://www.scsuathletics.com/sports/womens-tennis/roster/2026
ten_4b3c12852f4c,Iriela,Rajaobelina,tennis,2025-26,2026,D1,Women,Mid-Eastern Athletic Conference,South Carolina St.,"5'5""",Player,Fr.,Fr,Madagascar,Madagascar,,international,,0,https://www.scsuathletics.com/sports/womens-tennis/roster/2026
ten_b1326f57daef,Tuhina,Sambhus,tennis,2025-26,2026,D1,Women,Mid-Eastern Athletic Conference,South Carolina St.,"5'5""",Player,Jr.,Jr,"Wellington, New Zealand",Wellington,,international,,0,https://www.scsuathletics.com/sports/womens-tennis/roster/2026
ten_4af91878db73,Valeria,Teran,tennis,2025-26,2026,D1,Women,Mid-Eastern Athletic Conference,South Carolina St.,"5'2""",Player,Sr.,Sr,"Barquisimeto, Venezuela",Barquisimeto,,international,,0,https://www.scsuathletics.com/sports/womens-tennis/roster/2026
ten_15b9266f4612,Gala,Arangio,tennis,2025-26,2026,D1,Women,Mountain West Conference,Grand Canyon,,Player,Jr.,Jr,"Buenos Aires, Argentina",Buenos Aires,,international,Iowa State,0,https://gculopes.com/sports/womens-tennis/roster
ten_6151ed7087fe,Bella,Crossman,tennis,2025-26,2026,D1,Women,Mountain West Conference,Grand Canyon,,Player,So.,So,"Torrumbarry, Australia",Torrumbarry,,international,,0,https://gculopes.com/sports/womens-tennis/roster
ten_cc5620e9da5b,Dania,Deaifi,tennis,2025-26,2026,D1,Women,Mountain West Conference,Grand Canyon,,Player,Sr.,Sr,"Irvine, Calif.",Irvine,CA,domestic,,0,https://gculopes.com/sports/womens-tennis/roster
ten_abe82f0bb4f3,Peyton,Duckett,tennis,2025-26,2026,D1,Women,Mountain West Conference,Grand Canyon,,Player,So.,So,"Perth, Western Australia",Perth,,international,,0,https://gculopes.com/sports/womens-tennis/roster
ten_256627d5c6a4,Karina,Hofbauer,tennis,2025-26,2026,D1,Women,Mountain West Conference,Grand Canyon,,Player,So.,So,"Osterhofen, Germany",Osterhofen,,international,,0,https://gculopes.com/sports/womens-tennis/roster
ten_686ac649f82b,Hams,Metwally,tennis,2025-26,2026,D1,Women,Mountain West Conference,Grand Canyon,,Player,Fr.,Fr,"Alexandria, Egypt",Alexandria,,international,,0,https://gculopes.com/sports/womens-tennis/roster
ten_0093f1d3e06b,Sydney,Schnell,tennis,2025-26,2026,D1,Women,Mountain West Conference,Grand Canyon,,Player,Jr.,Jr,"Phoenix, Ariz.",Phoenix,AZ,domestic,Desert Vista,0,https://gculopes.com/sports/womens-tennis/roster
ten_205a8397a0e6,Amália,Suciu,tennis,2025-26,2026,D1,Women,Mountain West Conference,Grand Canyon,,Player,Fr.,Fr,"Faro, Portugal",Faro,,international,,0,https://gculopes.com/sports/womens-tennis/roster
ten_c72c784f148f,Andi,Anderson,tennis,2025-26,2026,D1,Women,Mountain West Conference,Fresno St.,,Player,Fr.,Fr,"Smyrna, Georgia",Smyrna,GA,domestic,,0,https://gobulldogs.com/sports/womens-tennis/roster
ten_b5fe426fd12c,Anna,Asenio,tennis,2025-26,2026,D1,Women,Mountain West Conference,Fresno St.,,Player,Fr.,Fr,"Lleida, Spain",Lleida,,international,,0,https://gobulldogs.com/sports/womens-tennis/roster
ten_ac7809b23464,Eliza,Dunbar,tennis,2025-26,2026,D1,Women,Mountain West Conference,Fresno St.,,Player,Sr.,Sr,"Traralgon, Australia",Traralgon,,international,,0,https://gobulldogs.com/sports/womens-tennis/roster
ten_a50cdcbce0e8,Milena,Maiorova,tennis,2025-26,2026,D1,Women,Mountain West Conference,Fresno St.,,Player,Sr.,Sr,"Kazan, Russia",Kazan,,international,Private Institution for General Education of Moscow,0,https://gobulldogs.com/sports/womens-tennis/roster
ten_f83d8e46cc1d,Francesca,Terzi,tennis,2025-26,2026,D1,Women,Mountain West Conference,Fresno St.,,Player,Fr.,Fr,"Bologna, Italy",Bologna,,international,,0,https://gobulldogs.com/sports/womens-tennis/roster
ten_dc6680450740,Nina,Wiese,tennis,2025-26,2026,D1,Women,Mountain West Conference,Fresno St.,,Player,Jr.,Jr,"Flushing, N.Y.",Flushing,NY,domestic,Garden City,0,https://gobulldogs.com/sports/womens-tennis/roster
ten_b74eaef4a556,Vittoria,Benedetti,tennis,2025-26,2026,D1,Women,Missouri Valley Conference,Illinois St.,,Player,So.,So,"Montecatini Terme, Italy",Montecatini Terme,,international,Danville HS,0,https://goredbirds.com/sports/womens-tennis/roster
ten_65b22ee4a7b1,Anna,Houpt,tennis,2025-26,2026,D1,Women,Missouri Valley Conference,Illinois St.,,Player,Fr.,Fr,"Danville, Ill.",Danville,IL,domestic,Danville HS,0,https://goredbirds.com/sports/womens-tennis/roster
ten_651f119c89a3,Nicole,Iosio,tennis,2025-26,2026,D1,Women,Missouri Valley Conference,Illinois St.,,Player,Jr.,Jr,"Cordenons, Italy",Cordenons,,international,,0,https://goredbirds.com/sports/womens-tennis/roster
ten_d6649937b7bd,Emma,Lindh,tennis,2025-26,2026,D1,Women,Missouri Valley Conference,Illinois St.,,Player,Jr.,Jr,"Malmo, Sweden",Malmo,,international,,0,https://goredbirds.com/sports/womens-tennis/roster
ten_4f278bef0294,Sophie,Marie Lowe,tennis,2025-26,2026,D1,Women,Missouri Valley Conference,Illinois St.,,Player,Jr.,Jr,"Wimbledon, Great Britain",Wimbledon,,international,,0,https://goredbirds.com/sports/womens-tennis/roster
ten_ac550aea45f6,Ella,McLeod,tennis,2025-26,2026,D1,Women,Missouri Valley Conference,Illinois St.,,Player,Fr.,Fr,"Singleton, Australia",Singleton,,international,,0,https://goredbirds.com/sports/womens-tennis/roster
ten_647ad9b670e6,Emma,Peretti,tennis,2025-26,2026,D1,Women,Missouri Valley Conference,Illinois St.,,Player,Fr.,Fr,"Arenzano, Italy",Arenzano,,international,,0,https://goredbirds.com/sports/womens-tennis/roster
ten_d932bc1b2c9a,Ana,Baron,tennis,2025-26,2026,D1,Women,Missouri Valley Conference,Valparaiso,,Player,So.,So,"Crown Point, Ind.",Crown Point,IN,domestic,Crown Point,0,https://valpoathletics.com/sports/womens-tennis/roster
ten_e3ad58694134,Cathy,Beckmann,tennis,2025-26,2026,D1,Women,Missouri Valley Conference,Valparaiso,,Player,Fr.,Fr,"Indianapolis, Ind.",Indianapolis,IN,domestic,Bishop Chatard,0,https://valpoathletics.com/sports/womens-tennis/roster
ten_c1418f35f8f4,Andrea,Delgado,tennis,2025-26,2026,D1,Women,Missouri Valley Conference,Valparaiso,,Player,Jr.,Jr,"Richmond, Texas",Richmond,TX,domestic,Foster (Dallas Baptist),0,https://valpoathletics.com/sports/womens-tennis/roster
ten_8d0851b941e7,Jolene,Fernandes,tennis,2025-26,2026,D1,Women,Missouri Valley Conference,Valparaiso,,Player,Sr.,Sr,"Calgary, Alberta, Canada",Calgary,,international,,0,https://valpoathletics.com/sports/womens-tennis/roster
ten_ec83548abc60,Alexandra,Popa,tennis,2025-26,2026,D1,Women,Missouri Valley Conference,Valparaiso,,Player,So.,So,"Glenview, Ill.",Glenview,IL,domestic,Glenbrook South,0,https://valpoathletics.com/sports/womens-tennis/roster
ten_0e33b3698084,Brynn,Steven,tennis,2025-26,2026,D1,Women,Missouri Valley Conference,Valparaiso,,Player,Jr.,Jr,"Wichita, Kan.",Wichita,KS,domestic,Bishop Carroll,0,https://valpoathletics.com/sports/womens-tennis/roster
ten_e8e64613635f,Lacey,Tanner,tennis,2025-26,2026,D1,Women,Missouri Valley Conference,Valparaiso,,Player,Jr.,Jr,"Fort Pierce, Fla.",Fort Pierce,FL,domestic,Florida Virtual School,0,https://valpoathletics.com/sports/womens-tennis/roster
ten_7a0a23ebacf0,Sofia,Davidoff,tennis,2025-26,2026,D1,Women,Ohio Valley Conference,Southern Ind.,,Player,Jr.,Jr,"Lagny-sur-Marne, France",Lagny-sur-Marne,,international,Agde,0,https://usiscreamingeagles.com/sports/womens-tennis/roster
ten_d94b7747af58,Antonia,Ferrarini,tennis,2025-26,2026,D1,Women,Ohio Valley Conference,Southern Ind.,,Player,Jr.,Jr,"Caxias do Sul, Brazil",Caxias do Sul,,international,Colegio Sao Jose,0,https://usiscreamingeagles.com/sports/womens-tennis/roster
ten_960587a79400,Enna,Krnjic,tennis,2025-26,2026,D1,Women,Ohio Valley Conference,Southern Ind.,,Player,Jr.,Jr,"Burlington, Ontario, Canada",Burlington,,international,Louisiana Monroe,0,https://usiscreamingeagles.com/sports/womens-tennis/roster
ten_5dff6dc8eeeb,Claire,Meyer,tennis,2025-26,2026,D1,Women,Ohio Valley Conference,Southern Ind.,,Player,Jr.,Jr,"New Albany, IN",New Albany,IN,domestic,New Albany,0,https://usiscreamingeagles.com/sports/womens-tennis/roster
ten_5c3e98b21da5,Lily,Meyer,tennis,2025-26,2026,D1,Women,Ohio Valley Conference,Southern Ind.,,Player,Jr.,Jr,"New Albany, IN",New Albany,IN,domestic,New Albany,0,https://usiscreamingeagles.com/sports/womens-tennis/roster
ten_a7b52f95f049,Anais,Negrail,tennis,2025-26,2026,D1,Women,Ohio Valley Conference,Southern Ind.,,Player,Jr.,Jr,"Maisons-Alfort, France",Maisons-Alfort,,international,Maisons-Alfort,0,https://usiscreamingeagles.com/sports/womens-tennis/roster
ten_5199e8c30e36,Rylie,Wilkison,tennis,2025-26,2026,D1,Women,Ohio Valley Conference,Southern Ind.,,Player,So.,So,"Whiteland, IN",Whiteland,IN,domestic,Franklin Community High School,0,https://usiscreamingeagles.com/sports/womens-tennis/roster
ten_7638702814f6,Stefaniya,Anikina,tennis,2025-26,2026,D1,Women,Ohio Valley Conference,SIUE,,Player,Sr.,Sr,"Karaganda, Kazakhstan",Karaganda,,international,,0,https://siuecougars.com/sports/womens-tennis/roster
ten_448486cdca4e,Emma,Baker,tennis,2025-26,2026,D1,Women,Ohio Valley Conference,SIUE,,Player,Fr.,Fr,"College Grove, Tenn.",College Grove,TN,domestic,,0,https://siuecougars.com/sports/womens-tennis/roster
ten_275788cfe531,Mya,Bowe,tennis,2025-26,2026,D1,Women,Ohio Valley Conference,SIUE,,Player,So.,So,"San Antonio, Texas",San Antonio,TX,domestic,,0,https://siuecougars.com/sports/womens-tennis/roster
ten_e9a9a56051ab,Chloe,Koons,tennis,2025-26,2026,D1,Women,Ohio Valley Conference,SIUE,,Player,Sr.,Sr,"Glen Carbon, Ill.",Glen Carbon,IL,domestic,,0,https://siuecougars.com/sports/womens-tennis/roster
ten_fd2f38db65ce,Jessica,Li,tennis,2025-26,2026,D1,Women,Ohio Valley Conference,SIUE,,Player,Sr.,Sr,"Auckland, New Zealand",Auckland,,international,,0,https://siuecougars.com/sports/womens-tennis/roster
ten_1336f8a62c28,Emerson,Metzger,tennis,2025-26,2026,D1,Women,Ohio Valley Conference,SIUE,,Player,So.,So,"Hilton Head, S.C.",Hilton Head,SC,domestic,,0,https://siuecougars.com/sports/womens-tennis/roster
ten_ec2df0922068,Valeriia,Oleksyn,tennis,2025-26,2026,D1,Women,Ohio Valley Conference,SIUE,,Player,Fr.,Fr,"Lviv, Ukraine",Lviv,,international,,0,https://siuecougars.com/sports/womens-tennis/roster
ten_6c40c09a5456,Elena,Palioura,tennis,2025-26,2026,D1,Women,Ohio Valley Conference,SIUE,,Player,Jr.,Jr,"Thessaloniki, Greece",Thessaloniki,,international,,0,https://siuecougars.com/sports/womens-tennis/roster
ten_20af6059b9dc,Aliya,Rector,tennis,2025-26,2026,D1,Women,Ohio Valley Conference,SIUE,,Player,So.,So,"Lee's Summit, Mo.",Lee's Summit,MO,domestic,,0,https://siuecougars.com/sports/womens-tennis/roster
ten_3c299fcb28e0,Jacinta,Villalobos,tennis,2025-26,2026,D1,Women,Ohio Valley Conference,SIUE,,Player,Fr.,Fr,"Hinsdale, Ill.",Hinsdale,IL,domestic,,0,https://siuecougars.com/sports/womens-tennis/roster
ten_84f79ea5ea13,Lena,Dogadalski,tennis,2025-26,2026,D1,Women,Patriot League,Lehigh,,Player,Fy.,Fr,"Libertyville, Ill.",Libertyville,IL,domestic,Libertyville,0,https://lehighsports.com/sports/wten/roster
ten_54a1f8f4b1bd,Maggie,Forkner,tennis,2025-26,2026,D1,Women,Patriot League,Lehigh,,Player,Jr.,Jr,"Libertyville, Ill.",Libertyville,IL,domestic,Libertyville,0,https://lehighsports.com/sports/wten/roster
ten_21dacde6ca70,Audrey,Harrington,tennis,2025-26,2026,D1,Women,Patriot League,Lehigh,,Player,Jr.,Jr,"San Juan Capistrano, Calif.",San Juan Capistrano,CA,domestic,St. Margaret's Episcopal,0,https://lehighsports.com/sports/wten/roster
ten_3d27dbf84bbe,Ronit,Khromchenko,tennis,2025-26,2026,D1,Women,Patriot League,Lehigh,,Player,So.,So,Manalapan,Manalapan,,international,N.J.,0,https://lehighsports.com/sports/wten/roster
ten_338e64ca21fb,Hannah,Letzer,tennis,2025-26,2026,D1,Women,Patriot League,Lehigh,,Player,Jr.,Jr,"Kalamazoo, Mich.",Kalamazoo,MI,domestic,Okemos,0,https://lehighsports.com/sports/wten/roster
ten_060781081277,Alice,Ann Pantsari,tennis,2025-26,2026,D1,Women,Patriot League,Lehigh,,Player,Fy.,Fr,"Santa Rosa Beach, Fla.",Santa Rosa Beach,FL,domestic,Homeschool,1,https://lehighsports.com/sports/wten/roster
ten_6e06879a4001,Bella,Peters,tennis,2025-26,2026,D1,Women,Patriot League,Lehigh,,Player,Sr.,Sr,"South Abington Twp., Pa.",South Abington Twp.,PA,domestic,Abington,0,https://lehighsports.com/sports/wten/roster
ten_30891c4242b3,Alina,Shyani,tennis,2025-26,2026,D1,Women,Patriot League,Lehigh,,Player,So.,So,"Palatine, Ill.",Palatine,IL,domestic,Fremd,0,https://lehighsports.com/sports/wten/roster
ten_00bd0998d3e8,Giselle,Vlassis,tennis,2025-26,2026,D1,Women,Patriot League,Lehigh,,Player,Jr.,Jr,"Syracuse, N.Y.",Syracuse,NY,domestic,Christian Brothers Academy,1,https://lehighsports.com/sports/wten/roster
ten_1ee06b45373b,Skye,Yonehara,tennis,2025-26,2026,D1,Women,Patriot League,Lehigh,,Player,So.,So,"Honolulu, Hawaii.",Honolulu,HI,domestic,Laurel Springs School,0,https://lehighsports.com/sports/wten/roster
ten_9896e8924a75,Tori,Allen,tennis,2025-26,2026,D1,Women,Patriot League,Bucknell,,Player,Sr.,Sr,"Horsham, Pa.",Horsham,PA,domestic,The Shipley School,0,https://bucknellbison.com/sports/wten/roster
ten_ae7b81ea8aed,Natalie,Devraj,tennis,2025-26,2026,D1,Women,Patriot League,Bucknell,,Player,Jr.,Jr,"Mandeville, La.",Mandeville,LA,domestic,Mandeville,0,https://bucknellbison.com/sports/wten/roster
ten_e0a64dc7f0b4,Summer,Even-Esh,tennis,2025-26,2026,D1,Women,Patriot League,Bucknell,,Player,So.,So,"Manasquan, NJ",Manasquan,NJ,domestic,Manasquan High School,0,https://bucknellbison.com/sports/wten/roster
ten_979915c75a50,Riley,Jennings,tennis,2025-26,2026,D1,Women,Patriot League,Bucknell,,Player,Jr.,Jr,"Apex, N.C.",Apex,NC,domestic,Apex Friendship,0,https://bucknellbison.com/sports/wten/roster
ten_341e4290ef6e,Cameron,King,tennis,2025-26,2026,D1,Women,Patriot League,Bucknell,,Player,Jr.,Jr,"Albuquerque, N.M.",Albuquerque,NM,domestic,La Cueva,0,https://bucknellbison.com/sports/wten/roster
ten_1f7f8304134f,Jordan,Lee,tennis,2025-26,2026,D1,Women,Patriot League,Bucknell,,Player,Fr.,Fr,"Basking Ridge, NJ",Basking Ridge,NJ,domestic,Ridge High School,0,https://bucknellbison.com/sports/wten/roster
ten_3470529dabd0,Jaycie,Mair,tennis,2025-26,2026,D1,Women,Patriot League,Bucknell,,Player,Sr.,Sr,"Lexington, Ky.",Lexington,KY,domestic,Lexington Catholic,0,https://bucknellbison.com/sports/wten/roster
ten_9c155284722e,Isabella,Massis,tennis,2025-26,2026,D1,Women,Patriot League,Bucknell,,Player,Fr.,Fr,"Stoney Creek, Ontario, Canada",Stoney Creek,,international,Ridley College,0,https://bucknellbison.com/sports/wten/roster
ten_1bc6d907f145,Katherine,Purpura,tennis,2025-26,2026,D1,Women,Patriot League,Bucknell,,Player,So.,So,"Newport Beach, Calif.",Newport Beach,CA,domestic,Saint Margaret's Episcopal School,0,https://bucknellbison.com/sports/wten/roster
ten_8eb085fc7d18,Mariana,Shulman,tennis,2025-26,2026,D1,Women,Patriot League,Bucknell,,Player,So.,So,"Boston, Mass.",Boston,MA,domestic,The Newman School,0,https://bucknellbison.com/sports/wten/roster
ten_8474c7fff808,Maja,Bajorek,tennis,2025-26,2026,D1,Women,Ohio Valley Conference,Southeast Mo. St.,,Player,Sr.,Sr,"Krakow, Poland",Krakow,,international,Cned High School,0,https://semoredhawks.com/sports/wten/roster
ten_645731e1d449,Pien,De Greef,tennis,2025-26,2026,D1,Women,Ohio Valley Conference,Southeast Mo. St.,,Player,Fr.,Fr,,,,unknown,,0,https://semoredhawks.com/sports/wten/roster
ten_65f12953ab2b,Juliette,Demunck,tennis,2025-26,2026,D1,Women,Ohio Valley Conference,Southeast Mo. St.,,Player,Sr.,Sr,"Geneva, Switzerland",Geneva,,international,Cned High School,0,https://semoredhawks.com/sports/wten/roster
ten_a08e9b597d95,Maria,Drag,tennis,2025-26,2026,D1,Women,Ohio Valley Conference,Southeast Mo. St.,,Player,Fr.,Fr,,,,unknown,,0,https://semoredhawks.com/sports/wten/roster
ten_395868df05c0,Mia,Mayerová,tennis,2025-26,2026,D1,Women,Ohio Valley Conference,Southeast Mo. St.,,Player,Jr.,Jr,"Bratislava, Slovakia",Bratislava,,international,Spojená škola Ostredková 10,0,https://semoredhawks.com/sports/wten/roster
ten_faf703e051b7,Saskia,Soome,tennis,2025-26,2026,D1,Women,Ohio Valley Conference,Southeast Mo. St.,,Player,So.,So,"Pielavesi, Finland",Pielavesi,,international,Pielaveden Lukio,0,https://semoredhawks.com/sports/wten/roster
ten_2eb6cd9aa607,Yontha,Tadoum,tennis,2025-26,2026,D1,Women,Ohio Valley Conference,Southeast Mo. St.,,Player,Jr.,Jr,"Doula, Cameroon",Doula,,international,Texas Connections Academy,1,https://semoredhawks.com/sports/wten/roster
ten_382cfb4bd558,Sofia,Zemtsova,tennis,2025-26,2026,D1,Women,Ohio Valley Conference,Southeast Mo. St.,,Player,Sr.,Sr,"Pyatigorsk, Russia",Pyatigorsk,,international,N. 12 / Christian Brothers University,0,https://semoredhawks.com/sports/wten/roster
ten_4aa65207c0df,Alex,Ackman,tennis,2025-26,2026,D1,Women,Southeastern Conference,Missouri,,Player,Sophomore,So,"Stuart, Fla",Stuart,FL,domestic,Florida Virtual,0,https://mutigers.com/sports/womens-tennis/roster
ten_171193c2786c,Leticia,Bazan,tennis,2025-26,2026,D1,Women,Southeastern Conference,Missouri,,Player,Freshman,Fr,"Lima, Peru",Lima,,international,Liceo Naval Almirante Guise,0,https://mutigers.com/sports/womens-tennis/roster
ten_2bb4d3746db4,Daria,Budko,tennis,2025-26,2026,D1,Women,Southeastern Conference,Missouri,,Player,Freshman,Fr,"Frisco, Texas",Frisco,TX,domestic,iUniversity Prep,1,https://mutigers.com/sports/womens-tennis/roster
ten_1b4c5d0a90b9,Danielle,Chapman,tennis,2025-26,2026,D1,Women,Southeastern Conference,Missouri,,Player,Freshman,Fr,"Benoni, South Africa",Benoni,,international,Think Digital Academy,1,https://mutigers.com/sports/womens-tennis/roster
ten_264bac8103df,Mariana,Higuita Barraza,tennis,2025-26,2026,D1,Women,Southeastern Conference,Missouri,,Player,,UNK,"Medellin, Colombia",Medellin,,international,Unicab Virtual,0,https://mutigers.com/sports/womens-tennis/roster
ten_bfb863b44394,Alba,Salles Canudas,tennis,2025-26,2026,D1,Women,Southeastern Conference,Missouri,,Player,Freshman,Fr,"Barcelona, Spain",Barcelona,,international,Institut Obert de Catalunya,0,https://mutigers.com/sports/womens-tennis/roster
ten_0a67ac372d6c,Evelyn,Whiteside,tennis,2025-26,2026,D1,Women,Southeastern Conference,Missouri,,Player,Freshman,Fr,"San Antonio, Texas",San Antonio,TX,domestic,Alamo Heights,0,https://mutigers.com/sports/womens-tennis/roster
ten_94be1056a3e4,Ashton,Bowers,tennis,2025-26,2026,D1,Women,Southeastern Conference,Auburn,,Player,Junior,Jr,"Alpharetta, GA",Alpharetta,GA,domestic,Greater Atlanta Christian,0,https://auburntigers.com/sports/womens-tennis/roster
ten_2684c7eaf418,Aishi,Das,tennis,2025-26,2026,D1,Women,Southeastern Conference,Auburn,,Player,Freshman,Fr,"Auckland, New Zealand",Auckland,,international,,0,https://auburntigers.com/sports/womens-tennis/roster
ten_867dd8cb76c3,Ava,Esposito,tennis,2025-26,2026,D1,Women,Southeastern Conference,Auburn,,Player,Senior,Sr,"Branford, CT",Branford,CT,domestic,Laurel Springs High School,0,https://auburntigers.com/sports/womens-tennis/roster
ten_c7b51f2099eb,Eva,Ionescu,tennis,2025-26,2026,D1,Women,Southeastern Conference,Auburn,,Player,Sophomore,So,"Alexandria, Romania",Alexandria,,international,Liceul Alexandru Ghica,0,https://auburntigers.com/sports/womens-tennis/roster
ten_9d0155205852,Emma,Kamper,tennis,2025-26,2026,D1,Women,Southeastern Conference,Auburn,,Player,Senior,Sr,"Vejle, Denmark",Vejle,,international,Roedkilde Gymnasium,0,https://auburntigers.com/sports/womens-tennis/roster
ten_a7b01fc62d88,Isabella,Kruger,tennis,2025-26,2026,D1,Women,Southeastern Conference,Auburn,,Player,Redshirt Freshman,Fr,"Pretoria, South Africa",Pretoria,,international,IMG Academy,1,https://auburntigers.com/sports/womens-tennis/roster
ten_db247b3d009b,Kaya,Moe,tennis,2025-26,2026,D1,Women,Southeastern Conference,Auburn,,Player,Freshman,Fr,"Avon, Connecticut",Avon,CT,domestic,ICL Academy,1,https://auburntigers.com/sports/womens-tennis/roster
ten_c29cd05e94b3,Natalie,Outcalt,tennis,2025-26,2026,D1,Women,Southeastern Conference,Auburn,,Player,Junior,Jr,"Ponte Vedra Beach, FL",Ponte Vedra Beach,FL,domestic,St. John's Virtual School,0,https://auburntigers.com/sports/womens-tennis/roster
ten_c3fa88bc9e9b,Merna,Refaat,tennis,2025-26,2026,D1,Women,Southeastern Conference,Auburn,,Player,Junior,Jr,"Giza, Egypt",Giza,,international,El Alsson American School,0,https://auburntigers.com/sports/womens-tennis/roster
ten_cd777b9ea5df,Bianca,Ceroni,tennis,2025-26,2026,D1,Women,Southern Conference,Furman,,Player,So.,So,"Ontario, Canada",Ontario,,international,Assumption Catholic,0,https://furmanpaladins.com/sports/womens-tennis/roster
ten_38c7c1e7a994,Sasha,Dimitrov,tennis,2025-26,2026,D1,Women,Southern Conference,Furman,,Player,So.,So,"Alpharetta, Ga.",Alpharetta,GA,domestic,Denmark,0,https://furmanpaladins.com/sports/womens-tennis/roster
ten_0ca8f6c10c12,Lily,Doherty,tennis,2025-26,2026,D1,Women,Southern Conference,Furman,,Player,So.,So,"Berkshire, England",Berkshire,,international,Wycombe,0,https://furmanpaladins.com/sports/womens-tennis/roster
ten_facb150ef3eb,Macy,Hitchcock,tennis,2025-26,2026,D1,Women,Southern Conference,Furman,,Player,Sr.,Sr,"Eaton, Ohio",Eaton,OH,domestic,Eaton,0,https://furmanpaladins.com/sports/womens-tennis/roster
ten_b69daf9622c6,Lillie,Murphy,tennis,2025-26,2026,D1,Women,Southern Conference,Furman,,Player,So.,So,"Knoxville, Tenn.",Knoxville,TN,domestic,Knoxville Catholic,0,https://furmanpaladins.com/sports/womens-tennis/roster
ten_8492ef8334d6,Molly,Robinson,tennis,2025-26,2026,D1,Women,Southern Conference,Furman,,Player,So.,So,"West Yorkshire, England",West Yorkshire,,international,Wakefield Girls,0,https://furmanpaladins.com/sports/womens-tennis/roster
ten_99673fa9ba38,Elle,Warren,tennis,2025-26,2026,D1,Women,Southern Conference,Furman,,Player,So.,So,"Canton, Ohio",Canton,OH,domestic,IMG Academy,1,https://furmanpaladins.com/sports/womens-tennis/roster
ten_e8665ce5af54,Zara,Burns,tennis,2025-26,2026,D1,Women,Southern Conference,Chattanooga,,Player,Jr.,Jr,Ireland,Ireland,,international,Institute of Education,0,https://gomocs.com/sports/womens-tennis/roster
ten_b71603e18186,Jordan,Fenton,tennis,2025-26,2026,D1,Women,Southern Conference,Chattanooga,,Player,So.,So,"Biscayne Park, Fla.",Biscayne Park,FL,domestic,Tier One Tennis,0,https://gomocs.com/sports/womens-tennis/roster
ten_b32c4447452c,Addison,Iacono,tennis,2025-26,2026,D1,Women,Southern Conference,Chattanooga,,Player,So.,So,"Pittsboro, N.C.",Pittsboro,NC,domestic,Greensboro Tennis Program,0,https://gomocs.com/sports/womens-tennis/roster
ten_7d4498e23cf6,Joelle,Krikorian,tennis,2025-26,2026,D1,Women,Southern Conference,Chattanooga,,Player,So.,So,"Brentwood, Tenn.",Brentwood,TN,domestic,Brentwood Tennis Club,0,https://gomocs.com/sports/womens-tennis/roster
ten_20a18b121572,Rufaro,Magarira,tennis,2025-26,2026,D1,Women,Southern Conference,Chattanooga,,Player,Jr.,Jr,"Harare, Zimbabwe",Harare,,international,,0,https://gomocs.com/sports/womens-tennis/roster
ten_a38338247759,Ella,Mancuso,tennis,2025-26,2026,D1,Women,Southern Conference,Chattanooga,,Player,So.,So,"Baton Rouge, La.",Baton Rouge,LA,domestic,St. Joseph's Academy,1,https://gomocs.com/sports/womens-tennis/roster
ten_ea800bf22e7e,Margaret,Manolache,tennis,2025-26,2026,D1,Women,Southern Conference,Chattanooga,,Player,Sr.,Sr,"Knoxville, Tenn.",Knoxville,TN,domestic,Laurel Springs School,0,https://gomocs.com/sports/womens-tennis/roster
ten_e10e4ab61206,Liam,Oved,tennis,2025-26,2026,D1,Women,Southern Conference,Chattanooga,,Player,Jr.,Jr,"Tel Aviv-Yafo, Israel",Tel Aviv-Yafo,,international,Royi Kariv,0,https://gomocs.com/sports/womens-tennis/roster
ten_e903e3b806e0,Emma,Pedretti,tennis,2025-26,2026,D1,Women,Southern Conference,Chattanooga,,Player,Sr.,Sr,"Cremona, Italy",Cremona,,international,Itis Liceo Scientifico,0,https://gomocs.com/sports/womens-tennis/roster
ten_6404d0357d7d,Savannah,Presson,tennis,2025-26,2026,D1,Women,Southern Conference,Chattanooga,,Player,Jr.,Jr,"Knoxville, Tenn.",Knoxville,TN,domestic,Tennessee Tennis Club,0,https://gomocs.com/sports/womens-tennis/roster
ten_4e5490985ad1,Louna,Cormier,tennis,2025-26,2026,D1,Women,Southland Conference,McNeese,,Player,So.,So,"Cannes, France",Cannes,,international,French Touch Academy,1,https://mcneesesports.com/sports/womens-tennis/roster
ten_83b16487d315,Salome,Fluri,tennis,2025-26,2026,D1,Women,Southland Conference,McNeese,,Player,Jr.,Jr,"Lostorf, Switzerland",Lostorf,,international,Kantonsschule Solothurn,0,https://mcneesesports.com/sports/womens-tennis/roster
ten_f313a7dd6918,Leana,Gomez,tennis,2025-26,2026,D1,Women,Southland Conference,McNeese,,Player,R-Jr.,Jr,"Miami, Fla.",Miami,FL,domestic,Miami Senior HIgh,0,https://mcneesesports.com/sports/womens-tennis/roster
ten_fc1469331594,Erica,Hagi,tennis,2025-26,2026,D1,Women,Southland Conference,McNeese,,Player,Sr.,Sr,"Yokohama, Japan",Yokohama,,international,Montverde Academy,1,https://mcneesesports.com/sports/womens-tennis/roster
ten_6e5db421dacb,Naomi,Hagi,tennis,2025-26,2026,D1,Women,Southland Conference,McNeese,,Player,So.,So,"Yokohama, Japan",Yokohama,,international,University of Nebraska High School,0,https://mcneesesports.com/sports/womens-tennis/roster
ten_7364b8b8fc73,Ana,Hollweg,tennis,2025-26,2026,D1,Women,Southland Conference,McNeese,,Player,Sr.,Sr,"Santa Cruz de la Sierra, Bolivia",Santa Cruz de la Sierra,,international,Royal Hollow Academy,1,https://mcneesesports.com/sports/womens-tennis/roster
ten_44b48fbfbaf1,Alexa,Martinez,tennis,2025-26,2026,D1,Women,Southland Conference,McNeese,,Player,Jr.,Jr,"Sarasota, Fla.",Sarasota,FL,domestic,Connection Academy,1,https://mcneesesports.com/sports/womens-tennis/roster
ten_5e00615dcb52,Elena,Morales,tennis,2025-26,2026,D1,Women,Southland Conference,McNeese,,Player,Jr.,Jr,"Sevilla, Spain",Sevilla,,international,IES V Centenario,0,https://mcneesesports.com/sports/womens-tennis/roster
ten_acb734354a30,Jacqueline,Schnabel,tennis,2025-26,2026,D1,Women,Southland Conference,McNeese,,Player,Gr.,Gr,"Austin, Texas",Austin,TX,domestic,Buda Johnson High,0,https://mcneesesports.com/sports/womens-tennis/roster
ten_46303a9de8cf,Martina,Alcaino,tennis,2025-26,2026,D1,Women,Southland Conference,Lamar University,"5'7""",Player,Sr.,Sr,Chile,Chile,,international,,,https://lamarcardinals.com/sports/womens-tennis/roster
ten_dcfa99690ebf,Savannah,Bijlsma,tennis,2025-26,2026,D1,Women,Southland Conference,Lamar University,"5'9""",Player,Sr.,Sr,"The Hague, Netherlands",The Hague,,international,Lyceum Ypenburg,0,https://lamarcardinals.com/sports/womens-tennis/roster
ten_9c300ac9a79d,Arina,Gudovskaya,tennis,2025-26,2026,D1,Women,Southland Conference,Lamar University,"5'6""",Player,Jr.,Jr,"Moscow, Russia",Moscow,,international,,0,https://lamarcardinals.com/sports/womens-tennis/roster
ten_d3d3f221f0fd,Eva,Gumenyuk,tennis,2025-26,2026,D1,Women,Southland Conference,Lamar University,"5'6""",Player,So.,So,"Moscow, Russia",Moscow,,international,,0,https://lamarcardinals.com/sports/womens-tennis/roster
ten_f350f6ce8b4f,Kate,Labenski,tennis,2025-26,2026,D1,Women,Southland Conference,Lamar University,"5'7""",Player,Fr.,Fr,"Groves, Texas",Groves,TX,domestic,,0,https://lamarcardinals.com/sports/womens-tennis/roster
ten_d8b704954ad0,Asta,Miettinen,tennis,2025-26,2026,D1,Women,Southland Conference,Lamar University,"5'11""",Player,Jr.,Jr,Finland,Finland,,international,,0,https://lamarcardinals.com/sports/womens-tennis/roster
ten_3ebab1fbe121,Luana,Paiva,tennis,2025-26,2026,D1,Women,Southland Conference,Lamar University,"5'6""",Player,Jr.,Jr,"Salvador, Brazil",Salvador,,international,,0,https://lamarcardinals.com/sports/womens-tennis/roster
ten_fedee9a1bc1c,Varvara,Popadina,tennis,2025-26,2026,D1,Women,Southland Conference,Lamar University,"5'7""",Player,So.,So,"Moscow, Russia",Moscow,,international,,0,https://lamarcardinals.com/sports/womens-tennis/roster
ten_6264572fc74a,Lera,Zaginayko,tennis,2025-26,2026,D1,Women,Southland Conference,Lamar University,"5'7""",Player,So.,So,"Beit Yanai, Israel",Beit Yanai,,international,,0,https://lamarcardinals.com/sports/womens-tennis/roster
ten_838c710b3818,Riley,Crowder,tennis,2025-26,2026,D1,Women,Southeastern Conference,Ole Miss,,Player,So.,So,"Dothan, Ala.",Dothan,AL,domestic,Grandview Preparatory School,1,https://olemisssports.com/sports/wten/roster
ten_b22af83d5fc6,Ichino,Horikawa,tennis,2025-26,2026,D1,Women,Southeastern Conference,Ole Miss,,Player,So.,So,"Kyoto, Japan",Kyoto,,international,Renaissance Osaka,0,https://olemisssports.com/sports/wten/roster
ten_6ebee92ede4e,Léna,Thomas Iglesias,tennis,2025-26,2026,D1,Women,Southeastern Conference,Ole Miss,,Player,Fr.,Fr,"Paris, France",Paris,,international,CNED,0,https://olemisssports.com/sports/wten/roster
ten_05e54a12cb54,Andrea,Nova,tennis,2025-26,2026,D1,Women,Southeastern Conference,Ole Miss,,Player,Sr.,Sr,"Prague, Czech Republic",Prague,,international,,0,https://olemisssports.com/sports/wten/roster
ten_563c6a06ff57,Alice,Soulié,tennis,2025-26,2026,D1,Women,Southeastern Conference,Ole Miss,,Player,Jr.,Jr,"Angers, France",Angers,,international,National Center For Distance Education,0,https://olemisssports.com/sports/wten/roster
ten_1e3a78f33076,Owen,Wilkinson,tennis,2025-26,2026,D1,Women,Southeastern Conference,Ole Miss,,Player,So.,So,"Oxford, Miss.",Oxford,MS,domestic,Oxford,0,https://olemisssports.com/sports/wten/roster
ten_2196b3395d30,Natalia,Alves de Lima,tennis,2025-26,2026,D1,Women,The Summit League,South Dakota,"5'3""",Player,Jr.,Jr,"Santa Catarina, Brazil",Santa Catarina,,international,Saber Curitiba,0,https://goyotes.com/sports/womens-tennis/roster/2026
ten_9eb1120b6e87,Ava,Doddridge,tennis,2025-26,2026,D1,Women,The Summit League,South Dakota,,Player,So.,So,"Wellington, New Zealand",Wellington,,international,Queen Margaret College,0,https://goyotes.com/sports/womens-tennis/roster/2026
ten_4f295e28f294,Sonya,Issakova,tennis,2025-26,2026,D1,Women,The Summit League,South Dakota,,Player,So.,So,"Almaty, Kazakhstan",Almaty,,international,Murray State,0,https://goyotes.com/sports/womens-tennis/roster/2026
ten_90471bfc2fdb,Nora,Krajewski,tennis,2025-26,2026,D1,Women,The Summit League,South Dakota,,Player,Fr.,Fr,"Yankton, South Dakota",Yankton,SD,domestic,Yankton High School,0,https://goyotes.com/sports/womens-tennis/roster/2026
ten_136bd6ca4ef0,Cassy,Marra,tennis,2025-26,2026,D1,Women,The Summit League,South Dakota,,Player,So.,So,"Morcote, Ticino, Switzerland",Morcote,,international,Scuola Professionale per Sportivi D'élite (SPSE),0,https://goyotes.com/sports/womens-tennis/roster/2026
ten_6dfa0ff07b01,Aiya,Myrzakulova,tennis,2025-26,2026,D1,Women,The Summit League,South Dakota,,Player,Fr.,Fr,"Almaty, Kazakhstan",Almaty,,international,Author's School,0,https://goyotes.com/sports/womens-tennis/roster/2026
ten_be6f416b5928,Keta,Shavishvili,tennis,2025-26,2026,D1,Women,The Summit League,South Dakota,"5'5""",Player,So.,So,"Tibilisi, Georgia",Tibilisi,GA,domestic,Public School,0,https://goyotes.com/sports/womens-tennis/roster/2026
ten_c71c2b1cd528,Nastya,Soloveva,tennis,2025-26,2026,D1,Women,The Summit League,South Dakota,,Player,Fr.,Fr,"Moscow, Russia",Moscow,,international,GAPOU MO PC Energy,0,https://goyotes.com/sports/womens-tennis/roster/2026
ten_1acc8ef998c5,Natalie,Crawford,tennis,2025-26,2026,D1,Women,Sun Belt Conference,Ga. Southern,,Player,Jr.,Jr,"London, England",London,,international,Belfairs Academy,1,https://gseagles.com/sports/womens-tennis/roster
ten_df1a20abed86,Annik,Freund,tennis,2025-26,2026,D1,Women,Sun Belt Conference,Ga. Southern,,Player,Fr.,Fr,"Eppstein, Germany",Eppstein,,international,Privatgymnasium Dr. Richter,0,https://gseagles.com/sports/womens-tennis/roster
ten_7dd60cb36c75,Franzi,Heinemann,tennis,2025-26,2026,D1,Women,Sun Belt Conference,Ga. Southern,,Player,Jr.,Jr,"Bad Driburg, Germany",Bad Driburg,,international,Gymnasium St. Xaver,0,https://gseagles.com/sports/womens-tennis/roster
ten_cb7b5559a199,Mar,Hernandez,tennis,2025-26,2026,D1,Women,Sun Belt Conference,Ga. Southern,,Player,Fr.,Fr,"Alicante, Spain",Alicante,,international,Immaculada Jesuitas Alicante,0,https://gseagles.com/sports/womens-tennis/roster
ten_88feef549db2,Mackenzie,Leopold,tennis,2025-26,2026,D1,Women,Sun Belt Conference,Ga. Southern,,Player,Sr.,Sr,"Watkinsville, Ga.",Watkinsville,GA,domestic,North Oconee HS,0,https://gseagles.com/sports/womens-tennis/roster
ten_cd9d4a9cddc2,Angelina,Mihajlovic,tennis,2025-26,2026,D1,Women,Sun Belt Conference,Ga. Southern,,Player,Jr.,Jr,"Krusevac, Serbia",Krusevac,,international,Gimnazija,0,https://gseagles.com/sports/womens-tennis/roster
ten_b329ff6ff556,Reese,Parker,tennis,2025-26,2026,D1,Women,Sun Belt Conference,Ga. Southern,,Player,Jr.,Jr,"Windermere, Fla.",Windermere,FL,domestic,IMG Academy,1,https://gseagles.com/sports/womens-tennis/roster
ten_978889b1b99b,Amelie,Rosadoro,tennis,2025-26,2026,D1,Women,Sun Belt Conference,Ga. Southern,,Player,Jr.,Jr,"Alicante, Spain",Alicante,,international,Saint Joseph's,0,https://gseagles.com/sports/womens-tennis/roster
ten_9cc01447f0bb,Evelyn,Warkentin,tennis,2025-26,2026,D1,Women,Sun Belt Conference,Ga. Southern,,Player,Jr.,Jr,"Aschendorf, Germany",Aschendorf,,international,Mariengymnasium Papenburg,0,https://gseagles.com/sports/womens-tennis/roster
ten_cd12457cf795,Sarah,Copley,tennis,2025-26,2026,D1,Women,Sun Belt Conference,Marshall,,Player,So.,So,England,England,,international,,0,https://herdzone.com/sports/womens-tennis/roster
ten_c5e08a135564,Nour,El Ouazzani,tennis,2025-26,2026,D1,Women,Sun Belt Conference,Marshall,,Player,Jr.,Jr,"Casablanca, Morocco",Casablanca,,international,,0,https://herdzone.com/sports/womens-tennis/roster
ten_aac831fcb1ea,Polina,Gumeniuk,tennis,2025-26,2026,D1,Women,Sun Belt Conference,Marshall,,Player,So.,So,Ukraine,Ukraine,,international,,0,https://herdzone.com/sports/womens-tennis/roster
ten_6baf45abb671,Alina,Mokrynska,tennis,2025-26,2026,D1,Women,Sun Belt Conference,Marshall,,Player,Jr.,Jr,Ukraine,Ukraine,,international,,0,https://herdzone.com/sports/womens-tennis/roster
ten_8d2640db4bd4,Meredith,Riley,tennis,2025-26,2026,D1,Women,Sun Belt Conference,Marshall,,Player,Jr.,Jr,"South Point, Ohio",South Point,OH,domestic,South Point HS,0,https://herdzone.com/sports/womens-tennis/roster
ten_1433956c6240,Olivia,Collins,tennis,2025-26,2026,D1,Women,Sun Belt Conference,Texas St.,,Player,Fr.,Fr,"Adelaide, Australia",Adelaide,,international,Beacon High School,0,https://txst.com/sports/womens-tennis/roster
ten_6ad1dd95abe7,Stoney,Cooks,tennis,2025-26,2026,D1,Women,Sun Belt Conference,Texas St.,,Player,Fr.,Fr,"Brooklyn, New York",Brooklyn,NY,domestic,,0,https://txst.com/sports/womens-tennis/roster
ten_63d6cd320632,Zoe,Du Pasquier Jensen,tennis,2025-26,2026,D1,Women,Sun Belt Conference,Texas St.,,Player,Fr.,Fr,"Copenhagen, Denmark",Copenhagen,,international,,0,https://txst.com/sports/womens-tennis/roster
ten_6e7ebb48259a,Tadiwa,Mauchi,tennis,2025-26,2026,D1,Women,Sun Belt Conference,Texas St.,,Player,So.,So,"Harare, Zimbabwe",Harare,,international,,0,https://txst.com/sports/womens-tennis/roster
ten_6b96914276d9,Chantajah,Mills,tennis,2025-26,2026,D1,Women,Sun Belt Conference,Texas St.,,Player,So.,So,"New York, New York",New York,NY,domestic,Beacon High School,0,https://txst.com/sports/womens-tennis/roster
ten_67883f252c48,Emily,Niers,tennis,2025-26,2026,D1,Women,Sun Belt Conference,Texas St.,,Player,Sr.,Sr,"Calgary, Alberta, Canada",Calgary,,international,Western Canada High School,0,https://txst.com/sports/womens-tennis/roster
ten_ea0651f8a20a,Anastasia,Radovanovic,tennis,2025-26,2026,D1,Women,Sun Belt Conference,Texas St.,,Player,Fr.,Fr,Switzerland,Switzerland,,international,,0,https://txst.com/sports/womens-tennis/roster
ten_e5e1a4578bc2,Julia,Richardet,tennis,2025-26,2026,D1,Women,Sun Belt Conference,Texas St.,,Player,Jr.,Jr,"Cordoba, Argentina",Cordoba,,international,La Salle Arguello,0,https://txst.com/sports/womens-tennis/roster
ten_17b662d39527,Charlotte,Roesch,tennis,2025-26,2026,D1,Women,Sun Belt Conference,Texas St.,,Player,So.,So,"Stuttgart, Germany",Stuttgart,,international,TC Leonberg,0,https://txst.com/sports/womens-tennis/roster
ten_a3604698776f,Ireland,Simme,tennis,2025-26,2026,D1,Women,Sun Belt Conference,Texas St.,,Player,Sr.,Sr,"Austin, Texas",Austin,TX,domestic,AESA Prep,1,https://txst.com/sports/womens-tennis/roster
ten_b2c1cfa8e61d,Princess,Bass,tennis,2025-26,2026,D1,Women,Southwestern Athletic Conference,Mississippi Val.,"5'2""",Player,Jr.,Jr,"Tunica, Mississippi",Tunica,MS,domestic,Rosa Fort HS,0,https://mvsusports.com/sports/womens-tennis/roster/2026
ten_03434d90b59e,Tori,Carter,tennis,2025-26,2026,D1,Women,Southwestern Athletic Conference,Mississippi Val.,,Player,Sr.,Sr,"Los Angeles, California",Los Angeles,CA,domestic,Dorsey HS,0,https://mvsusports.com/sports/womens-tennis/roster/2026
ten_13186afe5486,Lilly,Gansauge,tennis,2025-26,2026,D1,Women,Southwestern Athletic Conference,Mississippi Val.,"5'2""",Player,Sr.,Sr,"Heidenau, Germany",Heidenau,,international,Landesgymnasium Fur Sport Leipzig HS,0,https://mvsusports.com/sports/womens-tennis/roster/2026
ten_7e681a6b843d,Alice,Legnedahl,tennis,2025-26,2026,D1,Women,Southwestern Athletic Conference,Mississippi Val.,,Player,Jr.,Jr,"Onsala, Sweden",Onsala,,international,Landesgymnasium Fur Sport Leipzig HS,0,https://mvsusports.com/sports/womens-tennis/roster/2026
ten_2753e498bd6a,Ruramai,Nyamakura,tennis,2025-26,2026,D1,Women,Southwestern Athletic Conference,Mississippi Val.,,Player,Fr.,Fr,"Mutare, Zimbabwe",Mutare,,international,,0,https://mvsusports.com/sports/womens-tennis/roster/2026
ten_77a8a6272e21,Nina,Schiks,tennis,2025-26,2026,D1,Women,Southwestern Athletic Conference,Mississippi Val.,"5'7""",Player,So.,So,"Boxneer, Netherlands",Boxneer,,international,Cios Amhem HS,0,https://mvsusports.com/sports/womens-tennis/roster/2026
ten_6e36258d0c9f,Živa,Falkner,tennis,2025-26,2026,D1,Women,West Coast Conference,Pepperdine,,Player,Tr.,UNK,"Novo Mesto, Slovenia",Novo Mesto,,international,Šolski Center Novo Mesto,0,https://pepperdinewaves.com/sports/womens-tennis/roster
ten_bf582934a9c8,Anastasiia,Grechkina,tennis,2025-26,2026,D1,Women,West Coast Conference,Pepperdine,,Player,Jr.,Jr,"Moscow, Russia",Moscow,,international,,,https://pepperdinewaves.com/sports/womens-tennis/roster
ten_0ece1dc51082,Alexia,Harmon,tennis,2025-26,2026,D1,Women,West Coast Conference,Pepperdine,,Player,Jr.,Jr,"Las Vegas, Nev.",Las Vegas,NV,domestic,Odyssey Charter High School,0,https://pepperdinewaves.com/sports/womens-tennis/roster
ten_8c55af1bca6d,Shihomi,Leong,tennis,2025-26,2026,D1,Women,West Coast Conference,Pepperdine,,Player,So.,So,"Ipoh, Malaysia",Ipoh,,international,SMJKPoi Lam,0,https://pepperdinewaves.com/sports/womens-tennis/roster
ten_8b510f89f646,Chantal,Sauvant,tennis,2025-26,2026,D1,Women,West Coast Conference,Pepperdine,,Player,Gr.,Gr,"Heidelberg, Germany",Heidelberg,,international,Privatgymnasium Weinheim,0,https://pepperdinewaves.com/sports/womens-tennis/roster
ten_163a3e1eaf37,Duru,Söke,tennis,2025-26,2026,D1,Women,West Coast Conference,Pepperdine,,Player,Jr.,Jr,"Izmir, Turkey",Izmir,,international,Okyanus Koleji Antalya,0,https://pepperdinewaves.com/sports/womens-tennis/roster
ten_1f97e79e1363,Sonja,Zhiyenbayeva,tennis,2025-26,2026,D1,Women,West Coast Conference,Pepperdine,,Player,So.,So,"Almaty, Kazakhstan",Almaty,,international,Med High,0,https://pepperdinewaves.com/sports/womens-tennis/roster
ten_7d17ffa41200,Amina,Avdic,tennis,2025-26,2026,D1,Women,West Coast Conference,Seattle U,,Player,Sophomore,So,,,,unknown,,0,https://goseattleu.com/sports/womens-tennis/roster
ten_9ae2af64708d,Costanca,Catalao,tennis,2025-26,2026,D1,Women,West Coast Conference,Seattle U,,Player,Freshman,Fr,,,,unknown,,0,https://goseattleu.com/sports/womens-tennis/roster
ten_b1339f5a8cf0,Patricia,Gui,tennis,2025-26,2026,D1,Women,West Coast Conference,Seattle U,,Player,Freshman,Fr,,,,unknown,,0,https://goseattleu.com/sports/womens-tennis/roster
ten_aa3a5e677e36,Daria,Nazarenko,tennis,2025-26,2026,D1,Women,West Coast Conference,Seattle U,,Player,Senior,Sr,,,,unknown,,0,https://goseattleu.com/sports/womens-tennis/roster
ten_e43670ef33e1,Montserrat,Sierra,tennis,2025-26,2026,D1,Women,West Coast Conference,Seattle U,,Player,Graduate Student,Gr,,,,unknown,,0,https://goseattleu.com/sports/womens-tennis/roster
ten_e78979a9340e,Maija,Tamura,tennis,2025-26,2026,D1,Women,West Coast Conference,Seattle U,,Player,Junior,Jr,,,,unknown,,0,https://goseattleu.com/sports/womens-tennis/roster
ten_da3663470bd6,Aleksandra,Toneva,tennis,2025-26,2026,D1,Women,West Coast Conference,Seattle U,,Player,Freshman,Fr,,,,unknown,,0,https://goseattleu.com/sports/womens-tennis/roster
ten_32b065bf0a0f,Kristina,Vasileva,tennis,2025-26,2026,D1,Women,West Coast Conference,Seattle U,,Player,Freshman,Fr,,,,unknown,,0,https://goseattleu.com/sports/womens-tennis/roster
ten_04ebe06876ec,Vladislava,Andreevskaya,tennis,2025-26,2026,D1,Women,Big 12 Conference,UCF,,Player,Junior,Jr,"Bishkek, Kyrgyzstan",Bishkek,,international,,0,https://ucfknights.com/sports/womens-tennis/roster
ten_839e226532d3,Olivia,Bergler,tennis,2025-26,2026,D1,Women,Big 12 Conference,UCF,,Player,Junior,Jr,"Gliwice, Poland",Gliwice,,international,,0,https://ucfknights.com/sports/womens-tennis/roster
ten_a857a1ab6aaf,Marina,Gatell,tennis,2025-26,2026,D1,Women,Big 12 Conference,UCF,,Player,Sophomore,So,"Mallorca, Spain",Mallorca,,international,,0,https://ucfknights.com/sports/womens-tennis/roster
ten_b7c7c45c39ea,Konoha,Kawasaki,tennis,2025-26,2026,D1,Women,Big 12 Conference,UCF,,Player,Freshman,Fr,"Tokyo, Japan",Tokyo,,international,,0,https://ucfknights.com/sports/womens-tennis/roster
ten_a899ff16fb72,Marta,Makarova,tennis,2025-26,2026,D1,Women,Big 12 Conference,UCF,,Player,Freshman,Fr,"Kirov, Russia",Kirov,,international,,0,https://ucfknights.com/sports/womens-tennis/roster
ten_39c6c728ab91,Jade,Psonka,tennis,2025-26,2026,D1,Women,Big 12 Conference,UCF,,Player,Junior,Jr,"Amiens, France",Amiens,,international,,0,https://ucfknights.com/sports/womens-tennis/roster
ten_eac12354ca9c,Hannah,Rylatt,tennis,2025-26,2026,D1,Women,Big 12 Conference,UCF,,Player,Redshirt Sophomore,So,"St. Helens, England",St. Helens,,international,,0,https://ucfknights.com/sports/womens-tennis/roster
ten_cbea34de6dd8,Daryna,Shoshyna,tennis,2025-26,2026,D1,Women,Big 12 Conference,UCF,,Player,Redshirt Senior,Sr,"Kharkiv, Ukraine",Kharkiv,,international,Northern Arizona,0,https://ucfknights.com/sports/womens-tennis/roster
ten_d02af3dcee70,Jantje,Tilbuerger,tennis,2025-26,2026,D1,Women,Big 12 Conference,UCF,,Player,Graduate Student,Gr,"Ganderkesee, Germany",Ganderkesee,,international,ILS,0,https://ucfknights.com/sports/womens-tennis/roster
ten_d7de4e4059ae,"Wei ""Ivy""",Zhangqian,tennis,2025-26,2026,D1,Women,Big 12 Conference,UCF,,Player,Freshman,Fr,"Kaifeng, China",Kaifeng,,international,,0,https://ucfknights.com/sports/womens-tennis/roster
ten_d5be89acc0be,Mara,Gae,tennis,2025-26,2026,D1,Women,Atlantic Coast Conference,Virginia,,Player,Sophomore,So,"Bucharest, Romania",Bucharest,,international,Laurel Springs,0,https://virginiasports.com/sports/wten/roster
ten_87225ae20441,Martina,Genis Salas,tennis,2025-26,2026,D1,Women,Atlantic Coast Conference,Virginia,,Player,Junior,Jr,"Tarragona, Spain",Tarragona,,international,,0,https://virginiasports.com/sports/wten/roster
ten_1ee755dbc2f1,Alyssa,James,tennis,2025-26,2026,D1,Women,Atlantic Coast Conference,Virginia,,Player,Freshman,Fr,Jamaica,Jamaica,,international,Laurel Springs,0,https://virginiasports.com/sports/wten/roster
ten_f41bbd78ded0,Isabelle,Lacy,tennis,2025-26,2026,D1,Women,Atlantic Coast Conference,Virginia,,Player,Junior,Jr,"London, England",London,,international,,0,https://virginiasports.com/sports/wten/roster
ten_eca31009684c,Shannon,Lam,tennis,2025-26,2026,D1,Women,Atlantic Coast Conference,Virginia,,Player,Freshman,Fr,"East Brunswick, N.J.",East Brunswick,NJ,domestic,Dwight Global,0,https://virginiasports.com/sports/wten/roster
ten_f93108a0b3f2,Blanca,Pico Navarro,tennis,2025-26,2026,D1,Women,Atlantic Coast Conference,Virginia,,Player,Senior,Sr,"Alicante, Spain",Alicante,,international,,0,https://virginiasports.com/sports/wten/roster
ten_7c706a68b6d4,Katie,Rolls,tennis,2025-26,2026,D1,Women,Atlantic Coast Conference,Virginia,,Player,Sophomore,So,"Plymouth, Michigan",Plymouth,MI,domestic,Limitless Center of Excellence,0,https://virginiasports.com/sports/wten/roster
ten_ee1183ebede9,Vivian,Yang,tennis,2025-26,2026,D1,Women,Atlantic Coast Conference,Virginia,,Player,Senior,Sr,"Aukland, New Zealand",Aukland,,international,Westlake Girls High,0,https://virginiasports.com/sports/wten/roster
ten_3da0b86bd401,Eugenia,Zozaya,tennis,2025-26,2026,D1,Women,Atlantic Coast Conference,Virginia,,Player,Sophomore,So,"Oviedo, Spain",Oviedo,,international,I.E.S. Dona Jimena,0,https://virginiasports.com/sports/wten/roster
ten_85c9e9c2f818,Kaylie,Cao,tennis,2025-26,2026,D1,Women,West Coast Conference,Pacific,"5'4""",Player,So.,So,"Yorba Linda, Calif.",Yorba Linda,CA,domestic,Yorba Linda HS,0,https://pacifictigers.com/sports/womens-tennis/roster
ten_59501a6428be,Nahreen,Cheam,tennis,2025-26,2026,D1,Women,West Coast Conference,Pacific,"5'3""",Player,Sr.,Sr,"Elk Grove, Calif.",Elk Grove,CA,domestic,Visions In Education,0,https://pacifictigers.com/sports/womens-tennis/roster
ten_d3bd264b6bdb,Leyanne,Hirota,tennis,2025-26,2026,D1,Women,West Coast Conference,Pacific,,Player,Sr.,Sr,"Honolulu, Hawaii",Honolulu,HI,domestic,Punahou,0,https://pacifictigers.com/sports/womens-tennis/roster
ten_d77cd3940362,Maggie,Hoe,tennis,2025-26,2026,D1,Women,West Coast Conference,Pacific,"5'3""",Player,Jr.,Jr,"Honolulu, Hawaii",Honolulu,HI,domestic,Mid-Pacific Institute,0,https://pacifictigers.com/sports/womens-tennis/roster
ten_32fa444c341f,Lauren,Joyce,tennis,2025-26,2026,D1,Women,West Coast Conference,Pacific,,Player,Gr.,Gr,"Lodi, Calif.",Lodi,CA,domestic,Visions In Education,0,https://pacifictigers.com/sports/womens-tennis/roster
ten_cd0752a854fe,Eden,Kanon,tennis,2025-26,2026,D1,Women,West Coast Conference,Pacific,"5'2""",Player,So.,So,"Modesto, Calif.",Modesto,CA,domestic,Joseph A. Gregori HS,0,https://pacifictigers.com/sports/womens-tennis/roster
ten_9787ce03d135,Indiya,McLeod,tennis,2025-26,2026,D1,Women,West Coast Conference,Pacific,,Player,Sr.,Sr,"Sydney, New South Wales, Australia",Sydney,,international,Meriden,0,https://pacifictigers.com/sports/womens-tennis/roster
ten_a83ee3879f26,Shukan,Parikh,tennis,2025-26,2026,D1,Women,West Coast Conference,Pacific,,Player,Jr.,Jr,"Rancho Cucamonga, Calif.",Rancho Cucamonga,CA,domestic,Los Osos HS,0,https://pacifictigers.com/sports/womens-tennis/roster
ten_c92f05bd1eea,Maya,Shanok,tennis,2025-26,2026,D1,Women,West Coast Conference,Pacific,,Player,Gr.,Gr,"Boca Raton, Fla.",Boca Raton,FL,domestic,FAU,0,https://pacifictigers.com/sports/womens-tennis/roster
ten_13615676444c,Rayna,Sugai,tennis,2025-26,2026,D1,Women,West Coast Conference,Pacific,"5'4""",Player,Sr.,Sr,"Las Vegas, Nev.",Las Vegas,NV,domestic,Odyssey Charter School,0,https://pacifictigers.com/sports/womens-tennis/roster
ten_962da3ad998d,Miyu,Takiguchi,tennis,2025-26,2026,D1,Women,West Coast Conference,Pacific,,Player,Fr.,Fr,"Tokyo, Japan",Tokyo,,international,,0,https://pacifictigers.com/sports/womens-tennis/roster
ten_e99e6a520fc1,Lily,Ung,tennis,2025-26,2026,D1,Women,West Coast Conference,Pacific,,Player,Fr.,Fr,"Eastvale, Calif.",Eastvale,CA,domestic,,0,https://pacifictigers.com/sports/womens-tennis/roster
ten_f12035d87b51,Sae,Kaneko,tennis,2025-26,2026,D1,Women,Conference USA,Jacksonville St.,,Player,So.,So,Japan,Japan,,international,,0,https://jaxstatesports.com/sports/womens-tennis/roster
ten_a6d3ee3d65b3,Dariia,Medviedieva,tennis,2025-26,2026,D1,Women,Conference USA,Jacksonville St.,,Player,So.,So,"Lviv, Ukraine",Lviv,,international,Tarleton State,0,https://jaxstatesports.com/sports/womens-tennis/roster
ten_8420d323e937,Anna,Medvyedyeva,tennis,2025-26,2026,D1,Women,Conference USA,Jacksonville St.,,Player,R-Sr.,Sr,"Lviv, Ukraine",Lviv,,international,Secondary General Education School,0,https://jaxstatesports.com/sports/womens-tennis/roster
ten_b69de5fa3606,Emma,Montagner,tennis,2025-26,2026,D1,Women,Conference USA,Jacksonville St.,,Player,Jr.,Jr,"Lorient, France",Lorient,,international,Notre Dame de Kerbertrand,0,https://jaxstatesports.com/sports/womens-tennis/roster
ten_7b41dad9b329,Aneka,Patel,tennis,2025-26,2026,D1,Women,Conference USA,Jacksonville St.,,Player,Jr.,Jr,"London, England",London,,international,Royal Masonic School,0,https://jaxstatesports.com/sports/womens-tennis/roster
ten_91fffea32151,Alba,Roche,tennis,2025-26,2026,D1,Women,Conference USA,Jacksonville St.,,Player,So.,So,"Cartagena, Spain",Cartagena,,international,IES Isac Peral,0,https://jaxstatesports.com/sports/womens-tennis/roster
ten_a880dc538beb,Harena,Voaviandraina,tennis,2025-26,2026,D1,Women,Conference USA,Jacksonville St.,,Player,Fr.,Fr,"Coulommiers, Madagascar",Coulommiers,,international,CNED,0,https://jaxstatesports.com/sports/womens-tennis/roster
ten_de232c2e13cf,Ariel,Avidan,tennis,2025-26,2026,D1,Women,Sun Belt Conference,James Madison,,Player,So.,So,"Kfar Saba, Israel",Kfar Saba,,international,Katzanelson,0,https://jmusports.com/sports/wten/roster
ten_455225f10564,Brooklyn,Hoffmann,tennis,2025-26,2026,D1,Women,Sun Belt Conference,James Madison,,Player,So.,So,"Cumming, Ga.",Cumming,GA,domestic,West Forsyth,0,https://jmusports.com/sports/wten/roster
ten_4a354e8fc014,Anna,Kantor,tennis,2025-26,2026,D1,Women,Sun Belt Conference,James Madison,,Player,R-Jr.,Jr,"Budapest, Hungary",Budapest,,international,Elevation Prepatory Academy,1,https://jmusports.com/sports/wten/roster
ten_bc862cc7c225,Corinna,Rietmann,tennis,2025-26,2026,D1,Women,Sun Belt Conference,James Madison,,Player,Jr.,Jr,"Berlin, Germany",Berlin,,international,Beethoven Gymnasium Berlin,0,https://jmusports.com/sports/wten/roster
ten_4bef8ccbe026,Mia,Saveljic,tennis,2025-26,2026,D1,Women,Sun Belt Conference,James Madison,,Player,Jr.,Jr,"New York, N.Y.",New York,NY,domestic,Florida Virtual School,0,https://jmusports.com/sports/wten/roster
ten_e0e0477c83ef,Myra,Shaikh,tennis,2025-26,2026,D1,Women,Sun Belt Conference,James Madison,,Player,Fr.,Fr,"Teaneck, N.J.",Teaneck,NJ,domestic,Florida Connections Academy,1,https://jmusports.com/sports/wten/roster
ten_b1e0b036e656,Niki,Tomeljak,tennis,2025-26,2026,D1,Women,Sun Belt Conference,James Madison,,Player,Fr.,Fr,"Zagreb, Croatia",Zagreb,,international,Private School,0,https://jmusports.com/sports/wten/roster
ten_3b562e217a47,Sierra,Vagi,tennis,2025-26,2026,D1,Women,Sun Belt Conference,James Madison,,Player,Fr.,Fr,"Glen Allen, Va.",Glen Allen,VA,domestic,Laurel Springs School,0,https://jmusports.com/sports/wten/roster
ten_d2a1e04d8afe,Mya,Byrd,tennis,2025-26,2026,D1,Women,Sun Belt Conference,Old Dominion,,Player,Redshirt Senior,Sr,"Norfolk, Va.",Norfolk,VA,domestic,Maury HS,0,https://odusports.com/sports/womens-tennis/roster
ten_32042337c3da,Daniel,Hefner,tennis,2025-26,2026,D1,Women,Sun Belt Conference,Old Dominion,,Player,Freshman,Fr,Israel,Israel,,international,,0,https://odusports.com/sports/womens-tennis/roster
ten_5ebc4abb650e,Uladzislava,Manzhos,tennis,2025-26,2026,D1,Women,Sun Belt Conference,Old Dominion,,Player,Sophomore,So,"Minsk, Belarus",Minsk,,international,,0,https://odusports.com/sports/womens-tennis/roster
ten_6329d59537e1,Ulyana,Romanova,tennis,2025-26,2026,D1,Women,Sun Belt Conference,Old Dominion,,Player,Senior,Sr,"Astana, Kazakhstan",Astana,,international,,0,https://odusports.com/sports/womens-tennis/roster
ten_b3da8784015a,Jess,Board,tennis,2025-26,2026,D1,Women,Western Athletic Conference,Abilene Christian,,Player,So.,So,"Sale, Australia",Sale,,international,,0,https://acusports.com/sports/womens-tennis/roster/2025-26
ten_9e1edb1f29d8,Maria,Cascos,tennis,2025-26,2026,D1,Women,Western Athletic Conference,Abilene Christian,,Player,Sr.,Sr,"Gijón, Spain",Gijón,,international,Colegio La Salle,0,https://acusports.com/sports/womens-tennis/roster/2025-26
ten_878888490cfb,Victoria,Correa,tennis,2025-26,2026,D1,Women,Western Athletic Conference,Abilene Christian,,Player,Fr.,Fr,"León, Mexico",León,,international,,0,https://acusports.com/sports/womens-tennis/roster/2025-26
ten_26296df17913,Angela,Del Campo,tennis,2025-26,2026,D1,Women,Western Athletic Conference,Abilene Christian,,Player,Sr.,Sr,"Gijón, Spain",Gijón,,international,UL Monroe,0,https://acusports.com/sports/womens-tennis/roster/2025-26
ten_1f5845dbe4e3,Alice,Klinteby,tennis,2025-26,2026,D1,Women,Western Athletic Conference,Abilene Christian,,Player,Sr.,Sr,"Falkenberg, Sweden",Falkenberg,,international,Akademi Bastad Gymnasium,0,https://acusports.com/sports/womens-tennis/roster/2025-26
ten_358b4750b61e,Elsa,Luthar,tennis,2025-26,2026,D1,Women,Western Athletic Conference,Abilene Christian,,Player,Fr.,Fr,"Bétheny, France",Bétheny,,international,,0,https://acusports.com/sports/womens-tennis/roster/2025-26
ten_89235c7a877c,Masha,Vrsalovic,tennis,2025-26,2026,D1,Women,Western Athletic Conference,Abilene Christian,,Player,Sr.,Sr,"Cochabamba, Bolivia",Cochabamba,,international,Tiquipaya,0,https://acusports.com/sports/womens-tennis/roster/2025-26
ten_f5b431a954ba,Maria,Andrienko,tennis,2025-26,2026,D1,Women,Southeastern Conference,Alabama,,Player,Sr.,Sr,"Barnaul, Russia",Barnaul,,international,,0,https://rolltide.com/sports/womens-tennis/roster/2025-26
ten_8566d1308d4b,Karla,Bartel,tennis,2025-26,2026,D1,Women,Southeastern Conference,Alabama,,Player,Fr.,Fr,"Cologne, Germany",Cologne,,international,,0,https://rolltide.com/sports/womens-tennis/roster/2025-26
ten_7ea89ea0e8f8,Addison,Bowman,tennis,2025-26,2026,D1,Women,Southeastern Conference,Alabama,,Player,Fr.,Fr,"Jefferson, Ga.",Jefferson,GA,domestic,ICA Academy,1,https://rolltide.com/sports/womens-tennis/roster/2025-26
ten_46d2a49b52f0,Zara,Larke,tennis,2025-26,2026,D1,Women,Southeastern Conference,Alabama,,Player,So.,So,"Sunshine Coast, Australia",Sunshine Coast,,international,,,https://rolltide.com/sports/womens-tennis/roster/2025-26
ten_6a262df36c64,Klara,Milicevic,tennis,2025-26,2026,D1,Women,Southeastern Conference,Alabama,,Player,Sr.,Sr,"Jonkoping, Sweden",Jonkoping,,international,Korrespondensgymnasiet,0,https://rolltide.com/sports/womens-tennis/roster/2025-26
ten_7eeed90f55df,Kristina,Paskauskas,tennis,2025-26,2026,D1,Women,Southeastern Conference,Alabama,,Player,Jr.,Jr,"London, England",London,,international,,,https://rolltide.com/sports/womens-tennis/roster/2025-26
ten_27fbd7875a0b,Amina,Salibayeva,tennis,2025-26,2026,D1,Women,Southeastern Conference,Alabama,,Player,Fr.,Fr,"Almaty, Kazakhstan",Almaty,,international,,0,https://rolltide.com/sports/womens-tennis/roster/2025-26
ten_af16bc1a2c39,Mary,Sidelnyk,tennis,2025-26,2026,D1,Women,Southeastern Conference,Alabama,,Player,Fr.,Fr,"Kyiv, Ukraine",Kyiv,,international,,0,https://rolltide.com/sports/womens-tennis/roster/2025-26
ten_82d030e3bd6b,Naomi,Blanks,tennis,2025-26,2026,D1,Women,Southwestern Athletic Conference,Alabama A&M,"5'9""",Player,So.,So,"Atlanta, Georgia",Atlanta,GA,domestic,Hephzibah HS,0,https://aamusports.com/sports/womens-tennis/roster/2025-26
ten_4e8caf090f4f,Gabrielle,Henderson,tennis,2025-26,2026,D1,Women,Southwestern Athletic Conference,Alabama A&M,"5'7""",Player,Jr.,Jr,"Hephzibah, Ga.",Hephzibah,GA,domestic,Hephzibah HS,0,https://aamusports.com/sports/womens-tennis/roster/2025-26
ten_bcabe01feb1b,Tstitsi,Mahere,tennis,2025-26,2026,D1,Women,Southwestern Athletic Conference,Alabama A&M,,Player,Fr.,Fr,,,,unknown,,0,https://aamusports.com/sports/womens-tennis/roster/2025-26
ten_4ef55b409bbf,Melissa,Mwakha,tennis,2025-26,2026,D1,Women,Southwestern Athletic Conference,Alabama A&M,,Player,Fr.,Fr,"Harare, Zimbabwe",Harare,,international,Westridge Primary School,0,https://aamusports.com/sports/womens-tennis/roster/2025-26
ten_1e6cf29ee095,Alicia,Owegi,tennis,2025-26,2026,D1,Women,Southwestern Athletic Conference,Alabama A&M,"5'7""",Player,Sr.,Sr,"Nairobi, Kenya",Nairobi,,international,St. Austin's Academy,1,https://aamusports.com/sports/womens-tennis/roster/2025-26
ten_8bb674bb22ce,Nardine,Salem,tennis,2025-26,2026,D1,Women,Southwestern Athletic Conference,Alabama A&M,,Player,Fr.,Fr,,,,unknown,,0,https://aamusports.com/sports/womens-tennis/roster/2025-26
ten_e3e3e458f6ee,Sofia,Sotelo Raya,tennis,2025-26,2026,D1,Women,Southwestern Athletic Conference,Alabama A&M,"5'6""",Player,Jr.,Jr,"Morelia, Mexico",Morelia,,international,Tecnológico de Monterrey HS,0,https://aamusports.com/sports/womens-tennis/roster/2025-26
ten_3f561ebe810f,Kelly,Stewart,tennis,2025-26,2026,D1,Women,Southwestern Athletic Conference,Alabama A&M,,Player,Fr.,Fr,,,,unknown,,0,https://aamusports.com/sports/womens-tennis/roster/2025-26
ten_e5b835fbd47f,Lavynia,Vieira de Sa,tennis,2025-26,2026,D1,Women,Southwestern Athletic Conference,Alabama A&M,,Player,Fr.,Fr,,,,unknown,,0,https://aamusports.com/sports/womens-tennis/roster/2025-26
ten_81efd4913f15,Rim,Assanhaji,tennis,2025-26,2026,D1,Women,Southwestern Athletic Conference,Alabama St.,,Player,Fr.,Fr,"Tangier, Morocco",Tangier,,international,University of Nebraska HS,0,https://bamastatesports.com/sports/womens-tennis/roster/2025-26
ten_768b694eb194,Alexia,Campagna,tennis,2025-26,2026,D1,Women,Southwestern Athletic Conference,Alabama St.,,Player,Fr.,Fr,"Quebec, Canada",Quebec,,international,,0,https://bamastatesports.com/sports/womens-tennis/roster/2025-26
ten_4b7e91e42789,Diana,Craciun,tennis,2025-26,2026,D1,Women,Southwestern Athletic Conference,Alabama St.,,Player,So.,So,"British Columbia, Canada",British Columbia,,international,,0,https://bamastatesports.com/sports/womens-tennis/roster/2025-26
ten_073b25bf9f52,Kesmat,El Tawil,tennis,2025-26,2026,D1,Women,Southwestern Athletic Conference,Alabama St.,,Player,So.,So,"Cairo, Egypt",Cairo,,international,,0,https://bamastatesports.com/sports/womens-tennis/roster/2025-26
ten_39bded266dd2,Melisa,Mekic,tennis,2025-26,2026,D1,Women,Southwestern Athletic Conference,Alabama St.,,Player,Jr.,Jr,"Laval, Quebec, Canada",Laval,,international,University of Nebraska HS,0,https://bamastatesports.com/sports/womens-tennis/roster/2025-26
ten_bc213c493cfb,Jovana,Petrovic,tennis,2025-26,2026,D1,Women,Southwestern Athletic Conference,Alabama St.,,Player,Fr.,Fr,"Brisbane, Australia",Brisbane,,international,Moreton Bay College,0,https://bamastatesports.com/sports/womens-tennis/roster/2025-26
ten_b25ffbef02c6,Cléanne,Pickel,tennis,2025-26,2026,D1,Women,Southwestern Athletic Conference,Alabama St.,,Player,Jr.,Jr,"Solothurn, Switzerland",Solothurn,,international,Mouratoglou Tennis Academy,0,https://bamastatesports.com/sports/womens-tennis/roster/2025-26
ten_8879780b60c9,Senna,Van Den Heuvel,tennis,2025-26,2026,D1,Women,Southwestern Athletic Conference,Alabama St.,,Player,Fr.,Fr,"Kortenhoef, Netherlands",Kortenhoef,,international,Comenius College Prep,1,https://bamastatesports.com/sports/womens-tennis/roster/2025-26
ten_200abd792da3,Emma,Ascanio,tennis,2025-26,2026,D1,Women,American Conference,UAB,,Player,Fr.,Fr,"Adeje, Santa Cruz de Tenerife",Adeje,,international,,0,https://uabsports.com/sports/womens-tennis/roster/2025-26
ten_8509d80f9c6d,Gresi,Bajri,tennis,2025-26,2026,D1,Women,American Conference,UAB,,Player,So.,So,"Shkodër, Albania",Shkodër,,international,,0,https://uabsports.com/sports/womens-tennis/roster/2025-26
ten_023e1687753a,Suki,Bateh,tennis,2025-26,2026,D1,Women,American Conference,UAB,,Player,Jr.,Jr,"Hoover, Ala.",Hoover,AL,domestic,Team IMPACT,0,https://uabsports.com/sports/womens-tennis/roster/2025-26
ten_a47b83ae5e82,Julia,Caffarena,tennis,2025-26,2026,D1,Women,American Conference,UAB,,Player,So.,So,"Buenos Aires, Argentina",Buenos Aires,,international,,,https://uabsports.com/sports/womens-tennis/roster/2025-26
ten_1339fdbefb0b,Kristyna,Damaskova,tennis,2025-26,2026,D1,Women,American Conference,UAB,,Player,So.,So,"Ostrava, Czech Republic",Ostrava,,international,,0,https://uabsports.com/sports/womens-tennis/roster/2025-26
ten_3666fd036e47,Antonia,Ende,tennis,2025-26,2026,D1,Women,American Conference,UAB,,Player,Fr.,Fr,"Nuremberg, Germany",Nuremberg,,international,Baden-Wurttemberg Private Gymnasium Schwetzingen,0,https://uabsports.com/sports/womens-tennis/roster/2025-26
ten_0639e8a38d08,Klara,Kajabova,tennis,2025-26,2026,D1,Women,American Conference,UAB,,Player,Jr.,Jr,"Vsetin, Czech Republic",Vsetin,,international,Masarykovo Gymnázium Vsetín,0,https://uabsports.com/sports/womens-tennis/roster/2025-26
ten_aea4feb937e7,Maria,Paz Ospina,tennis,2025-26,2026,D1,Women,American Conference,UAB,,Player,So.,So,"Bogotá, Colombia",Bogotá,,international,,0,https://uabsports.com/sports/womens-tennis/roster/2025-26
ten_bd6e599f5659,Nera,Tesankic,tennis,2025-26,2026,D1,Women,American Conference,UAB,,Player,So.,So,"Osijek, Croatia",Osijek,,international,,0,https://uabsports.com/sports/womens-tennis/roster/2025-26
ten_c21a753bc900,Matea,Andelic,tennis,2025-26,2026,D1,Women,Southwestern Athletic Conference,Alcorn,"5'7""",Player,Fr.,Fr,"Lawrenceville, Ga.",Lawrenceville,GA,domestic,Brookwood HS,0,https://alcornsports.com/sports/womens-tennis/roster/2025-26
ten_e90073e829b6,Hana,Bajramovic,tennis,2025-26,2026,D1,Women,Southwestern Athletic Conference,Alcorn,"6'0""",Player,Fr.,Fr,"Québec City, Québec",Québec City,,international,Ontario Virtual School,0,https://alcornsports.com/sports/womens-tennis/roster/2025-26
ten_4963ff949f2d,Taylor,Briffa,tennis,2025-26,2026,D1,Women,Southwestern Athletic Conference,Alcorn,"5'5""",Player,Fr.,Fr,"Melbourne, Victoria, Australia",Melbourne,,international,Marian College,0,https://alcornsports.com/sports/womens-tennis/roster/2025-26
ten_cb583868187b,Zoe,Crimmel,tennis,2025-26,2026,D1,Women,Southwestern Athletic Conference,Alcorn,"5'9""",Player,Jr.,Jr,"Aspen, Colo.",Aspen,CO,domestic,Julian Charter School,0,https://alcornsports.com/sports/womens-tennis/roster/2025-26
ten_e6185a5eeadc,Katherine,Grados,tennis,2025-26,2026,D1,Women,Southwestern Athletic Conference,Alcorn,"5'4""",Player,Fr.,Fr,"Lawrenceville, Ga.",Lawrenceville,GA,domestic,Collins Hill HS,0,https://alcornsports.com/sports/womens-tennis/roster/2025-26
ten_2eb52bbf60fe,Oihane,Villanueva Lopez,tennis,2025-26,2026,D1,Women,Southwestern Athletic Conference,Alcorn,"5'5""",Player,Jr.,Jr,"Bilbao, Spain",Bilbao,,international,IES Julio Caro Baroja,0,https://alcornsports.com/sports/womens-tennis/roster/2025-26
ten_02886bf98085,Natalija,Nikolic,tennis,2025-26,2026,D1,Women,Southwestern Athletic Conference,Alcorn,"5'10""",Player,Jr.,Jr,"Niš, Serbia",Niš,,international,Prokopovic School,0,https://alcornsports.com/sports/womens-tennis/roster/2025-26
ten_d5404e851244,Amelia,Tatafu,tennis,2025-26,2026,D1,Women,Southwestern Athletic Conference,Alcorn,"5'10""",Player,Fr.,Fr,"Perth, Western Australia, Australia",Perth,,international,Santa Maria College,0,https://alcornsports.com/sports/womens-tennis/roster/2025-26
ten_00bef2b0475e,Sreenidhi,Balaji,tennis,2025-26,2026,D1,Women,Sun Belt Conference,App State,"5'4""",Player,Fr.,Fr,"Bengaluru, India",Bengaluru,,international,Delhi Public School,0,https://appstatesports.com/sports/womens-tennis/roster/2025-26
ten_eb40fe1b93bc,Ruby,Broadbent,tennis,2025-26,2026,D1,Women,Sun Belt Conference,App State,"5'7""",Player,So.,So,"Perth, Australia",Perth,,international,,0,https://appstatesports.com/sports/womens-tennis/roster/2025-26
ten_4b9e688087ff,Alexi,Cleveland,tennis,2025-26,2026,D1,Women,Sun Belt Conference,App State,"5'6""",Player,So.,So,"Boynton Beach, Fla.",Boynton Beach,FL,domestic,,0,https://appstatesports.com/sports/womens-tennis/roster/2025-26
ten_ee168e70d79d,Savannah,Dada-Mascoll,tennis,2025-26,2026,D1,Women,Sun Belt Conference,App State,"5'9""",Player,Sr.,Sr,"Yorkshire, England",Yorkshire,,international,,0,https://appstatesports.com/sports/womens-tennis/roster/2025-26
ten_0dee27acd558,Allegra,Hodson,tennis,2025-26,2026,D1,Women,Sun Belt Conference,App State,"5'9""",Player,Fr.,Fr,"Cambridge, England",Cambridge,,international,Oxford Learning College,0,https://appstatesports.com/sports/womens-tennis/roster/2025-26
ten_188363f71c9a,Naledi,Manyube,tennis,2025-26,2026,D1,Women,Sun Belt Conference,App State,"5'6""",Player,Jr.,Jr,"George, South Africa",George,,international,,0,https://appstatesports.com/sports/womens-tennis/roster/2025-26
ten_e61d3200a23f,Taya,Powell,tennis,2025-26,2026,D1,Women,Sun Belt Conference,App State,"5'2""",Player,Jr.,Jr,"North Tamworth, Australia",North Tamworth,,international,Camden Haven,0,https://appstatesports.com/sports/womens-tennis/roster/2025-26
ten_22a323ed2ad7,Isabela,Romanichen,tennis,2025-26,2026,D1,Women,Sun Belt Conference,App State,"5'9""",Player,Sr.,Sr,"Curitiba, Brazil",Curitiba,,international,,0,https://appstatesports.com/sports/womens-tennis/roster/2025-26
ten_f18300e7a856,Meghna,Arun Kumar,tennis,2025-26,2026,D1,Women,Sun Belt Conference,Arkansas St.,,Player,Fr.,Fr,"Argyle, Texas",Argyle,TX,domestic,,0,https://astateredwolves.com/sports/womens-tennis/roster/2025-26
ten_4ffaf5f0ce3d,Helena,Bueno,tennis,2025-26,2026,D1,Women,Sun Belt Conference,Arkansas St.,,Player,Fr.,Fr,"Brasilia, Brazil",Brasilia,,international,,0,https://astateredwolves.com/sports/womens-tennis/roster/2025-26
ten_f03eed5e62e9,Lilly,Cvanciger,tennis,2025-26,2026,D1,Women,Sun Belt Conference,Arkansas St.,,Player,So.,So,"Kosice, Slovakia",Kosice,,international,,0,https://astateredwolves.com/sports/womens-tennis/roster/2025-26
ten_517873e61a2d,Anna,Grigoreva,tennis,2025-26,2026,D1,Women,Sun Belt Conference,Arkansas St.,,Player,Jr.,Jr,"Kazan, Russia",Kazan,,international,,0,https://astateredwolves.com/sports/womens-tennis/roster/2025-26
ten_4123d0f44d66,Hanmare,McAslin,tennis,2025-26,2026,D1,Women,Sun Belt Conference,Arkansas St.,,Player,So.,So,"Cape Town, South Africa",Cape Town,,international,,0,https://astateredwolves.com/sports/womens-tennis/roster/2025-26
ten_db43c400a5c7,Sarah,Millard,tennis,2025-26,2026,D1,Women,Sun Belt Conference,Arkansas St.,,Player,Sr.,Sr,"Johannesburg, South Africa",Johannesburg,,international,,0,https://astateredwolves.com/sports/womens-tennis/roster/2025-26
ten_b784cced12e9,Carla,Muro Castellvi,tennis,2025-26,2026,D1,Women,Sun Belt Conference,Arkansas St.,,Player,So.,So,"Tarragona, Spain",Tarragona,,international,,0,https://astateredwolves.com/sports/womens-tennis/roster/2025-26
ten_60a9260acac6,Zoya,Chulak,tennis,2025-26,2026,D1,Women,Big 12 Conference,Arizona,,Player,So.,So,"Toronto, Ontario, Canada",Toronto,,international,Vimy Ridge Academy,1,https://arizonawildcats.com/sports/womens-tennis/roster/2025-26
ten_d8f8e959d1c7,Maria,Garcia,tennis,2025-26,2026,D1,Women,Big 12 Conference,Arizona,,Player,So.,So,"Lisbon, Portugal",Lisbon,,international,,0,https://arizonawildcats.com/sports/womens-tennis/roster/2025-26
ten_fb18371103ac,Karissa,Ghigiarelli,tennis,2025-26,2026,D1,Women,Big 12 Conference,Arizona,,Player,Sr.,Sr,"Moosic, Pennsylvania",Moosic,PA,domestic,,0,https://arizonawildcats.com/sports/womens-tennis/roster/2025-26
ten_3e5387bf9e3d,Ciara,Moore,tennis,2025-26,2026,D1,Women,Big 12 Conference,Arizona,,Player,Fr.,Fr,"Leatherland, England",Leatherland,,international,,0,https://arizonawildcats.com/sports/womens-tennis/roster/2025-26
ten_bc14ef88e778,Tanvi,Narendran,tennis,2025-26,2026,D1,Women,Big 12 Conference,Arizona,,Player,Sr.,Sr,"Tucson, Arizona",Tucson,AZ,domestic,,0,https://arizonawildcats.com/sports/womens-tennis/roster/2025-26
ten_f48b77b0f368,Martyna,Ostrzygalo,tennis,2025-26,2026,D1,Women,Big 12 Conference,Arizona,,Player,Jr.,Jr,"Edmonton, Alberta, Canada",Edmonton,,international,Vimy Ridge Academy,1,https://arizonawildcats.com/sports/womens-tennis/roster/2025-26
ten_58277be87dc2,Stephanie,Shogreen,tennis,2025-26,2026,D1,Women,Big 12 Conference,Arizona,,Player,So.,So,"Scottsdale, Arizona",Scottsdale,AZ,domestic,,0,https://arizonawildcats.com/sports/womens-tennis/roster/2025-26
ten_bdc6a0fd8013,Danielle,Tuhten,tennis,2025-26,2026,D1,Women,Big 12 Conference,Arizona,,Player,Sr.,Sr,"Port Coquitlam, Vancouver",Port Coquitlam,,international,,0,https://arizonawildcats.com/sports/womens-tennis/roster/2025-26
ten_4bddc0cc19d3,Josie,Usereau,tennis,2025-26,2026,D1,Women,Big 12 Conference,Arizona,,Player,Jr.,Jr,"Saint-Michel, Quebec",Saint-Michel,,international,University of Nebraska HS,0,https://arizonawildcats.com/sports/womens-tennis/roster/2025-26
ten_91463adc386c,Sophia,Baranov,tennis,2025-26,2026,D1,Women,ASUN Conference,Austin Peay,"5'5""",Player,Sr.,Sr,"Almaty, Kazakhstan",Almaty,,international,Capital Whale,0,https://letsgopeay.com/sports/womens-tennis/roster/2025-26
ten_4f5ee1952e45,Luca,Bohlen,tennis,2025-26,2026,D1,Women,ASUN Conference,Austin Peay,"5'6""",Player,Jr.,Jr,"Berlin, Germany",Berlin,,international,Sportschule im Olympiapark,0,https://letsgopeay.com/sports/womens-tennis/roster/2025-26
ten_898ff99c3ef6,Alice,Bolton,tennis,2025-26,2026,D1,Women,ASUN Conference,Austin Peay,"5'2""",Player,So.,So,"Wellington, New Zealand",Wellington,,international,Queen Margaret College,0,https://letsgopeay.com/sports/womens-tennis/roster/2025-26
ten_062ad89515d1,Pauline,Bruns,tennis,2025-26,2026,D1,Women,ASUN Conference,Austin Peay,"6'0""",Player,Jr.,Jr,"Gilserberg, Germany",Gilserberg,,international,Privatgymnasium Schwetzingen,0,https://letsgopeay.com/sports/womens-tennis/roster/2025-26
ten_762a7c276c6e,Clemence,Butavand,tennis,2025-26,2026,D1,Women,ASUN Conference,Austin Peay,"5'6""",Player,Fr.,Fr,"Lyon, France",Lyon,,international,Institution Saint Joseph,0,https://letsgopeay.com/sports/womens-tennis/roster/2025-26
ten_2ff50f4902fa,Yi-Ching,Huang,tennis,2025-26,2026,D1,Women,ASUN Conference,Austin Peay,"5'2""",Player,Fr.,Fr,"Taipei, Taiwan",Taipei,,international,Municipal New Taipei Senior High School,0,https://letsgopeay.com/sports/womens-tennis/roster/2025-26
ten_ccfcc2ec0268,Ayden,Kujawa,tennis,2025-26,2026,D1,Women,ASUN Conference,Austin Peay,"5'3""",Player,Sr.,Sr,"Clarksville, Tenn.",Clarksville,TN,domestic,Clarksville Academy,1,https://letsgopeay.com/sports/womens-tennis/roster/2025-26
ten_a3cbfad2c941,Katie,Oliver,tennis,2025-26,2026,D1,Women,ASUN Conference,Austin Peay,"5'8""",Player,Fr.,Fr,"Auckland, New Zealand",Auckland,,international,,0,https://letsgopeay.com/sports/womens-tennis/roster/2025-26
ten_e12c31d89662,Elena,Thiel,tennis,2025-26,2026,D1,Women,ASUN Conference,Austin Peay,"5'7""",Player,So.,So,"Hamburg, Germany",Hamburg,,international,KAIFU Gymnasium,0,https://letsgopeay.com/sports/womens-tennis/roster/2025-26
ten_e042da02ca66,Gabriella,Barrera,tennis,2025-26,2026,D1,Women,Mid-American Conference,Ball St.,,Player,Fr.,Fr,"Montgomery, Ala.",Montgomery,AL,domestic,Montgomery Academy,1,https://ballstatesports.com/sports/womens-tennis/roster/2025-26
ten_e0a184cf0cb6,Alana,Bristow,tennis,2025-26,2026,D1,Women,Mid-American Conference,Ball St.,,Player,So.,So,Great Britain,Great Britain,,international,,0,https://ballstatesports.com/sports/womens-tennis/roster/2025-26
ten_43f6595b6084,Sydney,Hrehor,tennis,2025-26,2026,D1,Women,Mid-American Conference,Ball St.,,Player,Sr.,Sr,"Cumming, Ga.",Cumming,GA,domestic,Providence Christian,0,https://ballstatesports.com/sports/womens-tennis/roster/2025-26
ten_c05de656c3bc,Noa,Kosman,tennis,2025-26,2026,D1,Women,Mid-American Conference,Ball St.,,Player,Fr.,Fr,"Frisco, Texas",Frisco,TX,domestic,Centennial High School,0,https://ballstatesports.com/sports/womens-tennis/roster/2025-26
ten_c07bea948a41,Priyanka,Rana,tennis,2025-26,2026,D1,Women,Mid-American Conference,Ball St.,,Player,Fr.,Fr,"Ahmedabad, India",Ahmedabad,,international,,0,https://ballstatesports.com/sports/womens-tennis/roster/2025-26
ten_93aa4f658471,Sarah,Shahbaz,tennis,2025-26,2026,D1,Women,Mid-American Conference,Ball St.,,Player,Jr.,Jr,"Ham Lake, Minn.",Ham Lake,MN,domestic,Minnetonka,0,https://ballstatesports.com/sports/womens-tennis/roster/2025-26
ten_30642b753087,Isabel,Tanjuatco,tennis,2025-26,2026,D1,Women,Mid-American Conference,Ball St.,,Player,Jr.,Jr,"Marietta, Ga.",Marietta,GA,domestic,Lassiter High School,0,https://ballstatesports.com/sports/womens-tennis/roster/2025-26
ten_0196918c0b9a,Asia,Ting Fontana,tennis,2025-26,2026,D1,Women,Mid-American Conference,Ball St.,,Player,Sr.,Sr,"Varedo, Italy",Varedo,,international,"ITI Enrico Fermi (Desio, Italy)",0,https://ballstatesports.com/sports/womens-tennis/roster/2025-26
ten_986f4b0ba061,Anya,Tkachyk,tennis,2025-26,2026,D1,Women,Mid-American Conference,Ball St.,,Player,Fr.,Fr,"Calgary, Canada",Calgary,,international,,0,https://ballstatesports.com/sports/womens-tennis/roster/2025-26
ten_c9ee4fc8496a,Jemima,Williams-Phillips,tennis,2025-26,2026,D1,Women,Mid-American Conference,Ball St.,,Player,So.,So,"Sydney, Australia",Sydney,,international,,0,https://ballstatesports.com/sports/womens-tennis/roster/2025-26
ten_5afea5f70012,Marika,Caruk,tennis,2025-26,2026,D1,Women,ASUN Conference,Bellarmine,"5'8""",Player,Jr.,Jr,"Warsaw, Poland",Warsaw,,international,Liceum Ogólnoksztalcace im. Zofii i Jedrzeja Moraczewskich,0,https://athletics.bellarmine.edu/sports/womens-tennis/roster/2025-26
ten_5132ac23d2e8,Claudia,Fusté Fernández,tennis,2025-26,2026,D1,Women,ASUN Conference,Bellarmine,"5'6""",Player,Fr.,Fr,"Barcelona, Spain",Barcelona,,international,Escola Pia Igualada,0,https://athletics.bellarmine.edu/sports/womens-tennis/roster/2025-26
ten_9ec26260dc4c,Jai,Garris,tennis,2025-26,2026,D1,Women,ASUN Conference,Bellarmine,"5'4""",Player,Jr.,Jr,"Elizabethtown, KY",Elizabethtown,KY,domestic,Elizabethtown,0,https://athletics.bellarmine.edu/sports/womens-tennis/roster/2025-26
ten_cc2d9c15a0cd,Gracie,Hurley,tennis,2025-26,2026,D1,Women,ASUN Conference,Bellarmine,"5'6""",Player,Fr.,Fr,"Cwmavon Community, Neath Port Talbot, Wales",Cwmavon Community,,international,Ysgol Cwm Brombil,0,https://athletics.bellarmine.edu/sports/womens-tennis/roster/2025-26
ten_5e2f9dc35fe2,Nikola,Kollaritsch,tennis,2025-26,2026,D1,Women,ASUN Conference,Bellarmine,"5'6""",Player,Jr.,Jr,"Stainz, Austria",Stainz,,international,Borg Deutschlandsberg,0,https://athletics.bellarmine.edu/sports/womens-tennis/roster/2025-26
ten_8454bcf3db8f,Vendula,Kryslova,tennis,2025-26,2026,D1,Women,ASUN Conference,Bellarmine,"5'7""",Player,Sr.,Sr,"Letkov, Czech Republic",Letkov,,international,Business Academy,1,https://athletics.bellarmine.edu/sports/womens-tennis/roster/2025-26
ten_bb716b3623b1,Reese,Parker,tennis,2025-26,2026,D1,Women,ASUN Conference,Bellarmine,"5'6""",Player,So.,So,"Windermere, FL",Windermere,FL,domestic,IMG Academy,1,https://athletics.bellarmine.edu/sports/womens-tennis/roster/2025-26
ten_463058404e20,Lillie,Willis,tennis,2025-26,2026,D1,Women,ASUN Conference,Bellarmine,"5'10""",Player,Jr.,Jr,"Canton, GA",Canton,GA,domestic,Ignite Christian,0,https://athletics.bellarmine.edu/sports/womens-tennis/roster/2025-26
ten_f17ab4f927a9,Emma,Grant,tennis,2025-26,2026,D1,Women,Missouri Valley Conference,Belmont,"5'6""",Player,Jr.,Jr,"Gretna, La.",Gretna,LA,domestic,Hilton Head Preparatory School,1,https://belmontbruins.com/sports/womens-tennis/roster/2025-26
ten_55b526b29f32,Libbie,Hamilton,tennis,2025-26,2026,D1,Women,Missouri Valley Conference,Belmont,"5'7""",Player,Sr.,Sr,"Mobile, Ala.",Mobile,AL,domestic,St. Paul's Episcopal School,0,https://belmontbruins.com/sports/womens-tennis/roster/2025-26
ten_b52af913899d,Ketevan,Jeladze,tennis,2025-26,2026,D1,Women,Missouri Valley Conference,Belmont,"5'6""",Player,Fr.,Fr,"Tbilisi, Georgia",Tbilisi,GA,domestic,Public School,0,https://belmontbruins.com/sports/womens-tennis/roster/2025-26
ten_23304d515eba,Mia,Jones,tennis,2025-26,2026,D1,Women,Missouri Valley Conference,Belmont,"5'4""",Player,Fr.,Fr,"Sydney, New South Wales, Australia",Sydney,,international,Weil Tennis Academy,1,https://belmontbruins.com/sports/womens-tennis/roster/2025-26
ten_66804a96233a,Isabella,Marquart,tennis,2025-26,2026,D1,Women,Missouri Valley Conference,Belmont,"5'5""",Player,So.,So,"Pewaukee, Wis.",Pewaukee,WI,domestic,Arrowhead HS,0,https://belmontbruins.com/sports/womens-tennis/roster/2025-26
ten_b4cbcb270636,Jessica,Popiol,tennis,2025-26,2026,D1,Women,Missouri Valley Conference,Belmont,"5'8""",Player,So.,So,"Chicago, Ill.",Chicago,IL,domestic,Bartlett HS,0,https://belmontbruins.com/sports/womens-tennis/roster/2025-26
ten_935cd0d19651,Hana,Sokolovic,tennis,2025-26,2026,D1,Women,Missouri Valley Conference,Belmont,"5'6""",Player,Jr.,Jr,"Zagreb, Croatia",Zagreb,,international,"X. gimnazija ""Ivan Supek""",0,https://belmontbruins.com/sports/womens-tennis/roster/2025-26
ten_dbdc3ce397e0,Cielo,Tapia-Cruz,tennis,2025-26,2026,D1,Women,Missouri Valley Conference,Belmont,"5'3""",Player,Gr.,Gr,"Morelia, Michoacán, Mexico",Morelia,,international,Jefferson International,0,https://belmontbruins.com/sports/womens-tennis/roster/2025-26
ten_a6f953ec8eea,Annika,Warkentin,tennis,2025-26,2026,D1,Women,Missouri Valley Conference,Belmont,"5'7""",Player,Fr.,Fr,"Hollywood, Fla.",Hollywood,FL,domestic,ICL Academy,1,https://belmontbruins.com/sports/womens-tennis/roster/2025-26
ten_a60640f36730,Savannah,Webster,tennis,2025-26,2026,D1,Women,Missouri Valley Conference,Belmont,"5'11""",Player,R-Fr.,Fr,"El Segundo, Calif.",El Segundo,CA,domestic,Gomez Tennis Academy,1,https://belmontbruins.com/sports/womens-tennis/roster/2025-26
ten_1171bb83a6c0,Clara,Arbeloa Lopez,tennis,2025-26,2026,D1,Women,America East Conference,Binghamton,"5'10""",Player,So.,So,"Valencia, Spain",Valencia,,international,Cambridge House British International School,0,https://binghamtonbearcats.com/sports/womens-tennis/roster/2025-26
ten_491c8c0f0004,Loren,Cuomo,tennis,2025-26,2026,D1,Women,America East Conference,Binghamton,"5'5""",Player,Sr.,Sr,"Schenectady, N.Y.",Schenectady,NY,domestic,Mohonasen,0,https://binghamtonbearcats.com/sports/womens-tennis/roster/2025-26
ten_4d64f9a27d87,Samantha,Jaros,tennis,2025-26,2026,D1,Women,America East Conference,Binghamton,"5'9""",Player,Jr.,Jr,"Marlboro, N.Y.",Marlboro,NY,domestic,Marlboro,0,https://binghamtonbearcats.com/sports/womens-tennis/roster/2025-26
ten_5f5250e2242e,Apara,Khandare,tennis,2025-26,2026,D1,Women,America East Conference,Binghamton,"5'8""",Player,Fr.,Fr,"Hyderabad, India",Hyderabad,,international,National Institute,0,https://binghamtonbearcats.com/sports/womens-tennis/roster/2025-26
ten_45e1ee24fb76,Sara,Kotz,tennis,2025-26,2026,D1,Women,America East Conference,Binghamton,"5'5""",Player,Sr.,Sr,"Rochester, N.Y.",Rochester,NY,domestic,Brighton,0,https://binghamtonbearcats.com/sports/womens-tennis/roster/2025-26
ten_65a60a88428a,Nitya,Vyas,tennis,2025-26,2026,D1,Women,America East Conference,Binghamton,"5'6""",Player,Jr.,Jr,"Fairfield, N.J.",Fairfield,NJ,domestic,West Essex,0,https://binghamtonbearcats.com/sports/womens-tennis/roster/2025-26
ten_7c0780e724d7,Angel,Walia,tennis,2025-26,2026,D1,Women,America East Conference,Binghamton,"5'5""",Player,Fr.,Fr,"New Hyde Park, N.Y.",New Hyde Park,NY,domestic,Herricks,0,https://binghamtonbearcats.com/sports/womens-tennis/roster/2025-26
ten_26822dcee781,Adelie,Wilson,tennis,2025-26,2026,D1,Women,America East Conference,Binghamton,"5'4""",Player,So.,So,"Binghamton, N.Y.",Binghamton,NY,domestic,Chenango Valley,0,https://binghamtonbearcats.com/sports/womens-tennis/roster/2025-26
ten_8909183e1f0b,Roselida,Asumwa,tennis,2025-26,2026,D1,Women,Southwestern Athletic Conference,Bethune-Cookman,"6'0""",Player,R-Jr.,Jr,"Nairobi, Kenya",Nairobi,,international,Shadrack Kimalel Secondary School,0,https://bcuathletics.com/sports/womens-tennis/roster/2025-26
ten_e3911c8ef9d8,Zahara,El-Zein,tennis,2025-26,2026,D1,Women,Southwestern Athletic Conference,Bethune-Cookman,"5'5""",Player,So.,So,"Harare, Zimbabwe",Harare,,international,Millerite International School,0,https://bcuathletics.com/sports/womens-tennis/roster/2025-26
ten_34a2bf3a3b21,Madison,Molock,tennis,2025-26,2026,D1,Women,Southwestern Athletic Conference,Bethune-Cookman,"5'6""",Player,Fr.,Fr,"Ocala, Fla.",Ocala,FL,domestic,Forest HS,0,https://bcuathletics.com/sports/womens-tennis/roster/2025-26
ten_e8df57fd59de,Taylor,O’Neal,tennis,2025-26,2026,D1,Women,Southwestern Athletic Conference,Bethune-Cookman,"5'1""",Player,Fr.,Fr,"Indianapolis, Ind.",Indianapolis,IN,domestic,Lawrenceville North HS,0,https://bcuathletics.com/sports/womens-tennis/roster/2025-26
ten_bb99ec43e144,Maria,Romero Vargas,tennis,2025-26,2026,D1,Women,Southwestern Athletic Conference,Bethune-Cookman,,Player,Fr.,Fr,"Cajicá, Cundinamarca, Columbia",Cajicá,,international,Gimnasio Virtual San Francisco Javier,0,https://bcuathletics.com/sports/womens-tennis/roster/2025-26
ten_6cb29e04fe43,Jalayah,Shaw,tennis,2025-26,2026,D1,Women,Southwestern Athletic Conference,Bethune-Cookman,"5'7""",Player,Jr.,Jr,"Plant City, Fla.",Plant City,FL,domestic,Plant City HS,0,https://bcuathletics.com/sports/womens-tennis/roster/2025-26
ten_e2e2ff3eb5eb,Stella,Beldiman,tennis,2025-26,2026,D1,Women,Mountain West Conference,Boise St.,,Player,Fr.,Fr,"Cologne, Germany",Cologne,,international,Gymnasium Marienschule Euskirchen,0,https://broncosports.com/sports/womens-tennis/roster/2025-26
ten_da25cd8fd565,Carla,Grignac,tennis,2025-26,2026,D1,Women,Mountain West Conference,Boise St.,,Player,Fr.,Fr,"Dakar, Senegal",Dakar,,international,CNED France,0,https://broncosports.com/sports/womens-tennis/roster/2025-26
ten_3d8773186c3e,Allison,Isaacs,tennis,2025-26,2026,D1,Women,Mountain West Conference,Boise St.,,Player,Sr.,Sr,"Boca Raton, Fla.",Boca Raton,FL,domestic,,,https://broncosports.com/sports/womens-tennis/roster/2025-26
ten_163d2c35826a,Ryan,Kershner,tennis,2025-26,2026,D1,Women,Mountain West Conference,Boise St.,,Player,Sr.,Sr,"Phoenix, Ariz",Phoenix,AZ,domestic,Xavier College Prep,1,https://broncosports.com/sports/womens-tennis/roster/2025-26
ten_27e3f145a64a,Lorelyz,Marruffo,tennis,2025-26,2026,D1,Women,Mountain West Conference,Boise St.,,Player,R-Sr.,Sr,"Boise, Idaho",Boise,ID,domestic,,0,https://broncosports.com/sports/womens-tennis/roster/2025-26
ten_f4240f15ebfd,Ella,Piron,tennis,2025-26,2026,D1,Women,Mountain West Conference,Boise St.,,Player,Jr.,Jr,"Boise, Idaho",Boise,ID,domestic,Boise High School,0,https://broncosports.com/sports/womens-tennis/roster/2025-26
ten_1026c20807ee,Tereza,Polakova,tennis,2025-26,2026,D1,Women,Mountain West Conference,Boise St.,,Player,Jr.,Jr,"Dolní Brežany, Czech Republic",Dolní Brežany,,international,Kansas State,0,https://broncosports.com/sports/womens-tennis/roster/2025-26
ten_6fbc63fb2f59,Zdena,Safarova,tennis,2025-26,2026,D1,Women,Mountain West Conference,Boise St.,,Player,Jr.,Jr,"Prague, Czech Republic",Prague,,international,,,https://broncosports.com/sports/womens-tennis/roster/2025-26
ten_eddb276d4d71,Paula,Schaefer,tennis,2025-26,2026,D1,Women,Mountain West Conference,Boise St.,,Player,So.,So,"Duisburg, Germany",Duisburg,,international,Albert-Einstein Gymnasium,0,https://broncosports.com/sports/womens-tennis/roster/2025-26
ten_741ee8f68c83,Masa,Viriant,tennis,2025-26,2026,D1,Women,Mountain West Conference,Boise St.,,Player,So.,So,"Kamnik, Slovenia",Kamnik,,international,Erudio High School,0,https://broncosports.com/sports/womens-tennis/roster/2025-26
ten_736c5d7b1c13,Vasilisa,Borisova,tennis,2025-26,2026,D1,Women,Patriot League,Boston U.,,Player,Fr.,Fr,"Barcelona, Spain",Barcelona,,international,Pearson Online Academy,1,https://goterriers.com/sports/womens-tennis/roster/2025-26
ten_c2ffccd19a0c,Blanka,DeMicheli,tennis,2025-26,2026,D1,Women,Patriot League,Boston U.,,Player,Jr.,Jr,"Boca Raton, Fla.",Boca Raton,FL,domestic,Palm Beach Virtual,0,https://goterriers.com/sports/womens-tennis/roster/2025-26
ten_ed43372f10a7,Ellie,Gyuro,tennis,2025-26,2026,D1,Women,Patriot League,Boston U.,,Player,Jr.,Jr,"Irvine, Calif.",Irvine,CA,domestic,California Connections Academy,1,https://goterriers.com/sports/womens-tennis/roster/2025-26
ten_d12a7ae59e22,Lauren,Kettlewell,tennis,2025-26,2026,D1,Women,Patriot League,Boston U.,,Player,Fr.,Fr,"Doral, Fla.",Doral,FL,domestic,Divine Savior Academy,1,https://goterriers.com/sports/womens-tennis/roster/2025-26
ten_18c9c1ca02c2,Madison,Liu,tennis,2025-26,2026,D1,Women,Patriot League,Boston U.,,Player,So.,So,"Wilmette, Ill.",Wilmette,IL,domestic,New Trier,0,https://goterriers.com/sports/womens-tennis/roster/2025-26
ten_1d3f0711d4af,Nancy,Liu,tennis,2025-26,2026,D1,Women,Patriot League,Boston U.,,Player,Jr.,Jr,"Inner Mongolia, China",Inner Mongolia,,international,IMG Academy,0,https://goterriers.com/sports/womens-tennis/roster/2025-26
ten_554f023b71a1,Gabriella,Mikaul,tennis,2025-26,2026,D1,Women,Patriot League,Boston U.,,Player,So.,So,"Manalapan, N.J.",Manalapan,NJ,domestic,Laurel Springs School,0,https://goterriers.com/sports/womens-tennis/roster/2025-26
ten_c2a324a6cf38,Rhea,Rai,tennis,2025-26,2026,D1,Women,Patriot League,Boston U.,,Player,Sr.,Sr,"Cupertino, Calif.",Cupertino,CA,domestic,Monta Vista High School,0,https://goterriers.com/sports/womens-tennis/roster/2025-26
ten_1ce0f80722ab,Emily,Zhao,tennis,2025-26,2026,D1,Women,Patriot League,Boston U.,,Player,Sr.,Sr,"Harbin, China",Harbin,,international,Weil College Preparatory School,1,https://goterriers.com/sports/womens-tennis/roster/2025-26
ten_51103b4cd92e,Konstantina,Adamopoulou,tennis,2025-26,2026,D1,Women,Mid-American Conference,Bowling Green,,Player,So.,So,"Athens, Greece",Athens,,international,High School,0,https://bgsufalcons.com/sports/womens-tennis/roster/2025-26
ten_4ce3d2a76511,Libby,Blair,tennis,2025-26,2026,D1,Women,Mid-American Conference,Bowling Green,,Player,Jr.,Jr,"Salem, Ore.",Salem,OR,domestic,Salem Academy,0,https://bgsufalcons.com/sports/womens-tennis/roster/2025-26
ten_e1ae0e71b8f7,Brynn,Chaffee,tennis,2025-26,2026,D1,Women,Mid-American Conference,Bowling Green,,Player,Jr.,Jr,"Sylvania, Ohio",Sylvania,OH,domestic,Sylvania Northview,0,https://bgsufalcons.com/sports/womens-tennis/roster/2025-26
ten_246142b67455,Tia,Clemens,tennis,2025-26,2026,D1,Women,Mid-American Conference,Bowling Green,,Player,Jr.,Jr,"Cleveland, Ohio",Cleveland,OH,domestic,St. Joseph Academy,1,https://bgsufalcons.com/sports/womens-tennis/roster/2025-26
ten_32b13945839c,Leticia,Fonseca,tennis,2025-26,2026,D1,Women,Mid-American Conference,Bowling Green,,Player,Sr.,Sr,"Caxias do Sul, Brazil",Caxias do Sul,,international,Santa Cataria and Irmao Getulio,0,https://bgsufalcons.com/sports/womens-tennis/roster/2025-26
ten_b632a1c3f151,Lucia,Gaio,tennis,2025-26,2026,D1,Women,Mid-American Conference,Bowling Green,,Player,So.,So,"Genova, Italy",Genova,,international,,0,https://bgsufalcons.com/sports/womens-tennis/roster/2025-26
ten_2a01c0629809,Qianyu,Liu,tennis,2025-26,2026,D1,Women,Mid-American Conference,Bowling Green,,Player,Jr.,Jr,"Guangdong, China",Guangdong,,international,Longxiang High School,0,https://bgsufalcons.com/sports/womens-tennis/roster/2025-26
ten_368cfadacc1f,Isabella,Norris,tennis,2025-26,2026,D1,Women,Mid-American Conference,Bowling Green,,Player,So.,So,"Westfield, Ind.",Westfield,IN,domestic,Westfield High School,0,https://bgsufalcons.com/sports/womens-tennis/roster/2025-26
ten_c88a313d8dd8,Lea,Schewiola,tennis,2025-26,2026,D1,Women,Mid-American Conference,Bowling Green,,Player,Fr.,Fr,,,,unknown,,0,https://bgsufalcons.com/sports/womens-tennis/roster/2025-26
ten_b156155caa92,Kiera,Taylor,tennis,2025-26,2026,D1,Women,Mid-American Conference,Bowling Green,,Player,Fr.,Fr,"Montreal, Quebec",Montreal,,international,,0,https://bgsufalcons.com/sports/womens-tennis/roster/2025-26
ten_2eb31fc71917,Anna,Belogliadova,tennis,2025-26,2026,D1,Women,Missouri Valley Conference,Bradley,,Player,Sr.,Sr,"St. Petersburg, Russia",St. Petersburg,,international,Lyceum 144,0,https://bradleybraves.com/sports/womens-tennis/roster/2025-26
ten_b02ca60380fd,Ann,Hsieh,tennis,2025-26,2026,D1,Women,Missouri Valley Conference,Bradley,,Player,Fr.,Fr,Taiwan,Taiwan,,international,National Shan-Hua Senior,0,https://bradleybraves.com/sports/womens-tennis/roster/2025-26
ten_a86ed516d1ef,Valeriia,Ivanovskaia,tennis,2025-26,2026,D1,Women,Missouri Valley Conference,Bradley,,Player,Sr.,Sr,"Yekaterinburg, Russia",Yekaterinburg,,international,First School of Moscow,0,https://bradleybraves.com/sports/womens-tennis/roster/2025-26
ten_82d77161255b,Mariia,Pukhina,tennis,2025-26,2026,D1,Women,Missouri Valley Conference,Bradley,,Player,Sr.,Sr,"Moscow, Russia",Moscow,,international,Nashy Penaty Private Secondary (Moscow),0,https://bradleybraves.com/sports/womens-tennis/roster/2025-26
ten_75073730ed17,Amber,Sharp,tennis,2025-26,2026,D1,Women,Missouri Valley Conference,Bradley,,Player,Fr.,Fr,,,,unknown,,0,https://bradleybraves.com/sports/womens-tennis/roster/2025-26
ten_bcb596765501,Compassion,Tsai,tennis,2025-26,2026,D1,Women,Missouri Valley Conference,Bradley,,Player,Jr.,Jr,"Orlando, Fla.",Orlando,FL,domestic,New Taipei Senior High School,0,https://bradleybraves.com/sports/womens-tennis/roster/2025-26
ten_af8d5976083b,Ruby,Tseng,tennis,2025-26,2026,D1,Women,Missouri Valley Conference,Bradley,,Player,So.,So,Taiwan,Taiwan,,international,National Shan-Hua Senior,0,https://bradleybraves.com/sports/womens-tennis/roster/2025-26
ten_3d251a324df2,Lisa,Dugec,tennis,2025-26,2026,D1,Women,America East Conference,Bryant,"5'6""",Player,Sr.,Sr,"Toronto, Ont.",Toronto,,international,Silverthorn Collegiate,0,https://bryantbulldogs.com/sports/womens-tennis/roster/2025-26
ten_8bb25601c112,Maria,Julia Gutierrez,tennis,2025-26,2026,D1,Women,America East Conference,Bryant,"5'11""",Player,Fr.,Fr,"Santa Cruz, Bolivia",Santa Cruz,,international,,0,https://bryantbulldogs.com/sports/womens-tennis/roster/2025-26
ten_873aa78afd61,Maria,Jose Hernandez,tennis,2025-26,2026,D1,Women,America East Conference,Bryant,"6'0""",Player,Jr.,Jr,"Obregon, Sonora, Mx.",Obregon,,international,,0,https://bryantbulldogs.com/sports/womens-tennis/roster/2025-26
ten_3b628c3706af,Nicole,Isman,tennis,2025-26,2026,D1,Women,America East Conference,Bryant,"5'3""",Player,Jr.,Jr,"South Jakarta, Indonesia",South Jakarta,,international,Grandview Prepatory School,0,https://bryantbulldogs.com/sports/womens-tennis/roster/2025-26
ten_51efed5f2edf,Mila,Martinez,tennis,2025-26,2026,D1,Women,America East Conference,Bryant,"5'5""",Player,Fr.,Fr,"San Juan, Puerto Rico",San Juan,PR,domestic,,0,https://bryantbulldogs.com/sports/womens-tennis/roster/2025-26
ten_48e75c206bd8,Yahli,Noy,tennis,2025-26,2026,D1,Women,America East Conference,Bryant,"5'8""",Player,Jr.,Jr,"Closter, NJ",Closter,NJ,domestic,Northern Valley Demarest,0,https://bryantbulldogs.com/sports/womens-tennis/roster/2025-26
ten_b039c800de0a,Aurora,Pedwell,tennis,2025-26,2026,D1,Women,America East Conference,Bryant,"5'4""",Player,Jr.,Jr,"Calgary, Alberta",Calgary,,international,National Sports School,0,https://bryantbulldogs.com/sports/womens-tennis/roster/2025-26
ten_e98556f2e237,Lucia,Pino,tennis,2025-26,2026,D1,Women,America East Conference,Bryant,"5'3""",Player,Sr.,Sr,"Milford, Conn.",Milford,CT,domestic,Jonathan Law,0,https://bryantbulldogs.com/sports/womens-tennis/roster/2025-26
ten_160360d7febe,Sim,Sipahioglu,tennis,2025-26,2026,D1,Women,America East Conference,Bryant,"5'8""",Player,Fr.,Fr,"Sariyer, Turkey",Sariyer,,international,,0,https://bryantbulldogs.com/sports/womens-tennis/roster/2025-26
ten_513816b5f93c,Athmika,Sreenivas,tennis,2025-26,2026,D1,Women,America East Conference,Bryant,"5'7""",Player,Jr.,Jr,"Bangalore, India",Bangalore,,international,Sophia High School,0,https://bryantbulldogs.com/sports/womens-tennis/roster/2025-26
ten_881e8f50e683,Laura,Stypula,tennis,2025-26,2026,D1,Women,America East Conference,Bryant,"5'9""",Player,Fr.,Fr,"Grodzisk Mazowiecki, Poland",Grodzisk Mazowiecki,,international,,0,https://bryantbulldogs.com/sports/womens-tennis/roster/2025-26
ten_dd8a12b3fcb2,Bella,Tan,tennis,2025-26,2026,D1,Women,America East Conference,Bryant,"5'4""",Player,Sr.,Sr,"Little Rock, Ark.",Little Rock,AR,domestic,Pulaski Academy,1,https://bryantbulldogs.com/sports/womens-tennis/roster/2025-26
ten_9fd764c0a775,Natalia,Vela,tennis,2025-26,2026,D1,Women,America East Conference,Bryant,"5'5""",Player,Sr.,Sr,"Guatemala City, Guatemala",Guatemala City,,international,,0,https://bryantbulldogs.com/sports/womens-tennis/roster/2025-26
ten_97ed7e505b39,Esmee,Andresen,tennis,2025-26,2026,D1,Women,Mid-American Conference,Buffalo,,Player,Gr.,Gr,"Rijswijk, The Netherlands",Rijswijk,,international,Segbroek College,0,https://ubbulls.com/sports/womens-tennis/roster/2025-26
ten_60bc59a37b32,Blanca,Berges,tennis,2025-26,2026,D1,Women,Mid-American Conference,Buffalo,,Player,So.,So,"Madrid, Spain",Madrid,,international,IES Francisco Giner de Los Quiros,0,https://ubbulls.com/sports/womens-tennis/roster/2025-26
ten_dddc64c3e2f2,Deanne,Choo,tennis,2025-26,2026,D1,Women,Mid-American Conference,Buffalo,,Player,Sr.,Sr,Singapore,Singapore,,international,Laurel Springs School,0,https://ubbulls.com/sports/womens-tennis/roster/2025-26
ten_5381159d8f35,Maria,Glowacka,tennis,2025-26,2026,D1,Women,Mid-American Conference,Buffalo,,Player,So.,So,"Torun, Poland",Torun,,international,Sopocka Akademia Tenisowa,0,https://ubbulls.com/sports/womens-tennis/roster/2025-26
ten_cbae1f9d040f,Sarah,Hartel,tennis,2025-26,2026,D1,Women,Mid-American Conference,Buffalo,,Player,So.,So,"Heidelberg, Germany",Heidelberg,,international,Heidelberg College,0,https://ubbulls.com/sports/womens-tennis/roster/2025-26
ten_8dc51bacde62,Julia,Laspro,tennis,2025-26,2026,D1,Women,Mid-American Conference,Buffalo,,Player,Jr.,Jr,"Clarence Center, NY",Clarence Center,NY,domestic,Clarence,0,https://ubbulls.com/sports/womens-tennis/roster/2025-26
ten_4997e748ac67,Liv,Roestel,tennis,2025-26,2026,D1,Women,Mid-American Conference,Buffalo,,Player,So.,So,"Kaiserslautern, Germany",Kaiserslautern,,international,Heinrich-Heine-Gymnasium,0,https://ubbulls.com/sports/womens-tennis/roster/2025-26
ten_8ef27afc2c38,Sofia,Zagumennova,tennis,2025-26,2026,D1,Women,Mid-American Conference,Buffalo,,Player,Fr.,Fr,"Kemerovo, Russia",Kemerovo,,international,,0,https://ubbulls.com/sports/womens-tennis/roster/2025-26
ten_7e0382c5f614,Milena,Gevorgyan,tennis,2025-26,2026,D1,Women,Big West Conference,Cal St. Fullerton,"5'7""",Player,Sr.,Sr,"Vagharshapat, Armenia",Vagharshapat,,international,Vagharshapat HS N2,0,https://fullertontitans.com/sports/womens-tennis/roster/2025-26
ten_cf57986e0588,Dana,Kunza,tennis,2025-26,2026,D1,Women,Big West Conference,Cal St. Fullerton,"5'9""",Player,So.,So,"Montebello, Calif.",Montebello,CA,domestic,Mark Keppel HS,0,https://fullertontitans.com/sports/womens-tennis/roster/2025-26
ten_65ca7e58e668,Emilie,Lugon-Moulin,tennis,2025-26,2026,D1,Women,Big West Conference,Cal St. Fullerton,"5'8""",Player,Jr.,Jr,"Leysin, Switzerland",Leysin,,international,Gymnase Auguste Piccard,0,https://fullertontitans.com/sports/womens-tennis/roster/2025-26
ten_9d654d79e137,Martina,Markov,tennis,2025-26,2026,D1,Women,Big West Conference,Cal St. Fullerton,"5'4""",Player,Jr.,Jr,"Ingelheim, Germany",Ingelheim,,international,IGS Mainz-Bretzenheim,0,https://fullertontitans.com/sports/womens-tennis/roster/2025-26
ten_2d62cb4779de,Chloe,Schwarz,tennis,2025-26,2026,D1,Women,Big West Conference,Cal St. Fullerton,"5'8""",Player,Sr.,Sr,"Adelaide, Australia",Adelaide,,international,St. Michael's College,0,https://fullertontitans.com/sports/womens-tennis/roster/2025-26
ten_bb7e0f3e61ea,Madison,Schwarz,tennis,2025-26,2026,D1,Women,Big West Conference,Cal St. Fullerton,"5'9""",Player,Sr.,Sr,"Adelaide, Australia",Adelaide,,international,St. Michael's College,0,https://fullertontitans.com/sports/womens-tennis/roster/2025-26
ten_0eb3998217ed,Seha,Yu,tennis,2025-26,2026,D1,Women,Big West Conference,Cal St. Fullerton,"5'4""",Player,Jr.,Jr,"Wonju, Gangwon-do, South Korea",Wonju,,international,Anaheim Discovery Christian,0,https://fullertontitans.com/sports/womens-tennis/roster/2025-26
ten_d34d29ccb49a,Amelia,Zylberman,tennis,2025-26,2026,D1,Women,Big West Conference,Cal St. Fullerton,"5'0""",Player,Fr.,Fr,"Melbourne, Victoria, Australia",Melbourne,,international,Haileybury,0,https://fullertontitans.com/sports/womens-tennis/roster/2025-26
ten_945cebcccae4,Lou,Baudouin,tennis,2025-26,2026,D1,Women,Big Sky Conference,Sacramento St.,"5'9""",Player,R-Jr.,Jr,"Strasbourg, France",Strasbourg,,international,Le Gymnase Jean Strum,0,https://hornetsports.com/sports/womens-tennis/roster/2025-26
ten_006b6f067af1,Lisann,Brinkmann,tennis,2025-26,2026,D1,Women,Big Sky Conference,Sacramento St.,"5'9""",Player,Fr.,Fr,"Bielefeld, Germany",Bielefeld,,international,Helmholtz Gymnasium,0,https://hornetsports.com/sports/womens-tennis/roster/2025-26
ten_4d980eaf2c64,Cami,Maldonado Gutierrez,tennis,2025-26,2026,D1,Women,Big Sky Conference,Sacramento St.,"5'7""",Player,Fr.,Fr,"Tuxtla Gutierrez, Chiapas, Mexico",Tuxtla Gutierrez,,international,Colegio Valladolid,0,https://hornetsports.com/sports/womens-tennis/roster/2025-26
ten_f662d4b43229,Elena,Mercioiu,tennis,2025-26,2026,D1,Women,Big Sky Conference,Sacramento St.,"5'7""",Player,Jr.,Jr,"Ramnicu Valcea, Romania",Ramnicu Valcea,,international,,0,https://hornetsports.com/sports/womens-tennis/roster/2025-26
ten_5dad98209d3b,Emilija,Pranyte,tennis,2025-26,2026,D1,Women,Big Sky Conference,Sacramento St.,"5'5""",Player,So.,So,"Vilnius, Lithuania",Vilnius,,international,,0,https://hornetsports.com/sports/womens-tennis/roster/2025-26
ten_0764c2e90016,Irene,Riva,tennis,2025-26,2026,D1,Women,Big Sky Conference,Sacramento St.,"5'9""",Player,Jr.,Jr,"Parma, Italy",Parma,,international,,0,https://hornetsports.com/sports/womens-tennis/roster/2025-26
ten_8103f5269b45,Palina,Saulevich,tennis,2025-26,2026,D1,Women,Big Sky Conference,Sacramento St.,"6'1""",Player,Sr.,Sr,"Minsk, Belarus",Minsk,,international,Texas A&M-Corpus Christi,0,https://hornetsports.com/sports/womens-tennis/roster/2025-26
ten_32f43175d23d,Isabella,Temenugov,tennis,2025-26,2026,D1,Women,Big Sky Conference,Sacramento St.,"6'0""",Player,Fr.,Fr,"Brno, Czech Republic",Brno,,international,American Academy,1,https://hornetsports.com/sports/womens-tennis/roster/2025-26
ten_42acb35f3ad5,Reese,Walker,tennis,2025-26,2026,D1,Women,Big Sky Conference,Sacramento St.,"5'6""",Player,Jr.,Jr,"Houston, Texas",Houston,TX,domestic,Connections Academy,1,https://hornetsports.com/sports/womens-tennis/roster/2025-26
ten_a69f52362d46,Sandra,Isabela Arguelles,tennis,2025-26,2026,D1,Women,Big West Conference,CSUN,,Player,Fr.,Fr,Mexico,Mexico,,international,,0,https://gomatadors.com/sports/womens-tennis/roster/2025-26
ten_9dd4cce4b3a4,Isabella,Chavarria,tennis,2025-26,2026,D1,Women,Big West Conference,CSUN,,Player,Jr.,Jr,"Leon, Mexico",Leon,,international,Colegio Rialto,0,https://gomatadors.com/sports/womens-tennis/roster/2025-26
ten_dff6503e4a0f,Sofia,Dermenjyan,tennis,2025-26,2026,D1,Women,Big West Conference,CSUN,,Player,Sr.,Sr,"North Hollywood, CA",North Hollywood,CA,domestic,California Connections Academy,1,https://gomatadors.com/sports/womens-tennis/roster/2025-26
ten_a660a087021a,Tallia,Harper,tennis,2025-26,2026,D1,Women,Big West Conference,CSUN,,Player,Sr.,Sr,"Santa Cruz, CA",Santa Cruz,CA,domestic,Santa Cruz HS,0,https://gomatadors.com/sports/womens-tennis/roster/2025-26
ten_c9bacac4f21d,Angela,Ho,tennis,2025-26,2026,D1,Women,Big West Conference,CSUN,,Player,Sr.,Sr,"San Francisco, CA",San Francisco,CA,domestic,George Washington HS,0,https://gomatadors.com/sports/womens-tennis/roster/2025-26
ten_07b42e03412a,Satsuki,Ishikawa,tennis,2025-26,2026,D1,Women,Big West Conference,CSUN,,Player,Fr.,Fr,"Hyogo, Japan",Hyogo,,international,Aioi Gakuin,0,https://gomatadors.com/sports/womens-tennis/roster/2025-26
ten_29dd61a4e193,Emma,Moratalla Sanz,tennis,2025-26,2026,D1,Women,Big West Conference,CSUN,,Player,Sr.,Sr,"Valencia, Spain",Valencia,,international,IES Moxient HS,0,https://gomatadors.com/sports/womens-tennis/roster/2025-26
ten_0bf936c45d5b,Annette,Robertson,tennis,2025-26,2026,D1,Women,Big West Conference,CSUN,,Player,R-So.,So,"Valencia, CA",Valencia,CA,domestic,West Ranch HS,0,https://gomatadors.com/sports/womens-tennis/roster/2025-26
ten_770be3b58426,Madison,Shepperson,tennis,2025-26,2026,D1,Women,Big West Conference,CSUN,,Player,R-So.,So,"Mira Loma, CA",Mira Loma,CA,domestic,California Connections Academy,1,https://gomatadors.com/sports/womens-tennis/roster/2025-26
ten_ed6834b2d335,Vitoria,Solis Urdiales,tennis,2025-26,2026,D1,Women,Big West Conference,CSUN,,Player,Sr.,Sr,"Madrid, Spain",Madrid,,international,IES Carlos Bousoño HS,0,https://gomatadors.com/sports/womens-tennis/roster/2025-26
ten_177c24e65e11,Nicole,West,tennis,2025-26,2026,D1,Women,Big West Conference,CSUN,,Player,Gr.,Gr,"Tarzana, CA",Tarzana,CA,domestic,West Hollywood College Prep,1,https://gomatadors.com/sports/womens-tennis/roster/2025-26
ten_362c21bcb4ad,Laura,Cilekova,tennis,2025-26,2026,D1,Women,Atlantic Coast Conference,California,"5'11""",Player,Fr.,Fr,"Bratislava, Slovakia",Bratislava,,international,Gymnázium Grosslingövá 18,0,https://calbears.com/sports/womens-tennis/roster/2025-26
ten_44669485f5f6,Greta,Greco Lucchina,tennis,2025-26,2026,D1,Women,Atlantic Coast Conference,California,"5'8""",Player,So.,So,"Vicenza, Italy",Vicenza,,international,,0,https://calbears.com/sports/womens-tennis/roster/2025-26
ten_619d994bf663,Sophie,Hernandez,tennis,2025-26,2026,D1,Women,Atlantic Coast Conference,California,"5'6""",Player,So.,So,"Los Gatos, Calif.",Los Gatos,CA,domestic,Harker School,0,https://calbears.com/sports/womens-tennis/roster/2025-26
ten_204f9baa2c07,Mille,Johanna Moerk,tennis,2025-26,2026,D1,Women,Atlantic Coast Conference,California,"5'8""",Player,Fr.,Fr,"Klampenborg, Denmark",Klampenborg,,international,Falkonergaarden,0,https://calbears.com/sports/womens-tennis/roster/2025-26
ten_25f148f2f60b,Anya,Murthy,tennis,2025-26,2026,D1,Women,Atlantic Coast Conference,California,"5'8""",Player,So.,So,"Fremont, Calif.",Fremont,CA,domestic,Laurel Springs School,0,https://calbears.com/sports/womens-tennis/roster/2025-26
ten_050a3a035c41,Mao,Mushika,tennis,2025-26,2026,D1,Women,Atlantic Coast Conference,California,"5'4""",Player,Jr.,Jr,"Ichinomiya, Japan",Ichinomiya,,international,Renaissance Toyota HS,0,https://calbears.com/sports/womens-tennis/roster/2025-26
ten_4e7d1a945d4f,Berta,Passola Folch,tennis,2025-26,2026,D1,Women,Atlantic Coast Conference,California,"5'7""",Player,Sr.,Sr,"Barcelona, Spain",Barcelona,,international,La Chataigneraie (Switzerland),0,https://calbears.com/sports/womens-tennis/roster/2025-26
ten_15c8a71e2505,Tiziana-Marie,Schomburg,tennis,2025-26,2026,D1,Women,Atlantic Coast Conference,California,"5'8""",Player,Jr.,Jr,"Isernhagen, Germany",Isernhagen,,international,Gymnasium Isernhagen,0,https://calbears.com/sports/womens-tennis/roster/2025-26
ten_6995662c13ef,Johanne,Svendsen,tennis,2025-26,2026,D1,Women,Atlantic Coast Conference,California,"5'6""",Player,Fr.,Fr,"Copenhagen, Denmark",Copenhagen,,international,KVUC,0,https://calbears.com/sports/womens-tennis/roster/2025-26
ten_4496917fe445,Naomi,Xu,tennis,2025-26,2026,D1,Women,Atlantic Coast Conference,California,"5'6""",Player,So.,So,"Montreal, Canada",Montreal,,international,University of Nebraska High School,0,https://calbears.com/sports/womens-tennis/roster/2025-26
ten_cdef78217b18,Bianca,Fernandez,tennis,2025-26,2026,D1,Women,Big Ten Conference,UCLA,,Player,Jr.,Jr,"Montreal, Quebec, Canada",Montreal,,international,International Virtual Learning Academy,1,https://uclabruins.com/sports/womens-tennis/roster/season/2025-26
ten_7f9eed618f6a,Kayla,Chung,tennis,2025-26,2026,D1,Women,Big Ten Conference,UCLA,,Player,Fr.,Fr,"Stanton, Calif.",Stanton,CA,domestic,The Pennsylvania Leadership Charter School,0,https://uclabruins.com/sports/womens-tennis/roster/season/2025-26
ten_e1fd2c2fd62b,Anne-Christine,Lutkemeyer,tennis,2025-26,2026,D1,Women,Big Ten Conference,UCLA,,Player,Sr.,Sr,"Irvine, Calif.",Irvine,CA,domestic,Tustin Connect HS,0,https://uclabruins.com/sports/womens-tennis/roster/season/2025-26
ten_05443d4181a5,Rona,Rugara,tennis,2025-26,2026,D1,Women,Big Ten Conference,UCLA,,Player,Fr.,Fr,"Johannesburg, South Africa",Johannesburg,,international,Florida Virtual School,0,https://uclabruins.com/sports/womens-tennis/roster/season/2025-26
ten_33eac0d4adfa,Ahmani,Guichard,tennis,2025-26,2026,D1,Women,Big Ten Conference,UCLA,,Player,Jr.,Jr,"Seminole, Fla.",Seminole,FL,domestic,Florida Virtual School,0,https://uclabruins.com/sports/womens-tennis/roster/season/2025-26
ten_916e8d9f529b,Mia,Jovic,tennis,2025-26,2026,D1,Women,Big Ten Conference,UCLA,,Player,Jr.,Jr,"Torrance, Calif.",Torrance,CA,domestic,South HS,0,https://uclabruins.com/sports/womens-tennis/roster/season/2025-26
ten_1c6a3fc0e26a,Mayu,Crossley,tennis,2025-26,2026,D1,Women,Big Ten Conference,UCLA,,Player,Fr.,Fr,"Tokyo, Japan",Tokyo,,international,Grandview Preparatory School,1,https://uclabruins.com/sports/womens-tennis/roster/season/2025-26
ten_b5c73573a4d7,Olivia,Center,tennis,2025-26,2026,D1,Women,Big Ten Conference,UCLA,,Player,So.,So,"South Pasadena, Calif.",South Pasadena,CA,domestic,San Marino HS,0,https://uclabruins.com/sports/womens-tennis/roster/season/2025-26
ten_d08f1d72b5a5,Kate,Fakih,tennis,2025-26,2026,D1,Women,Big Ten Conference,UCLA,,Player,So.,So,"Pasadena, Calif.",Pasadena,CA,domestic,Connections Academy,1,https://uclabruins.com/sports/womens-tennis/roster/season/2025-26
ten_cbc97eba089b,Quin,Brady,tennis,2025-26,2026,D1,Women,Big West Conference,UC Irvine,,Player,Jr.,Jr,"Hermosa Beach, Calif.",Hermosa Beach,CA,domestic,Da Vinci Design HS,0,https://ucirvinesports.com/sports/womens-tennis/roster/2025-26
ten_3f798b345001,Kara,Chen,tennis,2025-26,2026,D1,Women,Big West Conference,UC Irvine,,Player,Fr.,Fr,"Tustin, Calif.",Tustin,CA,domestic,Beckman HS,0,https://ucirvinesports.com/sports/womens-tennis/roster/2025-26
ten_d060e4e3ece9,Carolyna,Fowler,tennis,2025-26,2026,D1,Women,Big West Conference,UC Irvine,,Player,Sr.,Sr,"San Diego, Calif.",San Diego,CA,domestic,Canyon Crest Academy,1,https://ucirvinesports.com/sports/womens-tennis/roster/2025-26
ten_6c5788499f9c,Haily,Huynh,tennis,2025-26,2026,D1,Women,Big West Conference,UC Irvine,,Player,Sr.,Sr,"Redondo Beach, Calif.",Redondo Beach,CA,domestic,Mira Costa HS,0,https://ucirvinesports.com/sports/womens-tennis/roster/2025-26
ten_bdaac203ecab,Maily,Huynh,tennis,2025-26,2026,D1,Women,Big West Conference,UC Irvine,,Player,So.,So,"Rancho Palos Verdes, Calif.",Rancho Palos Verdes,CA,domestic,Palos Verdes HS,0,https://ucirvinesports.com/sports/womens-tennis/roster/2025-26
ten_77a542ec0d78,Yen,Nhi Huynh,tennis,2025-26,2026,D1,Women,Big West Conference,UC Irvine,,Player,So.,So,"Huntington Beach, Calif.",Huntington Beach,CA,domestic,Huntington Beach HS,0,https://ucirvinesports.com/sports/womens-tennis/roster/2025-26
ten_7bc9ced12148,Polina,Jorniak,tennis,2025-26,2026,D1,Women,Big West Conference,UC Irvine,,Player,Jr.,Jr,"Arcadia, Calif.",Arcadia,CA,domestic,Laurel Springs School,0,https://ucirvinesports.com/sports/womens-tennis/roster/2025-26
ten_7998ee27a8d6,Nour,Khayat,tennis,2025-26,2026,D1,Women,Big West Conference,UC Irvine,,Player,Sr.,Sr,"Irvine, Calif.",Irvine,CA,domestic,University HS,0,https://ucirvinesports.com/sports/womens-tennis/roster/2025-26
ten_35fb5a59085b,Lindsay,Kim,tennis,2025-26,2026,D1,Women,Big West Conference,UC Irvine,,Player,So.,So,"Lafayette, Calif.",Lafayette,CA,domestic,Acalanes HS,0,https://ucirvinesports.com/sports/womens-tennis/roster/2025-26
ten_825fc5d86084,Mackenzie,Lukin,tennis,2025-26,2026,D1,Women,Big West Conference,UC Irvine,,Player,Fr.,Fr,"Carlsbad, Calif.",Carlsbad,CA,domestic,Carlsbad HS,0,https://ucirvinesports.com/sports/womens-tennis/roster/2025-26
ten_3dfda136ea8a,Sayuri,Parandian,tennis,2025-26,2026,D1,Women,Big West Conference,UC Irvine,,Player,Fr.,Fr,"Granada Hills, Calif.",Granada Hills,CA,domestic,Granada Hills Charter HS,0,https://ucirvinesports.com/sports/womens-tennis/roster/2025-26
ten_0a7b3b92bc29,Amanda,Perez,tennis,2025-26,2026,D1,Women,Big West Conference,UC Irvine,,Player,Sr.,Sr,"Mission Hills, Calif.",Mission Hills,CA,domestic,Granada Hills Charter HS,0,https://ucirvinesports.com/sports/womens-tennis/roster/2025-26
ten_7bd42ce8a76f,Bella,Pitchford,tennis,2025-26,2026,D1,Women,Big West Conference,UC Irvine,,Player,Jr.,Jr,"Van Nuys, Calif.",Van Nuys,CA,domestic,IQ Academy,1,https://ucirvinesports.com/sports/womens-tennis/roster/2025-26
ten_9ca1f70f29a0,Ani,Vanetsyan,tennis,2025-26,2026,D1,Women,Big West Conference,UC Irvine,,Player,Fr.,Fr,"Glendale, Calif.",Glendale,CA,domestic,Verdugo Academy,1,https://ucirvinesports.com/sports/womens-tennis/roster/2025-26
ten_3ac81b35a883,Sam,Condevillamar,tennis,2025-26,2026,D1,Women,Big West Conference,UC Riverside,,Player,Sr.,Sr,"Camarillo, Calif.",Camarillo,CA,domestic,Adolfo Camarillo HS,0,https://gohighlanders.com/sports/womens-tennis/roster/2025-26
ten_e99e1d576d4f,Katarina,Curcic,tennis,2025-26,2026,D1,Women,Big West Conference,UC Riverside,,Player,So.,So,"Novi Sad, Serbia",Novi Sad,,international,Repton Abu Dhabi,0,https://gohighlanders.com/sports/womens-tennis/roster/2025-26
ten_e6aee79b14bd,Julianna,Galindo,tennis,2025-26,2026,D1,Women,Big West Conference,UC Riverside,,Player,Fr.,Fr,"Los Angeles, Calif.",Los Angeles,CA,domestic,John Marshall HS,0,https://gohighlanders.com/sports/womens-tennis/roster/2025-26
ten_5c919854b73d,Kei,Kato,tennis,2025-26,2026,D1,Women,Big West Conference,UC Riverside,,Player,RS Jr.,UNK,"Aliso Viejo, Calif.",Aliso Viejo,CA,domestic,Aliso Niguel HS,0,https://gohighlanders.com/sports/womens-tennis/roster/2025-26
ten_bdbde2b342cc,Crystal,Kim,tennis,2025-26,2026,D1,Women,Big West Conference,UC Riverside,,Player,Jr.,Jr,"Buena Park, Calif.",Buena Park,CA,domestic,Sunny Hills HS,0,https://gohighlanders.com/sports/womens-tennis/roster/2025-26
ten_83338f8d05b9,Camile,Li,tennis,2025-26,2026,D1,Women,Big West Conference,UC Riverside,,Player,Fr.,Fr,"Shandong, China",Shandong,,international,Shandong Normal University Affiliated HS,0,https://gohighlanders.com/sports/womens-tennis/roster/2025-26
ten_9760a9c48cc1,Kaia,Paulo,tennis,2025-26,2026,D1,Women,Big West Conference,UC Riverside,,Player,RS Jr.,UNK,"Riverside, Calif.",Riverside,CA,domestic,Riverside Polytechnic HS,0,https://gohighlanders.com/sports/womens-tennis/roster/2025-26
ten_0093ccf080ac,Susannah,Su,tennis,2025-26,2026,D1,Women,Big West Conference,UC Riverside,,Player,So.,So,"Sydney, Australia",Sydney,,international,Pymble Ladies College,0,https://gohighlanders.com/sports/womens-tennis/roster/2025-26
ten_30fd084b5cbb,Ramey,Yu,tennis,2025-26,2026,D1,Women,Big West Conference,UC Riverside,,Player,So.,So,"Guangdong, China",Guangdong,,international,Dongguan SSL HS,0,https://gohighlanders.com/sports/womens-tennis/roster/2025-26
ten_05809f8e5857,Carling,Allaye-Chan,tennis,2025-26,2026,D1,Women,Big West Conference,UC San Diego,"5'4""",Player,Fr.,Fr,"Vancouver, BC",Vancouver,,international,Little Flower Academy,1,https://ucsdtritons.com/sports/womens-tennis/roster/2025-26
ten_ad6363dc29d2,Olivia,Allegre,tennis,2025-26,2026,D1,Women,Big West Conference,UC San Diego,"5'6""",Player,Fr.,Fr,"Aliso Viejo, Calif.",Aliso Viejo,CA,domestic,Aliso Niguel HS,0,https://ucsdtritons.com/sports/womens-tennis/roster/2025-26
ten_5302b29c55b1,Hana,Gamracy,tennis,2025-26,2026,D1,Women,Big West Conference,UC San Diego,"5'9""",Player,Gr.,Gr,"Edmonton, Alberta",Edmonton,,international,Strathcona HS,0,https://ucsdtritons.com/sports/womens-tennis/roster/2025-26
ten_ec2f12f57482,Varsha,Jawadi,tennis,2025-26,2026,D1,Women,Big West Conference,UC San Diego,"5'5""",Player,So.,So,"San Mateo, Calif.",San Mateo,CA,domestic,Aragon HS,0,https://ucsdtritons.com/sports/womens-tennis/roster/2025-26
ten_ff3f23fcc480,Alisa,Lansky,tennis,2025-26,2026,D1,Women,Big West Conference,UC San Diego,"5'9""",Player,Fr.,Fr,"Redondo Beach, Calif.",Redondo Beach,CA,domestic,Mira Costa HS,0,https://ucsdtritons.com/sports/womens-tennis/roster/2025-26
ten_6febe0ca4f61,Allison,Lian,tennis,2025-26,2026,D1,Women,Big West Conference,UC San Diego,"5'3""",Player,So.,So,"Oak Park, Calif.",Oak Park,CA,domestic,Westlake HS,0,https://ucsdtritons.com/sports/womens-tennis/roster/2025-26
ten_0c7936473882,Kamya,Nair,tennis,2025-26,2026,D1,Women,Big West Conference,UC San Diego,"5'9""",Player,Sr.,Sr,"Irvine, Calif.",Irvine,CA,domestic,University HS,0,https://ucsdtritons.com/sports/womens-tennis/roster/2025-26
ten_5b1e0ed8b6c0,Julia,Visaya,tennis,2025-26,2026,D1,Women,Big West Conference,UC San Diego,"5'6""",Player,Jr.,Jr,"Honolulu, Hawai‘i",Honolulu,HI,domestic,Iolani School,0,https://ucsdtritons.com/sports/womens-tennis/roster/2025-26
ten_8df13d22cdb0,Caroline,Beard,tennis,2025-26,2026,D1,Women,Big West Conference,UC Santa Barbara,"5'6""",Player,R-Fr.,Fr,"Santa Rosa, Calif.",Santa Rosa,CA,domestic,Montgomery High School,0,https://ucsbgauchos.com/sports/womens-tennis/roster/2025-26
ten_3db07414ad59,My-Anh,Holmes,tennis,2025-26,2026,D1,Women,Big West Conference,UC Santa Barbara,"5'3""",Player,Fr.,Fr,"New Orleans, La.",New Orleans,LA,domestic,The Willow School,0,https://ucsbgauchos.com/sports/womens-tennis/roster/2025-26
ten_53add0fc9c47,Shanelle,Iaconi,tennis,2025-26,2026,D1,Women,Big West Conference,UC Santa Barbara,"5'9""",Player,Gr.,Gr,"Perth, Western Australia",Perth,,international,Applecross Senior HS,0,https://ucsbgauchos.com/sports/womens-tennis/roster/2025-26
ten_8c8b27c3310c,Raphaelle,Leroux,tennis,2025-26,2026,D1,Women,Big West Conference,UC Santa Barbara,"5'5""",Player,So.,So,"Montréal, Quebec, Canada",Montréal,,international,ICL Academy,1,https://ucsbgauchos.com/sports/womens-tennis/roster/2025-26
ten_5c967ffd7e63,Shachf,Liebermann,tennis,2025-26,2026,D1,Women,Big West Conference,UC Santa Barbara,"5'5""",Player,Jr.,Jr,"Modiin-Macabim-Re'ut, Israel",Modiin-Macabim-Re'ut,,international,Ironi Gimel,0,https://ucsbgauchos.com/sports/womens-tennis/roster/2025-26
ten_182c77eb5280,Carla,Pacot,tennis,2025-26,2026,D1,Women,Big West Conference,UC Santa Barbara,"5'4""",Player,Jr.,Jr,"Los Angeles, Calif.",Los Angeles,CA,domestic,Chaffey Joint Union HS,0,https://ucsbgauchos.com/sports/womens-tennis/roster/2025-26
ten_0f4224682fd6,Lily,Pradkin,tennis,2025-26,2026,D1,Women,Big West Conference,UC Santa Barbara,"5'10""",Player,So.,So,"Los Angeles, Calif.",Los Angeles,CA,domestic,Laurel Springs HS,0,https://ucsbgauchos.com/sports/womens-tennis/roster/2025-26
ten_4664fb702bea,Emma,Tutoveanu,tennis,2025-26,2026,D1,Women,Big West Conference,UC Santa Barbara,"5'9""",Player,So.,So,"Mississauga, Ontario, Canada",Mississauga,,international,St. Joseph Secondary School,0,https://ucsbgauchos.com/sports/womens-tennis/roster/2025-26
ten_31a000819e7f,Katarina,Vayser,tennis,2025-26,2026,D1,Women,Big West Conference,UC Santa Barbara,"5'4""",Player,Jr.,Jr,"Los Angeles, Calif.",Los Angeles,CA,domestic,Campbell Hall,0,https://ucsbgauchos.com/sports/womens-tennis/roster/2025-26
ten_5cdb426da3e7,Isabella,Wong,tennis,2025-26,2026,D1,Women,Big West Conference,UC Santa Barbara,"5'6""",Player,Fr.,Fr,"London, United Kingdom",London,,international,Highgate School,0,https://ucsbgauchos.com/sports/womens-tennis/roster/2025-26
ten_380c7a9c49be,Ekua,Youri,tennis,2025-26,2026,D1,Women,Big West Conference,UC Santa Barbara,"5'8""",Player,Jr.,Jr,"Kensworth, United Kingdom",Kensworth,,international,King's Interhigh,0,https://ucsbgauchos.com/sports/womens-tennis/roster/2025-26
ten_d3f7548ab16d,Ilouna,Aneca,tennis,2025-26,2026,D1,Women,Coastal Athletic Association,Campbell,"5'7""",Player,So.,So,"Ostend, Belgium",Ostend,,international,Crawford,0,https://gocamels.com/sports/womens-tennis/roster/2025-26
ten_2bf7f278aa19,Aubrey,Carroll,tennis,2025-26,2026,D1,Women,Coastal Athletic Association,Campbell,"5'7""",Player,Fr.,Fr,"Crawford, Texas",Crawford,TX,domestic,Crawford,0,https://gocamels.com/sports/womens-tennis/roster/2025-26
ten_1742fa269778,Mollie,Garcia,tennis,2025-26,2026,D1,Women,Coastal Athletic Association,Campbell,"5'8""",Player,So.,So,"Lutz, Fla.",Lutz,FL,domestic,Hillsborough Virtual School,0,https://gocamels.com/sports/womens-tennis/roster/2025-26
ten_4f717de3dd05,Hayley,Glen,tennis,2025-26,2026,D1,Women,Coastal Athletic Association,Campbell,"5'6""",Player,Sr.,Sr,"Moseley, Va.",Moseley,VA,domestic,Cosby,0,https://gocamels.com/sports/womens-tennis/roster/2025-26
ten_2d5d00bf8037,Jessica,Maras,tennis,2025-26,2026,D1,Women,Coastal Athletic Association,Campbell,"5'9""",Player,Jr.,Jr,"Lake Mary, Fla.",Lake Mary,FL,domestic,Lake Mary HS / Queens,0,https://gocamels.com/sports/womens-tennis/roster/2025-26
ten_45157ae34d19,Sandra,Mari Marti,tennis,2025-26,2026,D1,Women,Coastal Athletic Association,Campbell,"5'9""",Player,Sr.,Sr,"Sollana, Valencia, Spain",Sollana,,international,IES Joan Fuster / Northeastern State,0,https://gocamels.com/sports/womens-tennis/roster/2025-26
ten_9efd85505fc4,Brooke,Murphy,tennis,2025-26,2026,D1,Women,Coastal Athletic Association,Campbell,"5'6""",Player,Sr.,Sr,"Stanley, NC",Stanley,NC,domestic,Southlake Christian,0,https://gocamels.com/sports/womens-tennis/roster/2025-26
ten_ab25630ae051,Sonia,Pieczynska,tennis,2025-26,2026,D1,Women,Coastal Athletic Association,Campbell,"5'6""",Player,Jr.,Jr,"Poznan, Poland",Poznan,,international,Liceum Ogólnoksztalcace FLEX / Lipscomb,0,https://gocamels.com/sports/womens-tennis/roster/2025-26
ten_0a93f4ee4d35,Veronika,Prospalova,tennis,2025-26,2026,D1,Women,Coastal Athletic Association,Campbell,"5'11""",Player,Sr.,Sr,"Tampa, Fla.",Tampa,FL,domestic,FLVS,0,https://gocamels.com/sports/womens-tennis/roster/2025-26
ten_592b7546bfa2,Erin,Sanchez,tennis,2025-26,2026,D1,Women,Coastal Athletic Association,Campbell,"5'8""",Player,Fr.,Fr,"Brookeville, Md.",Brookeville,MD,domestic,Hilton Head Prep,1,https://gocamels.com/sports/womens-tennis/roster/2025-26
ten_2493f1de9fdc,Gabrielle,Guenther,tennis,2025-26,2026,D1,Women,Big 12 Conference,Cincinnati,,Player,Junior,Jr,,,,unknown,,0,https://gobearcats.com/sports/womens-tennis/roster
ten_bdd8a9acd408,Rozalia,Gruszczynska,tennis,2025-26,2026,D1,Women,Big 12 Conference,Cincinnati,,Player,Senior,Sr,,,,unknown,,0,https://gobearcats.com/sports/womens-tennis/roster
ten_ad0bf8dc9586,Isabel,Pacheco,tennis,2025-26,2026,D1,Women,Big 12 Conference,Cincinnati,,Player,Senior,Sr,,,,unknown,,0,https://gobearcats.com/sports/womens-tennis/roster
ten_6e210c29fa3c,Milica,Popovski,tennis,2025-26,2026,D1,Women,Big 12 Conference,Cincinnati,,Player,Sophomore,So,,,,unknown,,0,https://gobearcats.com/sports/womens-tennis/roster
ten_a1f7118c2e94,Morgan,Pyrz,tennis,2025-26,2026,D1,Women,Big 12 Conference,Cincinnati,,Player,Junior,Jr,,,,unknown,,0,https://gobearcats.com/sports/womens-tennis/roster
ten_6edbb1ad7007,Sakurako,Watanabe,tennis,2025-26,2026,D1,Women,Big 12 Conference,Cincinnati,,Player,Junior,Jr,,,,unknown,,0,https://gobearcats.com/sports/womens-tennis/roster
ten_2b1a56ad3c4a,Anastasija,"""Ana"" Arsic",tennis,2025-26,2026,D1,Women,Big 12 Conference,Cincinnati,,Player,Freshman,Fr,,,,unknown,,0,https://gobearcats.com/sports/womens-tennis/roster
ten_72aa68686c86,Tara,Kurepa,tennis,2025-26,2026,D1,Women,Big 12 Conference,Cincinnati,,Player,Freshman,Fr,,,,unknown,,0,https://gobearcats.com/sports/womens-tennis/roster
ten_b4b5e231d466,Caterina,Greco,tennis,2025-26,2026,D1,Women,Big 12 Conference,Cincinnati,,Player,Senior,Sr,,,,unknown,,0,https://gobearcats.com/sports/womens-tennis/roster
ten_ebaedda53bc1,Artemis,Aslanisvili,tennis,2025-26,2026,D1,Women,Atlantic Coast Conference,Clemson,,Player,Sophomore,So,,,,unknown,Fla. Florida Virtual School,0,https://clemsontigers.com/sports/womens-tennis/roster
ten_20cac479c78b,Ria,Bhakta,tennis,2025-26,2026,D1,Women,Atlantic Coast Conference,Clemson,,Player,Junior,Jr,,,,unknown,"Delray Beach, Fla.",0,https://clemsontigers.com/sports/womens-tennis/roster
ten_d0f084ed3913,Romana,Cisovska,tennis,2025-26,2026,D1,Women,Atlantic Coast Conference,Clemson,,Player,Senior,Sr,,,,unknown,"Košice, Slovakia",0,https://clemsontigers.com/sports/womens-tennis/roster
ten_36d2b1a98cd9,Sophie,Clayton,tennis,2025-26,2026,D1,Women,Atlantic Coast Conference,Clemson,,Player,Sophomore,So,,,,unknown,,0,https://clemsontigers.com/sports/womens-tennis/roster
ten_c87c54c3d61d,Kinsey,Crawford,tennis,2025-26,2026,D1,Women,Atlantic Coast Conference,Clemson,,Player,Sophomore,So,,,,unknown,"Tampa, Fla.",0,https://clemsontigers.com/sports/womens-tennis/roster
ten_8c8f00e77d95,Jade,Groen,tennis,2025-26,2026,D1,Women,Atlantic Coast Conference,Clemson,,Player,Senior,Sr,,,,unknown,"Zoetermeer, Netherland",0,https://clemsontigers.com/sports/womens-tennis/roster
ten_5f206f8a1e2c,Talia,Neilson-Gatenby,tennis,2025-26,2026,D1,Women,Atlantic Coast Conference,Clemson,,Player,Sophomore,So,,,,unknown,"Ashby De-La Zouch, England",0,https://clemsontigers.com/sports/womens-tennis/roster
ten_4c2dc8e016f9,Rinon,Okuwaki,tennis,2025-26,2026,D1,Women,Atlantic Coast Conference,Clemson,,Player,Freshman,Fr,,,,unknown,"Saitama, Japan",0,https://clemsontigers.com/sports/womens-tennis/roster
ten_afa37871652d,Gaia,Parravicini,tennis,2025-26,2026,D1,Women,Atlantic Coast Conference,Clemson,,Player,Sophomore,So,,,,unknown,"Bollate, Italy",0,https://clemsontigers.com/sports/womens-tennis/roster
ten_ff71d0c8e1bb,Candela,Yecora,tennis,2025-26,2026,D1,Women,Atlantic Coast Conference,Clemson,,Player,Sophomore,So,,,,unknown,"Sevilla, Spain",0,https://clemsontigers.com/sports/womens-tennis/roster
ten_015b1e4bfc91,Ella,Franz,tennis,2025-26,2026,D1,Women,Horizon League,Cleveland St.,,Player,Sr.,Sr,"Delaware, Ohio",Delaware,OH,domestic,Olentangy Berlin,0,https://csuvikings.com/sports/womens-tennis/roster/2025-26
ten_b281e1452c9e,Leah,Geisz,tennis,2025-26,2026,D1,Women,Horizon League,Cleveland St.,,Player,Fr.,Fr,"Clarkston, Michigan",Clarkston,MI,domestic,,0,https://csuvikings.com/sports/womens-tennis/roster/2025-26
ten_264d086b372f,Anna,Mancino,tennis,2025-26,2026,D1,Women,Horizon League,Cleveland St.,,Player,Fr.,Fr,"Westlake, Ohio",Westlake,OH,domestic,,0,https://csuvikings.com/sports/womens-tennis/roster/2025-26
ten_046ee60191c4,Melliz,Petkova Mustafa,tennis,2025-26,2026,D1,Women,Horizon League,Cleveland St.,,Player,So.,So,"Visby, Sweden",Visby,,international,,0,https://csuvikings.com/sports/womens-tennis/roster/2025-26
ten_22939b6bfc82,Jenna,Redmile,tennis,2025-26,2026,D1,Women,Horizon League,Cleveland St.,,Player,So.,So,"Plymouth, Michigan",Plymouth,MI,domestic,Salem,0,https://csuvikings.com/sports/womens-tennis/roster/2025-26
ten_7672b0a9e7b6,Sofia,Sergieva,tennis,2025-26,2026,D1,Women,Horizon League,Cleveland St.,,Player,Fr.,Fr,"Sofia, Bulgaria",Sofia,,international,,0,https://csuvikings.com/sports/womens-tennis/roster/2025-26
ten_67e6c861295f,Laura,Tapia,tennis,2025-26,2026,D1,Women,Horizon League,Cleveland St.,,Player,Fr.,Fr,"Los Realejos, Spain",Los Realejos,,international,,0,https://csuvikings.com/sports/womens-tennis/roster/2025-26
ten_efdb0acf8697,Paula,Cabrer,tennis,2025-26,2026,D1,Women,Sun Belt Conference,Coastal Carolina,"5'7""",Player,Sr.,Sr,"Palma de Mallorca, Spain",Palma de Mallorca,,international,Palma de Mallorca,0,https://goccusports.com/sports/womens-tennis/roster/2025-26
ten_cded73b12ea3,Sarah,Clark,tennis,2025-26,2026,D1,Women,Sun Belt Conference,Coastal Carolina,"5'5""",Player,So.,So,"Cincinnati, Ohio",Cincinnati,OH,domestic,Turpin,0,https://goccusports.com/sports/womens-tennis/roster/2025-26
ten_2bca8d9a758d,Brunelle,Kouam,tennis,2025-26,2026,D1,Women,Sun Belt Conference,Coastal Carolina,"5'3""",Player,So.,So,"Washington, D.C.",Washington,DC,domestic,Bishop O'Connell,0,https://goccusports.com/sports/womens-tennis/roster/2025-26
ten_916855f32528,Francisca,Laundes,tennis,2025-26,2026,D1,Women,Sun Belt Conference,Coastal Carolina,"5'7""",Player,Fr.,Fr,"Porto, Portugal",Porto,,international,Colegio Cebes,0,https://goccusports.com/sports/womens-tennis/roster/2025-26
ten_e89658bff9a8,Aida,Mitrache,tennis,2025-26,2026,D1,Women,Sun Belt Conference,Coastal Carolina,"5'8""",Player,Jr.,Jr,"Timisoara, Romania",Timisoara,,international,Digital Academy,1,https://goccusports.com/sports/womens-tennis/roster/2025-26
ten_6f0104840730,Brooke,Rogers,tennis,2025-26,2026,D1,Women,Sun Belt Conference,Coastal Carolina,"5'9""",Player,Jr.,Jr,"Socastee, S.C.",Socastee,SC,domestic,Socastee,0,https://goccusports.com/sports/womens-tennis/roster/2025-26
ten_12f3288b58fc,Francesca,Simpson,tennis,2025-26,2026,D1,Women,Sun Belt Conference,Coastal Carolina,"5'5""",Player,Fr.,Fr,"Middlesbrough, England",Middlesbrough,,international,Nunthorpe Academy,1,https://goccusports.com/sports/womens-tennis/roster/2025-26
ten_9f3269fc40e3,Diana,Zuba,tennis,2025-26,2026,D1,Women,Sun Belt Conference,Coastal Carolina,"5'7""",Player,Jr.,Jr,"Morganville, N.J.",Morganville,NJ,domestic,Marlboro,0,https://goccusports.com/sports/womens-tennis/roster/2025-26
ten_d5905c60caa2,Lera,Alexin,tennis,2025-26,2026,D1,Women,Big 12 Conference,Colorado,,Player,So.,So,"Lenexa, Kansas",Lenexa,KS,domestic,Olathe Northwest,0,https://cubuffs.com/sports/womens-tennis/roster/2025-26
ten_47706cc61b02,Lani,Brotman,tennis,2025-26,2026,D1,Women,Big 12 Conference,Colorado,,Player,Fr.,Fr,"Carrollton, TX",Carrollton,TX,domestic,University Prep,1,https://cubuffs.com/sports/womens-tennis/roster/2025-26
ten_88aa2d4b150f,Ema,Bubalo,tennis,2025-26,2026,D1,Women,Big 12 Conference,Colorado,,Player,Jr.,Jr,"Podstrana, Croatia",Podstrana,,international,Private high school,0,https://cubuffs.com/sports/womens-tennis/roster/2025-26
ten_c3f38d720121,Heidi,Crncan,tennis,2025-26,2026,D1,Women,Big 12 Conference,Colorado,,Player,Fr.,Fr,"Wolverhampton, England",Wolverhampton,,international,Thomas Telford School,0,https://cubuffs.com/sports/womens-tennis/roster/2025-26
ten_7a3bd2091da0,Aya,El Sayed,tennis,2025-26,2026,D1,Women,Big 12 Conference,Colorado,,Player,Gr.,Gr,"Alexandria, Egypt",Alexandria,,international,International Connections Academy,1,https://cubuffs.com/sports/womens-tennis/roster/2025-26
ten_2bcd17017775,Willow,Gretsch,tennis,2025-26,2026,D1,Women,Big 12 Conference,Colorado,,Player,Jr.,Jr,"Los Angeles, Calif.",Los Angeles,CA,domestic,De Toledo,0,https://cubuffs.com/sports/womens-tennis/roster/2025-26
ten_2c5c91dc7ae8,Yukiko,Ikedo,tennis,2025-26,2026,D1,Women,Big 12 Conference,Colorado,,Player,Fr.,Fr,"Gifu, Japan",Gifu,,international,Aioi Gakuin,0,https://cubuffs.com/sports/womens-tennis/roster/2025-26
ten_d5f7b02d56b0,Anya,Nelson,tennis,2025-26,2026,D1,Women,Big 12 Conference,Colorado,,Player,Sr.,Sr,"Atlanta, Ga.",Atlanta,GA,domestic,Marist School,0,https://cubuffs.com/sports/womens-tennis/roster/2025-26
ten_ee9c657d57c0,Pia,Rebec,tennis,2025-26,2026,D1,Women,Big 12 Conference,Colorado,,Player,Jr.,Jr,"Ljubljana, Slovenia",Ljubljana,,international,Gimnazija Šiška,0,https://cubuffs.com/sports/womens-tennis/roster/2025-26
ten_cd73fd32bed7,Rixt,van der Werff,tennis,2025-26,2026,D1,Women,Big 12 Conference,Colorado,,Player,Sr.,Sr,"Groningen, Netherlands",Groningen,,international,Drachtster Lyceum,0,https://cubuffs.com/sports/womens-tennis/roster/2025-26
ten_4edf7b6750df,Anni,Amalnathan,tennis,2025-26,2026,D1,Women,Mountain West Conference,Colorado St.,,Player,Fr.,Fr,"South Bend, Ind.",South Bend,IN,domestic,Saint Joseph,0,https://csurams.com/sports/womens-tennis/roster/2025-26
ten_285e86cebaed,Luana,Avelar,tennis,2025-26,2026,D1,Women,Mountain West Conference,Colorado St.,,Player,Sr.,Sr,"Patos de Minas, Brazil",Patos de Minas,,international,Club Med Academies,0,https://csurams.com/sports/womens-tennis/roster/2025-26
ten_ce0548bfa44a,Sorcha,Caves,tennis,2025-26,2026,D1,Women,Mountain West Conference,Colorado St.,,Player,Jr.,Jr,"Glasgow, Scotland",Glasgow,,international,Mearns Castle,0,https://csurams.com/sports/womens-tennis/roster/2025-26
ten_240edd0a91c3,Hanna,Haber,tennis,2025-26,2026,D1,Women,Mountain West Conference,Colorado St.,,Player,Sr.,Sr,Arlington,Arlington,,international,Rolling Meadows,0,https://csurams.com/sports/womens-tennis/roster/2025-26
ten_200ba79c2192,Diana,Lizarazo,tennis,2025-26,2026,D1,Women,Mountain West Conference,Colorado St.,,Player,So.,So,"Bogota, Colombia",Bogota,,international,Miami Virtual School,0,https://csurams.com/sports/womens-tennis/roster/2025-26
ten_41cd5b57549e,Stella,Morgan,tennis,2025-26,2026,D1,Women,Mountain West Conference,Colorado St.,,Player,Fr.,Fr,"Palos Verdes, Calif.",Palos Verdes,CA,domestic,Palos Verdes,0,https://csurams.com/sports/womens-tennis/roster/2025-26
ten_55c86587a800,Annika,Planinsek,tennis,2025-26,2026,D1,Women,Mountain West Conference,Colorado St.,,Player,Jr.,Jr,"Hoce, Slovenia",Hoce,,international,Ball State,0,https://csurams.com/sports/womens-tennis/roster/2025-26
ten_7375cc70351a,Leyla,Tozin,tennis,2025-26,2026,D1,Women,Mountain West Conference,Colorado St.,,Player,Fr.,Fr,"Rochester, NY",Rochester,NY,domestic,Brighton,0,https://csurams.com/sports/womens-tennis/roster/2025-26
ten_b8c714c192ae,Dylan,Voeks,tennis,2025-26,2026,D1,Women,Mountain West Conference,Colorado St.,,Player,Fr.,Fr,"Charleston, S.C.",Charleston,SC,domestic,Wando,0,https://csurams.com/sports/womens-tennis/roster/2025-26
ten_2f3ce439900a,Logan,Voeks,tennis,2025-26,2026,D1,Women,Mountain West Conference,Colorado St.,,Player,Jr.,Jr,"Charleston, S.C.",Charleston,SC,domestic,Wando,0,https://csurams.com/sports/womens-tennis/roster/2025-26
ten_1a24f60bf367,Gigi,Bohan,tennis,2025-26,2026,D1,Women,Patriot League,Colgate,"5'5""",Player,Jr.,Jr,"Pawleys Island, S.C.",Pawleys Island,SC,domestic,Lowcountry Preparatory School,1,https://colgateathletics.com/sports/womens-tennis/roster/2025-26
ten_32eaf1b9c53b,Caroline,Brown,tennis,2025-26,2026,D1,Women,Patriot League,Colgate,"5'4""",Player,Fy.,Fr,"Cincinnati, Ohio",Cincinnati,OH,domestic,Indian Hill,0,https://colgateathletics.com/sports/womens-tennis/roster/2025-26
ten_6f13100b0ec4,Carina,Cristobal,tennis,2025-26,2026,D1,Women,Patriot League,Colgate,"5'10""",Player,Jr.,Jr,"Saint James, N.Y.",Saint James,NY,domestic,The Stony Brook School,0,https://colgateathletics.com/sports/womens-tennis/roster/2025-26
ten_89028a46f3ac,Amelia,Galin,tennis,2025-26,2026,D1,Women,Patriot League,Colgate,"5'3""",Player,Sr.,Sr,"Westport, Conn.",Westport,CT,domestic,Staples,0,https://colgateathletics.com/sports/womens-tennis/roster/2025-26
ten_29032c7366fd,Vivian,Hall,tennis,2025-26,2026,D1,Women,Patriot League,Colgate,"5'2""",Player,Fy.,Fr,"Long Beach, Calif.",Long Beach,CA,domestic,Woodrow Wilson,0,https://colgateathletics.com/sports/womens-tennis/roster/2025-26
ten_c1e929968121,Sasha,Herman,tennis,2025-26,2026,D1,Women,Patriot League,Colgate,"5'3""",Player,Sr.,Sr,"Fair Haven, N.J.",Fair Haven,NJ,domestic,Rumson-Fair Haven,0,https://colgateathletics.com/sports/womens-tennis/roster/2025-26
ten_f7667e6b72b9,Rebecca,Hess,tennis,2025-26,2026,D1,Women,Patriot League,Colgate,"5'5""",Player,So.,So,"Cedar Grove, N.J.",Cedar Grove,NJ,domestic,Mount Saint Dominic Academy,1,https://colgateathletics.com/sports/womens-tennis/roster/2025-26
ten_88c1a452146b,Avery,Isaac,tennis,2025-26,2026,D1,Women,Patriot League,Colgate,"5'7""",Player,Jr.,Jr,"Lutz, Fla.",Lutz,FL,domestic,Academy at the Lakes,1,https://colgateathletics.com/sports/womens-tennis/roster/2025-26
ten_4560d1d9cb5e,Anya,Kunar,tennis,2025-26,2026,D1,Women,Patriot League,Colgate,"5'6""",Player,So.,So,"Easton, Conn.",Easton,CT,domestic,Joel Barlow,0,https://colgateathletics.com/sports/womens-tennis/roster/2025-26
ten_f0614958cf99,Sophia,Montero,tennis,2025-26,2026,D1,Women,Patriot League,Colgate,"5'8""",Player,Jr.,Jr,"Westfield, N.J.",Westfield,NJ,domestic,Westfield,0,https://colgateathletics.com/sports/womens-tennis/roster/2025-26
ten_682ec65cb8a7,Paige,Rothwell,tennis,2025-26,2026,D1,Women,Patriot League,Colgate,"5'7""",Player,Jr.,Jr,"Victoria, B.C.",Victoria,,international,St. Michael's University School,0,https://colgateathletics.com/sports/womens-tennis/roster/2025-26
ten_017b018bca3e,Anson,Silverfield,tennis,2025-26,2026,D1,Women,Patriot League,Colgate,"5'6""",Player,Fy.,Fr,"Jacksonville, Fla.",Jacksonville,FL,domestic,The Bolles School,0,https://colgateathletics.com/sports/womens-tennis/roster/2025-26
ten_df230c2ead26,Isabella,Asenov,tennis,2025-26,2026,D1,Women,Big East Conference,UConn,,Player,Jr.,Jr,"Vancouver, British Columbia",Vancouver,,international,Sutherland Secondary,0,https://uconnhuskies.com/sports/womens-tennis/roster/2025-26
ten_c941d0eb7d3d,Cameron,Didion,tennis,2025-26,2026,D1,Women,Big East Conference,UConn,,Player,Sr.,Sr,"Orlando, Fla.",Orlando,FL,domestic,Winter Park HS,0,https://uconnhuskies.com/sports/womens-tennis/roster/2025-26
ten_2300999d429f,Caroline,Hinshaw,tennis,2025-26,2026,D1,Women,Big East Conference,UConn,,Player,Jr.,Jr,"Centerville, Ohio",Centerville,OH,domestic,Centerville High School,0,https://uconnhuskies.com/sports/womens-tennis/roster/2025-26
ten_88a58dbe1d4e,Chloe,Lomans,tennis,2025-26,2026,D1,Women,Big East Conference,UConn,,Player,So.,So,Netherlands,Netherlands,,international,,0,https://uconnhuskies.com/sports/womens-tennis/roster/2025-26
ten_c25f74c15ef6,Victoria,Matos,tennis,2025-26,2026,D1,Women,Big East Conference,UConn,,Player,Jr.,Jr,"Coram, N.Y.",Coram,NY,domestic,Longwood High School,0,https://uconnhuskies.com/sports/womens-tennis/roster/2025-26
ten_0874b5d38acd,Madison,Mcleod,tennis,2025-26,2026,D1,Women,Big East Conference,UConn,,Player,Fr.,Fr,"Boca Raton, FL",Boca Raton,FL,domestic,,0,https://uconnhuskies.com/sports/womens-tennis/roster/2025-26
ten_eb8a5b6f53f0,Ela,Platenikova,tennis,2025-26,2026,D1,Women,Big East Conference,UConn,,Player,Jr.,Jr,"Bratislava, Slovakia",Bratislava,,international,Súkromná stredná športová škola Gaudeamus,0,https://uconnhuskies.com/sports/womens-tennis/roster/2025-26
ten_6cc2fbbcc995,Ilana,Rosenthal,tennis,2025-26,2026,D1,Women,Big East Conference,UConn,,Player,Fr.,Fr,"Kingston, PA",Kingston,PA,domestic,,0,https://uconnhuskies.com/sports/womens-tennis/roster/2025-26
ten_771189ccc045,Alison,Azarak,tennis,2025-26,2026,D1,Women,Mid-Eastern Athletic Conference,Coppin St.,,Player,Sr.,Sr,"Maracay, Venezuela",Maracay,,international,Instituto Educacional Aragua,0,https://coppinstatesports.com/sports/womens-tennis/roster/2025-26
ten_14b196a11d44,Brandy,Babcock-Hannah,tennis,2025-26,2026,D1,Women,Mid-Eastern Athletic Conference,Coppin St.,,Player,So.,So,"Menifee, Calif.",Menifee,CA,domestic,Vista Murrieta HS,0,https://coppinstatesports.com/sports/womens-tennis/roster/2025-26
ten_614e676780bd,Saphirre,Ferguson,tennis,2025-26,2026,D1,Women,Mid-Eastern Athletic Conference,Coppin St.,,Player,Fr.,Fr,"Nassau, Bahamas",Nassau,,international,Laurel Springs,0,https://coppinstatesports.com/sports/womens-tennis/roster/2025-26
ten_30567076d42c,Moira,Johnson,tennis,2025-26,2026,D1,Women,Mid-Eastern Athletic Conference,Coppin St.,,Player,Fr.,Fr,Great Britain,Great Britain,,international,,,https://coppinstatesports.com/sports/womens-tennis/roster/2025-26
ten_d2c2242dff5b,Abigail,Perue,tennis,2025-26,2026,D1,Women,Mid-Eastern Athletic Conference,Coppin St.,,Player,So.,So,"Montego Bay, Jamaica",Montego Bay,,international,Montego Bay HS,0,https://coppinstatesports.com/sports/womens-tennis/roster/2025-26
ten_966c21879755,Kyla,Proctor,tennis,2025-26,2026,D1,Women,Mid-Eastern Athletic Conference,Coppin St.,,Player,So.,So,"Jacksonville, Fla.",Jacksonville,FL,domestic,Andrew Jackson HS,0,https://coppinstatesports.com/sports/womens-tennis/roster/2025-26
ten_1b27d43c4223,Sirena,Singh,tennis,2025-26,2026,D1,Women,Mid-Eastern Athletic Conference,Coppin St.,,Player,Fr.,Fr,,,,unknown,,0,https://coppinstatesports.com/sports/womens-tennis/roster/2025-26
ten_e4a5f49f4a21,Charlotte,Calderwood,tennis,2025-26,2026,D1,Women,Atlantic 10 Conference,Davidson,,Player,Jr.,Jr,"Darien, Conn.",Darien,CT,domestic,Greens Farms Academy,1,https://davidsonwildcats.com/sports/womens-tennis/roster/2025-26
ten_4dca313da179,Lilly,Dwyer,tennis,2025-26,2026,D1,Women,Atlantic 10 Conference,Davidson,,Player,So.,So,"Cincinnati, Ohio",Cincinnati,OH,domestic,Indian Hill,0,https://davidsonwildcats.com/sports/womens-tennis/roster/2025-26
ten_dad38017d3e3,Ellie,Hammond,tennis,2025-26,2026,D1,Women,Atlantic 10 Conference,Davidson,,Player,So.,So,"Prospect, Ky.",Prospect,KY,domestic,Sacred Heart Academy,1,https://davidsonwildcats.com/sports/womens-tennis/roster/2025-26
ten_04588e287233,Olivia,Hooper,tennis,2025-26,2026,D1,Women,Atlantic 10 Conference,Davidson,,Player,Sr.,Sr,"Peachtree City, Ga.",Peachtree City,GA,domestic,McIntosh,0,https://davidsonwildcats.com/sports/womens-tennis/roster/2025-26
ten_89c931289695,Savanna,Kollock,tennis,2025-26,2026,D1,Women,Atlantic 10 Conference,Davidson,,Player,Sr.,Sr,"Scottsdale, Az.",Scottsdale,AZ,domestic,Desert Mountain,0,https://davidsonwildcats.com/sports/womens-tennis/roster/2025-26
ten_2c17d91d1a37,Bryson,Langford,tennis,2025-26,2026,D1,Women,Atlantic 10 Conference,Davidson,,Player,Jr.,Jr,"Leawood, Kan.",Leawood,KS,domestic,Shawnee Mission East,0,https://davidsonwildcats.com/sports/womens-tennis/roster/2025-26
ten_0174605a491e,Kailey,Patel,tennis,2025-26,2026,D1,Women,Atlantic 10 Conference,Davidson,,Player,Jr.,Jr,"Mooresville, N.C.",Mooresville,NC,domestic,Pine Lake Preparatory,1,https://davidsonwildcats.com/sports/womens-tennis/roster/2025-26
ten_99a9df32fce4,Alex,Rodehorst,tennis,2025-26,2026,D1,Women,Atlantic 10 Conference,Davidson,,Player,Jr.,Jr,"Johns Creek, Ga.",Johns Creek,GA,domestic,Johns Creek,0,https://davidsonwildcats.com/sports/womens-tennis/roster/2025-26
ten_d3d20b858848,Keri,Rothenberg,tennis,2025-26,2026,D1,Women,Atlantic 10 Conference,Davidson,,Player,Fr.,Fr,"Wilmette, Ill.",Wilmette,IL,domestic,New Tier,0,https://davidsonwildcats.com/sports/womens-tennis/roster/2025-26
ten_0b2f5be33610,Ines,Roti,tennis,2025-26,2026,D1,Women,Atlantic 10 Conference,Davidson,,Player,Jr.,Jr,"Locust Valley, N.Y.",Locust Valley,NY,domestic,Friends Academy,1,https://davidsonwildcats.com/sports/womens-tennis/roster/2025-26
ten_d5c037a64a76,CL.,,tennis,2025-26,2026,D1,Women,Atlantic 10 Conference,Davidson,,Player,,UNK,,,,unknown,Greens Farms Academy,1,https://davidsonwildcats.com/sports/womens-tennis/roster/2025-26
ten_03024cc09b69,Caroline,Boyle,tennis,2025-26,2026,D1,Women,Atlantic 10 Conference,Dayton,,Player,Fr.,Fr,"Hamilton, Ohio",Hamilton,OH,domestic,Stephen T. Badin,0,https://daytonflyers.com/sports/womens-tennis/roster/2025-26
ten_291183172224,Christian,Chin,tennis,2025-26,2026,D1,Women,Atlantic 10 Conference,Dayton,,Player,Fr.,Fr,"Buford, Ga.",Buford,GA,domestic,Laurel Spring,0,https://daytonflyers.com/sports/womens-tennis/roster/2025-26
ten_90c039ae0fae,Mallory,Hitchcock,tennis,2025-26,2026,D1,Women,Atlantic 10 Conference,Dayton,,Player,Fr.,Fr,"Eaton, Ohio",Eaton,OH,domestic,Eaton,0,https://daytonflyers.com/sports/womens-tennis/roster/2025-26
ten_af35f1ec31a4,Baby,Jordan,tennis,2025-26,2026,D1,Women,Atlantic 10 Conference,Dayton,,Player,Fr.,Fr,"Huntington, W. Va.",Huntington,WV,domestic,Huntington,0,https://daytonflyers.com/sports/womens-tennis/roster/2025-26
ten_97ea03e6de8d,Haley,Klein,tennis,2025-26,2026,D1,Women,Atlantic 10 Conference,Dayton,,Player,So.,So,"La Grange, Ky.",La Grange,KY,domestic,Oldham County,0,https://daytonflyers.com/sports/womens-tennis/roster/2025-26
ten_fff496c961bf,Natalie,Osiecki,tennis,2025-26,2026,D1,Women,Atlantic 10 Conference,Dayton,,Player,Sr.,Sr,"Prospect Heights, Ill.",Prospect Heights,IL,domestic,John Hersey,0,https://daytonflyers.com/sports/womens-tennis/roster/2025-26
ten_247357e36938,Montserrat,Sierra,tennis,2025-26,2026,D1,Women,Atlantic 10 Conference,Dayton,,Player,Sr.,Sr,"Mexico City, Mexico",Mexico City,,international,Clearwater Central Catholic,0,https://daytonflyers.com/sports/womens-tennis/roster/2025-26
ten_1cd905a15cc9,Gabrielle,Baskett,tennis,2025-26,2026,D1,Women,Mid-Eastern Athletic Conference,Delaware St.,"5'2""",Player,Fr.,Fr,"Charlotte, North Carolina",Charlotte,NC,domestic,,0,https://dsuhornets.com/sports/womens-tennis/roster
ten_2034388a5afa,Alba,Benedito,tennis,2025-26,2026,D1,Women,Mid-Eastern Athletic Conference,Delaware St.,,Player,Fr.,Fr,"Valencia, Spain",Valencia,,international,,0,https://dsuhornets.com/sports/womens-tennis/roster
ten_e7c57527dfaa,Kaitlyn,Black,tennis,2025-26,2026,D1,Women,Mid-Eastern Athletic Conference,Delaware St.,"5'2""",Player,Jr.,Jr,"New Brunswick, New Jersey",New Brunswick,NJ,domestic,,0,https://dsuhornets.com/sports/womens-tennis/roster
ten_8ba2c3be8121,Maite,Bou Safont,tennis,2025-26,2026,D1,Women,Mid-Eastern Athletic Conference,Delaware St.,,Player,Fr.,Fr,"Castellón, Spain",Castellón,,international,,0,https://dsuhornets.com/sports/womens-tennis/roster
ten_95cf07fbc693,Lucia,Casas Blas,tennis,2025-26,2026,D1,Women,Mid-Eastern Athletic Conference,Delaware St.,"5'9""",Player,Sr.,Sr,"Madrid, Spain",Madrid,,international,,0,https://dsuhornets.com/sports/womens-tennis/roster
ten_450eaf1b2825,Catherine,Goldman,tennis,2025-26,2026,D1,Women,Mid-Eastern Athletic Conference,Delaware St.,,Player,Jr.,Jr,"Hollywood, Florida",Hollywood,FL,domestic,,0,https://dsuhornets.com/sports/womens-tennis/roster
ten_9d2354ec5ce0,Sia,Mahajan,tennis,2025-26,2026,D1,Women,Mid-Eastern Athletic Conference,Delaware St.,,Player,So.,So,"Pradesh, India",Pradesh,,international,,0,https://dsuhornets.com/sports/womens-tennis/roster
ten_0dad40d388f3,Hannah,Watkins,tennis,2025-26,2026,D1,Women,Mid-Eastern Athletic Conference,Delaware St.,,Player,Fr.,Fr,"Painswick, England",Painswick,,international,,0,https://dsuhornets.com/sports/womens-tennis/roster
ten_719d025527e1,Kayla,Wright,tennis,2025-26,2026,D1,Women,Mid-Eastern Athletic Conference,Delaware St.,,Player,Fr.,Fr,"Upper Marlboro, Maryland",Upper Marlboro,MD,domestic,,0,https://dsuhornets.com/sports/womens-tennis/roster
ten_3927f65f7745,Audrey,Yvana Mengue,tennis,2025-26,2026,D1,Women,Mid-Eastern Athletic Conference,Delaware St.,,Player,Fr.,Fr,"Hannover, Germany",Hannover,,international,,0,https://dsuhornets.com/sports/womens-tennis/roster
ten_259ff9a8c422,Zoe,Adkins,tennis,2025-26,2026,D1,Women,The Summit League,Denver,"5'3""",Player,Sr.,Sr,"Maple Grove, Minnesota",Maple Grove,MN,domestic,Maple Grove Senior High School,0,https://denverpioneers.com/sports/womens-tennis/roster/2025-26
ten_e61bdac1a40c,Hana,Bečirovič Novak,tennis,2025-26,2026,D1,Women,The Summit League,Denver,"5'8""",Player,Sr.,Sr,"Slovenska Bistrica, Slovenia",Slovenska Bistrica,,international,Srednja šola Slovenska Bistrica,0,https://denverpioneers.com/sports/womens-tennis/roster/2025-26
ten_beb7cb432d7f,Yunfei,Cai,tennis,2025-26,2026,D1,Women,The Summit League,Denver,"5'8""",Player,Fr.,Fr,"Guangzhou, China",Guangzhou,,international,,0,https://denverpioneers.com/sports/womens-tennis/roster/2025-26
ten_f6e80f365dc7,Natálie,Cinková,tennis,2025-26,2026,D1,Women,The Summit League,Denver,"5'7""",Player,So.,So,"Agno, Switzerland",Agno,,international,,0,https://denverpioneers.com/sports/womens-tennis/roster/2025-26
ten_9f02fc866ed1,Ruby,Hansen,tennis,2025-26,2026,D1,Women,The Summit League,Denver,"6'0""",Player,Fr.,Fr,"Yorba Linda, California",Yorba Linda,CA,domestic,,0,https://denverpioneers.com/sports/womens-tennis/roster/2025-26
ten_08c255c55c09,Natali,Jaiani,tennis,2025-26,2026,D1,Women,The Summit League,Denver,"5'10""",Player,R-Fr.,Fr,"Tbilisi, Georgia",Tbilisi,GA,domestic,,0,https://denverpioneers.com/sports/womens-tennis/roster/2025-26
ten_45792b8f2759,Marley,Lambert,tennis,2025-26,2026,D1,Women,The Summit League,Denver,"5'5""",Player,Sr.,Sr,"Long Beach, Califonia",Long Beach,,international,California Connections Academy,0,https://denverpioneers.com/sports/womens-tennis/roster/2025-26
ten_b96cd2b1ed42,Claudia,Martinez de Velasco,tennis,2025-26,2026,D1,Women,The Summit League,Denver,"5'7""",Player,Sr.,Sr,"Madrid, Spain",Madrid,,international,,0,https://denverpioneers.com/sports/womens-tennis/roster/2025-26
ten_202109e49c2b,Remy,Nguyen,tennis,2025-26,2026,D1,Women,The Summit League,Denver,"5'6""",Player,R-Fr.,Fr,"Parker, Colorado",Parker,CO,domestic,,0,https://denverpioneers.com/sports/womens-tennis/roster/2025-26
ten_27a3d4e1309b,Louise,Wikander,tennis,2025-26,2026,D1,Women,The Summit League,Denver,"5'6""",Player,Sr.,Sr,"Helsingborg, Sweden",Helsingborg,,international,,0,https://denverpioneers.com/sports/womens-tennis/roster/2025-26
ten_eec6c2f3a0cf,Helin,Alvarez,tennis,2025-26,2026,D1,Women,Big East Conference,DePaul,,Player,R-So.,So,"Maracay, Venezuela",Maracay,,international,Chicago State,0,https://depaulbluedemons.com/sports/womens-tennis/roster/2025-26
ten_a9e882f11dc0,Eleanor,Cochran,tennis,2025-26,2026,D1,Women,Big East Conference,DePaul,,Player,So.,So,"Kilmacolm, Scotland",Kilmacolm,,international,of Glasgow,0,https://depaulbluedemons.com/sports/womens-tennis/roster/2025-26
ten_771202b4f4f4,Isabella,Gibson,tennis,2025-26,2026,D1,Women,Big East Conference,DePaul,,Player,So.,So,"York, England",York,,international,Culford School,0,https://depaulbluedemons.com/sports/womens-tennis/roster/2025-26
ten_efd5a0bf5624,Clara,Nilsson,tennis,2025-26,2026,D1,Women,Big East Conference,DePaul,,Player,Fr.,Fr,"Malmo, Sweden",Malmo,,international,,0,https://depaulbluedemons.com/sports/womens-tennis/roster/2025-26
ten_a963cf2daae9,Yasemin,Pehlivan,tennis,2025-26,2026,D1,Women,Big East Conference,DePaul,,Player,Fr.,Fr,"Istanbul, Turkey",Istanbul,,international,,0,https://depaulbluedemons.com/sports/womens-tennis/roster/2025-26
ten_0050622b08e5,Roberta,Sechi,tennis,2025-26,2026,D1,Women,Big East Conference,DePaul,,Player,Jr.,Jr,"Sassari, Italy",Sassari,,international,Sam Houston State,0,https://depaulbluedemons.com/sports/womens-tennis/roster/2025-26
ten_069240b0feae,Hannah,Smith,tennis,2025-26,2026,D1,Women,Big East Conference,DePaul,,Player,Sr.,Sr,"Silchester, England",Silchester,,international,Prior Park College,0,https://depaulbluedemons.com/sports/womens-tennis/roster/2025-26
ten_663f946b5e91,Sasha,Stula,tennis,2025-26,2026,D1,Women,Big East Conference,DePaul,,Player,Jr.,Jr,"Gifu, Japan",Gifu,,international,Gimnazija Miloš Crnjanski,0,https://depaulbluedemons.com/sports/womens-tennis/roster/2025-26
ten_cb49304232df,Milana,Dejanovic,tennis,2025-26,2026,D1,Women,Missouri Valley Conference,Drake,,Player,Fr.,Fr,"Sydney, Australia",Sydney,,international,Australia Christian,0,https://godrakebulldogs.com/sports/womens-tennis/roster/2025-26
ten_28e2a6a8796f,Maja,Dodik,tennis,2025-26,2026,D1,Women,Missouri Valley Conference,Drake,,Player,Gr.,Gr,"Zenica, Bosnia and Herzegovina",Zenica,,international,St. Paul,0,https://godrakebulldogs.com/sports/womens-tennis/roster/2025-26
ten_2eee383b4c8a,Jordane,Dookie,tennis,2025-26,2026,D1,Women,Missouri Valley Conference,Drake,,Player,So.,So,"Port-of-Spain, Trinidad and Tobago",Port-of-Spain,,international,St. Joseph's Convent,0,https://godrakebulldogs.com/sports/womens-tennis/roster/2025-26
ten_0990d2889585,Elizabete,Klavinska,tennis,2025-26,2026,D1,Women,Missouri Valley Conference,Drake,,Player,Sr.,Sr,"Riga, Latvia",Riga,,international,Agenskalns State Gymnasium,0,https://godrakebulldogs.com/sports/womens-tennis/roster/2025-26
ten_6a984d7b2cb8,Jana,Ruzic,tennis,2025-26,2026,D1,Women,Missouri Valley Conference,Drake,,Player,So.,So,"Perth, Australia",Perth,,international,Churchlands Senior,0,https://godrakebulldogs.com/sports/womens-tennis/roster/2025-26
ten_fe5e6444ead2,Kristina,Tai,tennis,2025-26,2026,D1,Women,Missouri Valley Conference,Drake,,Player,Fr.,Fr,"Adelaide, Australia",Adelaide,,international,Trinity College,0,https://godrakebulldogs.com/sports/womens-tennis/roster/2025-26
ten_77c235d1e2f2,Shiori,Takeda,tennis,2025-26,2026,D1,Women,Missouri Valley Conference,Drake,,Player,So.,So,"Sydney, Australia",Sydney,,international,Presbyterian Ladies College,0,https://godrakebulldogs.com/sports/womens-tennis/roster/2025-26
ten_657bb4817166,Olivia,Chowgule,tennis,2025-26,2026,D1,Women,Coastal Athletic Association,Drexel,,Player,Fr.,Fr,"Lisbon, Portugal",Lisbon,,international,Ecampus Academy,1,https://drexeldragons.com/sports/womens-tennis/roster/2025-26
ten_845d2e54aa2d,Adva,Dabah,tennis,2025-26,2026,D1,Women,Coastal Athletic Association,Drexel,,Player,Sr.,Sr,"Mazliah, Israel",Mazliah,,international,Branco Weiss High School,0,https://drexeldragons.com/sports/womens-tennis/roster/2025-26
ten_35428a91a0bd,Rebecca,Fiedler,tennis,2025-26,2026,D1,Women,Coastal Athletic Association,Drexel,,Player,Jr.,Jr,"Merchantville, N.J.",Merchantville,NJ,domestic,Laurel Springs,0,https://drexeldragons.com/sports/womens-tennis/roster/2025-26
ten_ba27d113c174,Christine,Fourie,tennis,2025-26,2026,D1,Women,Coastal Athletic Association,Drexel,,Player,Fr.,Fr,"Richmond-Upon-Thames, London",Richmond-Upon-Thames,,international,Surbiton High,0,https://drexeldragons.com/sports/womens-tennis/roster/2025-26
ten_c2339004a34a,Noor,Heiba,tennis,2025-26,2026,D1,Women,Coastal Athletic Association,Drexel,,Player,Fr.,Fr,"Yardley, Pa.",Yardley,PA,domestic,The Pennsylvania Leadership Charter School,0,https://drexeldragons.com/sports/womens-tennis/roster/2025-26
ten_5642ad7454d6,Bia,Ibrahim,tennis,2025-26,2026,D1,Women,Coastal Athletic Association,Drexel,,Player,Jr.,Jr,"Sao Paulo, Brazil",Sao Paulo,,international,"Colegio Santo Ivo, Club Med Academies",0,https://drexeldragons.com/sports/womens-tennis/roster/2025-26
ten_5d9a3ddec02a,Anastasia,Kavounov,tennis,2025-26,2026,D1,Women,Coastal Athletic Association,Drexel,,Player,So.,So,"Toronto, Ontario",Toronto,,international,Bill Crothers Secondary School,0,https://drexeldragons.com/sports/womens-tennis/roster/2025-26
ten_6d569be68fb0,Lorie,Lemongo,tennis,2025-26,2026,D1,Women,Coastal Athletic Association,Drexel,,Player,Gr.,Gr,"Yaounde, Cameroon",Yaounde,,international,EdOptions Academy,1,https://drexeldragons.com/sports/womens-tennis/roster/2025-26
ten_9eddd95fbcc6,Sofiya,Snitko,tennis,2025-26,2026,D1,Women,Coastal Athletic Association,Drexel,,Player,Jr.,Jr,"Netanya, Israel",Netanya,,international,"Olimp-Plus (Moscow, Russia)",0,https://drexeldragons.com/sports/womens-tennis/roster/2025-26
ten_73d88f0b3ca6,Claire,An,tennis,2025-26,2026,D1,Women,Atlantic Coast Conference,Duke,,Player,Fr.,Fr,"Boca Raton, Fla.",Boca Raton,FL,domestic,Dwight Global Online,0,https://goduke.com/sports/womens-tennis/roster/2025-26
ten_de7e2836e01d,Irina,Balus,tennis,2025-26,2026,D1,Women,Atlantic Coast Conference,Duke,,Player,So.,So,"Banská Bystrica, Slovakia",Banská Bystrica,,international,Sukromna Stredna Sportova Skola,0,https://goduke.com/sports/womens-tennis/roster/2025-26
ten_3b6b4f7bdf92,Katie,Codd,tennis,2025-26,2026,D1,Women,Atlantic Coast Conference,Duke,,Player,Sr.,Sr,"Carlsbad, Calif.",Carlsbad,CA,domestic,Canyon Crest Academy,1,https://goduke.com/sports/womens-tennis/roster/2025-26
ten_531b5b1064c0,Liv,Hovde,tennis,2025-26,2026,D1,Women,Atlantic Coast Conference,Duke,,Player,So.,So,"Daniel Island, S.C.",Daniel Island,SC,domestic,ICL Academy,1,https://goduke.com/sports/womens-tennis/roster/2025-26
ten_dca244445066,Shavit,Kimchi,tennis,2025-26,2026,D1,Women,Atlantic Coast Conference,Duke,,Player,Jr.,Jr,"Sdey Hemed, Israel",Sdey Hemed,,international,Yarkon,0,https://goduke.com/sports/womens-tennis/roster/2025-26
ten_22cb2320c69b,Ava,Krug,tennis,2025-26,2026,D1,Women,Atlantic Coast Conference,Duke,,Player,So.,So,"Sarasota, Fla.",Sarasota,FL,domestic,Laurel Springs,0,https://goduke.com/sports/womens-tennis/roster/2025-26
ten_bf03cb7974fd,Aspen,Schuman,tennis,2025-26,2026,D1,Women,Atlantic Coast Conference,Duke,,Player,Fr.,Fr,"Menlo Park, Calif.",Menlo Park,CA,domestic,Laurel Springs,0,https://goduke.com/sports/womens-tennis/roster/2025-26
ten_f4d55336af36,Eleana,Yu,tennis,2025-26,2026,D1,Women,Atlantic Coast Conference,Duke,,Player,Jr.,Jr,"Mason, Ohio",Mason,OH,domestic,Laurel Springs,0,https://goduke.com/sports/womens-tennis/roster/2025-26
ten_2cc4b073f81e,Denisse,Arinez Guilarte,tennis,2025-26,2026,D1,Women,Atlantic 10 Conference,Duquesne,"5'3""",Player,So.,So,"Santa Cruz, Bolivia",Santa Cruz,,international,Cambridge College,0,https://goduquesne.com/sports/womens-tennis/roster/2025-26
ten_784889d3131f,Mila,Badics,tennis,2025-26,2026,D1,Women,Atlantic 10 Conference,Duquesne,"5'8""",Player,Jr.,Jr,"Budapest, Hungary",Budapest,,international,Hungarian HS,0,https://goduquesne.com/sports/womens-tennis/roster/2025-26
ten_38b3e5c17957,Naomi,Lalonde,tennis,2025-26,2026,D1,Women,Atlantic 10 Conference,Duquesne,"5'8""",Player,So.,So,"Mississauga, Ontario, Canada",Mississauga,,international,,,https://goduquesne.com/sports/womens-tennis/roster/2025-26
ten_bee1a0977f33,Sofia,Lopez-Linares Perez,tennis,2025-26,2026,D1,Women,Atlantic 10 Conference,Duquesne,"5'7""",Player,So.,So,"Bilbao, Spain",Bilbao,,international,Ayalde,0,https://goduquesne.com/sports/womens-tennis/roster/2025-26
ten_642fd5de2855,Alexandra,O'Brien,tennis,2025-26,2026,D1,Women,Atlantic 10 Conference,Duquesne,"5'8""",Player,Sr.,Sr,"Boca Raton, Fla.",Boca Raton,FL,domestic,Evert Tennis Academy,1,https://goduquesne.com/sports/womens-tennis/roster/2025-26
ten_23706eed08c5,Jasa,Roka,tennis,2025-26,2026,D1,Women,Atlantic 10 Conference,Duquesne,"5'2""",Player,Sr.,Sr,"Lorton, Va.",Lorton,VA,domestic,Hayfield Secondary,0,https://goduquesne.com/sports/womens-tennis/roster/2025-26
ten_e5bfcc6d9d4b,Sofia,Serrano,tennis,2025-26,2026,D1,Women,Atlantic 10 Conference,Duquesne,"5'9""",Player,Jr.,Jr,"Madrid, Spain",Madrid,,international,,0,https://goduquesne.com/sports/womens-tennis/roster/2025-26
ten_c0530d987c6f,Taisia,Yakunina,tennis,2025-26,2026,D1,Women,Atlantic 10 Conference,Duquesne,"5'9""",Player,Sr.,Sr,"Barcelona, Spain",Barcelona,,international,Escola Pia Igualada,0,https://goduquesne.com/sports/womens-tennis/roster/2025-26
ten_502fe258543b,Kim,Auerswald,tennis,2025-26,2026,D1,Women,American Conference,East Carolina,,Player,Sr.,Sr,"Marne, Germany",Marne,,international,Gymnasium Marne Europaschule,0,https://ecupirates.com/sports/womens-tennis/roster/2025-26
ten_1f2165f6b87e,Reese,Calvo,tennis,2025-26,2026,D1,Women,American Conference,East Carolina,,Player,Fr.,Fr,"Hallandale Beach, Fla.",Hallandale Beach,FL,domestic,,0,https://ecupirates.com/sports/womens-tennis/roster/2025-26
ten_4a61dc4fddad,Xenia,Jeromin,tennis,2025-26,2026,D1,Women,American Conference,East Carolina,,Player,So.,So,"Aurich, Germany",Aurich,,international,,0,https://ecupirates.com/sports/womens-tennis/roster/2025-26
ten_1fe92a35fd8b,Lilly,Lancaster,tennis,2025-26,2026,D1,Women,American Conference,East Carolina,,Player,So.,So,"Cumming, Ga.",Cumming,GA,domestic,West Forsyth,0,https://ecupirates.com/sports/womens-tennis/roster/2025-26
ten_9236fbe38888,Joan,Madi,tennis,2025-26,2026,D1,Women,American Conference,East Carolina,,Player,Sr.,Sr,"Baabdath, Lebanon",Baabdath,,international,Athenee de Beyrouth,0,https://ecupirates.com/sports/womens-tennis/roster/2025-26
ten_9dfffcdb70ff,Skylar,Moody,tennis,2025-26,2026,D1,Women,American Conference,East Carolina,,Player,So.,So,"McKinney, Texas",McKinney,TX,domestic,Texas Tech K-12,0,https://ecupirates.com/sports/womens-tennis/roster/2025-26
ten_1c7f7047e78b,Veronika,Pavlenko,tennis,2025-26,2026,D1,Women,American Conference,East Carolina,,Player,Fr.,Fr,"Kyiv, Ukraine",Kyiv,,international,,0,https://ecupirates.com/sports/womens-tennis/roster/2025-26
ten_5469a34d78c8,Ivona,Savekova,tennis,2025-26,2026,D1,Women,American Conference,East Carolina,,Player,Fr.,Fr,"Plovdiv, Bulgaria",Plovdiv,,international,,0,https://ecupirates.com/sports/womens-tennis/roster/2025-26
ten_0a347287cd74,Alessandra,Caceres,tennis,2025-26,2026,D1,Women,Southern Conference,ETSU,,Player,Jr.,Jr,"Calama, Chile",Calama,,international,Athletic Study Center,0,https://etsubucs.com/sports/womens-tennis/roster/2025-26
ten_0bbc3c69f35d,Mariangel,Estrella,tennis,2025-26,2026,D1,Women,Southern Conference,ETSU,,Player,Fr.,Fr,"Barquisimeto, Lara, Venezuela",Barquisimeto,,international,,0,https://etsubucs.com/sports/womens-tennis/roster/2025-26
ten_b9756dba60ca,Niyati,Kukreti,tennis,2025-26,2026,D1,Women,Southern Conference,ETSU,,Player,Jr.,Jr,"Dehradun, Uttarakhand, India",Dehradun,,international,Moravian Institue/Utah State,0,https://etsubucs.com/sports/womens-tennis/roster/2025-26
ten_44dd2e9d2f22,Audelie,Lesauvage,tennis,2025-26,2026,D1,Women,Southern Conference,ETSU,,Player,So.,So,"Cherbourg-en-cotentin, France",Cherbourg-en-cotentin,,international,,,https://etsubucs.com/sports/womens-tennis/roster/2025-26
ten_9e11045fbc57,Julia,Millan,tennis,2025-26,2026,D1,Women,Southern Conference,ETSU,,Player,Jr.,Jr,"Arévalo, Spain",Arévalo,,international,IES Eulogio Florentino Sanz,0,https://etsubucs.com/sports/womens-tennis/roster/2025-26
ten_bf5541c04eac,Ksenija,Rage,tennis,2025-26,2026,D1,Women,Southern Conference,ETSU,,Player,So.,So,"Benidorm, Latvia",Benidorm,,international,King's Interhigh,0,https://etsubucs.com/sports/womens-tennis/roster/2025-26
ten_76ec5efcc5d8,Zhansaya,Bakytzhan,tennis,2025-26,2026,D1,Women,ASUN Conference,Eastern Ky.,"5'6""",Player,Jr.,Jr,"Astana, Kazakhstan",Astana,,international,,0,https://ekusports.com/sports/womens-tennis/roster/2025-26
ten_2b879bc491c5,Anastasiia,Cherniakova,tennis,2025-26,2026,D1,Women,ASUN Conference,Eastern Ky.,,Player,So.,So,"Kamianske, Ukraine",Kamianske,,international,,0,https://ekusports.com/sports/womens-tennis/roster/2025-26
ten_a333a813953b,Marilou,Cote,tennis,2025-26,2026,D1,Women,ASUN Conference,Eastern Ky.,"5'2""",Player,Sr.,Sr,"Levis, Quebec",Levis,,international,,0,https://ekusports.com/sports/womens-tennis/roster/2025-26
ten_553a866bae53,Masha,Fedenko,tennis,2025-26,2026,D1,Women,ASUN Conference,Eastern Ky.,"5'10""",Player,Sr.,Sr,"Dnipro, Ukraine",Dnipro,,international,,0,https://ekusports.com/sports/womens-tennis/roster/2025-26
ten_20589d834612,Ceylin,Ipek,tennis,2025-26,2026,D1,Women,ASUN Conference,Eastern Ky.,,Player,So.,So,"Izmir, Turkey",Izmir,,international,,0,https://ekusports.com/sports/womens-tennis/roster/2025-26
ten_626d6adea61a,Izem,Elif Olcer,tennis,2025-26,2026,D1,Women,ASUN Conference,Eastern Ky.,"5'3""",Player,Jr.,Jr,"Balikesir City, Turkey",Balikesir City,,international,,0,https://ekusports.com/sports/womens-tennis/roster/2025-26
ten_14d6b98540b6,Sasha,Parkhomenko,tennis,2025-26,2026,D1,Women,ASUN Conference,Eastern Ky.,"5'7""",Player,Sr.,Sr,"Kharkiv, Ukraine",Kharkiv,,international,,0,https://ekusports.com/sports/womens-tennis/roster/2025-26
ten_120fd1b25b14,Mariia,Triska,tennis,2025-26,2026,D1,Women,ASUN Conference,Eastern Ky.,"5'6""",Player,Sr.,Sr,"Kyiv, Ukraine",Kyiv,,international,,0,https://ekusports.com/sports/womens-tennis/roster/2025-26
ten_a424d6c4d45e,Anait,Arutiunian,tennis,2025-26,2026,D1,Women,Big Sky Conference,Eastern Wash.,"5'5""",Player,Sr.,Sr,"Moscow, Russia",Moscow,,international,The Ogburn School,0,https://goeags.com/sports/womens-tennis/roster/2025-26
ten_9227e0ed585e,Veronika,Gayevyk,tennis,2025-26,2026,D1,Women,Big Sky Conference,Eastern Wash.,,Player,Fr.,Fr,"Odessa, Ukraine",Odessa,,international,,0,https://goeags.com/sports/womens-tennis/roster/2025-26
ten_b6a712403f98,Maria,Lopez,tennis,2025-26,2026,D1,Women,Big Sky Conference,Eastern Wash.,,Player,Fr.,Fr,"Valencia, Spain",Valencia,,international,,0,https://goeags.com/sports/womens-tennis/roster/2025-26
ten_6c6e6403c9a9,Olivia,Marais,tennis,2025-26,2026,D1,Women,Big Sky Conference,Eastern Wash.,"5'11""",Player,So.,So,"Lodi, Calif.",Lodi,CA,domestic,Visions in Education (Online),0,https://goeags.com/sports/womens-tennis/roster/2025-26
ten_6588abaa4468,Leandra,Nizetic,tennis,2025-26,2026,D1,Women,Big Sky Conference,Eastern Wash.,"5'10""",Player,Sr.,Sr,"Coesfeld, Germany",Coesfeld,,international,St. Pius-Gymnasium Coesfeld,0,https://goeags.com/sports/womens-tennis/roster/2025-26
ten_24373659fbf7,Zoe,Pradel,tennis,2025-26,2026,D1,Women,Big Sky Conference,Eastern Wash.,"6'0""",Player,So.,So,"Toulouse, France",Toulouse,,international,French Touch Academy,1,https://goeags.com/sports/womens-tennis/roster/2025-26
ten_a159526b0b91,Sara,Vasic,tennis,2025-26,2026,D1,Women,Big Sky Conference,Eastern Wash.,"5'7""",Player,Sr.,Sr,"Belgrade, Serbia",Belgrade,,international,of Pharmacy and Physical Therapy,0,https://goeags.com/sports/womens-tennis/roster/2025-26
ten_607f3cb533a3,Aneliss,Zamfirescu,tennis,2025-26,2026,D1,Women,Big Sky Conference,Eastern Wash.,,Player,Fr.,Fr,"Benicassim, Spain",Benicassim,,international,,0,https://goeags.com/sports/womens-tennis/roster/2025-26
ten_8af4dc30e7e6,Maeve,Cassidy,tennis,2025-26,2026,D1,Women,Metro Atlantic Athletic Conference,Fairfield,"5'4""",Player,Jr.,Jr,"Monroe, N.Y.",Monroe,NY,domestic,Monroe-Woodbury,0,https://fairfieldstags.com/sports/womens-tennis/roster/2025-26
ten_e3c345ba741b,Maria,Gell,tennis,2025-26,2026,D1,Women,Metro Atlantic Athletic Conference,Fairfield,"5'4""",Player,So.,So,"La Vega, Dominican Republic",La Vega,,international,Colegio Pequeños Gigantes,0,https://fairfieldstags.com/sports/womens-tennis/roster/2025-26
ten_f338cc06fe18,Meg,Harding,tennis,2025-26,2026,D1,Women,Metro Atlantic Athletic Conference,Fairfield,"5'7""",Player,Sr.,Sr,"Fairfield, Conn.",Fairfield,CT,domestic,Saddlebrook Preparatory School,1,https://fairfieldstags.com/sports/womens-tennis/roster/2025-26
ten_a91d73b99f6a,Sophia,Harris,tennis,2025-26,2026,D1,Women,Metro Atlantic Athletic Conference,Fairfield,,Player,Fr.,Fr,"Charlotte, N.C.",Charlotte,NC,domestic,Charlotte Christian,0,https://fairfieldstags.com/sports/womens-tennis/roster/2025-26
ten_ff25be68952b,Regina,Herrera,tennis,2025-26,2026,D1,Women,Metro Atlantic Athletic Conference,Fairfield,,Player,Fr.,Fr,"San Antonio, Texas",San Antonio,TX,domestic,,0,https://fairfieldstags.com/sports/womens-tennis/roster/2025-26
ten_166a8f5606c9,Sarah,Liu,tennis,2025-26,2026,D1,Women,Metro Atlantic Athletic Conference,Fairfield,"5'6""",Player,Sr.,Sr,"Oakville, Ontario",Oakville,,international,St. Martin Secondary School,0,https://fairfieldstags.com/sports/womens-tennis/roster/2025-26
ten_1b775d0d0016,Nicolette,Loeffler,tennis,2025-26,2026,D1,Women,Metro Atlantic Athletic Conference,Fairfield,"5'2""",Player,Jr.,Jr,"Cold Spring Harbor, N.Y.",Cold Spring Harbor,NY,domestic,Cold Spring Harbor,0,https://fairfieldstags.com/sports/womens-tennis/roster/2025-26
ten_d9d3812d85a9,Lily,Malinowski,tennis,2025-26,2026,D1,Women,Metro Atlantic Athletic Conference,Fairfield,"5'5""",Player,Jr.,Jr,"Lyndhurst, N.J.",Lyndhurst,NJ,domestic,Lyndhurst,0,https://fairfieldstags.com/sports/womens-tennis/roster/2025-26
ten_e936d52f938d,Victoria,Mandma,tennis,2025-26,2026,D1,Women,Metro Atlantic Athletic Conference,Fairfield,"5'9""",Player,So.,So,"Tallinn, Estonia",Tallinn,,international,Gustav Adolf Grammar School,0,https://fairfieldstags.com/sports/womens-tennis/roster/2025-26
ten_151d91b1b1c9,Anna,Neyestani,tennis,2025-26,2026,D1,Women,Metro Atlantic Athletic Conference,Fairfield,"5'5""",Player,Jr.,Jr,"Scottsdale, Ariz.",Scottsdale,AZ,domestic,Chaparral,0,https://fairfieldstags.com/sports/womens-tennis/roster/2025-26
ten_ec29a066fbf8,Dylin,Pizzutello,tennis,2025-26,2026,D1,Women,Metro Atlantic Athletic Conference,Fairfield,"5'4""",Player,So.,So,"Mount Pleasant, S.C.",Mount Pleasant,SC,domestic,Oceanside Collegiate,0,https://fairfieldstags.com/sports/womens-tennis/roster/2025-26
ten_cefa22912653,Sophia,Fredericks-McKee,tennis,2025-26,2026,D1,Women,Northeast Conference,FDU,,Player,Fr.,Fr,London England,London England,,international,Latymer Upper School,0,https://fduknights.com/sports/womens-tennis/roster/2025-26
ten_87fb2b799e9c,Ann,Kato,tennis,2025-26,2026,D1,Women,Northeast Conference,FDU,,Player,So.,So,"Aliso Viejo, Calif.",Aliso Viejo,CA,domestic,Aliso Niguel,0,https://fduknights.com/sports/womens-tennis/roster/2025-26
ten_937371ebf33e,Yelena,Kim,tennis,2025-26,2026,D1,Women,Northeast Conference,FDU,,Player,Sr.,Sr,"Almaty, Kazakhstan",Almaty,,international,Korken Akhmetov School,0,https://fduknights.com/sports/womens-tennis/roster/2025-26
ten_59c44915c927,Katsiaryna,Kostsina,tennis,2025-26,2026,D1,Women,Northeast Conference,FDU,,Player,Jr.,Jr,"Minsk, Belarus",Minsk,,international,,0,https://fduknights.com/sports/womens-tennis/roster/2025-26
ten_250f4b6bba8d,Anastasia,Lim,tennis,2025-26,2026,D1,Women,Northeast Conference,FDU,,Player,Sr.,Sr,"Kazan, Russia",Kazan,,international,,0,https://fduknights.com/sports/womens-tennis/roster/2025-26
ten_ce9f475a7930,Oleksandra,Ovsiienko,tennis,2025-26,2026,D1,Women,Northeast Conference,FDU,,Player,Fr.,Fr,"Dnipro, Ukraine",Dnipro,,international,Novoaleksandrivsky Lyceum,0,https://fduknights.com/sports/womens-tennis/roster/2025-26
ten_64838f7a9102,Valentina,Silva,tennis,2025-26,2026,D1,Women,Northeast Conference,FDU,,Player,Sr.,Sr,"Rio de Janeiro, Brazil",Rio de Janeiro,,international,Centro Educacional Espaço Integrado,0,https://fduknights.com/sports/womens-tennis/roster/2025-26
ten_add312d4e7f1,Amber,Beautelus,tennis,2025-26,2026,D1,Women,Southwestern Athletic Conference,Florida A&M,,Player,Fr.,Fr,"Miami, Fla.",Miami,FL,domestic,Maranatha Christian,0,https://famuathletics.com/sports/womens-tennis/roster/2025-26
ten_d09bcac912c0,Sydney,Brantley,tennis,2025-26,2026,D1,Women,Southwestern Athletic Conference,Florida A&M,,Player,So.,So,"Atlanta, Ga,",Atlanta,GA,domestic,,0,https://famuathletics.com/sports/womens-tennis/roster/2025-26
ten_88ae38525b00,Luiza,Eidelvein,tennis,2025-26,2026,D1,Women,Southwestern Athletic Conference,Florida A&M,,Player,Fr.,Fr,Brazil,Brazil,,international,,0,https://famuathletics.com/sports/womens-tennis/roster/2025-26
ten_e174304dbf9f,Reagan,Harris,tennis,2025-26,2026,D1,Women,Southwestern Athletic Conference,Florida A&M,,Player,Sr.,Sr,"Greensboro, N.C.",Greensboro,NC,domestic,,0,https://famuathletics.com/sports/womens-tennis/roster/2025-26
ten_967bc440fe69,Gabrielle,Pierce,tennis,2025-26,2026,D1,Women,Southwestern Athletic Conference,Florida A&M,,Player,Fr.,Fr,"Washington, D.C.",Washington,DC,domestic,,0,https://famuathletics.com/sports/womens-tennis/roster/2025-26
ten_5a49865abc92,Veronica,Rodriguez,tennis,2025-26,2026,D1,Women,Southwestern Athletic Conference,Florida A&M,,Player,Gr.,Gr,"Maracaibo, Venezuela",Maracaibo,,international,Maranatha Christian,0,https://famuathletics.com/sports/womens-tennis/roster/2025-26
ten_ac41ad4b9d99,Larissa,Silva,tennis,2025-26,2026,D1,Women,Southwestern Athletic Conference,Florida A&M,,Player,So.,So,"Sau Paulo, Brazil",Sau Paulo,,international,ITB José Munir HS,0,https://famuathletics.com/sports/womens-tennis/roster/2025-26
ten_1f493a331ba9,Aleynah,Thomas,tennis,2025-26,2026,D1,Women,Southwestern Athletic Conference,Florida A&M,,Player,Fr.,Fr,"Hephzibah, Ga,",Hephzibah,GA,domestic,,0,https://famuathletics.com/sports/womens-tennis/roster/2025-26
ten_22cc1e4ac16b,Genesis,Whitelock,tennis,2025-26,2026,D1,Women,Southwestern Athletic Conference,Florida A&M,,Player,Sr.,Sr,"Saint Petersburg, Fla.",Saint Petersburg,FL,domestic,,0,https://famuathletics.com/sports/womens-tennis/roster/2025-26
ten_8ceaae6a4e7d,Brooke,Black,tennis,2025-26,2026,D1,Women,Southeastern Conference,Florida,,Player,Fr.,Fr,"London, England",London,,international,The Teddington School,0,https://floridagators.com/sports/womens-tennis/roster/2025-26
ten_a108fc181849,Nikola,Daubnerova,tennis,2025-26,2026,D1,Women,Southeastern Conference,Florida,,Player,So.,So,"Bratislava, Slovakia",Bratislava,,international,,0,https://floridagators.com/sports/womens-tennis/roster/2025-26
ten_aa4880d27cc3,Valery,Gynina,tennis,2025-26,2026,D1,Women,Southeastern Conference,Florida,,Player,Jr.,Jr,"Moscow, Russia",Moscow,,international,,,https://floridagators.com/sports/womens-tennis/roster/2025-26
ten_33f1efbec818,India,Houghton,tennis,2025-26,2026,D1,Women,Southeastern Conference,Florida,,Player,Gr.,Gr,"Tiburon, Calif.",Tiburon,CA,domestic,Laurel Springs High School,0,https://floridagators.com/sports/womens-tennis/roster/2025-26
ten_7066dd7255c4,Scarlett,Nicholson,tennis,2025-26,2026,D1,Women,Southeastern Conference,Florida,,Player,Jr.,Jr,"Toronto, Ontario",Toronto,,international,Bill Crothers Secondary School,0,https://floridagators.com/sports/womens-tennis/roster/2025-26
ten_fbbba68fc1b2,Xinyi,Nong,tennis,2025-26,2026,D1,Women,Southeastern Conference,Florida,,Player,Sr.,Sr,"Wenshan, China",Wenshan,,international,Iowa State / Miami,0,https://floridagators.com/sports/womens-tennis/roster/2025-26
ten_ebace4247bbe,Gabia,Paskauskas,tennis,2025-26,2026,D1,Women,Southeastern Conference,Florida,,Player,So.,So,"London, England",London,,international,,,https://floridagators.com/sports/womens-tennis/roster/2025-26
ten_764cd3f45403,Lucie,Pawlak,tennis,2025-26,2026,D1,Women,Southeastern Conference,Florida,,Player,Fr.,Fr,"Montpellier, France",Montpellier,,international,,0,https://floridagators.com/sports/womens-tennis/roster/2025-26
ten_93181a5e75c9,Isabella,Aguiar,tennis,2025-26,2026,D1,Women,Atlantic 10 Conference,Fordham,"5'8""",Player,Fr.,Fr,"Wellington, Fla.",Wellington,FL,domestic,Boulder (Campbell),0,https://fordhamsports.com/sports/womens-tennis/roster/2025-26
ten_623627fcf311,Lily,Chitambar,tennis,2025-26,2026,D1,Women,Atlantic 10 Conference,Fordham,"5'9""",Player,Jr.,Jr,"Boulder, Colo.",Boulder,CO,domestic,Boulder (Campbell),0,https://fordhamsports.com/sports/womens-tennis/roster/2025-26
ten_b78fd35eec4a,Paola,Dalmonico,tennis,2025-26,2026,D1,Women,Atlantic 10 Conference,Fordham,"5'8""",Player,So.,So,"Curitiba, Brazil",Curitiba,,international,,0,https://fordhamsports.com/sports/womens-tennis/roster/2025-26
ten_9bc2cbe73328,Valerija,Kargina,tennis,2025-26,2026,D1,Women,Atlantic 10 Conference,Fordham,"5'10""",Player,Fr.,Fr,"Riga, Latvia",Riga,,international,,0,https://fordhamsports.com/sports/womens-tennis/roster/2025-26
ten_2402b1f32083,Nevena,Kolarevic,tennis,2025-26,2026,D1,Women,Atlantic 10 Conference,Fordham,"5'11""",Player,Sr.,Sr,"Belgrade, Serbia",Belgrade,,international,Illinois State,0,https://fordhamsports.com/sports/womens-tennis/roster/2025-26
ten_7d4cd827e9e6,Aya,Matsunaga,tennis,2025-26,2026,D1,Women,Atlantic 10 Conference,Fordham,"5'7""",Player,Jr.,Jr,"Habikino, Osaka, Japan",Habikino,,international,Renaissance Ibaraki (Hillsborough CC),0,https://fordhamsports.com/sports/womens-tennis/roster/2025-26
ten_90c8eef21811,Julianne,Nguyen,tennis,2025-26,2026,D1,Women,Atlantic 10 Conference,Fordham,"5'7""",Player,Jr.,Jr,"San Gabriel, Calif.",San Gabriel,CA,domestic,San Marino,0,https://fordhamsports.com/sports/womens-tennis/roster/2025-26
ten_e85fefb771d2,Catalina,Padilla,tennis,2025-26,2026,D1,Women,Atlantic 10 Conference,Fordham,"5'8""",Player,So.,So,"Cochabamba, Bolivia",Cochabamba,,international,,0,https://fordhamsports.com/sports/womens-tennis/roster/2025-26
ten_8a55dc18e9ed,Sofie,Siem,tennis,2025-26,2026,D1,Women,Atlantic 10 Conference,Fordham,"5'8""",Player,Sr.,Sr,"Stabekk, Norway",Stabekk,,international,,0,https://fordhamsports.com/sports/womens-tennis/roster/2025-26
ten_5e3b4a706ebd,Ruhika,Bhat,tennis,2025-26,2026,D1,Women,Big East Conference,Georgetown,,Player,Fr.,Fr,"Boyds, MD",Boyds,MD,domestic,Poolesville High School,0,https://guhoyas.com/sports/womens-tennis/roster/2025-26
ten_e8d615b601e2,Julia,Chu,tennis,2025-26,2026,D1,Women,Big East Conference,Georgetown,,Player,Fr.,Fr,"Tainan, Taiwan",Tainan,,international,CTBC International Academy,1,https://guhoyas.com/sports/womens-tennis/roster/2025-26
ten_6b2a3d299dcb,Molly,Evans,tennis,2025-26,2026,D1,Women,Big East Conference,Georgetown,,Player,So.,So,"Bethesda, Md.",Bethesda,MD,domestic,Sidwell Friends High School,0,https://guhoyas.com/sports/womens-tennis/roster/2025-26
ten_3d70f7b9aca1,Katie,Garofolo-Ro,tennis,2025-26,2026,D1,Women,Big East Conference,Georgetown,,Player,Jr.,Jr,"Houston, Texas",Houston,TX,domestic,St. Agnes Academy,1,https://guhoyas.com/sports/womens-tennis/roster/2025-26
ten_a2a6430ff6d1,Paige,Gilbert,tennis,2025-26,2026,D1,Women,Big East Conference,Georgetown,,Player,Sr.,Sr,"Signal Mountain, Tenn.",Signal Mountain,TN,domestic,IMG Academy,1,https://guhoyas.com/sports/womens-tennis/roster/2025-26
ten_3147dd56798e,Natasha,Kavarana,tennis,2025-26,2026,D1,Women,Big East Conference,Georgetown,,Player,So.,So,"Charleston, S.C",Charleston,SC,domestic,Charleston County School,0,https://guhoyas.com/sports/womens-tennis/roster/2025-26
ten_4ec3c592076d,Ashley,Kennedy,tennis,2025-26,2026,D1,Women,Big East Conference,Georgetown,,Player,Sr.,Sr,"Newtown Square, Pa.",Newtown Square,PA,domestic,The Episcopal Academy,1,https://guhoyas.com/sports/womens-tennis/roster/2025-26
ten_935c4afe8284,Emily,Novikov,tennis,2025-26,2026,D1,Women,Big East Conference,Georgetown,,Player,Jr.,Jr,"Campbell, Calif.",Campbell,CA,domestic,Harker School,0,https://guhoyas.com/sports/womens-tennis/roster/2025-26
ten_11478b3ca088,Carolyn,Schaefer,tennis,2025-26,2026,D1,Women,Big East Conference,Georgetown,,Player,So.,So,"Whitefish Bay, Wi.",Whitefish Bay,WI,domestic,Whitefish Bay High School,0,https://guhoyas.com/sports/womens-tennis/roster/2025-26
ten_1fc02c612a4e,Jordan,Thomas,tennis,2025-26,2026,D1,Women,Big East Conference,Georgetown,,Player,So.,So,"Williamsburg, Va.",Williamsburg,VA,domestic,Walsingham Academy,1,https://guhoyas.com/sports/womens-tennis/roster/2025-26
ten_fb89344e695c,Emily,Deming,tennis,2025-26,2026,D1,Women,Southeastern Conference,Georgia,,Player,Fr.,Fr,"Fallbrook, Calif",Fallbrook,CA,domestic,Barnes Tennis Center,0,https://georgiadogs.com/sports/womens-tennis/roster/2025-26
ten_07a932b2b416,Deniz,Dilek,tennis,2025-26,2026,D1,Women,Southeastern Conference,Georgia,,Player,Fr.,Fr,"Ankara, Turkey",Ankara,,international,Topspin Tennis Academy,1,https://georgiadogs.com/sports/womens-tennis/roster/2025-26
ten_2dac7141c666,Emma,Dong,tennis,2025-26,2026,D1,Women,Southeastern Conference,Georgia,,Player,Fr.,Fr,"Vancouver, Canada",Vancouver,,international,Stade IGA,0,https://georgiadogs.com/sports/womens-tennis/roster/2025-26
ten_adae1a63c5b1,Haley,Gaudette,tennis,2025-26,2026,D1,Women,Southeastern Conference,Georgia,,Player,Sr.,Sr,"Johns Creek, Ga.",Johns Creek,GA,domestic,Milton HS,0,https://georgiadogs.com/sports/womens-tennis/roster/2025-26
ten_b9c6032e47ca,Anastasiia,Gureva,tennis,2025-26,2026,D1,Women,Southeastern Conference,Georgia,,Player,So.,So,"Samara, Russia",Samara,,international,,,https://georgiadogs.com/sports/womens-tennis/roster/2025-26
ten_a48876eacb55,Anastasiia,Lopata,tennis,2025-26,2026,D1,Women,Southeastern Conference,Georgia,,Player,Sr.,Sr,"Kiev, Ukraine",Kiev,,international,Kiev Gymnasium of Oriental Languages Number 1,0,https://georgiadogs.com/sports/womens-tennis/roster/2025-26
ten_caee0335e592,Aysegul,Mert,tennis,2025-26,2026,D1,Women,Southeastern Conference,Georgia,,Player,Jr.,Jr,"Istanbul, Turkey",Istanbul,,international,,0,https://georgiadogs.com/sports/womens-tennis/roster/2025-26
ten_c0d63781b238,Hayden,Mulberry,tennis,2025-26,2026,D1,Women,Southeastern Conference,Georgia,,Player,So.,So,"Marietta, Ga.",Marietta,GA,domestic,Walton HS,0,https://georgiadogs.com/sports/womens-tennis/roster/2025-26
ten_d3d3ccc43c02,Patricija,Paukstyte,tennis,2025-26,2026,D1,Women,Southeastern Conference,Georgia,,Player,Fr.,Fr,"Kaunas, Lithuania",Kaunas,,international,Vilnius Tennis Academy,1,https://georgiadogs.com/sports/womens-tennis/roster/2025-26
ten_b3e586e9e690,Sofia,Rojas,tennis,2025-26,2026,D1,Women,Southeastern Conference,Georgia,,Player,Sr.,Sr,"Lawrenceville, Ga.",Lawrenceville,GA,domestic,Oklahoma State,0,https://georgiadogs.com/sports/womens-tennis/roster/2025-26
ten_7ec2ab6c215c,Alexandra,Vecic,tennis,2025-26,2026,D1,Women,Southeastern Conference,Georgia,,Player,Sr.,Sr,"Singen, Germany",Singen,,international,,0,https://georgiadogs.com/sports/womens-tennis/roster/2025-26
ten_5ece8de4a6dd,Sveva,Bernardi,tennis,2025-26,2026,D1,Women,Sun Belt Conference,Georgia St.,"5'6""",Player,Jr.,Jr,"Trento, Italy",Trento,,international,Lycée Tevfik Fikret,0,https://georgiastatesports.com/sports/womens-tennis/roster/2025-26
ten_4b2785760680,Defne,Erbakan,tennis,2025-26,2026,D1,Women,Sun Belt Conference,Georgia St.,"5'3""",Player,So.,So,"Izmir, Turkey",Izmir,,international,Lycée Tevfik Fikret,0,https://georgiastatesports.com/sports/womens-tennis/roster/2025-26
ten_c662bc4ce6bc,Zeynep,Erbakan,tennis,2025-26,2026,D1,Women,Sun Belt Conference,Georgia St.,"5'3""",Player,So.,So,"Izmir, Turkey",Izmir,,international,Lycée Tevfik Fikret,0,https://georgiastatesports.com/sports/womens-tennis/roster/2025-26
ten_f477d9e730ed,Lamiss,Haouas,tennis,2025-26,2026,D1,Women,Sun Belt Conference,Georgia St.,"5'4""",Player,Fr.,Fr,"Sousse, Tunisia",Sousse,,international,EdOptions Academy,1,https://georgiastatesports.com/sports/womens-tennis/roster/2025-26
ten_60cae09335ba,Maria,Paredes,tennis,2025-26,2026,D1,Women,Sun Belt Conference,Georgia St.,"5'5""",Player,Sr.,Sr,"Murcia, Spain",Murcia,,international,El Limonar International School,0,https://georgiastatesports.com/sports/womens-tennis/roster/2025-26
ten_13e5a5d20587,Mia,Petrovic,tennis,2025-26,2026,D1,Women,Sun Belt Conference,Georgia St.,"5'5""",Player,Fr.,Fr,"Oslo, Norway",Oslo,,international,Norges Toppidretts Gymnas,0,https://georgiastatesports.com/sports/womens-tennis/roster/2025-26
ten_b109428da9dc,Sara,Radojevic,tennis,2025-26,2026,D1,Women,Sun Belt Conference,Georgia St.,"5'8""",Player,Jr.,Jr,"Zug, Switzerland",Zug,,international,Schweizerische Sportmittelschule Engelberg,0,https://georgiastatesports.com/sports/womens-tennis/roster/2025-26
ten_ecfcda26fea3,Brooke,Bittner,tennis,2025-26,2026,D1,Women,West Coast Conference,Gonzaga,,Player,Sr.,Sr,"Greer, South Carolina",Greer,SC,domestic,,0,https://gozags.com/sports/womens-tennis/roster/2025-26
ten_5a9a7227871a,Karla,Brown,tennis,2025-26,2026,D1,Women,West Coast Conference,Gonzaga,,Player,Fr.,Fr,"Plano, Texas",Plano,TX,domestic,,0,https://gozags.com/sports/womens-tennis/roster/2025-26
ten_2f048095f1ca,Rose,Hayes,tennis,2025-26,2026,D1,Women,West Coast Conference,Gonzaga,,Player,Sr.,Sr,"East Moriches, NY",East Moriches,NY,domestic,Westhampton Beach High School,0,https://gozags.com/sports/womens-tennis/roster/2025-26
ten_4303072dc4a6,Savannah,Johnson,tennis,2025-26,2026,D1,Women,West Coast Conference,Gonzaga,,Player,Jr.,Jr,"Woodinville, Wash.",Woodinville,WA,domestic,,0,https://gozags.com/sports/womens-tennis/roster/2025-26
ten_ed8b7e685ab4,Madeleine,MacNeille,tennis,2025-26,2026,D1,Women,West Coast Conference,Gonzaga,,Player,Jr.,Jr,"Delray Beach, FL",Delray Beach,FL,domestic,,0,https://gozags.com/sports/womens-tennis/roster/2025-26
ten_c9b5c71ac074,Ella,Nielsen,tennis,2025-26,2026,D1,Women,West Coast Conference,Gonzaga,,Player,Jr.,Jr,"Port Moody, B.C.",Port Moody,,international,,0,https://gozags.com/sports/womens-tennis/roster/2025-26
ten_e796b0ba0550,Emily,Robertson,tennis,2025-26,2026,D1,Women,West Coast Conference,Gonzaga,,Player,Jr.,Jr,"Redondo Beach, Calif.",Redondo Beach,CA,domestic,,0,https://gozags.com/sports/womens-tennis/roster/2025-26
ten_caf1fc5964ac,Elizabeth,Tindera,tennis,2025-26,2026,D1,Women,West Coast Conference,Gonzaga,,Player,Jr.,Jr,"Fort Wayne, Ind.",Fort Wayne,IN,domestic,Gomez Academy,0,https://gozags.com/sports/womens-tennis/roster/2025-26
ten_47961e335aa6,Diana,Yanotovskaya,tennis,2025-26,2026,D1,Women,West Coast Conference,Gonzaga,,Player,Sr.,Sr,"Tomsk, Russia",Tomsk,,international,Cal State Fullerton,0,https://gozags.com/sports/womens-tennis/roster/2025-26
ten_a934f21e54f7,Sveva,Zerpelloni,tennis,2025-26,2026,D1,Women,West Coast Conference,Gonzaga,,Player,Fr.,Fr,"Verona, Italy",Verona,,international,,0,https://gozags.com/sports/womens-tennis/roster/2025-26
ten_40a8deb81e72,Gabrielle,Duarte,tennis,2025-26,2026,D1,Women,Southwestern Athletic Conference,Grambling,"5'8""",Player,Jr.,Jr,"Rio De Janerio, Brazil",Rio De Janerio,,international,,0,https://gsutigers.com/sports/womens-tennis/roster/2025-26
ten_437981b11692,Ekaterina,Dziova,tennis,2025-26,2026,D1,Women,Southwestern Athletic Conference,Grambling,"5'8""",Player,So.,So,"Cherkessk, Russia",Cherkessk,,international,,0,https://gsutigers.com/sports/womens-tennis/roster/2025-26
ten_11210e5bad03,Jovana,Latinovic,tennis,2025-26,2026,D1,Women,Southwestern Athletic Conference,Grambling,,Player,Sr.,Sr,"Belgrade, Serbia",Belgrade,,international,,0,https://gsutigers.com/sports/womens-tennis/roster/2025-26
ten_ecbb2627c4b2,Sofija,Rajic,tennis,2025-26,2026,D1,Women,Southwestern Athletic Conference,Grambling,,Player,Sr.,Sr,"Belgrade, Serbia",Belgrade,,international,,0,https://gsutigers.com/sports/womens-tennis/roster/2025-26
ten_690490f2f869,Emmory,Simmons,tennis,2025-26,2026,D1,Women,Southwestern Athletic Conference,Grambling,,Player,So.,So,"Little Rock, Ark.",Little Rock,AR,domestic,,0,https://gsutigers.com/sports/womens-tennis/roster/2025-26
ten_86c6d5eecf34,Serena,Bryan,tennis,2025-26,2026,D1,Women,Coastal Athletic Association,Hampton,"5'4""",Player,So.,So,"Bridgetown, Barbados",Bridgetown,,international,Queen's College,0,https://hamptonpirates.com/sports/womens-tennis/roster/2025-26
ten_38bd65f88884,Chelsea,Chakanyuka,tennis,2025-26,2026,D1,Women,Coastal Athletic Association,Hampton,,Player,Fr.,Fr,"Gaborone, Botswana",Gaborone,,international,Rainbow HS,0,https://hamptonpirates.com/sports/womens-tennis/roster/2025-26
ten_a6e19897f37e,Toffee,Ghorab,tennis,2025-26,2026,D1,Women,Coastal Athletic Association,Hampton,,Player,So.,So,"Cairo, Egypt",Cairo,,international,,0,https://hamptonpirates.com/sports/womens-tennis/roster/2025-26
ten_444c43b16932,Samira,Khazieva,tennis,2025-26,2026,D1,Women,Coastal Athletic Association,Hampton,,Player,Fr.,Fr,"Tashkent, Uzbekistan",Tashkent,,international,,0,https://hamptonpirates.com/sports/womens-tennis/roster/2025-26
ten_2b607385b448,Tanya,Midzi,tennis,2025-26,2026,D1,Women,Coastal Athletic Association,Hampton,,Player,Jr.,Jr,"Marondera, Zimbabwe",Marondera,,international,Peterhouse Girls School,0,https://hamptonpirates.com/sports/womens-tennis/roster/2025-26
ten_ba3c8333ba7d,Masa,Mitic,tennis,2025-26,2026,D1,Women,Coastal Athletic Association,Hampton,"5'10""",Player,Jr.,Jr,"Nis, Serbia",Nis,,international,,0,https://hamptonpirates.com/sports/womens-tennis/roster/2025-26
ten_1fe3b8c2e377,Melis,Sakiroglu,tennis,2025-26,2026,D1,Women,Coastal Athletic Association,Hampton,,Player,So.,So,"Istanbul, Turkey",Istanbul,,international,Okyanus College,0,https://hamptonpirates.com/sports/womens-tennis/roster/2025-26
ten_d7a257426635,Bohdana,Bilokon,tennis,2025-26,2026,D1,Women,Coastal Athletic Association,Hofstra,"5'6""",Player,Fr.,Fr,"Kiev, Ukraine",Kiev,,international,OPTIMA College,0,https://gohofstra.com/sports/womens-tennis/roster/2025-26
ten_2c2682a3a65b,Isabella,Cardinal,tennis,2025-26,2026,D1,Women,Coastal Athletic Association,Hofstra,"5'2""",Player,Fr.,Fr,"Mineola, NY",Mineola,NY,domestic,Fort Lee,0,https://gohofstra.com/sports/womens-tennis/roster/2025-26
ten_773da4eda0f1,Katarina,Drinchich,tennis,2025-26,2026,D1,Women,Coastal Athletic Association,Hofstra,"5'9""",Player,So.,So,"Los Angeles, CA",Los Angeles,CA,domestic,Weil Tennis Academy,1,https://gohofstra.com/sports/womens-tennis/roster/2025-26
ten_19d0464a8eee,Aryanah,Kahnamoui,tennis,2025-26,2026,D1,Women,Coastal Athletic Association,Hofstra,"5'4""",Player,So.,So,"Ontario, Canada",Ontario,,international,Waterdown District,0,https://gohofstra.com/sports/womens-tennis/roster/2025-26
ten_89d06390ef77,Megan,Maragliano,tennis,2025-26,2026,D1,Women,Coastal Athletic Association,Hofstra,"5'7""",Player,Jr.,Jr,"Montgomery, NY",Montgomery,NY,domestic,Pine Bush Senior,0,https://gohofstra.com/sports/womens-tennis/roster/2025-26
ten_cc9f5e9d2708,Sabira,Mohamed,tennis,2025-26,2026,D1,Women,Coastal Athletic Association,Hofstra,,Player,Sr.,Sr,"Old Westbury, NY",Old Westbury,NY,domestic,Hellenic Academy,1,https://gohofstra.com/sports/womens-tennis/roster/2025-26
ten_cd2965727354,Aida,Oviedo,tennis,2025-26,2026,D1,Women,Coastal Athletic Association,Hofstra,"5'6""",Player,Fr.,Fr,"Las Vegas, NV",Las Vegas,NV,domestic,RPS Academies (FL),0,https://gohofstra.com/sports/womens-tennis/roster/2025-26
ten_0d12f4cd436f,Ava,Veneziano,tennis,2025-26,2026,D1,Women,Coastal Athletic Association,Hofstra,"5'3""",Player,Jr.,Jr,"Roslyn, NY",Roslyn,NY,domestic,Roslyn,0,https://gohofstra.com/sports/womens-tennis/roster/2025-26
ten_97bc17700052,Phoebe,Devine,tennis,2025-26,2026,D1,Women,Patriot League,Holy Cross,"5'5""",Player,Fr.,Fr,"Ridgewood, N.J.",Ridgewood,NJ,domestic,Ridgewood,0,https://goholycross.com/sports/womens-tennis/roster/2025-26
ten_7acf57d81ccc,Hannah,Flynn,tennis,2025-26,2026,D1,Women,Patriot League,Holy Cross,"5'1""",Player,Fr.,Fr,"Williamsville, N.Y.",Williamsville,NY,domestic,Williamsville North,0,https://goholycross.com/sports/womens-tennis/roster/2025-26
ten_2e4636824b85,Maddie,Hamm,tennis,2025-26,2026,D1,Women,Patriot League,Holy Cross,"5'3""",Player,Sr.,Sr,"Stonington, Conn.",Stonington,CT,domestic,Stonington,0,https://goholycross.com/sports/womens-tennis/roster/2025-26
ten_9b644abaddde,Ava,Lannigan,tennis,2025-26,2026,D1,Women,Patriot League,Holy Cross,"5'5""",Player,So.,So,"Easton, Conn.",Easton,CT,domestic,Cardinal Kung Academy,1,https://goholycross.com/sports/womens-tennis/roster/2025-26
ten_7b5b7b282f88,Alison,Lynn,tennis,2025-26,2026,D1,Women,Patriot League,Holy Cross,"5'2""",Player,Jr.,Jr,"Kensington, Md.",Kensington,MD,domestic,Stone Ridge,0,https://goholycross.com/sports/womens-tennis/roster/2025-26
ten_ecaaf1b31494,Katie,Nossa,tennis,2025-26,2026,D1,Women,Patriot League,Holy Cross,"5'5""",Player,Sr.,Sr,"Montclair, N.J.",Montclair,NJ,domestic,Montclair Kimberley Academy,1,https://goholycross.com/sports/womens-tennis/roster/2025-26
ten_d1616e826f84,Mia,Romo,tennis,2025-26,2026,D1,Women,Patriot League,Holy Cross,,Player,So.,So,,,,unknown,,0,https://goholycross.com/sports/womens-tennis/roster/2025-26
ten_3dd3d988a4ef,Cadie,Sauter,tennis,2025-26,2026,D1,Women,Patriot League,Holy Cross,,Player,Fr.,Fr,,,,unknown,,0,https://goholycross.com/sports/womens-tennis/roster/2025-26
ten_7986a4c2852e,Margaret,Winiecki,tennis,2025-26,2026,D1,Women,Patriot League,Holy Cross,"5'4""",Player,Fr.,Fr,"Jaffrey, N.H.",Jaffrey,NH,domestic,Conant,0,https://goholycross.com/sports/womens-tennis/roster/2025-26
ten_435d37f47c9b,Ashley,Zilora,tennis,2025-26,2026,D1,Women,Patriot League,Holy Cross,"5'3""",Player,Sr.,Sr,"Medfield, Mass.",Medfield,MA,domestic,Medfield,0,https://goholycross.com/sports/womens-tennis/roster/2025-26
ten_4aad3e3de72b,Mariam,Hatem,tennis,2025-26,2026,D1,Women,Big Sky Conference,Idaho,,Player,Sr.,Sr,"Cairo, Egypt",Cairo,,international,Louisiana Monroe /,0,https://govandals.com/sports/womens-tennis/roster/2025-26
ten_3b512a4f5349,Ida,Johansson,tennis,2025-26,2026,D1,Women,Big Sky Conference,Idaho,,Player,Jr.,Jr,"Umea, Sweden",Umea,,international,,0,https://govandals.com/sports/womens-tennis/roster/2025-26
ten_99b55a2d821d,Hanna,Koprowska,tennis,2025-26,2026,D1,Women,Big Sky Conference,Idaho,,Player,So.,So,"Gdansk, Poland",Gdansk,,international,Sopot Tennis Academy,1,https://govandals.com/sports/womens-tennis/roster/2025-26
ten_2f0efd45e8c1,Jessica,Matthews,tennis,2025-26,2026,D1,Women,Big Sky Conference,Idaho,,Player,Jr.,Jr,"London, England",London,,international,Queenswood School,0,https://govandals.com/sports/womens-tennis/roster/2025-26
ten_01b74b52741c,Valentina,Rodas,tennis,2025-26,2026,D1,Women,Big Sky Conference,Idaho,,Player,Sr.,Sr,"Medellin, Colombia",Medellin,,international,Madrid Campestre,0,https://govandals.com/sports/womens-tennis/roster/2025-26
ten_1eae0ebbc5fa,Naomi,Schraeder,tennis,2025-26,2026,D1,Women,Big Sky Conference,Idaho,,Player,Jr.,Jr,"Kelowna, Canada",Kelowna,,international,Kelowna Secondary School,0,https://govandals.com/sports/womens-tennis/roster/2025-26
ten_1f7d873a2ce0,Soha,Singh,tennis,2025-26,2026,D1,Women,Big Sky Conference,Idaho,,Player,So.,So,"Sydney, Australia",Sydney,,international,,,https://govandals.com/sports/womens-tennis/roster/2025-26
ten_73f25c71e7f2,Chenyue,Xu,tennis,2025-26,2026,D1,Women,Big Sky Conference,Idaho,,Player,So.,So,"Jinan, China",Jinan,,international,,0,https://govandals.com/sports/womens-tennis/roster/2025-26
ten_d1f51901a7ae,Millie,Day,tennis,2025-26,2026,D1,Women,Big Sky Conference,Idaho St.,"5'8""",Player,So.,So,"Buckinghamshire, England",Buckinghamshire,,international,,0,https://isubengals.com/sports/womens-tennis/roster/2025-26
ten_572ae142ecfa,Victoria,Grymalska,tennis,2025-26,2026,D1,Women,Big Sky Conference,Idaho St.,"5'6""",Player,So.,So,"Pescara, Italy",Pescara,,international,,0,https://isubengals.com/sports/womens-tennis/roster/2025-26
ten_41e2066ad8b7,Journee,Hartman,tennis,2025-26,2026,D1,Women,Big Sky Conference,Idaho St.,"5'4""",Player,Fr.,Fr,"Idaho Falls, Idaho",Idaho Falls,ID,domestic,,0,https://isubengals.com/sports/womens-tennis/roster/2025-26
ten_f30c1aea2b7b,Sydney,Morris,tennis,2025-26,2026,D1,Women,Big Sky Conference,Idaho St.,"5'9""",Player,R-Sr.,Sr,"Carmel, Indiana",Carmel,IN,domestic,,0,https://isubengals.com/sports/womens-tennis/roster/2025-26
ten_62e146d12d17,Emmy,Richards,tennis,2025-26,2026,D1,Women,Big Sky Conference,Idaho St.,"5'6""",Player,Fr.,Fr,"Bountiful, Utah",Bountiful,UT,domestic,,0,https://isubengals.com/sports/womens-tennis/roster/2025-26
ten_5587d4cb497c,Stefanya,Shalakhova,tennis,2025-26,2026,D1,Women,Big Sky Conference,Idaho St.,"5'4""",Player,Sr.,Sr,"Almaty, Kazakhstan",Almaty,,international,,0,https://isubengals.com/sports/womens-tennis/roster/2025-26
ten_56615c5895e1,Asem,Shoybek,tennis,2025-26,2026,D1,Women,Big Sky Conference,Idaho St.,"5'9""",Player,Jr.,Jr,"Taraz, Kazakhstan",Taraz,,international,,0,https://isubengals.com/sports/womens-tennis/roster/2025-26
ten_93a037aa1c7f,Veronika,Zarovna,tennis,2025-26,2026,D1,Women,Big Sky Conference,Idaho St.,"5'7""",Player,So.,So,"Kyiv, Ukraine",Kyiv,,international,,0,https://isubengals.com/sports/womens-tennis/roster/2025-26
ten_14b0f6a9568b,Evelina,Zhuk,tennis,2025-26,2026,D1,Women,Big Sky Conference,Idaho St.,"5'11""",Player,Fr.,Fr,"Almaty, Kazakhstan",Almaty,,international,,0,https://isubengals.com/sports/womens-tennis/roster/2025-26
ten_5e499c2794ab,Anaïs,Brion,tennis,2025-26,2026,D1,Women,Missouri Valley Conference,UIC,,Player,Sr.,Sr,"Neuilly Sur Seine, France",Neuilly Sur Seine,,international,National Center for Distance Education,0,https://uicflames.com/sports/womens-tennis/roster/2025-26
ten_629bae189702,Nia,Cooper,tennis,2025-26,2026,D1,Women,Missouri Valley Conference,UIC,,Player,Jr.,Jr,"St. Louis, Missouri",St. Louis,MO,domestic,Chicago State,0,https://uicflames.com/sports/womens-tennis/roster/2025-26
ten_e858a790f14e,Edit,Cosmo,tennis,2025-26,2026,D1,Women,Missouri Valley Conference,UIC,,Player,So.,So,"Malmö, Sweden",Malmö,,international,,0,https://uicflames.com/sports/womens-tennis/roster/2025-26
ten_9eed438b6643,Charlotte,Deletioglu,tennis,2025-26,2026,D1,Women,Missouri Valley Conference,UIC,,Player,Fr.,Fr,Germany,Germany,,international,,0,https://uicflames.com/sports/womens-tennis/roster/2025-26
ten_a6c4c8e8e659,Marta,Halbersztadt,tennis,2025-26,2026,D1,Women,Missouri Valley Conference,UIC,,Player,So.,So,"Wroclaw, Poland",Wroclaw,,international,,0,https://uicflames.com/sports/womens-tennis/roster/2025-26
ten_acdc2bd55c8f,Joanne,Hartono,tennis,2025-26,2026,D1,Women,Missouri Valley Conference,UIC,,Player,Fr.,Fr,"Bandung, Indonesia",Bandung,,international,,0,https://uicflames.com/sports/womens-tennis/roster/2025-26
ten_fd0e325b435f,Dongke,Liu,tennis,2025-26,2026,D1,Women,Missouri Valley Conference,UIC,,Player,So.,So,"LiaoNing, China",LiaoNing,,international,,0,https://uicflames.com/sports/womens-tennis/roster/2025-26
ten_9437cc4dd064,Paula,Rodriguez Gregoris,tennis,2025-26,2026,D1,Women,Missouri Valley Conference,UIC,,Player,Sr.,Sr,"Canary Islands, Spain",Canary Islands,,international,International School,0,https://uicflames.com/sports/womens-tennis/roster/2025-26
ten_99e3f8eb0578,Stela,Vlaisavljevic,tennis,2025-26,2026,D1,Women,Missouri Valley Conference,UIC,,Player,So.,So,"Aurora, Illinois",Aurora,IL,domestic,Acellus Academy,0,https://uicflames.com/sports/womens-tennis/roster/2025-26
ten_0be4d8fbd89a,Victoria,Jordana Salcedo Franklin,tennis,2025-26,2026,D1,Women,Southland Conference,UIW,"5'8""",Player,Fr.,Fr,"Lima, Peru",Lima,,international,ICL Academy,1,https://uiwcardinals.com/sports/womens-tennis/roster/2025-26
ten_fe05b6651866,Amelia,Alejandra Perez Corona,tennis,2025-26,2026,D1,Women,Southland Conference,UIW,"5'9""",Player,Fr.,Fr,"Miami, Florida",Miami,FL,domestic,Florida Virtual School,0,https://uiwcardinals.com/sports/womens-tennis/roster/2025-26
ten_33ff2b7cde6c,McKenzy,Byfield,tennis,2025-26,2026,D1,Women,Southland Conference,UIW,,Player,Sr.,Sr,"Georgetown, Texas",Georgetown,TX,domestic,iUniversity Prep,1,https://uiwcardinals.com/sports/womens-tennis/roster/2025-26
ten_2b2b2202a566,Estefania,Gonzalez,tennis,2025-26,2026,D1,Women,Southland Conference,UIW,,Player,Sr.,Sr,"Caracas, Venezuela",Caracas,,international,,0,https://uiwcardinals.com/sports/womens-tennis/roster/2025-26
ten_23fcde1a284d,Iné,Lamprecht,tennis,2025-26,2026,D1,Women,Southland Conference,UIW,,Player,Sr.,Sr,"Pretoria, South Africa",Pretoria,,international,,0,https://uiwcardinals.com/sports/womens-tennis/roster/2025-26
ten_a675d1f54a7f,Amelie,Montalvo,tennis,2025-26,2026,D1,Women,Southland Conference,UIW,,Player,Sr.,Sr,"Merida, Mexico",Merida,,international,,0,https://uiwcardinals.com/sports/womens-tennis/roster/2025-26
ten_c2afbd49b22a,Luciana,Paez Hernandez,tennis,2025-26,2026,D1,Women,Southland Conference,UIW,,Player,So.,So,"Bogota, Colombia",Bogota,,international,Colegio Virtual Siglo XXI,0,https://uiwcardinals.com/sports/womens-tennis/roster/2025-26
ten_28371ac7dfcb,Alexandra,Paule Jacqueline Mille,tennis,2025-26,2026,D1,Women,Southland Conference,UIW,"5'6""",Player,Gr.,Gr,"Biarritz, France",Biarritz,,international,St Louis Villa Pia,0,https://uiwcardinals.com/sports/womens-tennis/roster/2025-26
ten_d3a6b5de08cf,Tess,Bucher,tennis,2025-26,2026,D1,Women,Big Ten Conference,Illinois,,Player,So.,So,"Uniontown, Ohio",Uniontown,OH,domestic,North Canton Hoover,0,https://fightingillini.com/sports/womens-tennis/roster/2025-26
ten_fc85ad3da8ac,Kimiko,Cooper,tennis,2025-26,2026,D1,Women,Big Ten Conference,Illinois,,Player,Fr.,Fr,"Sydney, Australia",Sydney,,international,Laurel Springs Online H.S.,0,https://fightingillini.com/sports/womens-tennis/roster/2025-26
ten_3cd5886abd17,Lizzie,Isyanov,tennis,2025-26,2026,D1,Women,Big Ten Conference,Illinois,,Player,Fr.,Fr,"Elmhurst, Ill.",Elmhurst,IL,domestic,York,0,https://fightingillini.com/sports/womens-tennis/roster/2025-26
ten_199dd80d7551,Ariel,Madatali,tennis,2025-26,2026,D1,Women,Big Ten Conference,Illinois,,Player,So.,So,"St. Louis, Mo.",St. Louis,MO,domestic,Ladue Horton Watkins,0,https://fightingillini.com/sports/womens-tennis/roster/2025-26
ten_ad6fc1385372,Cara,Mester,tennis,2025-26,2026,D1,Women,Big Ten Conference,Illinois,,Player,So.,So,"Cluj-Napoca, Romania",Cluj-Napoca,,international,Cambridge International School,0,https://fightingillini.com/sports/womens-tennis/roster/2025-26
ten_b730671c63a2,McKenna,Schaefbauer,tennis,2025-26,2026,D1,Women,Big Ten Conference,Illinois,,Player,Sr.,Sr,"Normal, Ill.",Normal,IL,domestic,Hilton Head Prep,1,https://fightingillini.com/sports/womens-tennis/roster/2025-26
ten_c0fbdee1e547,Rosie,Seccia,tennis,2025-26,2026,D1,Women,Big Ten Conference,Illinois,,Player,Jr.,Jr,"New York City, N.Y.",New York City,NY,domestic,IMG Academy,1,https://fightingillini.com/sports/womens-tennis/roster/2025-26
ten_6650279732f6,Risa,Ueno,tennis,2025-26,2026,D1,Women,Big Ten Conference,Illinois,,Player,Fr.,Fr,"Hiroshima, Japan",Hiroshima,,international,Sanyo Girls',0,https://fightingillini.com/sports/womens-tennis/roster/2025-26
ten_8ce1c8b323fa,Alice,Xu,tennis,2025-26,2026,D1,Women,Big Ten Conference,Illinois,,Player,Jr.,Jr,"Vienna, Va.",Vienna,VA,domestic,Sidwell Friends,0,https://fightingillini.com/sports/womens-tennis/roster/2025-26
ten_940330d825fa,Chase,Boyer,tennis,2025-26,2026,D1,Women,Big Ten Conference,Indiana,,Player,Jr.,Jr,"Evansville, Ind.",Evansville,IN,domestic,Reitz Memorial,0,https://iuhoosiers.com/sports/womens-tennis/roster/2025-26
ten_0252ae0b83e9,Elisabeth,Dunac,tennis,2025-26,2026,D1,Women,Big Ten Conference,Indiana,,Player,Jr.,Jr,"Cabin John, Maryland",Cabin John,MD,domestic,Laurel Springs,0,https://iuhoosiers.com/sports/womens-tennis/roster/2025-26
ten_af139c19fbe1,Li,Hsin Lin,tennis,2025-26,2026,D1,Women,Big Ten Conference,Indiana,,Player,Jr.,Jr,"Hsinchu, Taiwan",Hsinchu,,international,,0,https://iuhoosiers.com/sports/womens-tennis/roster/2025-26
ten_cf95daf1483c,Nicole,Sifuentes,tennis,2025-26,2026,D1,Women,Big Ten Conference,Indiana,,Player,So.,So,"Monterrey, Mexico",Monterrey,,international,,0,https://iuhoosiers.com/sports/womens-tennis/roster/2025-26
ten_f39387f97cf4,Ameia,Sorey,tennis,2025-26,2026,D1,Women,Big Ten Conference,Indiana,,Player,Fr.,Fr,"Miami, Florida",Miami,FL,domestic,Florida Connections Academy,1,https://iuhoosiers.com/sports/womens-tennis/roster/2025-26
ten_da126d710886,Magdalena,Swierczynska,tennis,2025-26,2026,D1,Women,Big Ten Conference,Indiana,,Player,Jr.,Jr,"Kraków, Poland",Kraków,,international,,0,https://iuhoosiers.com/sports/womens-tennis/roster/2025-26
ten_87e9a505a3fd,Alessandra,Teodosescu,tennis,2025-26,2026,D1,Women,Big Ten Conference,Indiana,,Player,Fr.,Fr,"Ventimiglia, Italy",Ventimiglia,,international,,0,https://iuhoosiers.com/sports/womens-tennis/roster/2025-26
ten_29b3928e6526,Nicole,Teodosescu,tennis,2025-26,2026,D1,Women,Big Ten Conference,Indiana,,Player,Sr.,Sr,"Ventimiglia, Italy",Ventimiglia,,international,,0,https://iuhoosiers.com/sports/womens-tennis/roster/2025-26
ten_0bb0514eef70,Mansi,Vadyala,tennis,2025-26,2026,D1,Women,Big Ten Conference,Indiana,,Player,Fr.,Fr,"Dallas, Texas",Dallas,TX,domestic,IUniversity Prep,1,https://iuhoosiers.com/sports/womens-tennis/roster/2025-26
ten_beab449e9f31,Hi’ilani,Williams,tennis,2025-26,2026,D1,Women,Big Ten Conference,Indiana,,Player,Fr.,Fr,"Oro Valley, AZ",Oro Valley,AZ,domestic,Arizona Connections Academy,1,https://iuhoosiers.com/sports/womens-tennis/roster/2025-26
ten_718622c8024b,Franchesca,Brown,tennis,2025-26,2026,D1,Women,Mid-Eastern Athletic Conference,Howard,"5'6""",Player,Fr.,Fr,"Atlanta, GA",Atlanta,GA,domestic,ICL Academy,1,https://hubison.com/sports/womens-tennis/roster/2025-26
ten_a617703eb91b,Ava,Chambers,tennis,2025-26,2026,D1,Women,Mid-Eastern Athletic Conference,Howard,"5'6""",Player,Jr.,Jr,"Wellington, FL",Wellington,FL,domestic,Florida Virtual School,0,https://hubison.com/sports/womens-tennis/roster/2025-26
ten_8cd6a0ccc127,Hanna,Dessie,tennis,2025-26,2026,D1,Women,Mid-Eastern Athletic Conference,Howard,"5'7""",Player,Jr.,Jr,"Los Angeles, CA",Los Angeles,CA,domestic,Mouratoglou Tennis Academy,1,https://hubison.com/sports/womens-tennis/roster/2025-26
ten_b6daa985f3a0,Chloe,Goins,tennis,2025-26,2026,D1,Women,Mid-Eastern Athletic Conference,Howard,,Player,Fr.,Fr,"Burr Ridge, IL",Burr Ridge,IL,domestic,Hinsdale South High School,0,https://hubison.com/sports/womens-tennis/roster/2025-26
ten_35b61201f780,Camille,Hall,tennis,2025-26,2026,D1,Women,Mid-Eastern Athletic Conference,Howard,,Player,Fr.,Fr,"Bowie, MD",Bowie,MD,domestic,,0,https://hubison.com/sports/womens-tennis/roster/2025-26
ten_132e1ba854b5,Dana,Hall,tennis,2025-26,2026,D1,Women,Mid-Eastern Athletic Conference,Howard,"5'9""",Player,Jr.,Jr,"Miami, FL",Miami,FL,domestic,Miramar HS,0,https://hubison.com/sports/womens-tennis/roster/2025-26
ten_d6fd592e6dd4,Imani,Jean,tennis,2025-26,2026,D1,Women,Mid-Eastern Athletic Conference,Howard,"5'6""",Player,Jr.,Jr,"Brooklyn, NY",Brooklyn,NY,domestic,Laurel Springs HS,0,https://hubison.com/sports/womens-tennis/roster/2025-26
ten_d5f0b7a35bf5,Lauren,Oliver,tennis,2025-26,2026,D1,Women,Mid-Eastern Athletic Conference,Howard,"5'7""",Player,Jr.,Jr,"Winston-Salem, NC",Winston-Salem,NC,domestic,Laurel Springs HS,0,https://hubison.com/sports/womens-tennis/roster/2025-26
ten_44e318e5802a,Selah,Stibbins,tennis,2025-26,2026,D1,Women,Mid-Eastern Athletic Conference,Howard,"5'3""",Player,Sr.,Sr,"Minneapolis, MN",Minneapolis,MN,domestic,Laurel Springs H.S.,0,https://hubison.com/sports/womens-tennis/roster/2025-26
ten_14f2f7583ad6,Tiara,Alvarez,tennis,2025-26,2026,D1,Women,Southwestern Athletic Conference,Jackson St.,"5'5""",Player,Fr.,Fr,"Buenos Aires, Argentina",Buenos Aires,,international,SEADEA,0,https://gojsutigers.com/sports/womens-tennis/roster/2025-26
ten_15991b47825a,Isabella,Benavides,tennis,2025-26,2026,D1,Women,Southwestern Athletic Conference,Jackson St.,"5'1""",Player,Sr.,Sr,Colombia,Colombia,,international,Colegio Bilingüe Freinet,0,https://gojsutigers.com/sports/womens-tennis/roster/2025-26
ten_87232674b7bc,Paula,Corbalan,tennis,2025-26,2026,D1,Women,Southwestern Athletic Conference,Jackson St.,"5'5""",Player,Jr.,Jr,"Santa Fe, Argentina",Santa Fe,,international,Escuela Normal Superior de Comercio Domingo Guzman Silva,0,https://gojsutigers.com/sports/womens-tennis/roster/2025-26
ten_7dc3157db5c8,Polina,Georgieva,tennis,2025-26,2026,D1,Women,Southwestern Athletic Conference,Jackson St.,"5'4""",Player,So.,So,"Veliko Tarnovo, Bulgaria",Veliko Tarnovo,,international,Georgi Jivkov,0,https://gojsutigers.com/sports/womens-tennis/roster/2025-26
ten_70a67606e7cb,Helen,Hernandez,tennis,2025-26,2026,D1,Women,Southwestern Athletic Conference,Jackson St.,"5'5""",Player,Jr.,Jr,"Valencia Carabobo, Venenzuela",Valencia Carabobo,,international,U.E Hipolito Cisneros,0,https://gojsutigers.com/sports/womens-tennis/roster/2025-26
ten_c24e40906ac9,Mariia,Iordanova,tennis,2025-26,2026,D1,Women,Southwestern Athletic Conference,Jackson St.,"5'6""",Player,So.,So,Odesa Ukraine,Odesa Ukraine,,international,Odesa Lyceum No. 55 of Odesa city council,0,https://gojsutigers.com/sports/womens-tennis/roster/2025-26
ten_bf8b1014dee5,Victoria,Linkovski,tennis,2025-26,2026,D1,Women,Southwestern Athletic Conference,Jackson St.,"5'9""",Player,So.,So,"Toronto, Canada",Toronto,,international,Emily Carr Secondary,0,https://gojsutigers.com/sports/womens-tennis/roster/2025-26
ten_2ffcf8d50966,Daniela,Tovar,tennis,2025-26,2026,D1,Women,Southwestern Athletic Conference,Jackson St.,"5'6""",Player,Sr.,Sr,"Barquisimeto, Venezuela",Barquisimeto,,international,Colegio Inmaculada Concepcion,0,https://gojsutigers.com/sports/womens-tennis/roster/2025-26
ten_4409e8efb271,Yerkezhan,Arystanbekova,tennis,2025-26,2026,D1,Women,Big 12 Conference,Kansas,,Player,Jr.,Jr,"Almaty, Kazakhstan",Almaty,,international,,0,https://kuathletics.com/sports/womens-tennis/roster/2025-26
ten_69d5d0a3c209,Meriem,Ben Ezzedine,tennis,2025-26,2026,D1,Women,Big 12 Conference,Kansas,,Player,So.,So,"Tunis, Tunisia",Tunis,,international,,0,https://kuathletics.com/sports/womens-tennis/roster/2025-26
ten_c1a5df1cb373,Nahyeong,Cho,tennis,2025-26,2026,D1,Women,Big 12 Conference,Kansas,,Player,Fr.,Fr,"Osan, South Korea",Osan,,international,,0,https://kuathletics.com/sports/womens-tennis/roster/2025-26
ten_8181d16fc1a6,Simryn,Jacob,tennis,2025-26,2026,D1,Women,Big 12 Conference,Kansas,,Player,So.,So,"Austin, Texas",Austin,TX,domestic,Westwood HS,0,https://kuathletics.com/sports/womens-tennis/roster/2025-26
ten_c7dbc6bd5fc9,Heike,Janse van Vuuren,tennis,2025-26,2026,D1,Women,Big 12 Conference,Kansas,,Player,Sr.,Sr,"George, South Africa",George,,international,,0,https://kuathletics.com/sports/womens-tennis/roster/2025-26
ten_5246d3dcdfcd,Kyoka,Kubo,tennis,2025-26,2026,D1,Women,Big 12 Conference,Kansas,,Player,Jr.,Jr,"Yokohama, Japan",Yokohama,,international,,0,https://kuathletics.com/sports/womens-tennis/roster/2025-26
ten_2cd5526a10f5,Meg,McCarty,tennis,2025-26,2026,D1,Women,Big 12 Conference,Kansas,,Player,Jr.,Jr,"Bozeman, Mt.",Bozeman,MT,domestic,Bozeman HS,0,https://kuathletics.com/sports/womens-tennis/roster/2025-26
ten_a14c7f12284c,Anna,Putilina,tennis,2025-26,2026,D1,Women,Big 12 Conference,Kansas,,Player,So.,So,"Ryazan, Russia",Ryazan,,international,,0,https://kuathletics.com/sports/womens-tennis/roster/2025-26
ten_a94f3d84e96c,Kinley,VanPelt,tennis,2025-26,2026,D1,Women,Big 12 Conference,Kansas,,Player,Fr.,Fr,"Lawrence, Kan.",Lawrence,KS,domestic,Lawrence Free State HS,0,https://kuathletics.com/sports/womens-tennis/roster/2025-26
ten_2f4442309c3e,Varvara,Bernovich,tennis,2025-26,2026,D1,Women,Big 12 Conference,Kansas St.,,Player,Fr.,Fr,"Minsk, Belarus",Minsk,,international,,0,https://www.kstatesports.com:443/sports/womens-tennis/roster/2025-26
ten_05486f50c075,Maralgoo,Chogsomjav,tennis,2025-26,2026,D1,Women,Big 12 Conference,Kansas St.,,Player,Jr.,Jr,"Ulaanbaatar, Mongolia",Ulaanbaatar,,international,,0,https://www.kstatesports.com:443/sports/womens-tennis/roster/2025-26
ten_1aac057ce042,Martaa,Chogsomjav,tennis,2025-26,2026,D1,Women,Big 12 Conference,Kansas St.,,Player,Fr.,Fr,"Ulaanbaatar, Mongolia",Ulaanbaatar,,international,,0,https://www.kstatesports.com:443/sports/womens-tennis/roster/2025-26
ten_652833992f03,Margaret,Jaraczewski,tennis,2025-26,2026,D1,Women,Big 12 Conference,Kansas St.,,Player,Jr.,Jr,"Argyle, Texas",Argyle,TX,domestic,Brookhaven Tennis Academy,0,https://www.kstatesports.com:443/sports/womens-tennis/roster/2025-26
ten_be0ab69dcc10,Sasha,Kyselova,tennis,2025-26,2026,D1,Women,Big 12 Conference,Kansas St.,,Player,Fr.,Fr,"Rockledge, Fla.",Rockledge,FL,domestic,,0,https://www.kstatesports.com:443/sports/womens-tennis/roster/2025-26
ten_4dd014c1b77f,Addison,Renfro,tennis,2025-26,2026,D1,Women,Big 12 Conference,Kansas St.,,Player,Fr.,Fr,"Salina, Kan.",Salina,KS,domestic,Salina Central,0,https://www.kstatesports.com:443/sports/womens-tennis/roster/2025-26
ten_1209a1dbd936,Mallory,Renfro,tennis,2025-26,2026,D1,Women,Big 12 Conference,Kansas St.,,Player,Fr.,Fr,"Salina, Kan.",Salina,KS,domestic,Salina Central,0,https://www.kstatesports.com:443/sports/womens-tennis/roster/2025-26
ten_79ef03182f39,Chanel,Rustemova,tennis,2025-26,2026,D1,Women,Big 12 Conference,Kansas St.,,Player,So.,So,"Astana, Kazakhstan",Astana,,international,,0,https://www.kstatesports.com:443/sports/womens-tennis/roster/2025-26
ten_04418e338f04,Diana,Smolinska,tennis,2025-26,2026,D1,Women,Big 12 Conference,Kansas St.,,Player,Fr.,Fr,"Kharkiv, Ukraine",Kharkiv,,international,,0,https://www.kstatesports.com:443/sports/womens-tennis/roster/2025-26
ten_fb02255606c4,Ema,Baraniakova,tennis,2025-26,2026,D1,Women,Conference USA,Kennesaw St.,"5'9""",Player,Jr.,Jr,"Leopoldov, Slovakia",Leopoldov,,international,Hotel Academy,1,https://ksuowls.com/sports/womens-tennis/roster/2025-26
ten_b95bb8f2b09b,Terezia,Baraniakova,tennis,2025-26,2026,D1,Women,Conference USA,Kennesaw St.,"5'7""",Player,Jr.,Jr,"Leopoldov, Slovakia",Leopoldov,,international,Hotel Academy,1,https://ksuowls.com/sports/womens-tennis/roster/2025-26
ten_863e350e2e46,Rianna,Coreisa,tennis,2025-26,2026,D1,Women,Conference USA,Kennesaw St.,"5'4""",Player,Fr.,Fr,"Bucharest, Romania",Bucharest,,international,Emil Racovita National College,0,https://ksuowls.com/sports/womens-tennis/roster/2025-26
ten_211529986172,Maria,Ivankovic,tennis,2025-26,2026,D1,Women,Conference USA,Kennesaw St.,"6'3""",Player,Fr.,Fr,"Mostar, Bosnia and Herzegovina",Mostar,,international,Medical High School,0,https://ksuowls.com/sports/womens-tennis/roster/2025-26
ten_ff742c354fc2,Sofia,Madrid,tennis,2025-26,2026,D1,Women,Conference USA,Kennesaw St.,"5'4""",Player,Sr.,Sr,"Neuquen, Argentina",Neuquen,,international,SEADA High School,0,https://ksuowls.com/sports/womens-tennis/roster/2025-26
ten_bdb643d019e9,Laura,Nadaska,tennis,2025-26,2026,D1,Women,Conference USA,Kennesaw St.,"5'7""",Player,Jr.,Jr,"Jaslovske Bohunice, Slovakia",Jaslovske Bohunice,,international,Sport High School,0,https://ksuowls.com/sports/womens-tennis/roster/2025-26
ten_6011ae40f813,Che,Nel,tennis,2025-26,2026,D1,Women,Conference USA,Kennesaw St.,"5'8""",Player,So.,So,"Cape Town, South Africa",Cape Town,,international,,0,https://ksuowls.com/sports/womens-tennis/roster/2025-26
ten_e959922f42b3,Izabelle,Persson,tennis,2025-26,2026,D1,Women,Conference USA,Kennesaw St.,"5'8""",Player,Sr.,Sr,"Linkoping, Sweden",Linkoping,,international,Hermods Distansgymnasium High School,0,https://ksuowls.com/sports/womens-tennis/roster/2025-26
ten_1d39c065ac9f,Irene,Serrano Maestre,tennis,2025-26,2026,D1,Women,Conference USA,Kennesaw St.,"5'6""",Player,Fr.,Fr,"Illescas, Spain",Illescas,,international,CIDEAD,0,https://ksuowls.com/sports/womens-tennis/roster/2025-26
ten_71d708d4dd5e,Sophia,Bald,tennis,2025-26,2026,D1,Women,Patriot League,Lafayette,,Player,Fr.,Fr,"Little Silver, N.J.",Little Silver,NJ,domestic,Red Bank Regional,0,https://goleopards.com/sports/womens-tennis/roster/2025-26
ten_fb08f0296818,Ally,Bauer,tennis,2025-26,2026,D1,Women,Patriot League,Lafayette,,Player,Jr.,Jr,"Oakmont, Pa.",Oakmont,PA,domestic,Knoch,0,https://goleopards.com/sports/womens-tennis/roster/2025-26
ten_b60fbedba01e,Paraskevi,Briegel,tennis,2025-26,2026,D1,Women,Patriot League,Lafayette,,Player,Sr.,Sr,"Stroudsburg, Pa.",Stroudsburg,PA,domestic,Stroudsburg,0,https://goleopards.com/sports/womens-tennis/roster/2025-26
ten_5d09da33daab,Stella,Dodd,tennis,2025-26,2026,D1,Women,Patriot League,Lafayette,,Player,Jr.,Jr,"West Harford, Conn.",West Harford,CT,domestic,Kingswood Oxford,0,https://goleopards.com/sports/womens-tennis/roster/2025-26
ten_f20ebac4bb1a,Hanna,Ganchi,tennis,2025-26,2026,D1,Women,Patriot League,Lafayette,,Player,Jr.,Jr,"Wayne, N.J.",Wayne,NJ,domestic,Montclair Kimberley Academy,1,https://goleopards.com/sports/womens-tennis/roster/2025-26
ten_86223ca3bc57,Sophia,Pacheco,tennis,2025-26,2026,D1,Women,Patriot League,Lafayette,,Player,Fr.,Fr,"Weston, Fla.",Weston,FL,domestic,St. Thomas Aquinas,0,https://goleopards.com/sports/womens-tennis/roster/2025-26
ten_b84ea3b3e581,Alyssa,Perdomo,tennis,2025-26,2026,D1,Women,Patriot League,Lafayette,,Player,Sr.,Sr,"Boynton Beach, Fla.",Boynton Beach,FL,domestic,The Kings Academy,1,https://goleopards.com/sports/womens-tennis/roster/2025-26
ten_00533c6505e3,Marie,Sofia Romaniello,tennis,2025-26,2026,D1,Women,Patriot League,Lafayette,,Player,So.,So,"Stamford, Conn.",Stamford,CT,domestic,Lauralton Hall,0,https://goleopards.com/sports/womens-tennis/roster/2025-26
ten_3ae7068e5500,Alexandria,Vollero,tennis,2025-26,2026,D1,Women,Patriot League,Lafayette,,Player,Sr.,Sr,"North Haven, Conn.",North Haven,CT,domestic,North Haven,0,https://goleopards.com/sports/womens-tennis/roster/2025-26
ten_019d9e625ce0,Alexandra,Waldman,tennis,2025-26,2026,D1,Women,Patriot League,Lafayette,,Player,Sr.,Sr,"Mount Kisco, N.Y.",Mount Kisco,NY,domestic,Fox Lane,0,https://goleopards.com/sports/womens-tennis/roster/2025-26
ten_b0c6bc54b6e7,Alicia,Alvarez,tennis,2025-26,2026,D1,Women,Northeast Conference,Le Moyne,,Player,Sr.,Sr,"Madrid, Spain",Madrid,,international,IES Ortega y Gasset,0,https://lemoynedolphins.com/sports/womens-tennis/roster/2025-26
ten_cb4fa726c8b5,Paula,Casares,tennis,2025-26,2026,D1,Women,Northeast Conference,Le Moyne,,Player,Sr.,Sr,"A Coruna, Spain",A Coruna,,international,Colegio Maristas Cristo Rey,0,https://lemoynedolphins.com/sports/womens-tennis/roster/2025-26
ten_5fbf0f2fdf11,Ella,Fernando,tennis,2025-26,2026,D1,Women,Northeast Conference,Le Moyne,,Player,Jr.,Jr,"Manchester, England",Manchester,,international,Stonyhurst College,0,https://lemoynedolphins.com/sports/womens-tennis/roster/2025-26
ten_8da78d656103,Lilia,Raiss,tennis,2025-26,2026,D1,Women,Northeast Conference,Le Moyne,,Player,Jr.,Jr,"Temara, Morocco",Temara,,international,Descartes,0,https://lemoynedolphins.com/sports/womens-tennis/roster/2025-26
ten_611990c993a7,Emma,Sanchez Jimenez,tennis,2025-26,2026,D1,Women,Northeast Conference,Le Moyne,,Player,Sr.,Sr,"Marbella, Spain",Marbella,,international,Victoria Kent Marbella,0,https://lemoynedolphins.com/sports/womens-tennis/roster/2025-26
ten_b9a71b1d7a28,Stella,Simeonova,tennis,2025-26,2026,D1,Women,Northeast Conference,Le Moyne,,Player,Sr.,Sr,"Sofia, Bulgaria",Sofia,,international,National Gymnasium of Mathematics and Natural Sciences,0,https://lemoynedolphins.com/sports/womens-tennis/roster/2025-26
ten_267aea1f35b3,Sadie,Daavettila,tennis,2025-26,2026,D1,Women,Conference USA,Liberty,,Player,Jr.,Jr,"Grand Ledge, Mich.",Grand Ledge,MI,domestic,Williamston High School,0,https://libertyflames.com/sports/womens-tennis/roster/2025-26
ten_642ac1971bf9,Diana,Ilie,tennis,2025-26,2026,D1,Women,Conference USA,Liberty,,Player,So.,So,"Lawrenceville, Ga.",Lawrenceville,GA,domestic,Education World Wide,0,https://libertyflames.com/sports/womens-tennis/roster/2025-26
ten_3378a19f791f,Celina,Joseph,tennis,2025-26,2026,D1,Women,Conference USA,Liberty,,Player,So.,So,"Malmesbury, South Africa",Malmesbury,,international,UCT Online High School,0,https://libertyflames.com/sports/womens-tennis/roster/2025-26
ten_ae85b5257359,Anika,Lemus,tennis,2025-26,2026,D1,Women,Conference USA,Liberty,,Player,So.,So,"Guatemala City, Guatemala",Guatemala City,,international,Colegio Valle Verde,0,https://libertyflames.com/sports/womens-tennis/roster/2025-26
ten_c34d4ebc53b5,Aranai,Martinez,tennis,2025-26,2026,D1,Women,Conference USA,Liberty,,Player,Fr.,Fr,"Vigo, Spain",Vigo,,international,CIDEAD,0,https://libertyflames.com/sports/womens-tennis/roster/2025-26
ten_9850e5d80f54,Daniella,O'Neill Garcia,tennis,2025-26,2026,D1,Women,Conference USA,Liberty,,Player,R-Jr.,Jr,"Dorado, Puerto Rico",Dorado,PR,domestic,Escuela Secundaria de la Universidad de Puerto Rico,0,https://libertyflames.com/sports/womens-tennis/roster/2025-26
ten_615552c282e6,Yoanna,Radulova,tennis,2025-26,2026,D1,Women,Conference USA,Liberty,,Player,So.,So,"Plovdiv, Bulgaria",Plovdiv,,international,"SU St. ""Paisius Hilendarski""",0,https://libertyflames.com/sports/womens-tennis/roster/2025-26
ten_5d0b129e06e7,Milana,Tsulygina,tennis,2025-26,2026,D1,Women,Conference USA,Liberty,,Player,Fr.,Fr,"UFA, Russia",UFA,,international,Pelican,0,https://libertyflames.com/sports/womens-tennis/roster/2025-26
ten_0482f6028107,Maria,Turchetto,tennis,2025-26,2026,D1,Women,Conference USA,Liberty,,Player,Jr.,Jr,"Florianópolis, Brazil",Florianópolis,,international,Bilingual School,0,https://libertyflames.com/sports/womens-tennis/roster/2025-26
ten_559e3084a0cf,Candy,Wai,tennis,2025-26,2026,D1,Women,Conference USA,Liberty,,Player,Jr.,Jr,Hong Kong,Hong Kong,,international,Copleston High School,0,https://libertyflames.com/sports/womens-tennis/roster/2025-26
ten_cffe1958d16b,Sarah,Ben Aba,tennis,2025-26,2026,D1,Women,Ohio Valley Conference,Lindenwood,"5'8""",Player,Jr.,Jr,"New York City, N.Y.",New York City,NY,domestic,Oxford International,0,https://lindenwoodlions.com/sports/womens-tennis/roster/2025-26
ten_ab81f699d175,Megan,Caffin,tennis,2025-26,2026,D1,Women,Ohio Valley Conference,Lindenwood,"5'8""",Player,So.,So,"Amsterdam, Netherlands",Amsterdam,,international,Scala College,0,https://lindenwoodlions.com/sports/womens-tennis/roster/2025-26
ten_167696b97de9,Sofija,Dunisijevic,tennis,2025-26,2026,D1,Women,Ohio Valley Conference,Lindenwood,"5'4""",Player,Gr.,Gr,"Cacak, Serbia",Cacak,,international,,,https://lindenwoodlions.com/sports/womens-tennis/roster/2025-26
ten_beb5723f6368,Paola,Garcia,tennis,2025-26,2026,D1,Women,Ohio Valley Conference,Lindenwood,"5'6""",Player,Jr.,Jr,"Anzoategui, Venezuela",Anzoategui,,international,UEI Colegio Santa Rosa de lima,0,https://lindenwoodlions.com/sports/womens-tennis/roster/2025-26
ten_2c09c883e0f8,Mathilde,Humbert,tennis,2025-26,2026,D1,Women,Ohio Valley Conference,Lindenwood,"5'6""",Player,Fr.,Fr,"Crauthem, Luxembourg",Crauthem,,international,,0,https://lindenwoodlions.com/sports/womens-tennis/roster/2025-26
ten_1fd213ae703c,Fabiana,Labrador,tennis,2025-26,2026,D1,Women,Ohio Valley Conference,Lindenwood,"5'2""",Player,Jr.,Jr,"Caracas, Venezuela",Caracas,,international,San Luis High School,0,https://lindenwoodlions.com/sports/womens-tennis/roster/2025-26
ten_d30ef7085fbb,Michelle,Trochez,tennis,2025-26,2026,D1,Women,Ohio Valley Conference,Lindenwood,"5'5""",Player,Sr.,Sr,"Houston, Texas",Houston,TX,domestic,iUniversity Prep,1,https://lindenwoodlions.com/sports/womens-tennis/roster/2025-26
ten_7d72ea905e9e,Serafima,Bobrovnikova,tennis,2025-26,2026,D1,Women,ASUN Conference,Lipscomb,,Player,So.,So,"Kyiv, Ukraine",Kyiv,,international,CNED,0,https://lipscombsports.com/sports/womens-tennis/roster/2025-26
ten_ad18ab509b2b,Martina,Bovio,tennis,2025-26,2026,D1,Women,ASUN Conference,Lipscomb,,Player,So.,So,"Buenos Aires, Argentina",Buenos Aires,,international,SEADEA,0,https://lipscombsports.com/sports/womens-tennis/roster/2025-26
ten_1a295d60006e,Alina,Cherniaieva,tennis,2025-26,2026,D1,Women,ASUN Conference,Lipscomb,,Player,R-Jr.,Jr,"Dnipro, Ukraine",Dnipro,,international,Kharkiv Comprehensive Online,0,https://lipscombsports.com/sports/womens-tennis/roster/2025-26
ten_5cb1770feeed,Mariia,Dolzhenko,tennis,2025-26,2026,D1,Women,ASUN Conference,Lipscomb,,Player,Jr.,Jr,"Kharkiv, Ukraine",Kharkiv,,international,OCHAG,0,https://lipscombsports.com/sports/womens-tennis/roster/2025-26
ten_5c188e96089a,Deborah,Dominguez Collado,tennis,2025-26,2026,D1,Women,ASUN Conference,Lipscomb,,Player,Jr.,Jr,"Guatemala City, Guatemala",Guatemala City,,international,Abeka Academy,1,https://lipscombsports.com/sports/womens-tennis/roster/2025-26
ten_03d2179ed47b,Leena,Hamdan,tennis,2025-26,2026,D1,Women,ASUN Conference,Lipscomb,,Player,Fr.,Fr,"Brentwood, Tenn.",Brentwood,TN,domestic,Nashville International Academy,1,https://lipscombsports.com/sports/womens-tennis/roster/2025-26
ten_bc67711fc05e,Sofiia,Paladi,tennis,2025-26,2026,D1,Women,ASUN Conference,Lipscomb,,Player,Sr.,Sr,"Odessa, Ukraine",Odessa,,international,Kharkiv Comprehensive Online,0,https://lipscombsports.com/sports/womens-tennis/roster/2025-26
ten_21a91f156b0c,Kameliia,Tytarenko,tennis,2025-26,2026,D1,Women,ASUN Conference,Lipscomb,,Player,So.,So,"Kharkiv, Ukraine",Kharkiv,,international,Angstrom,0,https://lipscombsports.com/sports/womens-tennis/roster/2025-26
ten_cdaabab5a714,Sofiia,Zhylchuk,tennis,2025-26,2026,D1,Women,ASUN Conference,Lipscomb,,Player,Jr.,Jr,"Rivne, Ukraine",Rivne,,international,School of Hope,0,https://lipscombsports.com/sports/womens-tennis/roster/2025-26
ten_eaf67b18af1c,Pamela,Badillo,tennis,2025-26,2026,D1,Women,Big West Conference,Long Beach St.,,Player,So.,So,"Puebla, Mexico",Puebla,,international,Adler Schule,0,https://longbeachstate.com/sports/womens-tennis/roster/2025-26
ten_23acf1999544,Daisy,Carpenter,tennis,2025-26,2026,D1,Women,Big West Conference,Long Beach St.,,Player,So.,So,"London, England",London,,international,Bromley HS,0,https://longbeachstate.com/sports/womens-tennis/roster/2025-26
ten_9b247c926774,Cecilia,Costa,tennis,2025-26,2026,D1,Women,Big West Conference,Long Beach St.,,Player,So.,So,"Recife, Brazil",Recife,,international,Colegio Saber,0,https://longbeachstate.com/sports/womens-tennis/roster/2025-26
ten_2c64c963bafb,Diana,De Simone,tennis,2025-26,2026,D1,Women,Big West Conference,Long Beach St.,,Player,So.,So,Rome Italy,Rome Italy,,international,Istituto San Giuseppe,0,https://longbeachstate.com/sports/womens-tennis/roster/2025-26
ten_2f6a9406a414,Paulina,Franco Martinessi,tennis,2025-26,2026,D1,Women,Big West Conference,Long Beach St.,,Player,Sr.,Sr,"Asunción, Paraguay",Asunción,,international,,,https://longbeachstate.com/sports/womens-tennis/roster/2025-26
ten_ed42dc496db4,Johanna,Hiesmair,tennis,2025-26,2026,D1,Women,Big West Conference,Long Beach St.,,Player,So.,So,Ste,Ste,,international,BORG Linz,0,https://longbeachstate.com/sports/womens-tennis/roster/2025-26
ten_e57f8681dd0a,Thea,Jagare,tennis,2025-26,2026,D1,Women,Big West Conference,Long Beach St.,,Player,So.,So,"Limhamn, Sweden",Limhamn,,international,Malmo Idrottgymnasium,0,https://longbeachstate.com/sports/womens-tennis/roster/2025-26
ten_980fbe046136,Daria,Malaescu,tennis,2025-26,2026,D1,Women,Big West Conference,Long Beach St.,,Player,So.,So,"Bucharest, Romania",Bucharest,,international,ICL Academy,1,https://longbeachstate.com/sports/womens-tennis/roster/2025-26
ten_2d5b76653a70,Emma,Jane Barclay,tennis,2025-26,2026,D1,Women,Northeast Conference,LIU,"5'6""",Player,Sr.,Sr,"Auckland, New Zealand",Auckland,,international,Esclavas del sagrado corazón de Jesús,0,https://www.liuathletics.com/sports/womens-tennis/roster/2025-26
ten_f7825b80f3f5,Mori,Grylak,tennis,2025-26,2026,D1,Women,Northeast Conference,LIU,,Player,Jr.,Jr,,,,unknown,,0,https://www.liuathletics.com/sports/womens-tennis/roster/2025-26
ten_d1a4257e9467,Paula,Guillen Cerver,tennis,2025-26,2026,D1,Women,Northeast Conference,LIU,"5'5""",Player,Jr.,Jr,"Valencia, Spain",Valencia,,international,Esclavas del sagrado corazón de Jesús,0,https://www.liuathletics.com/sports/womens-tennis/roster/2025-26
ten_9f9fb7dd6e94,Leena,Kuittinen,tennis,2025-26,2026,D1,Women,Northeast Conference,LIU,"5'11""",Player,So.,So,"Ridgefield, Conn.",Ridgefield,CT,domestic,George School,0,https://www.liuathletics.com/sports/womens-tennis/roster/2025-26
ten_4ca553214d79,Ksenia,Reznitskaya,tennis,2025-26,2026,D1,Women,Northeast Conference,LIU,"5'5""",Player,Sr.,Sr,"Moscow, Russia",Moscow,,international,Moscow School,0,https://www.liuathletics.com/sports/womens-tennis/roster/2025-26
ten_9bcfbcbfe37f,Jenna,Svatos,tennis,2025-26,2026,D1,Women,Northeast Conference,LIU,"5'5""",Player,Sr.,Sr,"Sydney, Australia",Sydney,,international,Queenwood School,0,https://www.liuathletics.com/sports/womens-tennis/roster/2025-26
ten_f993d2020ab4,Mia,Tsoukalas,tennis,2025-26,2026,D1,Women,Northeast Conference,LIU,"5'2""",Player,Jr.,Jr,"Adelaide, South Australia, Australia",Adelaide,,international,Immanuel College,0,https://www.liuathletics.com/sports/womens-tennis/roster/2025-26
ten_6d8f810fb113,Beatriz,Verdial,tennis,2025-26,2026,D1,Women,Northeast Conference,LIU,"5'2""",Player,Sr.,Sr,"São Paulo, Brazil",São Paulo,,international,Colegio Saber,0,https://www.liuathletics.com/sports/womens-tennis/roster/2025-26
ten_722769f67147,Julie,Bedard,tennis,2025-26,2026,D1,Women,Atlantic Coast Conference,Louisville,,Player,So.,So,"Louisville, Ky.",Louisville,KY,domestic,Kentucky Country Day School,0,https://gocards.com/sports/womens-tennis/roster/2025-26
ten_315c18a02c56,Germany,Davis,tennis,2025-26,2026,D1,Women,Atlantic Coast Conference,Louisville,,Player,Jr.,Jr,"College Park, Ga.",College Park,GA,domestic,,0,https://gocards.com/sports/womens-tennis/roster/2025-26
ten_c83c7d13c3f7,Rebekkah,Gaines,tennis,2025-26,2026,D1,Women,Atlantic Coast Conference,Louisville,,Player,Sr.,Sr,"Kernersville, N.C.",Kernersville,NC,domestic,East Forsyth,0,https://gocards.com/sports/womens-tennis/roster/2025-26
ten_ee8782050283,Lucia,Gallegos,tennis,2025-26,2026,D1,Women,Atlantic Coast Conference,Louisville,,Player,R-Fr.,Fr,"San Jose, Costa Rica",San Jose,,international,Blue Valley,0,https://gocards.com/sports/womens-tennis/roster/2025-26
ten_8044a62a23a8,Anshika,Jaswal,tennis,2025-26,2026,D1,Women,Atlantic Coast Conference,Louisville,,Player,Fr.,Fr,"Toronto, ONT Canada",Toronto,,international,King's College School,0,https://gocards.com/sports/womens-tennis/roster/2025-26
ten_738a31510a08,Berta,Miret,tennis,2025-26,2026,D1,Women,Atlantic Coast Conference,Louisville,,Player,Jr.,Jr,"Barcelona, Spain",Barcelona,,international,,0,https://gocards.com/sports/womens-tennis/roster/2025-26
ten_ef3d8c00dd5b,Elena,Noguero,tennis,2025-26,2026,D1,Women,Atlantic Coast Conference,Louisville,,Player,Jr.,Jr,"Lleida, Spain",Lleida,,international,,0,https://gocards.com/sports/womens-tennis/roster/2025-26
ten_3f46147cdf1d,Alice,Otis,tennis,2025-26,2026,D1,Women,Atlantic Coast Conference,Louisville,,Player,Sr.,Sr,"Mount Pleasant, S.C.",Mount Pleasant,SC,domestic,South Carolina Connections,0,https://gocards.com/sports/womens-tennis/roster/2025-26
ten_d544415b3ea5,Lika,Peresypkina,tennis,2025-26,2026,D1,Women,Atlantic Coast Conference,Louisville,,Player,Jr.,Jr,"Kamyanske, Ukraine",Kamyanske,,international,Secondary School,0,https://gocards.com/sports/womens-tennis/roster/2025-26
ten_d89ac594d201,CL,,tennis,2025-26,2026,D1,Women,Atlantic Coast Conference,Louisville,,Player,,UNK,,,,unknown,Secondary School,0,https://gocards.com/sports/womens-tennis/roster/2025-26
ten_b398d4fc956d,Anastasia,Bozova,tennis,2025-26,2026,D1,Women,West Coast Conference,LMU (CA),"5'5""",Player,Jr.,Jr,"Lodz, Poland",Lodz,,international,Eurocolegio Casvi,0,https://lmulions.com/sports/womens-tennis/roster/2025-26
ten_f58a87e8af67,Lidia,Gonzalez,tennis,2025-26,2026,D1,Women,West Coast Conference,LMU (CA),,Player,Gr.,Gr,"Madrid, Spain",Madrid,,international,Eurocolegio Casvi,0,https://lmulions.com/sports/womens-tennis/roster/2025-26
ten_b21e5ee8c638,Sofia,Perovani,tennis,2025-26,2026,D1,Women,West Coast Conference,LMU (CA),,Player,Fr.,Fr,"Sao Paulo, Brazil",Sao Paulo,,international,Colegio Saber,0,https://lmulions.com/sports/womens-tennis/roster/2025-26
ten_05e2f290236d,Ada,Piestrzynska,tennis,2025-26,2026,D1,Women,West Coast Conference,LMU (CA),,Player,So.,So,"Warsaw, Poland",Warsaw,,international,LXXV Liceum Ogólnoksztalcace im. Jana III Sobieskiego,0,https://lmulions.com/sports/womens-tennis/roster/2025-26
ten_c00557bafca1,Camilia,Samel-Druz,tennis,2025-26,2026,D1,Women,West Coast Conference,LMU (CA),,Player,So.,So,"Strasbourg, France",Strasbourg,,international,CNED,0,https://lmulions.com/sports/womens-tennis/roster/2025-26
ten_f8e68dd1f3a5,Helene,Schnack,tennis,2025-26,2026,D1,Women,West Coast Conference,LMU (CA),,Player,Fr.,Fr,"Munich, Germany",Munich,,international,ILS Fernakademie,0,https://lmulions.com/sports/womens-tennis/roster/2025-26
ten_8ca9ac3fff80,Sienna,Shapiro,tennis,2025-26,2026,D1,Women,West Coast Conference,LMU (CA),,Player,So.,So,"Beverly Hills, CA",Beverly Hills,CA,domestic,Beverly Hills High School,0,https://lmulions.com/sports/womens-tennis/roster/2025-26
ten_08a5337ee2ff,Kim-Michaela,Zahraj,tennis,2025-26,2026,D1,Women,West Coast Conference,LMU (CA),"5'5""",Player,Gr.,Gr,"Frankfurt, Germany",Frankfurt,,international,,0,https://lmulions.com/sports/womens-tennis/roster/2025-26
ten_a976783c1c5d,Kate,Agnew,tennis,2025-26,2026,D1,Women,Patriot League,Loyola Maryland,,Player,Fr.,Fr,"Kensington, Md.",Kensington,MD,domestic,Menchville,0,https://loyolagreyhounds.com/sports/womens-tennis/roster/2025-26
ten_c5e95dc9f16a,Victoria,Epps,tennis,2025-26,2026,D1,Women,Patriot League,Loyola Maryland,,Player,Fr.,Fr,Newport News. Va.,Newport News. Va.,,international,Menchville,0,https://loyolagreyhounds.com/sports/womens-tennis/roster/2025-26
ten_1abdecf4f563,Sabrina,Grewal,tennis,2025-26,2026,D1,Women,Patriot League,Loyola Maryland,,Player,Sr.,Sr,"Raleigh, N.C.",Raleigh,NC,domestic,Research Triangle,0,https://loyolagreyhounds.com/sports/womens-tennis/roster/2025-26
ten_9ee0b61f2ee0,Elena,Hartley,tennis,2025-26,2026,D1,Women,Patriot League,Loyola Maryland,,Player,So.,So,"Myrtle Beach, S.C.",Myrtle Beach,SC,domestic,Socastee,0,https://loyolagreyhounds.com/sports/womens-tennis/roster/2025-26
ten_e241df5870ca,Lily,Langhus,tennis,2025-26,2026,D1,Women,Patriot League,Loyola Maryland,,Player,Sr.,Sr,"Plymouth, Minn.",Plymouth,MN,domestic,Hibernian Private (Fla.),0,https://loyolagreyhounds.com/sports/womens-tennis/roster/2025-26
ten_bd7849ee2598,Mia,Matriccino,tennis,2025-26,2026,D1,Women,Patriot League,Loyola Maryland,,Player,So.,So,"Limerick, Pa.",Limerick,PA,domestic,Spring-Ford,0,https://loyolagreyhounds.com/sports/womens-tennis/roster/2025-26
ten_087b963aba00,Katie,Moorhead,tennis,2025-26,2026,D1,Women,Patriot League,Loyola Maryland,,Player,Sr.,Sr,"Ramsey, N.J.",Ramsey,NJ,domestic,Ramsey,0,https://loyolagreyhounds.com/sports/womens-tennis/roster/2025-26
ten_b962d6279795,Christine,Richiez,tennis,2025-26,2026,D1,Women,Patriot League,Loyola Maryland,,Player,Sr.,Sr,"Park Ridge, N.J.",Park Ridge,NJ,domestic,Park Ridge,0,https://loyolagreyhounds.com/sports/womens-tennis/roster/2025-26
ten_4117aa9b4811,Emma,Roeck,tennis,2025-26,2026,D1,Women,Patriot League,Loyola Maryland,,Player,So.,So,"Boca Raton, Fla.",Boca Raton,FL,domestic,IVLA,0,https://loyolagreyhounds.com/sports/womens-tennis/roster/2025-26
ten_856f892d0b6e,Emi,Shivkumar,tennis,2025-26,2026,D1,Women,Patriot League,Loyola Maryland,,Player,Sr.,Sr,"Jersey City, N.J.",Jersey City,NJ,domestic,Laurel Springs,0,https://loyolagreyhounds.com/sports/womens-tennis/roster/2025-26
ten_8cfbf04cf8b9,Liza,Tankimovich,tennis,2025-26,2026,D1,Women,Patriot League,Loyola Maryland,,Player,Sr.,Sr,"Granada Hills, Calif.",Granada Hills,CA,domestic,Granada Hills Charter,0,https://loyolagreyhounds.com/sports/womens-tennis/roster/2025-26
ten_1889b26b1696,Nicole,Di Bisceglia,tennis,2025-26,2026,D1,Women,Big South Conference,Longwood,"5'6""",Player,Fr.,Fr,"Rome, Italy",Rome,,international,ITC Ferdinando Magellano,0,https://longwoodlancers.com/sports/womens-tennis/roster/2025-26
ten_bf78e7ac1ec2,Alexis,Broderick,tennis,2025-26,2026,D1,Women,Big South Conference,Longwood,"5'10""",Player,Sr.,Sr,"Greenville, S.C.",Greenville,SC,domestic,Wade Hampton,0,https://longwoodlancers.com/sports/womens-tennis/roster/2025-26
ten_89204d9714fc,Genevieve,Dickey,tennis,2025-26,2026,D1,Women,Big South Conference,Longwood,"5'7""",Player,Fr.,Fr,"Auckland, New Zealand",Auckland,,international,Saint Kentigern College,0,https://longwoodlancers.com/sports/womens-tennis/roster/2025-26
ten_a3930883c023,Hima,Fernando,tennis,2025-26,2026,D1,Women,Big South Conference,Longwood,"5'5""",Player,Fr.,Fr,"Manchester, England",Manchester,,international,Stonyhurst College,0,https://longwoodlancers.com/sports/womens-tennis/roster/2025-26
ten_c8b92ef0a627,Hayley,Garber,tennis,2025-26,2026,D1,Women,Big South Conference,Longwood,"5'6""",Player,So.,So,"Cleveland, Ohio",Cleveland,OH,domestic,Hawken School,0,https://longwoodlancers.com/sports/womens-tennis/roster/2025-26
ten_c4c6bf6dcf8a,Elizaveta,Gnilozubova,tennis,2025-26,2026,D1,Women,Big South Conference,Longwood,"5'7""",Player,Sr.,Sr,"Astana, Kazakhstan",Astana,,international,Lyceum School,0,https://longwoodlancers.com/sports/womens-tennis/roster/2025-26
ten_53d378816706,Oriana,Izarra,tennis,2025-26,2026,D1,Women,Big South Conference,Longwood,"5'3""",Player,Sr.,Sr,"Valencia, Venezuela",Valencia,,international,Unidad Educativa Colegio Sagrado Corazon,0,https://longwoodlancers.com/sports/womens-tennis/roster/2025-26
ten_5ca703d02f34,Alexandra,Magia,tennis,2025-26,2026,D1,Women,Big South Conference,Longwood,"5'5""",Player,So.,So,"Athens, Greece",Athens,,international,4th Gel Neas Ionias,0,https://longwoodlancers.com/sports/womens-tennis/roster/2025-26
ten_9e16a57a3a46,Bali,Song,tennis,2025-26,2026,D1,Women,Big South Conference,Longwood,"5'5""",Player,Fr.,Fr,"San Nicolás de los Garza, México",San Nicolás de los Garza,,international,Preparatoria 9,0,https://longwoodlancers.com/sports/womens-tennis/roster/2025-26
ten_d844f623a37e,Feline,van Eijkelenburg,tennis,2025-26,2026,D1,Women,Big South Conference,Longwood,"5'6""",Player,Jr.,Jr,"Haarlem, Netherlands",Haarlem,,international,Haarlemmermeer Lyceum,0,https://longwoodlancers.com/sports/womens-tennis/roster/2025-26
ten_fdb4d4fd7493,Asnis,,tennis,2025-26,2026,D1,Women,Metro Atlantic Athletic Conference,Marist,,Player,Fr.,Fr,"Porto Allegre, Brazil",Porto Allegre,,international,Colégio Israelita Brasileiro,0,https://goredfoxes.com/sports/womens-tennis/roster/2025-26
ten_cb0662820449,Assi,,tennis,2025-26,2026,D1,Women,Metro Atlantic Athletic Conference,Marist,,Player,Jr.,Jr,"Rosario, Santa Fe, Argentina",Rosario,,international,s School,0,https://goredfoxes.com/sports/womens-tennis/roster/2025-26
ten_a7204e7d3531,Clements,Sorde,tennis,2025-26,2026,D1,Women,Metro Atlantic Athletic Conference,Marist,,Player,Sr.,Sr,"Barcelona, Spain",Barcelona,,international,ES American School,0,https://goredfoxes.com/sports/womens-tennis/roster/2025-26
ten_4d6f25604fc6,Liang,,tennis,2025-26,2026,D1,Women,Metro Atlantic Athletic Conference,Marist,,Player,Fr.,Fr,"Beijing, China",Beijing,,international,RX Academy,1,https://goredfoxes.com/sports/womens-tennis/roster/2025-26
ten_c644fc7378d9,Lindsey,,tennis,2025-26,2026,D1,Women,Metro Atlantic Athletic Conference,Marist,,Player,So.,So,"Naples, FL",Naples,FL,domestic,Acellus Academy,1,https://goredfoxes.com/sports/womens-tennis/roster/2025-26
ten_6af03468c6dd,Lorentzon,,tennis,2025-26,2026,D1,Women,Metro Atlantic Athletic Conference,Marist,,Player,So.,So,"Stockholm, Sweden",Stockholm,,international,Korrespondensgymnasiet,0,https://goredfoxes.com/sports/womens-tennis/roster/2025-26
ten_527b66d4e784,Shresta,,tennis,2025-26,2026,D1,Women,Metro Atlantic Athletic Conference,Marist,,Player,Jr.,Jr,"Bangalore, India",Bangalore,,international,British International School,0,https://goredfoxes.com/sports/womens-tennis/roster/2025-26
ten_29b65096126e,Ungerman,,tennis,2025-26,2026,D1,Women,Metro Atlantic Athletic Conference,Marist,,Player,So.,So,"Brussels, Belgium",Brussels,,international,Lycee Francais Jean Monet,0,https://goredfoxes.com/sports/womens-tennis/roster/2025-26
ten_12229a56a7d9,Wachtel,,tennis,2025-26,2026,D1,Women,Metro Atlantic Athletic Conference,Marist,,Player,Fr.,Fr,"Scottsdale, Arizona",Scottsdale,AZ,domestic,Desert Mountain HS,0,https://goredfoxes.com/sports/womens-tennis/roster/2025-26
ten_dd9a4b531594,Wright,,tennis,2025-26,2026,D1,Women,Metro Atlantic Athletic Conference,Marist,,Player,Jr.,Jr,"Little Silver, NJ",Little Silver,NJ,domestic,Red Bank Regional,0,https://goredfoxes.com/sports/womens-tennis/roster/2025-26
ten_05538adaef65,Aiyana,Abbott,tennis,2025-26,2026,D1,Women,Big East Conference,Marquette,,Player,So.,So,"Seattle, Wash.",Seattle,WA,domestic,Seattle Academy,1,https://gomarquette.com/sports/womens-tennis/roster/2025-26
ten_7dd5a853e643,Elise,Barnstedt,tennis,2025-26,2026,D1,Women,Big East Conference,Marquette,,Player,Fr.,Fr,"Mainz, Germany",Mainz,,international,Maria-Ward-Gymnasium Mainz,0,https://gomarquette.com/sports/womens-tennis/roster/2025-26
ten_93e024694832,Emma,Davis,tennis,2025-26,2026,D1,Women,Big East Conference,Marquette,,Player,Sr.,Sr,"Mokena, Ill.",Mokena,IL,domestic,Providence Catholic,0,https://gomarquette.com/sports/womens-tennis/roster/2025-26
ten_f26a6e7430f1,Elena,Duva,tennis,2025-26,2026,D1,Women,Big East Conference,Marquette,,Player,So.,So,"Peachtree Corners, Ga.",Peachtree Corners,GA,domestic,Norcross H.S.,0,https://gomarquette.com/sports/womens-tennis/roster/2025-26
ten_011b81687621,Luciana,Mendoza,tennis,2025-26,2026,D1,Women,Big East Conference,Marquette,,Player,So.,So,"Lima, Peru",Lima,,international,ICl Academy,1,https://gomarquette.com/sports/womens-tennis/roster/2025-26
ten_9c8777f6c0c5,Maria,Poon,tennis,2025-26,2026,D1,Women,Big East Conference,Marquette,,Player,Fr.,Fr,"Cincinnati, Ohio",Cincinnati,OH,domestic,Saint Ursula Academy,1,https://gomarquette.com/sports/womens-tennis/roster/2025-26
ten_867cafca4342,Magdalena,Baniak,tennis,2025-26,2026,D1,Women,Big Ten Conference,Maryland,,Player,Fr.,Fr,"Piasek, Poland",Piasek,,international,Liceum Ogólnoksztalcacego,0,https://umterps.com/sports/womens-tennis/roster/2025-26
ten_01c075c8f314,Diya,Challa,tennis,2025-26,2026,D1,Women,Big Ten Conference,Maryland,,Player,Jr.,Jr,"Ashburn, VA",Ashburn,VA,domestic,Briar Woods,0,https://umterps.com/sports/womens-tennis/roster/2025-26
ten_f5b737faae14,Lucia,Donnelly,tennis,2025-26,2026,D1,Women,Big Ten Conference,Maryland,,Player,Fr.,Fr,"Lattingtown Harbor, NY",Lattingtown Harbor,NY,domestic,ICL Academy,1,https://umterps.com/sports/womens-tennis/roster/2025-26
ten_5a3887a49d90,Aida,Eissa,tennis,2025-26,2026,D1,Women,Big Ten Conference,Maryland,,Player,Jr.,Jr,"Palm Beach, FL",Palm Beach,FL,domestic,IMG Academy,1,https://umterps.com/sports/womens-tennis/roster/2025-26
ten_edc3561a5442,Tamari,Gagoshidze,tennis,2025-26,2026,D1,Women,Big Ten Conference,Maryland,,Player,Sr.,Sr,"Tbilisi, Georgia",Tbilisi,GA,domestic,LEPL Tbilisi Public School,0,https://umterps.com/sports/womens-tennis/roster/2025-26
ten_56f970ae10da,Emma,Ghirardato,tennis,2025-26,2026,D1,Women,Big Ten Conference,Maryland,,Player,So.,So,"Turin, Italy",Turin,,international,Istituto Maria Immacolata,0,https://umterps.com/sports/womens-tennis/roster/2025-26
ten_daa246ce4fb5,Katherine,Hung,tennis,2025-26,2026,D1,Women,Big Ten Conference,Maryland,,Player,Jr.,Jr,"Taipei, Taiwan",Taipei,,international,Taipei Municipal Nangang Vocational,0,https://umterps.com/sports/womens-tennis/roster/2025-26
ten_76d2f30c855e,Ema,Kovacevic,tennis,2025-26,2026,D1,Women,Big Ten Conference,Maryland,,Player,So.,So,"Brussels, Belgium",Brussels,,international,Lycée Mater Dei,0,https://umterps.com/sports/womens-tennis/roster/2025-26
ten_4ba1651619b4,Oliwia,Orlinska,tennis,2025-26,2026,D1,Women,Big Ten Conference,Maryland,,Player,So.,So,"Wroclaw, Poland",Wroclaw,,international,Niepubliczne Tenisowe Liceum Ogolnoksztalczace,0,https://umterps.com/sports/womens-tennis/roster/2025-26
ten_349c93214606,Gabriela,Pimentel,tennis,2025-26,2026,D1,Women,Big Ten Conference,Maryland,,Player,Fr.,Fr,"Lima, Peru",Lima,,international,International Virtual Learning Academy,1,https://umterps.com/sports/womens-tennis/roster/2025-26
ten_efe9ad8b4a5b,Fiona,Ao,tennis,2025-26,2026,D1,Women,Mid-American Conference,Massachusetts,,Player,Fr.,Fr,"Qingdao, China",Qingdao,,international,,0,https://umassathletics.com/sports/womens-tennis/roster/2025-26
ten_8215dbe39683,Duru,Baycan,tennis,2025-26,2026,D1,Women,Mid-American Conference,Massachusetts,,Player,Fr.,Fr,"Kocaeli, Turkey",Kocaeli,,international,,0,https://umassathletics.com/sports/womens-tennis/roster/2025-26
ten_9ceb3b3753f2,Amanda,de Oliveira,tennis,2025-26,2026,D1,Women,Mid-American Conference,Massachusetts,,Player,Jr.,Jr,"Caxias de Sul, Brazil",Caxias de Sul,,international,Colegio Saber,0,https://umassathletics.com/sports/womens-tennis/roster/2025-26
ten_a6f07ac846c0,Ella,Faessler,tennis,2025-26,2026,D1,Women,Mid-American Conference,Massachusetts,,Player,Sr.,Sr,"Hilton Head, South Carolina",Hilton Head,SC,domestic,Hilton Head Preparatory School,0,https://umassathletics.com/sports/womens-tennis/roster/2025-26
ten_dd0644082a8c,Renata,Farima,tennis,2025-26,2026,D1,Women,Mid-American Conference,Massachusetts,,Player,Gr.,Gr,"Chisinau, Republic of Moldova",Chisinau,,international,,0,https://umassathletics.com/sports/womens-tennis/roster/2025-26
ten_e052a19fd983,Owethu,Makhanya,tennis,2025-26,2026,D1,Women,Mid-American Conference,Massachusetts,,Player,So.,So,"Johannesburg, South Africa",Johannesburg,,international,IMG Academy,1,https://umassathletics.com/sports/womens-tennis/roster/2025-26
ten_cf0400047eb1,Madara,Markevica,tennis,2025-26,2026,D1,Women,Mid-American Conference,Massachusetts,,Player,Fr.,Fr,"Riga, Latvia",Riga,,international,,0,https://umassathletics.com/sports/womens-tennis/roster/2025-26
ten_417d8cef8811,Martina,Pavissich,tennis,2025-26,2026,D1,Women,Mid-American Conference,Massachusetts,,Player,So.,So,"Santiago, Chile",Santiago,,international,Complejo Educacional Le Reina,0,https://umassathletics.com/sports/womens-tennis/roster/2025-26
ten_d9ecb05f8477,Amelia,Tye,tennis,2025-26,2026,D1,Women,Mid-American Conference,Massachusetts,,Player,Jr.,Jr,"London, England",London,,international,,0,https://umassathletics.com/sports/womens-tennis/roster/2025-26
ten_4d3de444d56e,Kiersten,Brown,tennis,2025-26,2026,D1,Women,Northeast Conference,Mercyhurst,"6'3""",Player,Sr.,Sr,"Grand Island, N.Y.",Grand Island,NY,domestic,Grand Island Central High School,0,https://hurstathletics.com/sports/womens-tennis/roster/2025-26
ten_b291e85f3bf6,Celeste,Davis,tennis,2025-26,2026,D1,Women,Northeast Conference,Mercyhurst,"5'7""",Player,Fr.,Fr,"Raleigh, N.C.",Raleigh,NC,domestic,Cardinal Gibbons,0,https://hurstathletics.com/sports/womens-tennis/roster/2025-26
ten_155bce5e57a3,Mollie,Gray,tennis,2025-26,2026,D1,Women,Northeast Conference,Mercyhurst,"4'11""",Player,Jr.,Jr,"Bath, Oh.",Bath,OH,domestic,Revere High School,0,https://hurstathletics.com/sports/womens-tennis/roster/2025-26
ten_683a8bbd3e72,Ellyana,Jacobs,tennis,2025-26,2026,D1,Women,Northeast Conference,Mercyhurst,"5'4""",Player,Fr.,Fr,"Easton, Pa.",Easton,PA,domestic,Easton Area,0,https://hurstathletics.com/sports/womens-tennis/roster/2025-26
ten_dfe603d9e184,Simone,Mercier,tennis,2025-26,2026,D1,Women,Northeast Conference,Mercyhurst,"5'11""",Player,Sr.,Sr,"Saint-Roch-Ouest, Quebec",Saint-Roch-Ouest,,international,Blyth Academy,1,https://hurstathletics.com/sports/womens-tennis/roster/2025-26
ten_f3bbf3fa08fd,Uliana,Nedelko,tennis,2025-26,2026,D1,Women,Northeast Conference,Mercyhurst,"5'7""",Player,Sr.,Sr,"Moscow, Russia",Moscow,,international,Fairport High School,0,https://hurstathletics.com/sports/womens-tennis/roster/2025-26
ten_f351b6bdc0fc,Daria,Rogova,tennis,2025-26,2026,D1,Women,Northeast Conference,Mercyhurst,"5'5""",Player,Jr.,Jr,"Kharkiv, Ukraine",Kharkiv,,international,Kharkiv Gymnasium 116,0,https://hurstathletics.com/sports/womens-tennis/roster/2025-26
ten_26b0c076ed70,Maria,Estinvil,tennis,2025-26,2026,D1,Women,Metro Atlantic Athletic Conference,Merrimack,"6'0""",Player,Sr.,Sr,"Québec, Canada",Québec,,international,Antoine de Saint-Exupéry,0,https://merrimackathletics.com/sports/womens-tennis/roster/2025-26
ten_56f61f80fab3,Kenzie,Legg,tennis,2025-26,2026,D1,Women,Metro Atlantic Athletic Conference,Merrimack,"5'5""",Player,Jr.,Jr,"Hudson, NH",Hudson,NH,domestic,Alvirne High School,0,https://merrimackathletics.com/sports/womens-tennis/roster/2025-26
ten_8f7ac9df59a5,Giulia,Martins Cavalcante,tennis,2025-26,2026,D1,Women,Metro Atlantic Athletic Conference,Merrimack,"5'7""",Player,Sr.,Sr,"Sao Paulo, Brazil",Sao Paulo,,international,Dante Alighieri School,0,https://merrimackathletics.com/sports/womens-tennis/roster/2025-26
ten_f0a25425e641,Jordan,Phillips,tennis,2025-26,2026,D1,Women,Metro Atlantic Athletic Conference,Merrimack,,Player,Sr.,Sr,"Austin, TX",Austin,TX,domestic,Austin College Prep,1,https://merrimackathletics.com/sports/womens-tennis/roster/2025-26
ten_2825ac6e8567,Selasie,Senanu,tennis,2025-26,2026,D1,Women,Metro Atlantic Athletic Conference,Merrimack,"5'6""",Player,Sr.,Sr,"Prospect, CT",Prospect,CT,domestic,Homeschool,1,https://merrimackathletics.com/sports/womens-tennis/roster/2025-26
ten_045f87916b29,Addyson,Stadler,tennis,2025-26,2026,D1,Women,Metro Atlantic Athletic Conference,Merrimack,"5'5""",Player,Sr.,Sr,"New London, N.H.",New London,NH,domestic,Kearsarge Regional,0,https://merrimackathletics.com/sports/womens-tennis/roster/2025-26
ten_3834f08ca629,Kiana,Thompson,tennis,2025-26,2026,D1,Women,Metro Atlantic Athletic Conference,Merrimack,"5'7""",Player,Sr.,Sr,"Boynton Beach, Fla.",Boynton Beach,FL,domestic,Florida Virtual School,0,https://merrimackathletics.com/sports/womens-tennis/roster/2025-26
ten_bf07b7f5a7d5,Pia,Vargas-Lopez,tennis,2025-26,2026,D1,Women,Metro Atlantic Athletic Conference,Merrimack,"5'6""",Player,Fr.,Fr,"Austin, Texas",Austin,TX,domestic,Austin Tennis Academy,1,https://merrimackathletics.com/sports/womens-tennis/roster/2025-26
ten_74813423a336,Marie,Bannmeyer,tennis,2025-26,2026,D1,Women,Southern Conference,Mercer,,Player,So.,So,"Paris, France",Paris,,international,Notre-Dame International,0,https://mercerbears.com/sports/womens-tennis/roster/2025-26
ten_be7021135785,Marina,de Diego Quinones,tennis,2025-26,2026,D1,Women,Southern Conference,Mercer,,Player,Sr.,Sr,"Murcia, Spain",Murcia,,international,Alfonso X el Sabio,0,https://mercerbears.com/sports/womens-tennis/roster/2025-26
ten_7fb97a222579,Jelena,Gojkovic,tennis,2025-26,2026,D1,Women,Southern Conference,Mercer,,Player,So.,So,"Novi Sad, Serbia",Novi Sad,,international,Jovan Jovanovic Zmaj Gymnasium,0,https://mercerbears.com/sports/womens-tennis/roster/2025-26
ten_51acb0c45aea,Ines,Hömberg Fernandez,tennis,2025-26,2026,D1,Women,Southern Conference,Mercer,,Player,So.,So,"Alicante, Spain",Alicante,,international,Magno International School,0,https://mercerbears.com/sports/womens-tennis/roster/2025-26
ten_53e17a021a6e,Antonia,Schweigel,tennis,2025-26,2026,D1,Women,Southern Conference,Mercer,,Player,Fr.,Fr,"Düsseldorf, Germany",Düsseldorf,,international,International School,0,https://mercerbears.com/sports/womens-tennis/roster/2025-26
ten_8e03b219e604,Valentine,Abide Talaki,tennis,2025-26,2026,D1,Women,Southern Conference,Mercer,,Player,Jr.,Jr,"Kara, Togo",Kara,,international,Discovery Adele HS,0,https://mercerbears.com/sports/womens-tennis/roster/2025-26
ten_c2a3e72db48c,Sofiya,Tsitavets,tennis,2025-26,2026,D1,Women,Southern Conference,Mercer,,Player,So.,So,"Minsk, Belarus",Minsk,,international,Gymnasium No. 56,0,https://mercerbears.com/sports/womens-tennis/roster/2025-26
ten_62cbc9b685b9,Tea,Zivic,tennis,2025-26,2026,D1,Women,Southern Conference,Mercer,,Player,Jr.,Jr,"Paris, France",Paris,,international,,0,https://mercerbears.com/sports/womens-tennis/roster/2025-26
ten_6f2f1505c4aa,Nina,Chavez,tennis,2025-26,2026,D1,Women,Mid-American Conference,Miami (OH),,Player,Fr.,Fr,"Guatemala City, Guatemala",Guatemala City,,international,Colegio Aleman de Guatemala,0,https://miamiredhawks.com/sports/womens-tennis/roster/2025-26
ten_9898c5b49a54,Allie,Faulkner,tennis,2025-26,2026,D1,Women,Mid-American Conference,Miami (OH),,Player,Fr.,Fr,"Knoxville, Tenn.",Knoxville,TN,domestic,Christian Academy,1,https://miamiredhawks.com/sports/womens-tennis/roster/2025-26
ten_e221c6c860c6,Maria,Komar,tennis,2025-26,2026,D1,Women,Mid-American Conference,Miami (OH),,Player,Fr.,Fr,"Toronto, Canada",Toronto,,international,William Lyon Mackenzie,0,https://miamiredhawks.com/sports/womens-tennis/roster/2025-26
ten_149729807211,Maria,Luisa Oliveira,tennis,2025-26,2026,D1,Women,Mid-American Conference,Miami (OH),,Player,So.,So,"Distrito Federal, Brazil",Distrito Federal,,international,Saber,0,https://miamiredhawks.com/sports/womens-tennis/roster/2025-26
ten_fe3805718f0b,Evelyn,Risner,tennis,2025-26,2026,D1,Women,Mid-American Conference,Miami (OH),,Player,Fr.,Fr,"Brentwood, Tenn.",Brentwood,TN,domestic,Brentwood,0,https://miamiredhawks.com/sports/womens-tennis/roster/2025-26
ten_c26b4074e577,Lovisa,Valentinsson,tennis,2025-26,2026,D1,Women,Mid-American Conference,Miami (OH),,Player,Jr.,Jr,"Malmo, Sweden",Malmo,,international,Malmo Idrots Gymnasium,0,https://miamiredhawks.com/sports/womens-tennis/roster/2025-26
ten_744bf8848b05,Avery,Voss,tennis,2025-26,2026,D1,Women,Mid-American Conference,Miami (OH),,Player,So.,So,"Prospect, Ky.",Prospect,KY,domestic,Sacred Heart Academy,1,https://miamiredhawks.com/sports/womens-tennis/roster/2025-26
ten_81ae12043825,Ellie,Blackford,tennis,2025-26,2026,D1,Women,Big Ten Conference,Michigan St.,,Player,So.,So,"Chelmsford, Essex",Chelmsford,,international,New Hall School,0,https://msuspartans.com/sports/womens-tennis/roster/2025-26
ten_b62e4e57e48b,Amara,Brahmbhatt,tennis,2025-26,2026,D1,Women,Big Ten Conference,Michigan St.,,Player,So.,So,"Cleveland, Ohio",Cleveland,OH,domestic,Westlake,0,https://msuspartans.com/sports/womens-tennis/roster/2025-26
ten_8e5245c2246c,Sarah,Fazlagic,tennis,2025-26,2026,D1,Women,Big Ten Conference,Michigan St.,,Player,Sr.,Sr,"Louisville, Ky.",Louisville,KY,domestic,Tucker Tennis Academy,1,https://msuspartans.com/sports/womens-tennis/roster/2025-26
ten_a26b359c37e1,Matilde,Morais,tennis,2025-26,2026,D1,Women,Big Ten Conference,Michigan St.,,Player,Sr.,Sr,"Cascais, Portugal",Cascais,,international,Colegio Amor de Deus,0,https://msuspartans.com/sports/womens-tennis/roster/2025-26
ten_4d83a5da2e44,Oriana,Parkins-Godwin,tennis,2025-26,2026,D1,Women,Big Ten Conference,Michigan St.,,Player,R-Jr.,Jr,"London, England",London,,international,Surbiton,0,https://msuspartans.com/sports/womens-tennis/roster/2025-26
ten_5490d27ea6fe,Nina,Plihal,tennis,2025-26,2026,D1,Women,Big Ten Conference,Michigan St.,,Player,So.,So,"Klagenfurt am Wörthersee, Austria",Klagenfurt am Wörthersee,,international,,0,https://msuspartans.com/sports/womens-tennis/roster/2025-26
ten_8ffcee8b02a2,Issey,Purser,tennis,2025-26,2026,D1,Women,Big Ten Conference,Michigan St.,,Player,Sr.,Sr,"Ascot, United Kingdom",Ascot,,international,Queenswood School,0,https://msuspartans.com/sports/womens-tennis/roster/2025-26
ten_b6fabda23163,Anna,Maria Tottrup,tennis,2025-26,2026,D1,Women,Big Ten Conference,Michigan St.,,Player,Fr.,Fr,"Tallinn, Estonia",Tallinn,,international,,0,https://msuspartans.com/sports/womens-tennis/roster/2025-26
ten_a48138cf318f,Hanna,Tsitavets,tennis,2025-26,2026,D1,Women,Big Ten Conference,Michigan St.,,Player,R-Jr.,Jr,"Minsk, Belarus",Minsk,,international,Gymnasium #56,0,https://msuspartans.com/sports/womens-tennis/roster/2025-26
ten_dc2c6a72e21e,Jessica,Bernales,tennis,2025-26,2026,D1,Women,Big Ten Conference,Michigan,,Player,So.,So,"Las Vegas, Nev.",Las Vegas,NV,domestic,Odyssey Charter School,0,https://mgoblue.com/sports/womens-tennis/roster/2025-26
ten_05524ea850cc,Ava,Bruno,tennis,2025-26,2026,D1,Women,Big Ten Conference,Michigan,,Player,So.,So,"Bronxville, N.Y.",Bronxville,NY,domestic,Dwight Global,0,https://mgoblue.com/sports/womens-tennis/roster/2025-26
ten_54ea0de93e30,Piper,Charney,tennis,2025-26,2026,D1,Women,Big Ten Conference,Michigan,,Player,Jr.,Jr,"Charleston, S.C.",Charleston,SC,domestic,Lucy Beckham,0,https://mgoblue.com/sports/womens-tennis/roster/2025-26
ten_a199ea6f1763,Lily,Jones,tennis,2025-26,2026,D1,Women,Big Ten Conference,Michigan,,Player,Sr.,Sr,"Grosse Pointe, Mich.",Grosse Pointe,MI,domestic,Grosse Pointe South,0,https://mgoblue.com/sports/womens-tennis/roster/2025-26
ten_2354746a303d,Gabriella,Lindgren,tennis,2025-26,2026,D1,Women,Big Ten Conference,Michigan,,Player,Fr.,Fr,"Vancouver, British Columbia",Vancouver,,international,North Shore Academy,1,https://mgoblue.com/sports/womens-tennis/roster/2025-26
ten_9c4569f2e5aa,Laura,Maser,tennis,2025-26,2026,D1,Women,Big Ten Conference,Michigan,,Player,Fr.,Fr,"Munich, Germany",Munich,,international,Munich International School,0,https://mgoblue.com/sports/womens-tennis/roster/2025-26
ten_0c264c7f9670,Reese,Miller,tennis,2025-26,2026,D1,Women,Big Ten Conference,Michigan,,Player,Jr.,Jr,"Ann Arbor, Mich.",Ann Arbor,MI,domestic,Pioneer,0,https://mgoblue.com/sports/womens-tennis/roster/2025-26
ten_97f4da1f1c67,Laura,Rahnel,tennis,2025-26,2026,D1,Women,Big Ten Conference,Michigan,,Player,Fr.,Fr,"Parnu, Estonia",Parnu,,international,Miina Härma Gümnaasium,0,https://mgoblue.com/sports/womens-tennis/roster/2025-26
ten_fe7b3c8d47b8,Emily,Sartz-Lunde,tennis,2025-26,2026,D1,Women,Big Ten Conference,Michigan,,Player,So.,So,"Oslo, Norway",Oslo,,international,Florida Virtual School,0,https://mgoblue.com/sports/womens-tennis/roster/2025-26
ten_f7fc9a090149,Bayley,Sheinin,tennis,2025-26,2026,D1,Women,Big Ten Conference,Michigan,,Player,Sr.,Sr,"East Greenwich, R.I.",East Greenwich,RI,domestic,East Greenwich,0,https://mgoblue.com/sports/womens-tennis/roster/2025-26
ten_06e03b2af8e3,Rutuja,Chaphalkar,tennis,2025-26,2026,D1,Women,Conference USA,Middle Tenn.,,Player,Sr.,Sr,"Pune, India",Pune,,international,DES Secondary School,0,https://goblueraiders.com/sports/womens-tennis/roster/2025-26
ten_9cbf490dc394,Sara,Conde,tennis,2025-26,2026,D1,Women,Conference USA,Middle Tenn.,,Player,So.,So,"Mar del Plata, Buenos Aires, Argentina",Mar del Plata,,international,,0,https://goblueraiders.com/sports/womens-tennis/roster/2025-26
ten_c33aac567ede,Sadbaroy,Kholdarova,tennis,2025-26,2026,D1,Women,Conference USA,Middle Tenn.,,Player,Jr.,Jr,"Kurgantepa, Uzbekistan",Kurgantepa,,international,General Secondary School,0,https://goblueraiders.com/sports/womens-tennis/roster/2025-26
ten_88f573dbb6d1,Zora,Koenig,tennis,2025-26,2026,D1,Women,Conference USA,Middle Tenn.,,Player,Fr.,Fr,"Berlin, Germany",Berlin,,international,,0,https://goblueraiders.com/sports/womens-tennis/roster/2025-26
ten_a8bd73f236ba,Zenn,Lim,tennis,2025-26,2026,D1,Women,Conference USA,Middle Tenn.,,Player,Sr.,Sr,"Selangor, Malaysia",Selangor,,international,,,https://goblueraiders.com/sports/womens-tennis/roster/2025-26
ten_d601ac3cc7c5,Sthefany,Lima,tennis,2025-26,2026,D1,Women,Conference USA,Middle Tenn.,,Player,Fr.,Fr,"São Paulo, Brazil",São Paulo,,international,,0,https://goblueraiders.com/sports/womens-tennis/roster/2025-26
ten_c060f7c9775c,Eda,Numanoglu,tennis,2025-26,2026,D1,Women,Conference USA,Middle Tenn.,,Player,So.,So,"Istanbul, Turkey",Istanbul,,international,Lara Okyanus Anadolu HS,0,https://goblueraiders.com/sports/womens-tennis/roster/2025-26
ten_5f157099f0a4,Lena,Peyer,tennis,2025-26,2026,D1,Women,Conference USA,Middle Tenn.,,Player,Jr.,Jr,"Meggen, Switzerland",Meggen,,international,Rafa Nadal International School,0,https://goblueraiders.com/sports/womens-tennis/roster/2025-26
ten_ef0225639f8e,Cara,Szilasi,tennis,2025-26,2026,D1,Women,Conference USA,Middle Tenn.,,Player,Sr.,Sr,"Gallatin, Tenn.",Gallatin,TN,domestic,Laurel Springs High School,0,https://goblueraiders.com/sports/womens-tennis/roster/2025-26
ten_5959c15452de,Karen,Yibirin,tennis,2025-26,2026,D1,Women,Conference USA,Middle Tenn.,,Player,R-Jr.,Jr,"Mt. Juliet, Tenn.",Mt. Juliet,TN,domestic,Mt. Juliet High School,0,https://goblueraiders.com/sports/womens-tennis/roster/2025-26
ten_2be5e986c2ae,Jeselle,Ante,tennis,2025-26,2026,D1,Women,Big Ten Conference,Minnesota,,Player,Jr.,Jr,"Riverside, Calif.",Riverside,CA,domestic,ICL Academy,1,https://gophersports.com/sports/womens-tennis/roster/2025-26
ten_ddc033d45a3a,Nora,Knezevic,tennis,2025-26,2026,D1,Women,Big Ten Conference,Minnesota,,Player,So.,So,"Zagreb, Croatia",Zagreb,,international,Privatna sportska i jezicna gimnazija Franjo Bucar,0,https://gophersports.com/sports/womens-tennis/roster/2025-26
ten_ce546311d674,Anali,Kocevar,tennis,2025-26,2026,D1,Women,Big Ten Conference,Minnesota,,Player,Sr.,Sr,"Prebold, Slovenia",Prebold,,international,I. Gimnazija v Celju,0,https://gophersports.com/sports/womens-tennis/roster/2025-26
ten_f7eaac83234f,Mia,Liepert,tennis,2025-26,2026,D1,Women,Big Ten Conference,Minnesota,,Player,Jr.,Jr,"Bludenz, Austria",Bludenz,,international,Handelsakademie,0,https://gophersports.com/sports/womens-tennis/roster/2025-26
ten_c8f3fb738e4c,Yinong,Ma,tennis,2025-26,2026,D1,Women,Big Ten Conference,Minnesota,,Player,Jr.,Jr,"Shenzhen, China",Shenzhen,,international,RGSG Nanjing,0,https://gophersports.com/sports/womens-tennis/roster/2025-26
ten_90fbca247376,Sofia,Pinto,tennis,2025-26,2026,D1,Women,Big Ten Conference,Minnesota,,Player,Sr.,Sr,"Lisbon, Portugal",Lisbon,,international,Colegio Pedro Arrupe,0,https://gophersports.com/sports/womens-tennis/roster/2025-26
ten_9f245289c660,Aiva,Schmitz,tennis,2025-26,2026,D1,Women,Big Ten Conference,Minnesota,,Player,Sr.,Sr,"New Auburn, Wis.",New Auburn,WI,domestic,Kaiserslautern High School,0,https://gophersports.com/sports/womens-tennis/roster/2025-26
ten_c43003682402,Deniz,Turan,tennis,2025-26,2026,D1,Women,Big Ten Conference,Minnesota,,Player,So.,So,"Istanbul, Turkey",Istanbul,,international,FMV Isik Ayazaga Lisesi,0,https://gophersports.com/sports/womens-tennis/roster/2025-26
ten_4e8a9a6d9487,Arina,Valitova,tennis,2025-26,2026,D1,Women,Big Ten Conference,Minnesota,,Player,Sr.,Sr,Saint Kitts and Nevis,Saint Kitts and Nevis,,international,American Academy,1,https://gophersports.com/sports/womens-tennis/roster/2025-26
ten_df3d00c4de3e,Anlin,Xie,tennis,2025-26,2026,D1,Women,Big Ten Conference,Minnesota,,Player,Jr.,Jr,"Markham, Canada",Markham,,international,ILC,0,https://gophersports.com/sports/womens-tennis/roster/2025-26
ten_80c959b8879f,Emma,Cohen,tennis,2025-26,2026,D1,Women,Southeastern Conference,Mississippi St.,,Player,So.,So,"London, England",London,,international,Loughborough College,0,https://hailstate.com/sports/womens-tennis/roster/2025-26
ten_e6175bf69a0e,Chiara,Di Genova,tennis,2025-26,2026,D1,Women,Southeastern Conference,Mississippi St.,,Player,Jr.,Jr,"Buenos Aires, Argentina",Buenos Aires,,international,K12 International Academy,1,https://hailstate.com/sports/womens-tennis/roster/2025-26
ten_283d6468edd8,Charlotte,Kempenaers-Pocz,tennis,2025-26,2026,D1,Women,Southeastern Conference,Mississippi St.,,Player,So.,So,"Glengowrie, Australia",Glengowrie,,international,IMG Academy,0,https://hailstate.com/sports/womens-tennis/roster/2025-26
ten_1a6443d337cf,Thessy,Ntondele Zinga,tennis,2025-26,2026,D1,Women,Southeastern Conference,Mississippi St.,,Player,Fr.,Fr,"Lille, France",Lille,,international,,0,https://hailstate.com/sports/womens-tennis/roster/2025-26
ten_9e03eb9b1891,Gianna,Oboniye,tennis,2025-26,2026,D1,Women,Southeastern Conference,Mississippi St.,,Player,So.,So,"Huntington Beach, Calif.",Huntington Beach,CA,domestic,Marina HS,0,https://hailstate.com/sports/womens-tennis/roster/2025-26
ten_d25e814adc58,Noemie,Oliveras,tennis,2025-26,2026,D1,Women,Southeastern Conference,Mississippi St.,,Player,So.,So,"Saint-Étienne, France",Saint-Étienne,,international,,,https://hailstate.com/sports/womens-tennis/roster/2025-26
ten_1182cac9b8bc,Athina,Pitta,tennis,2025-26,2026,D1,Women,Southeastern Conference,Mississippi St.,,Player,Jr.,Jr,"Thessaloniki, Greece",Thessaloniki,,international,Rafael Nadal Academy,1,https://hailstate.com/sports/womens-tennis/roster/2025-26
ten_bc84822bc701,Mia,Robinson,tennis,2025-26,2026,D1,Women,Southeastern Conference,Mississippi St.,,Player,Fr.,Fr,"Spartanburg, S.C.",Spartanburg,SC,domestic,Robinson Tennis Academy,1,https://hailstate.com/sports/womens-tennis/roster/2025-26
ten_ddc1c575fa6e,Alessia,Tagliente,tennis,2025-26,2026,D1,Women,Southeastern Conference,Mississippi St.,,Player,Gr.,Gr,"Turin, Italy",Turin,,international,Quintino Sella,0,https://hailstate.com/sports/womens-tennis/roster/2025-26
ten_0124412864b7,Carolina,Troiano,tennis,2025-26,2026,D1,Women,Southeastern Conference,Mississippi St.,,Player,So.,So,"Rome, Italy",Rome,,international,Liceo,0,https://hailstate.com/sports/womens-tennis/roster/2025-26
ten_269d3f64c5f9,Leticia,Caldararo,tennis,2025-26,2026,D1,Women,Conference USA,Missouri St.,,Player,Fr.,Fr,"Rio de Janeiro, Brazil",Rio de Janeiro,,international,Goliath Academy,1,https://missouristatebears.com/sports/womens-tennis/roster/2025-26
ten_2599c2fb4bba,Leni,Eichner,tennis,2025-26,2026,D1,Women,Conference USA,Missouri St.,,Player,Fr.,Fr,"Meerbusch, Germany",Meerbusch,,international,Mataré-Gymnasium Europaschule,0,https://missouristatebears.com/sports/womens-tennis/roster/2025-26
ten_29c09526e819,Matilde,Ercoli,tennis,2025-26,2026,D1,Women,Conference USA,Missouri St.,,Player,Fr.,Fr,"Rome, Italy",Rome,,international,Liceo delle Scienze Umane Paritario Giovanni Paolo II,0,https://missouristatebears.com/sports/womens-tennis/roster/2025-26
ten_9e5d09b8c7f8,Lola,Federski,tennis,2025-26,2026,D1,Women,Conference USA,Missouri St.,,Player,Sr.,Sr,"Braunschweig, Germany",Braunschweig,,international,Gymnasium in Schloss Wolfenbuettel/Evangel,0,https://missouristatebears.com/sports/womens-tennis/roster/2025-26
ten_2e569a29b8da,Billur,Gonlusen,tennis,2025-26,2026,D1,Women,Conference USA,Missouri St.,,Player,Sr.,Sr,"Adana, Türkiye",Adana,,international,Adana Gundogdu College,0,https://missouristatebears.com/sports/womens-tennis/roster/2025-26
ten_5f11bb655d56,Elsie,Jackson,tennis,2025-26,2026,D1,Women,Conference USA,Missouri St.,,Player,Fr.,Fr,"Derby, England",Derby,,international,The Ecclesbourne School,0,https://missouristatebears.com/sports/womens-tennis/roster/2025-26
ten_74580ef7c874,Lucy,Latham,tennis,2025-26,2026,D1,Women,Conference USA,Missouri St.,,Player,So.,So,"Tulsa, Okla.",Tulsa,OK,domestic,Tucker Tennis Academy,1,https://missouristatebears.com/sports/womens-tennis/roster/2025-26
ten_ebc7771460fa,Raluca,Puscas,tennis,2025-26,2026,D1,Women,Conference USA,Missouri St.,,Player,Sr.,Sr,"Chicago, Ill.",Chicago,IL,domestic,Logos Christian,0,https://missouristatebears.com/sports/womens-tennis/roster/2025-26
ten_01b7f86ed877,Luciana,Braga,tennis,2025-26,2026,D1,Women,The Summit League,Kansas City,,Player,Sr.,Sr,"Porto Alegre, Brazil",Porto Alegre,,international,Anglo Americano,0,https://kcroos.com/sports/womens-tennis/roster/2025-26
ten_d89238442877,Maria,Bylina,tennis,2025-26,2026,D1,Women,The Summit League,Kansas City,,Player,Sr.,Sr,"Minsk, Belarus",Minsk,,international,,,https://kcroos.com/sports/womens-tennis/roster/2025-26
ten_6b02ec666ad4,Catherine,Chrobak,tennis,2025-26,2026,D1,Women,The Summit League,Kansas City,,Player,Sr.,Sr,"Montreal, Canada",Montreal,,international,Mother of Divine Grace,0,https://kcroos.com/sports/womens-tennis/roster/2025-26
ten_0b8fd825bd76,Amal,Gati,tennis,2025-26,2026,D1,Women,The Summit League,Kansas City,,Player,Sr.,Sr,"Sousse, Tunisia",Sousse,,international,"Institute March 2, 1934",0,https://kcroos.com/sports/womens-tennis/roster/2025-26
ten_c03ced9b3379,Alisa,Reznik,tennis,2025-26,2026,D1,Women,The Summit League,Kansas City,,Player,Fr.,Fr,"Novosibirsk, Russia",Novosibirsk,,international,,0,https://kcroos.com/sports/womens-tennis/roster/2025-26
ten_280fe3ba2afb,Alessandra,Xibilia,tennis,2025-26,2026,D1,Women,The Summit League,Kansas City,,Player,So.,So,"Palermo, Italy",Palermo,,international,ITI Majorana,0,https://kcroos.com/sports/womens-tennis/roster/2025-26
ten_5158d5401685,Ximena,Cano,tennis,2025-26,2026,D1,Women,Coastal Athletic Association,Monmouth,"6'6""",Player,Sr.,Sr,"Nuevo León, Mexico",Nuevo León,,international,Tecnológico de Monterrey,0,https://monmouthhawks.com/sports/womens-tennis/roster/2025-26
ten_57b2be76ba3e,Becky,Fisher,tennis,2025-26,2026,D1,Women,Coastal Athletic Association,Monmouth,"5'9""",Player,So.,So,"Kent, England",Kent,,international,Eastbourne College,0,https://monmouthhawks.com/sports/womens-tennis/roster/2025-26
ten_9216f80d256e,Jillian,Gray,tennis,2025-26,2026,D1,Women,Coastal Athletic Association,Monmouth,"5'5""",Player,Fr.,Fr,"Allentown, NJ",Allentown,NJ,domestic,Allentown,0,https://monmouthhawks.com/sports/womens-tennis/roster/2025-26
ten_fb2e193c5346,Emilia,Julin,tennis,2025-26,2026,D1,Women,Coastal Athletic Association,Monmouth,"5'4""",Player,Fr.,Fr,"London, United Kingdom",London,,international,Putney,0,https://monmouthhawks.com/sports/womens-tennis/roster/2025-26
ten_bf5b902fe329,Hana,McKinney,tennis,2025-26,2026,D1,Women,Coastal Athletic Association,Monmouth,,Player,Sr.,Sr,"Camarillo, Calif.",Camarillo,CA,domestic,Camarillo,0,https://monmouthhawks.com/sports/womens-tennis/roster/2025-26
ten_c24184e3d463,Pavitra,Parikh,tennis,2025-26,2026,D1,Women,Coastal Athletic Association,Monmouth,"5'7""",Player,So.,So,"Gujarat, India",Gujarat,,international,The New Tulip International School,0,https://monmouthhawks.com/sports/womens-tennis/roster/2025-26
ten_c7f81e3febe0,Faith,Sadgrove,tennis,2025-26,2026,D1,Women,Coastal Athletic Association,Monmouth,,Player,So.,So,"Wellington, New Zealand",Wellington,,international,Queen Margaret College,0,https://monmouthhawks.com/sports/womens-tennis/roster/2025-26
ten_bcb1850d4db2,Damla,Arslan,tennis,2025-26,2026,D1,Women,Mid-Eastern Athletic Conference,Morgan St.,"5'9""",Player,Fr.,Fr,"Bahcesehir, Istanbul",Bahcesehir,,international,Vizyon College High School,0,https://morganstatebears.com/sports/womens-tennis/roster/2025-26
ten_f0790e1295d9,Amira,Bargaoui,tennis,2025-26,2026,D1,Women,Mid-Eastern Athletic Conference,Morgan St.,"5'8""",Player,Jr.,Jr,"Tunis, Tunisia",Tunis,,international,Omran,0,https://morganstatebears.com/sports/womens-tennis/roster/2025-26
ten_7c020ed2b2ae,Lauryn,Hall,tennis,2025-26,2026,D1,Women,Mid-Eastern Athletic Conference,Morgan St.,"5'11""",Player,Sr.,Sr,"Bowie, Md.",Bowie,MD,domestic,Elizabeth Seton HS,0,https://morganstatebears.com/sports/womens-tennis/roster/2025-26
ten_e3ff26c8aa6b,Julia,Jeffrey,tennis,2025-26,2026,D1,Women,Mid-Eastern Athletic Conference,Morgan St.,"5'6""",Player,Jr.,Jr,"Randallstown, Md.",Randallstown,MD,domestic,Pikesville HS,0,https://morganstatebears.com/sports/womens-tennis/roster/2025-26
ten_d62fd5aa493e,Angelina,Joao,tennis,2025-26,2026,D1,Women,Mid-Eastern Athletic Conference,Morgan St.,"5'8""",Player,Jr.,Jr,"Gaithersburg, Md.",Gaithersburg,MD,domestic,Tuscarora,0,https://morganstatebears.com/sports/womens-tennis/roster/2025-26
ten_7e5bd5622dea,Roua,Limem,tennis,2025-26,2026,D1,Women,Mid-Eastern Athletic Conference,Morgan St.,"5'5""",Player,So.,So,"Habib Bourguiba, Mahdia",Habib Bourguiba,,international,Habib Bourguiba Monastir,0,https://morganstatebears.com/sports/womens-tennis/roster/2025-26
ten_3259cfb9a9ab,Marta,Serra Carles,tennis,2025-26,2026,D1,Women,Mid-Eastern Athletic Conference,Morgan St.,"5'4""",Player,Jr.,Jr,"Valenica, Spain",Valenica,,international,IES Blasco Ibanez,0,https://morganstatebears.com/sports/womens-tennis/roster/2025-26
ten_205eb18196cc,Michaela,Stephens,tennis,2025-26,2026,D1,Women,Mid-Eastern Athletic Conference,Morgan St.,"5'4""",Player,Jr.,Jr,"Gravel Hill, Clarendon Jamaica",Gravel Hill,,international,Liberty Academy,1,https://morganstatebears.com/sports/womens-tennis/roster/2025-26
ten_ad8470f75bc9,Tyler,Williams,tennis,2025-26,2026,D1,Women,Mid-Eastern Athletic Conference,Morgan St.,"5'6""",Player,So.,So,"Baltimore, Md.",Baltimore,MD,domestic,Roland Park Country School,0,https://morganstatebears.com/sports/womens-tennis/roster/2025-26
ten_22ddf8cffacd,Shivika,Agrawal,tennis,2025-26,2026,D1,Women,Big Sky Conference,Montana,,Player,Sr.,Sr,"Chandler, Ariz.",Chandler,AZ,domestic,Hamilton HS,0,https://gogriz.com/sports/womens-tennis/roster/2025-26
ten_f99e47a64b12,Meghna,Anand,tennis,2025-26,2026,D1,Women,Big Sky Conference,Montana,,Player,Fr.,Fr,"Truro, N.S.",Truro,,international,Cobequid Educational Center,0,https://gogriz.com/sports/womens-tennis/roster/2025-26
ten_c1bcc0226ad5,Paige,Bott,tennis,2025-26,2026,D1,Women,Big Sky Conference,Montana,,Player,Jr.,Jr,"Dunmow, UK",Dunmow,,international,New Hall School,0,https://gogriz.com/sports/womens-tennis/roster/2025-26
ten_9b8acae8e7df,Monika,Fizova,tennis,2025-26,2026,D1,Women,Big Sky Conference,Montana,,Player,So.,So,"Frydlant nad Ostravici, Czechia",Frydlant nad Ostravici,,international,Educanet Ostrava HS,0,https://gogriz.com/sports/womens-tennis/roster/2025-26
ten_87f45bda672e,Kaylin,Kielty,tennis,2025-26,2026,D1,Women,Big Sky Conference,Montana,,Player,Jr.,Jr,"Canyon Lake, Calif.",Canyon Lake,CA,domestic,Keith McCarthy Academy,1,https://gogriz.com/sports/womens-tennis/roster/2025-26
ten_6eb9f767b283,Kelsey,Phillips,tennis,2025-26,2026,D1,Women,Big Sky Conference,Montana,,Player,Jr.,Jr,"Excelsior, Minn.",Excelsior,MN,domestic,Minnetonka hS,0,https://gogriz.com/sports/womens-tennis/roster/2025-26
ten_f5b6c99c5250,Kate,Prichard,tennis,2025-26,2026,D1,Women,Big Sky Conference,Montana,,Player,So.,So,"San Diego, Calif.",San Diego,CA,domestic,Patrick Henry HS,0,https://gogriz.com/sports/womens-tennis/roster/2025-26
ten_e4035d2ab777,Kamila,Slovakova,tennis,2025-26,2026,D1,Women,Big Sky Conference,Montana,,Player,Fr.,Fr,"Vigantice, Czechia",Vigantice,,international,Gymnazium Roznov pod Radhostem,0,https://gogriz.com/sports/womens-tennis/roster/2025-26
ten_09dbd71a83f1,Varvara,Alexeyeva,tennis,2025-26,2026,D1,Women,Missouri Valley Conference,Murray St.,,Player,Jr.,Jr,"Almaty, Kazakhstan",Almaty,,international,TAMOS Education Physics and Mathematics School,0,https://goracers.com/sports/womens-tennis/roster/2025-26
ten_7ed587bd9d66,Valeria,Chaikovskaia,tennis,2025-26,2026,D1,Women,Missouri Valley Conference,Murray St.,,Player,Jr.,Jr,"Togliatti, Russia",Togliatti,,international,N32,0,https://goracers.com/sports/womens-tennis/roster/2025-26
ten_a9109cf06711,Arden,Dethridge,tennis,2025-26,2026,D1,Women,Missouri Valley Conference,Murray St.,,Player,Fr.,Fr,"Bowling Green, Ky.",Bowling Green,KY,domestic,Greenwood HS,0,https://goracers.com/sports/womens-tennis/roster/2025-26
ten_94554f0abb8b,Barbora,Hermanova,tennis,2025-26,2026,D1,Women,Missouri Valley Conference,Murray St.,,Player,So.,So,"Prague, Czech Republic",Prague,,international,Obchodní Akademie Vinohraská,0,https://goracers.com/sports/womens-tennis/roster/2025-26
ten_e9d0488dd0cf,Sofia,Issakova,tennis,2025-26,2026,D1,Women,Missouri Valley Conference,Murray St.,,Player,Fr.,Fr,"Almaty, Kazakhstan",Almaty,,international,Alliance HS,0,https://goracers.com/sports/womens-tennis/roster/2025-26
ten_7e021df17828,Yuna,Kadowaki,tennis,2025-26,2026,D1,Women,Missouri Valley Conference,Murray St.,,Player,Jr.,Jr,"Nishinomiya, Japan",Nishinomiya,,international,Sundai Kofu High School,0,https://goracers.com/sports/womens-tennis/roster/2025-26
ten_efc2a187c93a,Yu,Kikawa,tennis,2025-26,2026,D1,Women,Missouri Valley Conference,Murray St.,,Player,So.,So,"Fukuoka, Japan",Fukuoka,,international,Daiichi Pharmaceutical University High School,0,https://goracers.com/sports/womens-tennis/roster/2025-26
ten_7f24d541a033,Bruna,Melato,tennis,2025-26,2026,D1,Women,Missouri Valley Conference,Murray St.,,Player,So.,So,"Itupeva, Brazil",Itupeva,,international,Colegio Saber,0,https://goracers.com/sports/womens-tennis/roster/2025-26
ten_a6e2d82055ed,Molly,Null,tennis,2025-26,2026,D1,Women,Missouri Valley Conference,Murray St.,,Player,So.,So,"Mayfield, Ky.",Mayfield,KY,domestic,Mayfield High School,0,https://goracers.com/sports/womens-tennis/roster/2025-26
ten_6c84a60cf13d,Rebecca,Widan,tennis,2025-26,2026,D1,Women,Missouri Valley Conference,Murray St.,,Player,So.,So,"Cape Town, South Africa",Cape Town,,international,Reddam House Constantia,0,https://goracers.com/sports/womens-tennis/roster/2025-26
ten_2dec1090655b,Anna,Barlini,tennis,2025-26,2026,D1,Women,Metro Atlantic Athletic Conference,Mount St. Mary's,,Player,Fr.,Fr,"Carbonia, Italy",Carbonia,,international,I.I.S. Gramsci Amaldi Carbonia,0,https://mountathletics.com/sports/womens-tennis/roster/2025-26
ten_116442022dcf,Emma,Kaden,tennis,2025-26,2026,D1,Women,Metro Atlantic Athletic Conference,Mount St. Mary's,,Player,Jr.,Jr,"Brille, N.J.",Brille,NJ,domestic,Manasquan,0,https://mountathletics.com/sports/womens-tennis/roster/2025-26
ten_a1fd621bb208,Emma,Perkins,tennis,2025-26,2026,D1,Women,Metro Atlantic Athletic Conference,Mount St. Mary's,,Player,So.,So,"Robesonia, Pa.",Robesonia,PA,domestic,Conrad Weiser,0,https://mountathletics.com/sports/womens-tennis/roster/2025-26
ten_02a4425f2857,Bella,Pescatore,tennis,2025-26,2026,D1,Women,Metro Atlantic Athletic Conference,Mount St. Mary's,,Player,Sr.,Sr,"Turnersville, N.J.",Turnersville,NJ,domestic,Moorestown Friends,0,https://mountathletics.com/sports/womens-tennis/roster/2025-26
ten_618a865b9e1f,Kaajal,Ramisetty,tennis,2025-26,2026,D1,Women,Metro Atlantic Athletic Conference,Mount St. Mary's,,Player,So.,So,"Bangalore, India",Bangalore,,international,AECS Magnolia Maaruti Public School,0,https://mountathletics.com/sports/womens-tennis/roster/2025-26
ten_a222b7154734,Anya,Rosenbach,tennis,2025-26,2026,D1,Women,Metro Atlantic Athletic Conference,Mount St. Mary's,,Player,Fr.,Fr,"Hanover, Pa.",Hanover,PA,domestic,New Oxford,0,https://mountathletics.com/sports/womens-tennis/roster/2025-26
ten_b608c59d7fd3,Venus,Tang,tennis,2025-26,2026,D1,Women,Metro Atlantic Athletic Conference,Mount St. Mary's,,Player,So.,So,"Las Vegas, Nev.",Las Vegas,NV,domestic,West Career & Technical Academy,1,https://mountathletics.com/sports/womens-tennis/roster/2025-26
ten_249a94f4364c,Margherita,Trolese,tennis,2025-26,2026,D1,Women,Metro Atlantic Athletic Conference,Mount St. Mary's,,Player,Jr.,Jr,"Monza, Italy",Monza,,international,Istituto Visconti di Colleferro,0,https://mountathletics.com/sports/womens-tennis/roster/2025-26
ten_1e78727a3750,Eirini,Tsakiri,tennis,2025-26,2026,D1,Women,Metro Atlantic Athletic Conference,Mount St. Mary's,,Player,Fr.,Fr,"Mytilene, Greece",Mytilene,,international,Mytilene,0,https://mountathletics.com/sports/womens-tennis/roster/2025-26
ten_b1d0ae8cdd17,Corinne,Barber,tennis,2025-26,2026,D1,Women,The Summit League,Omaha,"5'6""",Player,Fr.,Fr,"Lincoln, Neb.",Lincoln,NE,domestic,Lincoln Southeast,0,https://omavs.com/sports/womens-tennis/roster/2025-26
ten_9a7a2bc41b8b,Khayli,Buckels,tennis,2025-26,2026,D1,Women,The Summit League,Omaha,"5'7""",Player,Jr.,Jr,"Ballwin, Mo.",Ballwin,MO,domestic,Parkway South,0,https://omavs.com/sports/womens-tennis/roster/2025-26
ten_560f6eeb9f60,Grace,Greenwald,tennis,2025-26,2026,D1,Women,The Summit League,Omaha,"5'10""",Player,Fr.,Fr,"Omaha, Neb.",Omaha,NE,domestic,Westside,0,https://omavs.com/sports/womens-tennis/roster/2025-26
ten_69bda6ff57da,Katelynn,Kock,tennis,2025-26,2026,D1,Women,The Summit League,Omaha,"5'7""",Player,So.,So,"Cedar Rapids, Iowa",Cedar Rapids,IA,domestic,Cedar Rapids Washington,0,https://omavs.com/sports/womens-tennis/roster/2025-26
ten_e308c73ece4d,Jacqueline,Pearsall,tennis,2025-26,2026,D1,Women,The Summit League,Omaha,"5'7""",Player,Sr.,Sr,"Centennial, Colo.",Centennial,CO,domestic,Cherry Creek,0,https://omavs.com/sports/womens-tennis/roster/2025-26
ten_de8f8656c7bd,Summer,Shannon,tennis,2025-26,2026,D1,Women,The Summit League,Omaha,"5'7""",Player,Sr.,Sr,"Plano, Texas",Plano,TX,domestic,Plano West,0,https://omavs.com/sports/womens-tennis/roster/2025-26
ten_928a435f2b09,Shelby,Smith,tennis,2025-26,2026,D1,Women,The Summit League,Omaha,"5'8""",Player,Fr.,Fr,"Leawood, Kan.",Leawood,KS,domestic,Blue Valley North,0,https://omavs.com/sports/womens-tennis/roster/2025-26
ten_29f73255cee5,Nina,Wiese,tennis,2025-26,2026,D1,Women,The Summit League,Omaha,"5'7""",Player,So.,So,"Flushing, N.Y.",Flushing,NY,domestic,Garden City,0,https://omavs.com/sports/womens-tennis/roster/2025-26
ten_1a60218fa53c,Maria,Taranova,tennis,2025-26,2026,D1,Women,Big Ten Conference,Nebraska,,Player,Junior,Jr,"Volgograd, Russia",Volgograd,,international,,0,https://huskers.com/sports/womens-tennis/roster
ten_3763b47873b0,Reya,Lee Coe,tennis,2025-26,2026,D1,Women,Big Ten Conference,Nebraska,,Player,Junior,Jr,"Dallas, Texas",Dallas,TX,domestic,,0,https://huskers.com/sports/womens-tennis/roster
ten_bd3a7f1530ec,Yuzu,Miyoshi,tennis,2025-26,2026,D1,Women,Big Ten Conference,Nebraska,,Player,Junior,Jr,"Tokyo, Japan",Tokyo,,international,,0,https://huskers.com/sports/womens-tennis/roster
ten_47703cb38ae2,Tiziana,Rossini,tennis,2025-26,2026,D1,Women,Big Ten Conference,Nebraska,,Player,Junior,Jr,"Buenos Aires, Argentina",Buenos Aires,,international,,0,https://huskers.com/sports/womens-tennis/roster
ten_fb339eb0c10b,Emma,Rizzetto,tennis,2025-26,2026,D1,Women,Big Ten Conference,Nebraska,,Player,Junior,Jr,"Valenza, Italy",Valenza,,international,,0,https://huskers.com/sports/womens-tennis/roster
ten_2f353a6c89b4,Natalia,Trigosso,tennis,2025-26,2026,D1,Women,Big Ten Conference,Nebraska,,Player,Sophomore,So,"La Paz, Bolivia",La Paz,,international,,0,https://huskers.com/sports/womens-tennis/roster
ten_128b39247efe,Conley,Raidt,tennis,2025-26,2026,D1,Women,Big Ten Conference,Nebraska,,Player,Sophomore,So,"Atlanta, Ga.",Atlanta,GA,domestic,,0,https://huskers.com/sports/womens-tennis/roster
ten_5195118f9d9a,Catherine,Gagnon,tennis,2025-26,2026,D1,Women,Big Ten Conference,Nebraska,,Player,Sophomore,So,"Montreal, Canada",Montreal,,international,,0,https://huskers.com/sports/womens-tennis/roster
ten_6ae47d1891bc,Katie,Spencer,tennis,2025-26,2026,D1,Women,Big Ten Conference,Nebraska,,Player,Freshman,Fr,"Orlando, Fla.",Orlando,FL,domestic,,0,https://huskers.com/sports/womens-tennis/roster
ten_caf608dce36e,Adi,Bitton,tennis,2025-26,2026,D1,Women,Mountain West Conference,UNLV,"5'4""",Player,Fr.,Fr,"Kiryat Shmona, Israel",Kiryat Shmona,,international,Education World Wide,0,https://unlvrebels.com/sports/womens-tennis/roster/2025-26
ten_ec4ba3595c1b,Hudson,Hawkins,tennis,2025-26,2026,D1,Women,Mountain West Conference,UNLV,"5'9""",Player,Jr.,Jr,"Las Vegas, NV",Las Vegas,NV,domestic,Silverado HS,0,https://unlvrebels.com/sports/womens-tennis/roster/2025-26
ten_5cf371751c26,Eszter,Kis-Czako,tennis,2025-26,2026,D1,Women,Mountain West Conference,UNLV,"5'8""",Player,Fr.,Fr,"Kiskunfelegyhaza, Hungary",Kiskunfelegyhaza,,international,Mora Ference Gymnasium,0,https://unlvrebels.com/sports/womens-tennis/roster/2025-26
ten_be40929a29c6,Veronika,Kliuch,tennis,2025-26,2026,D1,Women,Mountain West Conference,UNLV,"5'7""",Player,So.,So,"Lviv, Ukraine",Lviv,,international,Optima School,0,https://unlvrebels.com/sports/womens-tennis/roster/2025-26
ten_65124a469257,Nikol,Mircheva,tennis,2025-26,2026,D1,Women,Mountain West Conference,UNLV,"5'10""",Player,Jr.,Jr,"Frankfurt, Germany",Frankfurt,,international,Privatgymnasium Schwetzingen,0,https://unlvrebels.com/sports/womens-tennis/roster/2025-26
ten_5f27790ae932,Sabrina,Novruzova,tennis,2025-26,2026,D1,Women,Mountain West Conference,UNLV,"5'3""",Player,R-Fr.,Fr,"Las Vegas, NV",Las Vegas,NV,domestic,West Career & Technical Academy,1,https://unlvrebels.com/sports/womens-tennis/roster/2025-26
ten_a40fbffcc7b5,Zarina,Novruzova,tennis,2025-26,2026,D1,Women,Mountain West Conference,UNLV,"5'3""",Player,R-Fr.,Fr,"Las Vegas, NV",Las Vegas,NV,domestic,West Career & Technical Academy,1,https://unlvrebels.com/sports/womens-tennis/roster/2025-26
ten_e2e66b972b98,Kaho,Oyama,tennis,2025-26,2026,D1,Women,Mountain West Conference,UNLV,"5'7""",Player,So.,So,"Toyonaka, Japan",Toyonaka,,international,Sundai Kofu HS,0,https://unlvrebels.com/sports/womens-tennis/roster/2025-26
ten_2749a39c2e70,Sofiia,Sokolvak,tennis,2025-26,2026,D1,Women,Mountain West Conference,UNLV,"5'11""",Player,So.,So,"Kyiv, Ukraine",Kyiv,,international,Brovary College of Sports,0,https://unlvrebels.com/sports/womens-tennis/roster/2025-26
ten_a7c232bbe5af,Feyza,Aydin,tennis,2025-26,2026,D1,Women,America East Conference,NJIT,"5'4""",Player,Jr.,Jr,"Konya, Turkey",Konya,,international,Peren Fen ve Anadolu Lisesi Konya,0,https://njithighlanders.com/sports/womens-tennis/roster/2025-26
ten_0522b111a519,Irene,Cocero,tennis,2025-26,2026,D1,Women,America East Conference,NJIT,"5'6""",Player,Sr.,Sr,"Alcala De Henares, Spain",Alcala De Henares,,international,IES Complutense,0,https://njithighlanders.com/sports/womens-tennis/roster/2025-26
ten_6105ff3fdcb0,Diana,Fernandes,tennis,2025-26,2026,D1,Women,America East Conference,NJIT,"5'8""",Player,Fr.,Fr,"Porto, Portugal",Porto,,international,Escola Secundária de Fonseca Benevides,0,https://njithighlanders.com/sports/womens-tennis/roster/2025-26
ten_a2650288541a,Lusia,Hepcal Barcan,tennis,2025-26,2026,D1,Women,America East Conference,NJIT,"5'7""",Player,Jr.,Jr,"Navacerrada, Spain",Navacerrada,,international,GSD Guadarrama,0,https://njithighlanders.com/sports/womens-tennis/roster/2025-26
ten_73ddb2df8eba,Petra,Koszo,tennis,2025-26,2026,D1,Women,America East Conference,NJIT,,Player,So.,So,"Budapest, Hungary",Budapest,,international,Laurel Springs School,0,https://njithighlanders.com/sports/womens-tennis/roster/2025-26
ten_17af1d569a62,Paula,Menendez Alvarez,tennis,2025-26,2026,D1,Women,America East Conference,NJIT,"5'8""",Player,Sr.,Sr,"Gijon, Spain",Gijon,,international,Corazon de Maria,0,https://njithighlanders.com/sports/womens-tennis/roster/2025-26
ten_38c704324d26,Asima,Sazan,tennis,2025-26,2026,D1,Women,America East Conference,NJIT,"5'9""",Player,Sr.,Sr,"Astana, Kazakhstan",Astana,,international,Beacon,0,https://njithighlanders.com/sports/womens-tennis/roster/2025-26
ten_bf3e5cf386d5,Laura,Wipfli,tennis,2025-26,2026,D1,Women,America East Conference,NJIT,"5'8""",Player,Sr.,Sr,"Ecublens, Switzerland",Ecublens,,international,Mouratoglou International School,0,https://njithighlanders.com/sports/womens-tennis/roster/2025-26
ten_46f6c61bc2b8,Mariella,Gelbke,tennis,2025-26,2026,D1,Women,Conference USA,New Mexico St.,"5'5""",Player,Fr.,Fr,"Hannover, Germany",Hannover,,international,Balassa Balint Economic Technical HS,0,https://nmstatesports.com/sports/womens-tennis/roster/2025-26
ten_9bbb2a62dd94,Anna,Klimova,tennis,2025-26,2026,D1,Women,Conference USA,New Mexico St.,,Player,Fr.,Fr,"Khmelnytskiy, Ukraine",Khmelnytskiy,,international,,0,https://nmstatesports.com/sports/womens-tennis/roster/2025-26
ten_63e7f4852e6d,Dora,Kurdi,tennis,2025-26,2026,D1,Women,Conference USA,New Mexico St.,"5'5""",Player,Sr.,Sr,"Budapest, Hungary",Budapest,,international,Balassa Balint Economic Technical HS,0,https://nmstatesports.com/sports/womens-tennis/roster/2025-26
ten_5568d16e6d74,Whitney,Moon,tennis,2025-26,2026,D1,Women,Conference USA,New Mexico St.,"5'6""",Player,Jr.,Jr,"Grafton, New South Wales, Australia",Grafton,,international,,0,https://nmstatesports.com/sports/womens-tennis/roster/2025-26
ten_a72b657d1980,Nadia,Nemeth,tennis,2025-26,2026,D1,Women,Conference USA,New Mexico St.,,Player,So.,So,"Stuttgart, Germany",Stuttgart,,international,,0,https://nmstatesports.com/sports/womens-tennis/roster/2025-26
ten_642ecaadd6b0,Montana,Parkinson-Lubold,tennis,2025-26,2026,D1,Women,Conference USA,New Mexico St.,,Player,So.,So,"Pleasanton, Calif.",Pleasanton,CA,domestic,Amador Valley HS,0,https://nmstatesports.com/sports/womens-tennis/roster/2025-26
ten_96559e639bc4,Emma,Petton,tennis,2025-26,2026,D1,Women,Conference USA,New Mexico St.,,Player,So.,So,"Brest, France",Brest,,international,,0,https://nmstatesports.com/sports/womens-tennis/roster/2025-26
ten_8365fe154b56,Anna,Pinaieva,tennis,2025-26,2026,D1,Women,Conference USA,New Mexico St.,"5'8""",Player,Sr.,Sr,"Brovary, Ukraine",Brovary,,international,#328,0,https://nmstatesports.com/sports/womens-tennis/roster/2025-26
ten_b28fd366449d,Wiem,Boubaker,tennis,2025-26,2026,D1,Women,Mountain West Conference,Nevada,,Player,Sr.,Sr,"Mahdia, Tunisia",Mahdia,,international,Bourguiba High School,0,https://nevadawolfpack.com/sports/womens-tennis/roster/2025-26
ten_afd1c8fbf043,Kariman,Buqai,tennis,2025-26,2026,D1,Women,Mountain West Conference,Nevada,,Player,Fr.,Fr,Israel,Israel,,international,Bairuni Comprehensive School,0,https://nevadawolfpack.com/sports/womens-tennis/roster/2025-26
ten_832050323009,Amahée,Charrier,tennis,2025-26,2026,D1,Women,Mountain West Conference,Nevada,,Player,Sr.,Sr,"Chambray les-tours, France",Chambray les-tours,,international,French Touch Academy,1,https://nevadawolfpack.com/sports/womens-tennis/roster/2025-26
ten_637e4b5d3a6e,Silvia-Maria,Costache,tennis,2025-26,2026,D1,Women,Mountain West Conference,Nevada,,Player,Sr.,Sr,"Bucharest, Romania",Bucharest,,international,Liceul Teoretic Stefan Odobleja,0,https://nevadawolfpack.com/sports/womens-tennis/roster/2025-26
ten_34cb4f3467d5,Marlene,Foerster,tennis,2025-26,2026,D1,Women,Mountain West Conference,Nevada,,Player,Sr.,Sr,"Pforzheim, Germany",Pforzheim,,international,Fritz-Erler-Schule,0,https://nevadawolfpack.com/sports/womens-tennis/roster/2025-26
ten_11cf931a1ddc,Petra,Janigova,tennis,2025-26,2026,D1,Women,Mountain West Conference,Nevada,,Player,So.,So,"Dolný Kubín, Slovakia",Dolný Kubín,,international,Gymnázium Považská Bystrica,0,https://nevadawolfpack.com/sports/womens-tennis/roster/2025-26
ten_ce1a1cfd6805,Kennedy,Robinson,tennis,2025-26,2026,D1,Women,Mountain West Conference,Nevada,,Player,Jr.,Jr,"Henderson, Nev.",Henderson,NV,domestic,Liberty HS,0,https://nevadawolfpack.com/sports/womens-tennis/roster/2025-26
ten_742246e6e06a,Ananya,Dhankhar,tennis,2025-26,2026,D1,Women,Southland Conference,New Orleans,"6'1""",Player,So.,So,"Gurugram, India",Gurugram,,international,School # 101,0,https://privateersports.com/sports/womens-tennis/roster/2025-26
ten_e907115b7d21,Kateryna,Kalistratova,tennis,2025-26,2026,D1,Women,Southland Conference,New Orleans,"5'8"" R",Player,Sr.,Sr,"Odessa, Ukraine",Odessa,,international,School # 101,0,https://privateersports.com/sports/womens-tennis/roster/2025-26
ten_58ecd911dd6b,Nouray,Khaled,tennis,2025-26,2026,D1,Women,Southland Conference,New Orleans,"5'3""",Player,Jr.,Jr,"Alexandria, Egypt",Alexandria,,international,,0,https://privateersports.com/sports/womens-tennis/roster/2025-26
ten_555860a18cd7,Naila,Krifa,tennis,2025-26,2026,D1,Women,Southland Conference,New Orleans,"5'7""",Player,Fr.,Fr,"Brunoy, France",Brunoy,,international,,0,https://privateersports.com/sports/womens-tennis/roster/2025-26
ten_f64367ff0bc9,Fleur,Sprengers,tennis,2025-26,2026,D1,Women,Southland Conference,New Orleans,"5'4""",Player,So.,So,"Geldrop, Netherlands",Geldrop,,international,,0,https://privateersports.com/sports/womens-tennis/roster/2025-26
ten_145d3eeefc17,Danique,Vermue,tennis,2025-26,2026,D1,Women,Southland Conference,New Orleans,"5'7""",Player,Jr.,Jr,"Zeeland, Netherlands",Zeeland,,international,,0,https://privateersports.com/sports/womens-tennis/roster/2025-26
ten_1a6d2b753b39,Vianca,Corley,tennis,2025-26,2026,D1,Women,Mountain West Conference,New Mexico,,Player,Jr.,Jr,,,,unknown,,0,https://golobos.com/sports/wten/roster
ten_028416a283a9,Vivica,Corley,tennis,2025-26,2026,D1,Women,Mountain West Conference,New Mexico,,Player,Fr.,Fr,,,,unknown,,0,https://golobos.com/sports/wten/roster
ten_05bc0e7c554c,Sarah,L'Allier,tennis,2025-26,2026,D1,Women,Mountain West Conference,New Mexico,,Player,Jr.,Jr,,,,unknown,,0,https://golobos.com/sports/wten/roster
ten_ba882e988946,Lea,Malazdra,tennis,2025-26,2026,D1,Women,Mountain West Conference,New Mexico,,Player,So.,So,,,,unknown,,0,https://golobos.com/sports/wten/roster
ten_49fa6363a0c8,Marika,Matsoukatidi,tennis,2025-26,2026,D1,Women,Mountain West Conference,New Mexico,,Player,So.,So,,,,unknown,,0,https://golobos.com/sports/wten/roster
ten_5835b303357e,Coumba,Ben Niangadou,tennis,2025-26,2026,D1,Women,Mountain West Conference,New Mexico,,Player,So.,So,,,,unknown,,0,https://golobos.com/sports/wten/roster
ten_29f5a6e9dc75,Ramona,Petre,tennis,2025-26,2026,D1,Women,Mountain West Conference,New Mexico,,Player,Fr.,Fr,,,,unknown,,0,https://golobos.com/sports/wten/roster
ten_282d1e75a812,Yu,"Yun ""Kathy"" Tsai",tennis,2025-26,2026,D1,Women,Mountain West Conference,New Mexico,,Player,Fr.,Fr,,,,unknown,,0,https://golobos.com/sports/wten/roster
ten_4c897cf00244,Bente,Vandeputte,tennis,2025-26,2026,D1,Women,Mountain West Conference,New Mexico,,Player,,UNK,,,,unknown,,0,https://golobos.com/sports/wten/roster
ten_60390ee50945,Ana,Veroux,tennis,2025-26,2026,D1,Women,Mountain West Conference,New Mexico,,Player,Jr.,Jr,,,,unknown,,0,https://golobos.com/sports/wten/roster
ten_22e38ebd0421,Julia,Clarke-Louie,tennis,2025-26,2026,D1,Women,Metro Atlantic Athletic Conference,Niagara,"5'1""",Player,Fr.,Fr,"Fort Erie, Canada",Fort Erie,,international,Tecnológico de Monterrey Prepanet,0,https://purpleeagles.com/sports/womens-tennis/roster/2025-26
ten_a691897a7191,Isabel,Garcia,tennis,2025-26,2026,D1,Women,Metro Atlantic Athletic Conference,Niagara,,Player,So.,So,Canary Islands,Canary Islands,,international,,0,https://purpleeagles.com/sports/womens-tennis/roster/2025-26
ten_1cd8b30a9b99,Amelia,Greenawalt,tennis,2025-26,2026,D1,Women,Metro Atlantic Athletic Conference,Niagara,,Player,So.,So,"Elma, NY",Elma,NY,domestic,,0,https://purpleeagles.com/sports/womens-tennis/roster/2025-26
ten_c0fdd6261dd4,Larisa,Kotok,tennis,2025-26,2026,D1,Women,Metro Atlantic Athletic Conference,Niagara,,Player,Jr.,Jr,"Rochester, N.Y.",Rochester,NY,domestic,,0,https://purpleeagles.com/sports/womens-tennis/roster/2025-26
ten_ffb0967e9de0,Gabriela,Melo,tennis,2025-26,2026,D1,Women,Metro Atlantic Athletic Conference,Niagara,"5'3""",Player,Jr.,Jr,"Merida, Mexico",Merida,,international,Tecnológico de Monterrey Prepanet,0,https://purpleeagles.com/sports/womens-tennis/roster/2025-26
ten_ee3b85a9d07c,Valeria,Mora,tennis,2025-26,2026,D1,Women,Metro Atlantic Athletic Conference,Niagara,"5'6""",Player,Jr.,Jr,"San Cristobal, Venezuela",San Cristobal,,international,,0,https://purpleeagles.com/sports/womens-tennis/roster/2025-26
ten_f52e60074158,Saloni,Tamang,tennis,2025-26,2026,D1,Women,Metro Atlantic Athletic Conference,Niagara,,Player,Sr.,Sr,"Kathmandu, Nepal",Kathmandu,,international,,,https://purpleeagles.com/sports/womens-tennis/roster/2025-26
ten_de36cad5935a,Angela,Basto,tennis,2025-26,2026,D1,Women,Southland Conference,Nicholls,"5'6""",Player,Sr.,Sr,"Bogota, Colombia",Bogota,,international,,0,https://geauxcolonels.com/sports/womens-tennis/roster/2025-26
ten_0c3bce766093,Julia,Bordignon,tennis,2025-26,2026,D1,Women,Southland Conference,Nicholls,"5'6""",Player,So.,So,"Santa Maria, Brazil",Santa Maria,,international,,0,https://geauxcolonels.com/sports/womens-tennis/roster/2025-26
ten_83d44aad8806,Ashvini,Gopala,tennis,2025-26,2026,D1,Women,Southland Conference,Nicholls,"5'6""",Player,Fr.,Fr,"Ottawa, Canada",Ottawa,,international,,0,https://geauxcolonels.com/sports/womens-tennis/roster/2025-26
ten_3eb35ae72eaf,Amalie,Grube Andersen,tennis,2025-26,2026,D1,Women,Southland Conference,Nicholls,"5'4""",Player,Sr.,Sr,"Svendborg, Denmark",Svendborg,,international,,0,https://geauxcolonels.com/sports/womens-tennis/roster/2025-26
ten_612a7c65db2a,Aada,Inna,tennis,2025-26,2026,D1,Women,Southland Conference,Nicholls,"5'5""",Player,Jr.,Jr,"Helsinki, Finland",Helsinki,,international,,0,https://geauxcolonels.com/sports/womens-tennis/roster/2025-26
ten_50f788d6fff3,Jada,Iverson,tennis,2025-26,2026,D1,Women,Southland Conference,Nicholls,"5'10""",Player,Fr.,Fr,"Waco, Texas",Waco,TX,domestic,,0,https://geauxcolonels.com/sports/womens-tennis/roster/2025-26
ten_cd754a03dba9,Blanca,Losada,tennis,2025-26,2026,D1,Women,Southland Conference,Nicholls,"5'2""",Player,So.,So,"Burriana, Spain",Burriana,,international,,0,https://geauxcolonels.com/sports/womens-tennis/roster/2025-26
ten_f27b4832ea1d,Noemie,Piquet,tennis,2025-26,2026,D1,Women,Southland Conference,Nicholls,"5'5""",Player,Sr.,Sr,"Saint-Jean-de-Monts, France",Saint-Jean-de-Monts,,international,,0,https://geauxcolonels.com/sports/womens-tennis/roster/2025-26
ten_ab42a6f2d90f,Paulina,Villegas,tennis,2025-26,2026,D1,Women,Southland Conference,Nicholls,"5'3""",Player,So.,So,"León, Mexico",León,,international,,0,https://geauxcolonels.com/sports/womens-tennis/roster/2025-26
ten_a492d472072f,Emma,Ansorge,tennis,2025-26,2026,D1,Women,ASUN Conference,North Ala.,"5'6""",Player,Jr.,Jr,"Neubrandenburg, Germany",Neubrandenburg,,international,,0,https://roarlions.com/sports/womens-tennis/roster/2025-26
ten_ae614372e517,Farah,Asaad,tennis,2025-26,2026,D1,Women,ASUN Conference,North Ala.,,Player,Fr.,Fr,"Cairo, Egypt",Cairo,,international,,0,https://roarlions.com/sports/womens-tennis/roster/2025-26
ten_6d816850afda,Louise,Booker,tennis,2025-26,2026,D1,Women,ASUN Conference,North Ala.,"5'3""",Player,Jr.,Jr,"Carlton Colville, England",Carlton Colville,,international,,0,https://roarlions.com/sports/womens-tennis/roster/2025-26
ten_47535c0f4147,Mathilde,Delaney,tennis,2025-26,2026,D1,Women,ASUN Conference,North Ala.,"5'5""",Player,Jr.,Jr,"Montreal, Canada",Montreal,,international,,0,https://roarlions.com/sports/womens-tennis/roster/2025-26
ten_0979ed70a276,Ada,Karabacak,tennis,2025-26,2026,D1,Women,ASUN Conference,North Ala.,"5'6""",Player,Jr.,Jr,"Istanbul, Turkey",Istanbul,,international,,0,https://roarlions.com/sports/womens-tennis/roster/2025-26
ten_7f0cf98fe584,Senem,Ocal,tennis,2025-26,2026,D1,Women,ASUN Conference,North Ala.,"5'5""",Player,Sr.,Sr,"Istanbul, Turkey",Istanbul,,international,,0,https://roarlions.com/sports/womens-tennis/roster/2025-26
ten_2214f48d4908,Eeva,Ristola,tennis,2025-26,2026,D1,Women,ASUN Conference,North Ala.,"5'6""",Player,Sr.,Sr,"Kotka, Finland",Kotka,,international,,0,https://roarlions.com/sports/womens-tennis/roster/2025-26
ten_f3f86997acfd,Sammie,Schouten,tennis,2025-26,2026,D1,Women,ASUN Conference,North Ala.,,Player,Fr.,Fr,"'s-Hertogenbosch, The Netherlands",'s-Hertogenbosch,,international,,0,https://roarlions.com/sports/womens-tennis/roster/2025-26
ten_181cf1511b12,Valeria,Centeno,tennis,2025-26,2026,D1,Women,Big South Conference,UNC Asheville,,Player,Sr.,Sr,"Hialeah, Fla.",Hialeah,FL,domestic,Mater Academy,1,https://uncabulldogs.com/sports/womens-tennis/roster/2025-26
ten_4ec0337b0f86,Audrey,Gregg,tennis,2025-26,2026,D1,Women,Big South Conference,UNC Asheville,,Player,Fr.,Fr,"Kent, Ohio",Kent,OH,domestic,Indiana Wesleyan University/Theodore Roosevelt Kent HS,0,https://uncabulldogs.com/sports/womens-tennis/roster/2025-26
ten_7891a144cade,Angelina,Joy Hug,tennis,2025-26,2026,D1,Women,Big South Conference,UNC Asheville,,Player,Jr.,Jr,"Murten, Switzerland",Murten,,international,Gymnasium Hofwil,0,https://uncabulldogs.com/sports/womens-tennis/roster/2025-26
ten_a5becae47eff,Isabella,Moss,tennis,2025-26,2026,D1,Women,Big South Conference,UNC Asheville,,Player,Fr.,Fr,"York, United Kingdom",York,,international,Huntington School,0,https://uncabulldogs.com/sports/womens-tennis/roster/2025-26
ten_d5e206e124bb,Avery,Sager,tennis,2025-26,2026,D1,Women,Big South Conference,UNC Asheville,,Player,Sr.,Sr,"Waxhaw, N.C.",Waxhaw,NC,domestic,Marvin Ridge HS,0,https://uncabulldogs.com/sports/womens-tennis/roster/2025-26
ten_d809525764e7,Sofia,Segui,tennis,2025-26,2026,D1,Women,Big South Conference,UNC Asheville,,Player,Fr.,Fr,"Calvia, Spain",Calvia,,international,IES Calvia,0,https://uncabulldogs.com/sports/womens-tennis/roster/2025-26
ten_ba8d1dc7813d,Maria,sol Alvarez Brandon,tennis,2025-26,2026,D1,Women,Big South Conference,UNC Asheville,,Player,Fr.,Fr,"Buenos Aires, Argentina",Buenos Aires,,international,World Wide Education,0,https://uncabulldogs.com/sports/womens-tennis/roster/2025-26
ten_d5c47545ee9f,Sara,Barbaric,tennis,2025-26,2026,D1,Women,Mid-Eastern Athletic Conference,N.C. Central,"5'8""",Player,Fr.,Fr,"Osijek, Croatia",Osijek,,international,The First Grammar,0,https://nccueaglepride.com/sports/womens-tennis/roster/2025-26
ten_25c3a639e0be,Valentina,de Aquino,tennis,2025-26,2026,D1,Women,Mid-Eastern Athletic Conference,N.C. Central,"5'1""",Player,So.,So,"Rio de Janeiro, Brazil",Rio de Janeiro,,international,Novo Rio Country Clube,0,https://nccueaglepride.com/sports/womens-tennis/roster/2025-26
ten_e8a773650528,Journee,Henderson,tennis,2025-26,2026,D1,Women,Mid-Eastern Athletic Conference,N.C. Central,"5'3""",Player,Fr.,Fr,"Mesa, Ariz.",Mesa,AZ,domestic,Arizona Connections Academy,1,https://nccueaglepride.com/sports/womens-tennis/roster/2025-26
ten_d5bda64461f9,Alejandra,Hidalgo Vega,tennis,2025-26,2026,D1,Women,Mid-Eastern Athletic Conference,N.C. Central,"5'4""",Player,Sr.,Sr,"Madrid, Spain",Madrid,,international,Colegio Institucion La Salle,0,https://nccueaglepride.com/sports/womens-tennis/roster/2025-26
ten_dba8f30ea971,Gabriela,Mejia Arenas,tennis,2025-26,2026,D1,Women,Mid-Eastern Athletic Conference,N.C. Central,"5'4""",Player,Jr.,Jr,"Barranquilla, Colombia",Barranquilla,,international,Miami Virtual School,0,https://nccueaglepride.com/sports/womens-tennis/roster/2025-26
ten_ac651d02a04b,Patricia,Palencia,tennis,2025-26,2026,D1,Women,Mid-Eastern Athletic Conference,N.C. Central,"5'9""",Player,Jr.,Jr,"Barquisimeto, Venezuela",Barquisimeto,,international,Doral Academy,1,https://nccueaglepride.com/sports/womens-tennis/roster/2025-26
ten_d275c226b9ca,Valeria,San Miguel Soria,tennis,2025-26,2026,D1,Women,Mid-Eastern Athletic Conference,N.C. Central,"5'4""",Player,Sr.,Sr,"Cochabamba, Bolivia",Cochabamba,,international,,0,https://nccueaglepride.com/sports/womens-tennis/roster/2025-26
ten_966bdfd96675,Mariana,Zottoli,tennis,2025-26,2026,D1,Women,Mid-Eastern Athletic Conference,N.C. Central,"5'2""",Player,So.,So,"Tucuman, Argentina",Tucuman,,international,SEADEA,0,https://nccueaglepride.com/sports/womens-tennis/roster/2025-26
ten_46f926e98dc3,Elif,Albayrak,tennis,2025-26,2026,D1,Women,Coastal Athletic Association,UNCW,"5'4""",Player,Sr.,Sr,"Istanbul, Turkey",Istanbul,,international,Celel Aras,0,https://uncwsports.com/sports/womens-tennis/roster/2025-26
ten_a918f3b11346,Eda,Arli,tennis,2025-26,2026,D1,Women,Coastal Athletic Association,UNCW,"5'6""",Player,Sr.,Sr,"Izmir, Turkey",Izmir,,international,Izmir Bornova Okyanus College,0,https://uncwsports.com/sports/womens-tennis/roster/2025-26
ten_c23b8f5708dd,Alex,Borcich,tennis,2025-26,2026,D1,Women,Coastal Athletic Association,UNCW,"5'5""",Player,Jr.,Jr,"Denver, N.C.",Denver,NC,domestic,Bridgeway Online Academy,1,https://uncwsports.com/sports/womens-tennis/roster/2025-26
ten_a862f11b6d74,Sophia,Catino,tennis,2025-26,2026,D1,Women,Coastal Athletic Association,UNCW,"5'6""",Player,Fr.,Fr,"Wilmington, N.C.",Wilmington,NC,domestic,New Hanover,0,https://uncwsports.com/sports/womens-tennis/roster/2025-26
ten_87bdc7201bfd,Alicia,Eberwein,tennis,2025-26,2026,D1,Women,Coastal Athletic Association,UNCW,"5'9""",Player,Jr.,Jr,"Wiesbaden, Germany",Wiesbaden,,international,Oranienschule,0,https://uncwsports.com/sports/womens-tennis/roster/2025-26
ten_0921e9c7cc2a,Gabbie,Glickstein,tennis,2025-26,2026,D1,Women,Coastal Athletic Association,UNCW,"5'7""",Player,Sr.,Sr,"Raleigh, N.C.",Raleigh,NC,domestic,Crossroads Flex,0,https://uncwsports.com/sports/womens-tennis/roster/2025-26
ten_525aaf0f669c,Lucia,Gomez,tennis,2025-26,2026,D1,Women,Coastal Athletic Association,UNCW,"5'9""",Player,Jr.,Jr,"Castellon, Spain",Castellon,,international,IES Francisco Ribalta,0,https://uncwsports.com/sports/womens-tennis/roster/2025-26
ten_2a5f5f030ec6,Katelyn,Hubbard,tennis,2025-26,2026,D1,Women,Coastal Athletic Association,UNCW,"5'4""",Player,Jr.,Jr,"Midlothian, Va.",Midlothian,VA,domestic,Cosby,0,https://uncwsports.com/sports/womens-tennis/roster/2025-26
ten_af005cca2cd6,Simay,Keles,tennis,2025-26,2026,D1,Women,Coastal Athletic Association,UNCW,,Player,Fr.,Fr,"Izmir, Turkey",Izmir,,international,Izmir Bornova Okyanus College,0,https://uncwsports.com/sports/womens-tennis/roster/2025-26
ten_fd4fe33d4dbe,Gabriella,Broadfoot,tennis,2025-26,2026,D1,Women,Atlantic Coast Conference,NC State,,Player,Jr.,Jr,"Johannesburg, South Africa",Johannesburg,,international,Florida Virtual School,0,https://gopack.com/sports/womens-tennis/roster/2025-26
ten_7086abbfdd10,Jasmine,Conway,tennis,2025-26,2026,D1,Women,Atlantic Coast Conference,NC State,,Player,Jr.,Jr,"Henley-on-Thames, England",Henley-on-Thames,,international,Loughborough High School,0,https://gopack.com/sports/womens-tennis/roster/2025-26
ten_3feb83014986,Georgia,Cranford,tennis,2025-26,2026,D1,Women,Atlantic Coast Conference,NC State,,Player,Fr.,Fr,"Scottsdale, Ariz.",Scottsdale,AZ,domestic,,0,https://gopack.com/sports/womens-tennis/roster/2025-26
ten_459fc0010e1b,Michaela,Laki,tennis,2025-26,2026,D1,Women,Atlantic Coast Conference,NC State,,Player,So.,So,"Larissa, Greece",Larissa,,international,,0,https://gopack.com/sports/womens-tennis/roster/2025-26
ten_0e44bd180324,Victoria,Osuigwe,tennis,2025-26,2026,D1,Women,Atlantic Coast Conference,NC State,,Player,Fr.,Fr,"Bradenton, Fla.",Bradenton,FL,domestic,IMG Academy,1,https://gopack.com/sports/womens-tennis/roster/2025-26
ten_f2b117834025,Mia,Slama,tennis,2025-26,2026,D1,Women,Atlantic Coast Conference,NC State,,Player,So.,So,"Boca Raton, Fla.",Boca Raton,FL,domestic,Florida Virtual School,0,https://gopack.com/sports/womens-tennis/roster/2025-26
ten_58d519a25c8d,Amelie,Smejkalova,tennis,2025-26,2026,D1,Women,Atlantic Coast Conference,NC State,,Player,So.,So,"Zlín, Czechia",Zlín,,international,,0,https://gopack.com/sports/womens-tennis/roster/2025-26
ten_e8089f722b73,Lavinia,Tanasie,tennis,2025-26,2026,D1,Women,Atlantic Coast Conference,NC State,,Player,Fr.,Fr,Romania,Romania,,international,,0,https://gopack.com/sports/womens-tennis/roster/2025-26
ten_7ab2b5ca4287,Anna,Zyryanova,tennis,2025-26,2026,D1,Women,Atlantic Coast Conference,NC State,,Player,Sr.,Sr,"Moscow, Russia",Moscow,,international,,0,https://gopack.com/sports/womens-tennis/roster/2025-26
ten_5c62585c9110,Alana,Boyce,tennis,2025-26,2026,D1,Women,Atlantic Coast Conference,North Carolina,,Player,So.,So,"Huntsville, Ala.",Huntsville,AL,domestic,Randolph,0,https://goheels.com/sports/womens-tennis/roster/2025-26
ten_eb3b57d7d645,Reese,Brantmeier,tennis,2025-26,2026,D1,Women,Atlantic Coast Conference,North Carolina,,Player,Sr.,Sr,"Whitewater, Wis.",Whitewater,WI,domestic,Whitewater,0,https://goheels.com/sports/womens-tennis/roster/2025-26
ten_67e875b16d01,Tatum,Evans,tennis,2025-26,2026,D1,Women,Atlantic Coast Conference,North Carolina,,Player,Jr.,Jr,"McLean, Va.",McLean,VA,domestic,Laurel Springs,0,https://goheels.com/sports/womens-tennis/roster/2025-26
ten_44e6bcd47e3e,Anna,Frey,tennis,2025-26,2026,D1,Women,Atlantic Coast Conference,North Carolina,,Player,Fr.,Fr,"Farmington, Utah",Farmington,UT,domestic,Farmington,0,https://goheels.com/sports/womens-tennis/roster/2025-26
ten_0c10fb809a9b,Alanis,Hamilton,tennis,2025-26,2026,D1,Women,Atlantic Coast Conference,North Carolina,,Player,So.,So,"Dallas, Texas",Dallas,TX,domestic,Allendale Academy,1,https://goheels.com/sports/womens-tennis/roster/2025-26
ten_d80d7a69a4c0,Claire,Hill,tennis,2025-26,2026,D1,Women,Atlantic Coast Conference,North Carolina,,Player,So.,So,"Cary, N.C.",Cary,NC,domestic,Cary Academy,1,https://goheels.com/sports/womens-tennis/roster/2025-26
ten_38240cb3bb5d,Oby,Kajuru,tennis,2025-26,2026,D1,Women,Atlantic Coast Conference,North Carolina,,Player,Gr.,Gr,"Tokyo, Japan",Tokyo,,international,Megura Tokyo High School,0,https://goheels.com/sports/womens-tennis/roster/2025-26
ten_686bc24e4c55,Susanna,Maltby,tennis,2025-26,2026,D1,Women,Atlantic Coast Conference,North Carolina,,Player,So.,So,"Glen Ellyn, Ill.",Glen Ellyn,IL,domestic,Glenbard West,0,https://goheels.com/sports/womens-tennis/roster/2025-26
ten_b8b5e8048c0e,Theadora,Rabman,tennis,2025-26,2026,D1,Women,Atlantic Coast Conference,North Carolina,,Player,Jr.,Jr,"Port Washington, N.Y.",Port Washington,NY,domestic,Scheiber,0,https://goheels.com/sports/womens-tennis/roster/2025-26
ten_406c675ff95a,Mary,Grace Rennard,tennis,2025-26,2026,D1,Women,Atlantic Coast Conference,North Carolina,,Player,R-Fr.,Fr,"Asheville, N.C.",Asheville,NC,domestic,Covenant Academy,1,https://goheels.com/sports/womens-tennis/roster/2025-26
ten_1ddc2598ceba,Maddy,Zampardo,tennis,2025-26,2026,D1,Women,Atlantic Coast Conference,North Carolina,,Player,Jr.,Jr,"Grosse Pointe Farms, Mich.",Grosse Pointe Farms,MI,domestic,University Liggett School,0,https://goheels.com/sports/womens-tennis/roster/2025-26
ten_267dcfb1d08c,Sydney,Bly,tennis,2025-26,2026,D1,Women,Southern Conference,UNC Greensboro,"5'6""",Player,Jr.,Jr,"Sandy Springs, Ga.",Sandy Springs,GA,domestic,Holy Innocents' Episcopal,0,https://uncgspartans.com/sports/womens-tennis/roster/2025-26
ten_764fb9b7fa98,Kayley,Bushnell,tennis,2025-26,2026,D1,Women,Southern Conference,UNC Greensboro,"5'7""",Player,Fr.,Fr,"Isle of Palms, S.C.",Isle of Palms,SC,domestic,IMG Academy,1,https://uncgspartans.com/sports/womens-tennis/roster/2025-26
ten_8622342cf559,Sophia,Cedeno,tennis,2025-26,2026,D1,Women,Southern Conference,UNC Greensboro,"6'0""",Player,Fr.,Fr,"Lakeland, Fla.",Lakeland,FL,domestic,IMG Academy,1,https://uncgspartans.com/sports/womens-tennis/roster/2025-26
ten_6d5d57cbc98a,Sara,Kostic,tennis,2025-26,2026,D1,Women,Southern Conference,UNC Greensboro,"5'8""",Player,Fr.,Fr,"Calgary, Alberta",Calgary,,international,National Sport School,0,https://uncgspartans.com/sports/womens-tennis/roster/2025-26
ten_25b353771790,Ella,Olexa,tennis,2025-26,2026,D1,Women,Southern Conference,UNC Greensboro,"5'3""",Player,Sr.,Sr,"Wake Forest, N.C.",Wake Forest,NC,domestic,North Raleigh Christian,0,https://uncgspartans.com/sports/womens-tennis/roster/2025-26
ten_d821fdcda920,Eliza,Perry,tennis,2025-26,2026,D1,Women,Southern Conference,UNC Greensboro,"5'8""",Player,So.,So,"Hendersonville, N.C.",Hendersonville,NC,domestic,Hendersonville,0,https://uncgspartans.com/sports/womens-tennis/roster/2025-26
ten_70bb9dc1d6fe,Ivet,Sala-Sánchez,tennis,2025-26,2026,D1,Women,Southern Conference,UNC Greensboro,"5'6""",Player,Fr.,Fr,"Sabadell, Spain",Sabadell,,international,Sabadell,0,https://uncgspartans.com/sports/womens-tennis/roster/2025-26
ten_095154338aa7,Sofia,Somoano,tennis,2025-26,2026,D1,Women,Southern Conference,UNC Greensboro,"5'4""",Player,Fr.,Fr,"Cary, N.C.",Cary,NC,domestic,Crossroads FLEX,0,https://uncgspartans.com/sports/womens-tennis/roster/2025-26
ten_f34ced0899c5,Lauren,Thomson,tennis,2025-26,2026,D1,Women,Southern Conference,UNC Greensboro,"5'6""",Player,Jr.,Jr,"Winston-Salem, N.C.",Winston-Salem,NC,domestic,Thomson Academy,1,https://uncgspartans.com/sports/womens-tennis/roster/2025-26
ten_a11eb636d3c1,Nicole,Alfaro Solis,tennis,2025-26,2026,D1,Women,ASUN Conference,North Florida,,Player,So.,So,"Grecia, Costa Rica",Grecia,,international,Citizens HS,0,https://unfospreys.com/sports/womens-tennis/roster/2025-26
ten_7601a8c812f4,Laurie,Barendse,tennis,2025-26,2026,D1,Women,ASUN Conference,North Florida,,Player,Sr.,Sr,"Pijnacker, Netherlands",Pijnacker,,international,Melanchthon Bergschenhoek,0,https://unfospreys.com/sports/womens-tennis/roster/2025-26
ten_88bc879d6603,Aryana,Bartlett,tennis,2025-26,2026,D1,Women,ASUN Conference,North Florida,,Player,So.,So,"Bristol, England",Bristol,,international,Atlas American School,0,https://unfospreys.com/sports/womens-tennis/roster/2025-26
ten_ae50b5f32d34,May,Fadida,tennis,2025-26,2026,D1,Women,ASUN Conference,North Florida,,Player,Fr.,Fr,"Haifa, Israel",Haifa,,international,Leo Beack Education Center,0,https://unfospreys.com/sports/womens-tennis/roster/2025-26
ten_b4c39a02b7de,Gabby,Goyins,tennis,2025-26,2026,D1,Women,ASUN Conference,North Florida,,Player,So.,So,"Pensacola, Fla.",Pensacola,FL,domestic,Pensacola Catholic,0,https://unfospreys.com/sports/womens-tennis/roster/2025-26
ten_b5e10186f239,Anslee,Long,tennis,2025-26,2026,D1,Women,ASUN Conference,North Florida,,Player,Gr.,Gr,"St. Petersburg, Fla.",St. Petersburg,FL,domestic,St. Petersburg,0,https://unfospreys.com/sports/womens-tennis/roster/2025-26
ten_7b4492a2d194,Jasmin,Makela,tennis,2025-26,2026,D1,Women,ASUN Conference,North Florida,,Player,Sr.,Sr,"Boca Raton, Fla.",Boca Raton,FL,domestic,Florida Virtual,0,https://unfospreys.com/sports/womens-tennis/roster/2025-26
ten_7124f2ecad11,Isabel,Oliveira,tennis,2025-26,2026,D1,Women,ASUN Conference,North Florida,,Player,Gr.,Gr,"Brasília, Brazil",Brasília,,international,Club Med Academies,0,https://unfospreys.com/sports/womens-tennis/roster/2025-26
ten_f51e22fe481b,Marina,Adati,tennis,2025-26,2026,D1,Women,American Conference,North Texas,,Player,Sr.,Sr,"Londrina, Brazil",Londrina,,international,,0,https://meangreensports.com/sports/womens-tennis/roster/2025-26
ten_6859d881ddb2,Ujin,Batsukh,tennis,2025-26,2026,D1,Women,American Conference,North Texas,,Player,Fr.,Fr,"Ulaanbaatar, Mongolia",Ulaanbaatar,,international,,0,https://meangreensports.com/sports/womens-tennis/roster/2025-26
ten_20e50252d644,Lou,Chalard,tennis,2025-26,2026,D1,Women,American Conference,North Texas,,Player,Jr.,Jr,"Cagnes-sur-Mer, France",Cagnes-sur-Mer,,international,,0,https://meangreensports.com/sports/womens-tennis/roster/2025-26
ten_214ca81eee03,Giuliana,Ciangherotti,tennis,2025-26,2026,D1,Women,American Conference,North Texas,,Player,Fr.,Fr,"Santiago, Chile",Santiago,,international,,0,https://meangreensports.com/sports/womens-tennis/roster/2025-26
ten_7e69df189dbb,Carolina,Laydner,tennis,2025-26,2026,D1,Women,American Conference,North Texas,,Player,Jr.,Jr,"Florianópolis, Brazil",Florianópolis,,international,,0,https://meangreensports.com/sports/womens-tennis/roster/2025-26
ten_9acf4b9f15aa,Stadfany,Nformi,tennis,2025-26,2026,D1,Women,American Conference,North Texas,,Player,Sr.,Sr,"Douala, Cameroon",Douala,,international,,0,https://meangreensports.com/sports/womens-tennis/roster/2025-26
ten_d076f1d0911d,Pia,Petelinsek,tennis,2025-26,2026,D1,Women,American Conference,North Texas,,Player,Fr.,Fr,"Maribor, Slovenia",Maribor,,international,,0,https://meangreensports.com/sports/womens-tennis/roster/2025-26
ten_95021082467e,Lilly,Schultz,tennis,2025-26,2026,D1,Women,American Conference,North Texas,,Player,Jr.,Jr,"Bad Soden, Germany",Bad Soden,,international,,0,https://meangreensports.com/sports/womens-tennis/roster/2025-26
ten_34997abf55c2,Elen,Jantacova,tennis,2025-26,2026,D1,Women,Big Sky Conference,Northern Ariz.,,Player,So.,So,Czech Republic,Czech Republic,,international,Venezuela,0,https://nauathletics.com/sports/womens-tennis/roster/2025-26
ten_1c051b07ad02,Madelynn,Ludwig,tennis,2025-26,2026,D1,Women,Big Sky Conference,Northern Ariz.,,Player,R-Fr.,Fr,"Edmonton, Alberta, Canada",Edmonton,,international,,0,https://nauathletics.com/sports/womens-tennis/roster/2025-26
ten_ae0083147ab4,Patrycja,Niewiadomska,tennis,2025-26,2026,D1,Women,Big Sky Conference,Northern Ariz.,,Player,Sr.,Sr,"Bielsko-Biala, Poland",Bielsko-Biala,,international,,0,https://nauathletics.com/sports/womens-tennis/roster/2025-26
ten_39f9c6570f58,Andrea,Noguera,tennis,2025-26,2026,D1,Women,Big Sky Conference,Northern Ariz.,,Player,Jr.,Jr,Valencia,Valencia,,international,Venezuela,0,https://nauathletics.com/sports/womens-tennis/roster/2025-26
ten_2bdbc132b85a,Natalie,Rainke,tennis,2025-26,2026,D1,Women,Big Sky Conference,Northern Ariz.,,Player,Jr.,Jr,"Srubec, Czech Republic",Srubec,,international,Anglo-Czech High School,0,https://nauathletics.com/sports/womens-tennis/roster/2025-26
ten_61794651a3b2,Leontina,Stojanovic,tennis,2025-26,2026,D1,Women,Big Sky Conference,Northern Ariz.,,Player,So.,So,"Belgrade, Serbia",Belgrade,,international,,0,https://nauathletics.com/sports/womens-tennis/roster/2025-26
ten_d4909fb3df3b,Mia,Wolter,tennis,2025-26,2026,D1,Women,Big Sky Conference,Northern Ariz.,,Player,Fr.,Fr,"Phoenix, Ariz.",Phoenix,AZ,domestic,Well Tennis Academy,1,https://nauathletics.com/sports/womens-tennis/roster/2025-26
ten_78c24546f235,Cassia,Adamowsky,tennis,2025-26,2026,D1,Women,Horizon League,Northern Ky.,,Player,So.,So,"Sydney, Australia",Sydney,,international,Stella Maris College,0,https://nkunorse.com/sports/womens-tennis/roster/2025-26
ten_3cce8b60ffd0,Aaditi,Bhat,tennis,2025-26,2026,D1,Women,Horizon League,Northern Ky.,,Player,Fr.,Fr,,,,unknown,,0,https://nkunorse.com/sports/womens-tennis/roster/2025-26
ten_0d47e25551a0,Alyssa,Cameron,tennis,2025-26,2026,D1,Women,Horizon League,Northern Ky.,,Player,Sr.,Sr,"Sydney, Australia",Sydney,,international,Stella Maris College,0,https://nkunorse.com/sports/womens-tennis/roster/2025-26
ten_a1be1868d46b,Catharina,Cardoso,tennis,2025-26,2026,D1,Women,Horizon League,Northern Ky.,,Player,Jr.,Jr,"Fiera de Santana, Brazil",Fiera de Santana,,international,,0,https://nkunorse.com/sports/womens-tennis/roster/2025-26
ten_411874062039,Darya,Gneidina,tennis,2025-26,2026,D1,Women,Horizon League,Northern Ky.,,Player,Jr.,Jr,Kazakhstan,Kazakhstan,,international,,0,https://nkunorse.com/sports/womens-tennis/roster/2025-26
ten_5976b148f147,Haley,Slay,tennis,2025-26,2026,D1,Women,Horizon League,Northern Ky.,,Player,Fr.,Fr,,,,unknown,,0,https://nkunorse.com/sports/womens-tennis/roster/2025-26
ten_85e300fa0665,Didi,Steenhuis,tennis,2025-26,2026,D1,Women,Horizon League,Northern Ky.,,Player,Jr.,Jr,"Westerborg, Netherlands",Westerborg,,international,,0,https://nkunorse.com/sports/womens-tennis/roster/2025-26
ten_ba24675d11e4,Caroline,Van Der Riet,tennis,2025-26,2026,D1,Women,Horizon League,Northern Ky.,,Player,Fr.,Fr,,,,unknown,,0,https://nkunorse.com/sports/womens-tennis/roster/2025-26
ten_956879895c71,Sydney,Zakic,tennis,2025-26,2026,D1,Women,Horizon League,Northern Ky.,,Player,Fr.,Fr,,,,unknown,,0,https://nkunorse.com/sports/womens-tennis/roster/2025-26
ten_9cc68626c83c,Sedina,Begic,tennis,2025-26,2026,D1,Women,Missouri Valley Conference,UNI,,Player,Fr.,Fr,"Waterloo, Iowa",Waterloo,IA,domestic,Waterloo West HS,0,https://unipanthers.com/sports/womens-tennis/roster/2025-26
ten_f3292d563475,Andrea,Noa Galin,tennis,2025-26,2026,D1,Women,Missouri Valley Conference,UNI,,Player,Fr.,Fr,,,,unknown,,0,https://unipanthers.com/sports/womens-tennis/roster/2025-26
ten_5bcf6f496fce,Yangjiaxin,Li,tennis,2025-26,2026,D1,Women,Missouri Valley Conference,UNI,,Player,Fr.,Fr,"Chengdu, China",Chengdu,,international,,0,https://unipanthers.com/sports/womens-tennis/roster/2025-26
ten_3b3fffe0669a,Alyssa,Meeky,tennis,2025-26,2026,D1,Women,Missouri Valley Conference,UNI,,Player,Fr.,Fr,"South Chicago, Ill.",South Chicago,IL,domestic,Southland College Prep,1,https://unipanthers.com/sports/womens-tennis/roster/2025-26
ten_ed82b37fceed,Abbie,Peterson,tennis,2025-26,2026,D1,Women,Missouri Valley Conference,UNI,,Player,So.,So,"Ankeny, Iowa",Ankeny,IA,domestic,Ankeny Centennial HS,0,https://unipanthers.com/sports/womens-tennis/roster/2025-26
ten_4b3d752173bb,Andjela,Raznatovic,tennis,2025-26,2026,D1,Women,Missouri Valley Conference,UNI,,Player,So.,So,"Belegrade, Serbia",Belegrade,,international,Kosta Cukic,0,https://unipanthers.com/sports/womens-tennis/roster/2025-26
ten_fc1b42024fbe,Kayla,Santosa,tennis,2025-26,2026,D1,Women,Missouri Valley Conference,UNI,,Player,Fr.,Fr,,,,unknown,,0,https://unipanthers.com/sports/womens-tennis/roster/2025-26
ten_fd3670e290be,Lucia,Schuknecht,tennis,2025-26,2026,D1,Women,Missouri Valley Conference,UNI,,Player,Fr.,Fr,,,,unknown,,0,https://unipanthers.com/sports/womens-tennis/roster/2025-26
ten_496397b5da83,Kanyanut,Sudsaard,tennis,2025-26,2026,D1,Women,Missouri Valley Conference,UNI,,Player,Sr.,Sr,"Chiang Mai, Thailand",Chiang Mai,,international,,0,https://unipanthers.com/sports/womens-tennis/roster/2025-26
ten_7d5b720b14ad,Martina,Acebedo Bonocore,tennis,2025-26,2026,D1,Women,Southland Conference,Northwestern St.,"5'9""",Player,Fr.,Fr,"Ciudad Evita, Buenos Aires, Argentina",Ciudad Evita,,international,Instituto Don Bosco,0,https://nsudemons.com/sports/womens-tennis/roster/2025-26
ten_3d867b4b5ec6,Pika,Doberlet,tennis,2025-26,2026,D1,Women,Southland Conference,Northwestern St.,"5'6""",Player,So.,So,"Šencur, Slovenia",Šencur,,international,Gimnazija Granceta Preserna,0,https://nsudemons.com/sports/womens-tennis/roster/2025-26
ten_bde1b84bcf4c,Maria,Farina,tennis,2025-26,2026,D1,Women,Southland Conference,Northwestern St.,"5'7""",Player,Jr.,Jr,"Buenos Aires, Argentina",Buenos Aires,,international,SEADEA,0,https://nsudemons.com/sports/womens-tennis/roster/2025-26
ten_e97304afbfe2,Sofi,Garcia,tennis,2025-26,2026,D1,Women,Southland Conference,Northwestern St.,"5'7""",Player,Sr.,Sr,"Buenos Aires, Argentina",Buenos Aires,,international,SEADEA,0,https://nsudemons.com/sports/womens-tennis/roster/2025-26
ten_90b99cfd1a23,Athina,Grigoriadou,tennis,2025-26,2026,D1,Women,Southland Conference,Northwestern St.,"5'6""",Player,Fr.,Fr,"Peraia, Makedonia, Greece",Peraia,,international,Model Vocational high School,0,https://nsudemons.com/sports/womens-tennis/roster/2025-26
ten_3586e4a6e23e,Lolita,Hukasian,tennis,2025-26,2026,D1,Women,Southland Conference,Northwestern St.,"5'5""",Player,Sr.,Sr,"Odessa, Ukraine",Odessa,,international,Chernomorsk High School,0,https://nsudemons.com/sports/womens-tennis/roster/2025-26
ten_e9609a3efa5a,Lija,Mumlek,tennis,2025-26,2026,D1,Women,Southland Conference,Northwestern St.,"5'5""",Player,Fr.,Fr,"Maribor, Slovenia",Maribor,,international,II. Gimnazija Maribor,0,https://nsudemons.com/sports/womens-tennis/roster/2025-26
ten_b56b068415c9,Zoi,Spyrou,tennis,2025-26,2026,D1,Women,Southland Conference,Northwestern St.,"5'9""",Player,Sr.,Sr,"Athens, Greece",Athens,,international,Excel HS (Minn.),0,https://nsudemons.com/sports/womens-tennis/roster/2025-26
ten_d8d7dd8110cd,Honoka,Umeda,tennis,2025-26,2026,D1,Women,Southland Conference,Northwestern St.,"5'0""",Player,Jr.,Jr,"Kumamoto, Japan",Kumamoto,,international,Yushi International HS,0,https://nsudemons.com/sports/womens-tennis/roster/2025-26
ten_370f649ca148,Mika,Dagan Fruchtman,tennis,2025-26,2026,D1,Women,Big Ten Conference,Northwestern,,Player,Sophomore,So,"Ra'anana, Israel",Ra'anana,,international,Westview,0,https://nusports.com/sports/womens-tennis/roster/season/2025-26
ten_1935e778fe05,Neena,Feldman,tennis,2025-26,2026,D1,Women,Big Ten Conference,Northwestern,,Player,Junior,Jr,"Beaverton, Ore.",Beaverton,OR,domestic,Westview,0,https://nusports.com/sports/womens-tennis/roster/season/2025-26
ten_58f3a72d7904,Erica,Jessel,tennis,2025-26,2026,D1,Women,Big Ten Conference,Northwestern,,Player,Sophomore,So,"Friendswood, Texas",Friendswood,TX,domestic,Clear Springs High,0,https://nusports.com/sports/womens-tennis/roster/season/2025-26
ten_b96691259c16,Maia,Loureiro,tennis,2025-26,2026,D1,Women,Big Ten Conference,Northwestern,,Player,Sophomore,So,"Orland Park, Ill.",Orland Park,IL,domestic,Carl Sandburg High,0,https://nusports.com/sports/womens-tennis/roster/season/2025-26
ten_b1e84aada655,Margot,Phanthala,tennis,2025-26,2026,D1,Women,Big Ten Conference,Northwestern,,Player,First-Year,UNK,"Paris, France",Paris,,international,The Ogburn School,0,https://nusports.com/sports/womens-tennis/roster/season/2025-26
ten_1c851991a6be,Marelie,Raath,tennis,2025-26,2026,D1,Women,Big Ten Conference,Northwestern,,Player,First-Year,UNK,"St. Albans, England",St. Albans,,international,Sandringham School,0,https://nusports.com/sports/womens-tennis/roster/season/2025-26
ten_b522a687f641,Autumn,Rabjohns,tennis,2025-26,2026,D1,Women,Big Ten Conference,Northwestern,,Player,Junior,Jr,"Lake Forest, Ill.",Lake Forest,IL,domestic,Lake Forest High School,0,https://nusports.com/sports/womens-tennis/roster/season/2025-26
ten_99b36c39ee7f,Jennifer,Riester,tennis,2025-26,2026,D1,Women,Big Ten Conference,Northwestern,,Player,Senior,Sr,"Lynnfield, Mass.",Lynnfield,MA,domestic,Laurel Springs School,0,https://nusports.com/sports/womens-tennis/roster/season/2025-26
ten_7887fbc62aa5,Katya,Shepherd Johnson,tennis,2025-26,2026,D1,Women,Big Ten Conference,Northwestern,,Player,Junior,Jr,"Takoma Park, Md.",Takoma Park,MD,domestic,Montgomery Blair,0,https://nusports.com/sports/womens-tennis/roster/season/2025-26
ten_9ed7b52414f9,Nisa,Bulut,tennis,2025-26,2026,D1,Women,Horizon League,Oakland,,Player,So.,So,"Istanbul, Türkiye",Istanbul,,international,Utica Eisenhower,0,https://goldengrizzlies.com/sports/womens-tennis/roster/2025-26
ten_97ce9492e3db,Edie,Hammond,tennis,2025-26,2026,D1,Women,Horizon League,Oakland,,Player,Jr.,Jr,"Bristol Avon, United Kingdom",Bristol Avon,,international,,0,https://goldengrizzlies.com/sports/womens-tennis/roster/2025-26
ten_14d8e54e1c06,Emilia,Jarvinen,tennis,2025-26,2026,D1,Women,Horizon League,Oakland,,Player,Jr.,Jr,"Turku, Finland",Turku,,international,,0,https://goldengrizzlies.com/sports/womens-tennis/roster/2025-26
ten_a6cedf574de8,Oliwia,Klimas,tennis,2025-26,2026,D1,Women,Horizon League,Oakland,,Player,Fr.,Fr,,,,unknown,,0,https://goldengrizzlies.com/sports/womens-tennis/roster/2025-26
ten_0c45b3264c19,Tara,Montreuil,tennis,2025-26,2026,D1,Women,Horizon League,Oakland,,Player,Sr.,Sr,"Washington Township, Mich.",Washington Township,MI,domestic,Utica Eisenhower,0,https://goldengrizzlies.com/sports/womens-tennis/roster/2025-26
ten_b9d00d049fd1,Martyna,Piechowicz,tennis,2025-26,2026,D1,Women,Horizon League,Oakland,,Player,So.,So,"Wroclaw, Poland",Wroclaw,,international,,0,https://goldengrizzlies.com/sports/womens-tennis/roster/2025-26
ten_65850d365293,Megan,Basil,tennis,2025-26,2026,D1,Women,Big Ten Conference,Ohio St.,,Player,Sr.,Sr,"Columbus, Ohio",Columbus,OH,domestic,Upper Arlington High School,0,https://ohiostatebuckeyes.com/sports/womens-tennis/roster/2025-26
ten_577be115e209,Alessia,Cau,tennis,2025-26,2026,D1,Women,Big Ten Conference,Ohio St.,,Player,Jr.,Jr,"Vancouver, British Columbia",Vancouver,,international,Magee Secondary School,0,https://ohiostatebuckeyes.com/sports/womens-tennis/roster/2025-26
ten_3a87eff591d9,Teah,Chavez,tennis,2025-26,2026,D1,Women,Big Ten Conference,Ohio St.,,Player,Jr.,Jr,"Regina, Saskatchewan",Regina,,international,Martin Collegiate,0,https://ohiostatebuckeyes.com/sports/womens-tennis/roster/2025-26
ten_40d013328b91,Sophia,Cisse-Ignatiev,tennis,2025-26,2026,D1,Women,Big Ten Conference,Ohio St.,,Player,So.,So,"Manhattan, N.Y.",Manhattan,NY,domestic,ES American School,0,https://ohiostatebuckeyes.com/sports/womens-tennis/roster/2025-26
ten_3fdfafb4c60c,Flora,Johnson,tennis,2025-26,2026,D1,Women,Big Ten Conference,Ohio St.,,Player,Fr.,Fr,"London, England",London,,international,Putney High School,0,https://ohiostatebuckeyes.com/sports/womens-tennis/roster/2025-26
ten_9cc9e2381e8a,Nao,Nishino,tennis,2025-26,2026,D1,Women,Big Ten Conference,Ohio St.,,Player,So.,So,"Tokyo, Japan",Tokyo,,international,Nisai Virtual Online Academy,1,https://ohiostatebuckeyes.com/sports/womens-tennis/roster/2025-26
ten_2e3ba3451a90,Hephzibah,Oluwadare,tennis,2025-26,2026,D1,Women,Big Ten Conference,Ohio St.,,Player,Fr.,Fr,"Stirling, Scotland",Stirling,,international,Dollar Academy,1,https://ohiostatebuckeyes.com/sports/womens-tennis/roster/2025-26
ten_9a0e06cbdbd1,Luciana,Perry,tennis,2025-26,2026,D1,Women,Big Ten Conference,Ohio St.,,Player,Jr.,Jr,"Export, Pa.",Export,PA,domestic,Pennsylvania Cyber Charter School,0,https://ohiostatebuckeyes.com/sports/womens-tennis/roster/2025-26
ten_b992daca3678,Audrey,Spencer,tennis,2025-26,2026,D1,Women,Big Ten Conference,Ohio St.,,Player,Jr.,Jr,"Olathe, Kansas",Olathe,KS,domestic,Ignite Christian,0,https://ohiostatebuckeyes.com/sports/womens-tennis/roster/2025-26
ten_f64232bc1f04,Gracie,Epps,tennis,2025-26,2026,D1,Women,Big 12 Conference,Oklahoma St.,,Player,Jr.,Jr,"Norman, OK",Norman,OK,domestic,Epic Charter School,0,https://okstate.com/sports/womens-tennis/roster/2025-26
ten_181baf45c35c,Melisa,Ercan,tennis,2025-26,2026,D1,Women,Big 12 Conference,Oklahoma St.,,Player,So.,So,"Adana, Turkey",Adana,,international,,0,https://okstate.com/sports/womens-tennis/roster/2025-26
ten_9a9f4baa0111,Anastasiya,Komar,tennis,2025-26,2026,D1,Women,Big 12 Conference,Oklahoma St.,,Player,Gr.,Gr,"Minsk, Belarus",Minsk,,international,Minsk City Secondary School,0,https://okstate.com/sports/womens-tennis/roster/2025-26
ten_90fd4650c87c,Karolina,Lincer,tennis,2025-26,2026,D1,Women,Big 12 Conference,Oklahoma St.,,Player,Fr.,Fr,"Windsor, CT",Windsor,CT,domestic,,0,https://okstate.com/sports/womens-tennis/roster/2025-26
ten_3f24fd5368dd,Olivia,Lincer,tennis,2025-26,2026,D1,Women,Big 12 Conference,Oklahoma St.,,Player,Jr.,Jr,"Klodzko, Poland",Klodzko,,international,,,https://okstate.com/sports/womens-tennis/roster/2025-26
ten_befe0b49e569,Marcela,Lopez,tennis,2025-26,2026,D1,Women,Big 12 Conference,Oklahoma St.,,Player,Sr.,Sr,"Frisco, TX",Frisco,TX,domestic,University Prep,1,https://okstate.com/sports/womens-tennis/roster/2025-26
ten_15137cc8f1a2,Rose,Marie Nijkamp,tennis,2025-26,2026,D1,Women,Big 12 Conference,Oklahoma St.,,Player,So.,So,"Apeldoorn, Netherlands",Apeldoorn,,international,Veluws College Walterbosch,0,https://okstate.com/sports/womens-tennis/roster/2025-26
ten_9fc76fbdb699,Lucia,Peyre,tennis,2025-26,2026,D1,Women,Big 12 Conference,Oklahoma St.,,Player,R-Jr.,Jr,"Las Flores, Argentina",Las Flores,,international,Sistema de Educación a Distancia del Ejército Argentino (SEADEA),0,https://okstate.com/sports/womens-tennis/roster/2025-26
ten_a7258d7c72d2,Luca,Udvardy,tennis,2025-26,2026,D1,Women,Big 12 Conference,Oklahoma St.,,Player,Fr.,Fr,"Balatonakarattya, Hungary",Balatonakarattya,,international,,0,https://okstate.com/sports/womens-tennis/roster/2025-26
ten_79b3a107eb76,Laura,Brunkel,tennis,2025-26,2026,D1,Women,Southeastern Conference,Oklahoma,,Player,Fr.,Fr,"Copenhagen, Denmark",Copenhagen,,international,,0,https://soonersports.com/sports/womens-tennis/roster/2025-26
ten_2d164c4a43c2,Julia,Garcia Ruiz,tennis,2025-26,2026,D1,Women,Southeastern Conference,Oklahoma,,Player,Sr.,Sr,"Morelia, Mexico",Morelia,,international,,0,https://soonersports.com/sports/womens-tennis/roster/2025-26
ten_1e9d1294916d,Roisin,Gilheany,tennis,2025-26,2026,D1,Women,Southeastern Conference,Oklahoma,,Player,R-Jr.,Jr,"Melbourne, Australia",Melbourne,,international,,0,https://soonersports.com/sports/womens-tennis/roster/2025-26
ten_0c1f7ff3bd8b,Evialina,Laskevich,tennis,2025-26,2026,D1,Women,Southeastern Conference,Oklahoma,,Player,Fr.,Fr,"Minsk, Belarus",Minsk,,international,,0,https://soonersports.com/sports/womens-tennis/roster/2025-26
ten_8e263d7233ff,Edda,Mamedova,tennis,2025-26,2026,D1,Women,Southeastern Conference,Oklahoma,,Player,Fr.,Fr,"Moscow, Russia",Moscow,,international,,0,https://soonersports.com/sports/womens-tennis/roster/2025-26
ten_9e0571456383,Gloriana,Nahum,tennis,2025-26,2026,D1,Women,Southeastern Conference,Oklahoma,,Player,So.,So,"Cotonou, Benin",Cotonou,,international,,0,https://soonersports.com/sports/womens-tennis/roster/2025-26
ten_e3d9a98d91bf,Chloé,Noël,tennis,2025-26,2026,D1,Women,Southeastern Conference,Oklahoma,,Player,Jr.,Jr,"Strasbourg, France",Strasbourg,,international,,0,https://soonersports.com/sports/womens-tennis/roster/2025-26
ten_333d93cbe16a,Salakthip,Ounmuang,tennis,2025-26,2026,D1,Women,Southeastern Conference,Oklahoma,,Player,So.,So,"Bangkok, Thailand",Bangkok,,international,,0,https://soonersports.com/sports/womens-tennis/roster/2025-26
ten_9b189ecd5b9f,Oyinlomo,Quadre,tennis,2025-26,2026,D1,Women,Southeastern Conference,Oklahoma,,Player,Sr.,Sr,"Lekki, Nigeria",Lekki,,international,Florida International,0,https://soonersports.com/sports/womens-tennis/roster/2025-26
ten_4e3a1bdd95c2,Irmak,Budak,tennis,2025-26,2026,D1,Women,Mid-American Conference,NIU,"5'8""",Player,So.,So,"Istanbul, Turkey",Istanbul,,international,SAJEV,0,https://niuhuskies.com/sports/womens-tennis/roster/2025-26
ten_de2bf1241c34,Rebeca,Garcia Miralles,tennis,2025-26,2026,D1,Women,Mid-American Conference,NIU,"5'3""",Player,Fr.,Fr,"Castellón, Spain",Castellón,,international,IES Sos Baynat,0,https://niuhuskies.com/sports/womens-tennis/roster/2025-26
ten_b537cf74d184,Jenna,Horne,tennis,2025-26,2026,D1,Women,Mid-American Conference,NIU,"5'5""",Player,Sr.,Sr,"Glenview, Ill.",Glenview,IL,domestic,Glenbrook South,0,https://niuhuskies.com/sports/womens-tennis/roster/2025-26
ten_d4e53212ecf7,Malika,Kabdesh,tennis,2025-26,2026,D1,Women,Mid-American Conference,NIU,"5'6""",Player,Fr.,Fr,"Valencia, Spain",Valencia,,international,Akbulak 1-Astana Physical Technical Lyceum,0,https://niuhuskies.com/sports/womens-tennis/roster/2025-26
ten_fd954fba96c8,Theodora,Kousiou,tennis,2025-26,2026,D1,Women,Mid-American Conference,NIU,"5'8""",Player,So.,So,"Thessaloniki, Greece",Thessaloniki,,international,Aristotelio College,0,https://niuhuskies.com/sports/womens-tennis/roster/2025-26
ten_a5b1e2fe5040,Nataly,Ninova,tennis,2025-26,2026,D1,Women,Mid-American Conference,NIU,"5'3""",Player,Sr.,Sr,"Palma de Mallorca, Spain",Palma de Mallorca,,international,IES Centre De Tecnificacio Esportiva IB,0,https://niuhuskies.com/sports/womens-tennis/roster/2025-26
ten_c88a0bcaf8c2,Isabella,Righi,tennis,2025-26,2026,D1,Women,Mid-American Conference,NIU,"5'5""",Player,Sr.,Sr,"Palma de Mallorca, Spain",Palma de Mallorca,,international,IES Centre de Tecnificacio Esportiva IB,0,https://niuhuskies.com/sports/womens-tennis/roster/2025-26
ten_24361ca94a59,Sophia,Shlyakhta,tennis,2025-26,2026,D1,Women,Mid-American Conference,NIU,"5'4""",Player,Fr.,Fr,"Vernon Hills, IL",Vernon Hills,IL,domestic,Stevenson,0,https://niuhuskies.com/sports/womens-tennis/roster/2025-26
ten_362ba5fb6a2a,Lucia,Yecora,tennis,2025-26,2026,D1,Women,Mid-American Conference,NIU,"5'4""",Player,So.,So,"Seville, Spain",Seville,,international,IES V Centenario School,0,https://niuhuskies.com/sports/womens-tennis/roster/2025-26
ten_96c7358c9cff,Hadley,Appling,tennis,2025-26,2026,D1,Women,Big Ten Conference,Oregon,,Player,Fr.,Fr,"Louisville, Ky.",Louisville,KY,domestic,IMG Academy,1,https://goducks.com/sports/womens-tennis/roster/2025-26
ten_8a1bb0177480,Virginia,Crocker,tennis,2025-26,2026,D1,Women,Big Ten Conference,Oregon,,Player,Fr.,Fr,"Metairie, La.",Metairie,LA,domestic,,0,https://goducks.com/sports/womens-tennis/roster/2025-26
ten_d9aac63bd54d,Patsy,Daughters,tennis,2025-26,2026,D1,Women,Big Ten Conference,Oregon,,Player,So.,So,"Eugene, Ore.",Eugene,OR,domestic,,0,https://goducks.com/sports/womens-tennis/roster/2025-26
ten_6083d680ce16,Hinata,Furutani,tennis,2025-26,2026,D1,Women,Big Ten Conference,Oregon,,Player,Fr.,Fr,"Tokyo, Japan",Tokyo,,international,,0,https://goducks.com/sports/womens-tennis/roster/2025-26
ten_641b88e5bfcd,Tilde,Jagare,tennis,2025-26,2026,D1,Women,Big Ten Conference,Oregon,,Player,Jr.,Jr,"Gävle, Sweden",Gävle,,international,Akademi Båstad Gymnasium,0,https://goducks.com/sports/womens-tennis/roster/2025-26
ten_93c9e738743f,Avery,Jennings,tennis,2025-26,2026,D1,Women,Big Ten Conference,Oregon,,Player,So.,So,"Naples, Fla.",Naples,FL,domestic,,0,https://goducks.com/sports/womens-tennis/roster/2025-26
ten_46dedd7610bc,Bridget,Mihulka,tennis,2025-26,2026,D1,Women,Big Ten Conference,Oregon,,Player,So.,So,"Maribyrnong, Australia",Maribyrnong,,international,,0,https://goducks.com/sports/womens-tennis/roster/2025-26
ten_0fcb2425d6b3,Juliet,Santitto,tennis,2025-26,2026,D1,Women,Big Ten Conference,Oregon,,Player,So.,So,"Forest Glen, Australia",Forest Glen,,international,Sunshine Coast Grammar School,0,https://goducks.com/sports/womens-tennis/roster/2025-26
ten_e2c55713d9c6,Olivia,Symons,tennis,2025-26,2026,D1,Women,Big Ten Conference,Oregon,,Player,R-Sr.,Sr,"Leopold, Australia",Leopold,,international,Virtual School,0,https://goducks.com/sports/womens-tennis/roster/2025-26
ten_3d5056eb4481,Sasha,Motlagh,tennis,2025-26,2026,D1,Women,Ivy League,Penn,,Player,Jr.,Jr,"Dallas, Texas",Dallas,TX,domestic,Greenhill School,0,https://pennathletics.com/sports/womens-tennis/roster/2025-26
ten_68a3d34e0b8d,Joleen,Saw,tennis,2025-26,2026,D1,Women,Ivy League,Penn,,Player,Fr.,Fr,"Subang Jaya, Malaysia",Subang Jaya,,international,Laurel Springs,0,https://pennathletics.com/sports/womens-tennis/roster/2025-26
ten_0255c91c8468,Lara,Stojanovski,tennis,2025-26,2026,D1,Women,Ivy League,Penn,,Player,So.,So,"Belgrade, Serbia",Belgrade,,international,Crnjanski,0,https://pennathletics.com/sports/womens-tennis/roster/2025-26
ten_21c39909b8a5,Liza,Tkachenko,tennis,2025-26,2026,D1,Women,Ivy League,Penn,,Player,Jr.,Jr,"Boca Raton, Fla.",Boca Raton,FL,domestic,,0,https://pennathletics.com/sports/womens-tennis/roster/2025-26
ten_362ac124481a,Maya,Urata,tennis,2025-26,2026,D1,Women,Ivy League,Penn,,Player,Sr.,Sr,"La Cañada, Calif.",La Cañada,CA,domestic,La Cañada,0,https://pennathletics.com/sports/womens-tennis/roster/2025-26
ten_0c1877967680,Varsha,Vedula,tennis,2025-26,2026,D1,Women,Ivy League,Penn,,Player,Fr.,Fr,"Cary, N.C.",Cary,NC,domestic,Crossroads Flex,0,https://pennathletics.com/sports/womens-tennis/roster/2025-26
ten_81384c1096e1,Esha,Velaga,tennis,2025-26,2026,D1,Women,Ivy League,Penn,,Player,Jr.,Jr,"Colmar, Pa.",Colmar,PA,domestic,North Penn,0,https://pennathletics.com/sports/womens-tennis/roster/2025-26
ten_0e16ba013232,Sarah,Wang,tennis,2025-26,2026,D1,Women,Ivy League,Penn,,Player,So.,So,"Lake Forest, Ill.",Lake Forest,IL,domestic,Adlai E. Stevenson High School,0,https://pennathletics.com/sports/womens-tennis/roster/2025-26
ten_e881c4de485d,Brianna,Baldi,tennis,2025-26,2026,D1,Women,Big Ten Conference,Penn St.,,Player,,UNK,"Greensboro, N.C.",Greensboro,NC,domestic,,0,https://gopsusports.com/sports/womens-tennis/roster
ten_9c07a2697de6,Jordina,Cegarra,tennis,2025-26,2026,D1,Women,Big Ten Conference,Penn St.,,Player,,UNK,"Barcelona, Spain",Barcelona,,international,,0,https://gopsusports.com/sports/womens-tennis/roster
ten_934eb718fa95,Maria,Daciana Ciubotaru,tennis,2025-26,2026,D1,Women,Big Ten Conference,Penn St.,,Player,,UNK,"Focsani, Romania",Focsani,,international,,0,https://gopsusports.com/sports/womens-tennis/roster
ten_f297852a1e7a,Ansley,Cox,tennis,2025-26,2026,D1,Women,Big Ten Conference,Penn St.,,Player,,UNK,"Vestavia, Ala.",Vestavia,AL,domestic,,0,https://gopsusports.com/sports/womens-tennis/roster
ten_33c6d3a5633f,Katerina,Dimitrova,tennis,2025-26,2026,D1,Women,Big Ten Conference,Penn St.,,Player,,UNK,"Plovdiv, Bulgaria",Plovdiv,,international,,0,https://gopsusports.com/sports/womens-tennis/roster
ten_ab66c3394d4c,Olivia,Dorner,tennis,2025-26,2026,D1,Women,Big Ten Conference,Penn St.,,Player,,UNK,"Williamsport, Pa.",Williamsport,PA,domestic,,0,https://gopsusports.com/sports/womens-tennis/roster
ten_dd583e477931,Patricia,Grigoras,tennis,2025-26,2026,D1,Women,Big Ten Conference,Penn St.,,Player,,UNK,"Middle Village, N.Y.",Middle Village,NY,domestic,,0,https://gopsusports.com/sports/womens-tennis/roster
ten_ff81c8515ef8,Maelie,Monfils,tennis,2025-26,2026,D1,Women,Big Ten Conference,Penn St.,,Player,,UNK,"Paris, France",Paris,,international,,0,https://gopsusports.com/sports/womens-tennis/roster
ten_bddca27f5b14,Maiko,Uchijima,tennis,2025-26,2026,D1,Women,Big Ten Conference,Penn St.,,Player,,UNK,"Tokyo, Japan",Tokyo,,international,,0,https://gopsusports.com/sports/womens-tennis/roster
ten_ec80474a6385,Kate,Zink,tennis,2025-26,2026,D1,Women,Big Ten Conference,Penn St.,,Player,,UNK,"Lancaster, Pa.",Lancaster,PA,domestic,,0,https://gopsusports.com/sports/womens-tennis/roster
ten_32608a964125,Milana,Bozhko,tennis,2025-26,2026,D1,Women,The Summit League,Oral Roberts,,Player,So.,So,"Minsk, Belarus",Minsk,,international,Secondary School,0,https://oruathletics.com/sports/womens-tennis/roster/2025-26
ten_93f423e6dc84,Cassie,Cervantes,tennis,2025-26,2026,D1,Women,The Summit League,Oral Roberts,,Player,Jr.,Jr,"Bentonville, Ark.",Bentonville,AR,domestic,Bentonville West HS,0,https://oruathletics.com/sports/womens-tennis/roster/2025-26
ten_5f3e682e6b75,Annelise,Deer,tennis,2025-26,2026,D1,Women,The Summit League,Oral Roberts,,Player,Jr.,Jr,"Roger, Ark.",Roger,AR,domestic,Rogers High School,0,https://oruathletics.com/sports/womens-tennis/roster/2025-26
ten_4ef2fd58127c,Cecilia,Franzin,tennis,2025-26,2026,D1,Women,The Summit League,Oral Roberts,,Player,So.,So,"Trieste, Italy",Trieste,,international,Springdale Prepatory,0,https://oruathletics.com/sports/womens-tennis/roster/2025-26
ten_34fa79ce133c,Ava,Goodell,tennis,2025-26,2026,D1,Women,The Summit League,Oral Roberts,,Player,So.,So,Edmond Okla.,Edmond Okla.,,international,Edmond Memorial,0,https://oruathletics.com/sports/womens-tennis/roster/2025-26
ten_6f602e43751f,Chase,Holloway,tennis,2025-26,2026,D1,Women,The Summit League,Oral Roberts,,Player,Fr.,Fr,"Albuquerque, NM",Albuquerque,NM,domestic,La Cueva High School,0,https://oruathletics.com/sports/womens-tennis/roster/2025-26
ten_b42e44f894a6,Miranda,Noor,tennis,2025-26,2026,D1,Women,The Summit League,Oral Roberts,,Player,Jr.,Jr,"Caracas, Venezuela",Caracas,,international,Instituto Escuela,0,https://oruathletics.com/sports/womens-tennis/roster/2025-26
ten_a1c09967a3ad,Natalia,Perez,tennis,2025-26,2026,D1,Women,The Summit League,Oral Roberts,,Player,Fr.,Fr,"San Juan del Rîo, Querétaro, México",San Juan del Rîo,,international,Instituto Bilingüe Victoria,0,https://oruathletics.com/sports/womens-tennis/roster/2025-26
ten_8e6784b1c26a,Abby,Wise,tennis,2025-26,2026,D1,Women,The Summit League,Oral Roberts,,Player,Jr.,Jr,"Tulsa, Okla.",Tulsa,OK,domestic,Holland Hall,0,https://oruathletics.com/sports/womens-tennis/roster/2025-26
ten_d44ff13a99ce,Hana,Abdelhamid,tennis,2025-26,2026,D1,Women,Big Sky Conference,Portland St.,,Player,So.,So,"Alexandria, Egypt",Alexandria,,international,Future Language School,0,https://goviks.com/sports/womens-tennis/roster/2025-26
ten_2e37539d42e9,Marta,Giglio,tennis,2025-26,2026,D1,Women,Big Sky Conference,Portland St.,,Player,So.,So,"Sicily, Italy",Sicily,,international,Liceo Galileo Galilei,0,https://goviks.com/sports/womens-tennis/roster/2025-26
ten_a0b620e0649a,Kasumi,Hirayama,tennis,2025-26,2026,D1,Women,Big Sky Conference,Portland St.,,Player,So.,So,"Tokyo, Japan",Tokyo,,international,Marryatville HS (AU),0,https://goviks.com/sports/womens-tennis/roster/2025-26
ten_8cd78e2ee069,Anjola,Ige,tennis,2025-26,2026,D1,Women,Big Sky Conference,Portland St.,,Player,Fr.,Fr,"Sydney, Australia",Sydney,,international,Meriden School,0,https://goviks.com/sports/womens-tennis/roster/2025-26
ten_1a4daf0f880f,Scarlett,Perkins,tennis,2025-26,2026,D1,Women,Big Sky Conference,Portland St.,,Player,Jr.,Jr,"Marlow, England",Marlow,,international,,0,https://goviks.com/sports/womens-tennis/roster/2025-26
ten_7ac41fcf8d08,Nene,Uemura,tennis,2025-26,2026,D1,Women,Big Sky Conference,Portland St.,,Player,So.,So,Japan,Japan,,international,Tokyo HS,0,https://goviks.com/sports/womens-tennis/roster/2025-26
ten_9085d86555f2,Nadine,Arbaizar Martinez,tennis,2025-26,2026,D1,Women,West Coast Conference,Portland,"5'6""",Player,Jr.,Jr,"Vitoria, Spain",Vitoria,,international,Colegio Preuniversitario Más Camarena,0,https://portlandpilots.com/sports/womens-tennis/roster/2025-26
ten_7a84cd333b62,Kylie,Canubida,tennis,2025-26,2026,D1,Women,West Coast Conference,Portland,"5'3""",Player,Sr.,Sr,"Mililani, Hawai'i",Mililani,HI,domestic,Mid-Pacific Institute,0,https://portlandpilots.com/sports/womens-tennis/roster/2025-26
ten_365de0c3eb17,Lexie,Flores,tennis,2025-26,2026,D1,Women,West Coast Conference,Portland,,Player,So.,So,"Riverside, Calif.",Riverside,CA,domestic,Martin Luther King Jr. HS,0,https://portlandpilots.com/sports/womens-tennis/roster/2025-26
ten_d9ac3bcb1b2e,Maria,Galatescu,tennis,2025-26,2026,D1,Women,West Coast Conference,Portland,"5'6""",Player,So.,So,"Wellington, New Zealand",Wellington,,international,,0,https://portlandpilots.com/sports/womens-tennis/roster/2025-26
ten_3b1f56328e1b,Kennedy,Harris,tennis,2025-26,2026,D1,Women,West Coast Conference,Portland,,Player,Fr.,Fr,"Portland, Ore.",Portland,OR,domestic,LaSalle HS,0,https://portlandpilots.com/sports/womens-tennis/roster/2025-26
ten_20435bef58b6,Meagan,Pearson,tennis,2025-26,2026,D1,Women,West Coast Conference,Portland,"5'10""",Player,Sr.,Sr,"Kirkland, Wash",Kirkland,WA,domestic,Tesla STEM HS,0,https://portlandpilots.com/sports/womens-tennis/roster/2025-26
ten_4c2fa89b8206,Dariya,Radulova,tennis,2025-26,2026,D1,Women,West Coast Conference,Portland,,Player,Gr.,Gr,"Stara Zagora, Bulgaria",Stara Zagora,,international,Ekzarh Antim HS / Virginia Tech,0,https://portlandpilots.com/sports/womens-tennis/roster/2025-26
ten_46a6b32c5bb4,Alaia,Rubio Perez,tennis,2025-26,2026,D1,Women,West Coast Conference,Portland,"5'6""",Player,Sr.,Sr,"London, England",London,,international,Newstead Wood Grammar School,0,https://portlandpilots.com/sports/womens-tennis/roster/2025-26
ten_e4d23e6b0185,Katherine,Bauer,tennis,2025-26,2026,D1,Women,Big South Conference,Presbyterian,"5'3""",Player,Fr.,Fr,"Spartanburg, SC",Spartanburg,SC,domestic,Spartanburg Day School,0,https://gobluehose.com/sports/womens-tennis/roster/2025-26
ten_5fbc2b56f066,Ladina,Bruhin,tennis,2025-26,2026,D1,Women,Big South Conference,Presbyterian,"5'6""",Player,Fr.,Fr,"Weinfelden, Switzerland",Weinfelden,,international,Pädagogische Maturitätsschule Kreuzlingen,0,https://gobluehose.com/sports/womens-tennis/roster/2025-26
ten_595910c776a3,McKenzie,Davis,tennis,2025-26,2026,D1,Women,Big South Conference,Presbyterian,"5'11""",Player,Sr.,Sr,"Florence, SC",Florence,SC,domestic,Trinity Collegiate,0,https://gobluehose.com/sports/womens-tennis/roster/2025-26
ten_23f91c19b076,Grace,Katzman,tennis,2025-26,2026,D1,Women,Big South Conference,Presbyterian,"5'8""",Player,So.,So,"Hilton Head Island, SC",Hilton Head Island,SC,domestic,Home School,0,https://gobluehose.com/sports/womens-tennis/roster/2025-26
ten_220dcf850e5c,Mary,Ellen Longmire,tennis,2025-26,2026,D1,Women,Big South Conference,Presbyterian,"5'7""",Player,So.,So,"Baton Rouge, LA",Baton Rouge,LA,domestic,University Laboratory School,0,https://gobluehose.com/sports/womens-tennis/roster/2025-26
ten_69be27d18a05,Luciana,Parrilli,tennis,2025-26,2026,D1,Women,Big South Conference,Presbyterian,"5'6""",Player,Fr.,Fr,"Hilton Head Island, SC",Hilton Head Island,SC,domestic,Hilton Head Prep,1,https://gobluehose.com/sports/womens-tennis/roster/2025-26
ten_4d0d18420e37,Sofia,Rodrigo Hidalgo,tennis,2025-26,2026,D1,Women,Big South Conference,Presbyterian,"5'5""",Player,Jr.,Jr,"Valencia, Spain",Valencia,,international,,,https://gobluehose.com/sports/womens-tennis/roster/2025-26
ten_821b3062f2ee,Elle,Sceney,tennis,2025-26,2026,D1,Women,Big South Conference,Presbyterian,"5'3""",Player,So.,So,"Cumming, GA",Cumming,GA,domestic,West Forsyth HS,0,https://gobluehose.com/sports/womens-tennis/roster/2025-26
ten_081c321ef638,Roxy,Valdés,tennis,2025-26,2026,D1,Women,Big South Conference,Presbyterian,"5'8""",Player,Fr.,Fr,"La Habana, Cuba",La Habana,,international,Giraldo Córdova Cardín,0,https://gobluehose.com/sports/womens-tennis/roster/2025-26
ten_84157198e262,Sophie,Ahlberg,tennis,2025-26,2026,D1,Women,Big East Conference,Providence,,Player,Fr.,Fr,"Danbury, Conn.",Danbury,CT,domestic,Immaculate School,0,https://friars.com/sports/womens-tennis/roster/2025-26
ten_2832758c1ffa,Camila,Barrera,tennis,2025-26,2026,D1,Women,Big East Conference,Providence,,Player,Jr.,Jr,"Wyckoff, N.J.",Wyckoff,NJ,domestic,K12 International Academy,1,https://friars.com/sports/womens-tennis/roster/2025-26
ten_bfa0a74ff74e,Erika,Beltran,tennis,2025-26,2026,D1,Women,Big East Conference,Providence,,Player,Jr.,Jr,"Lerma, Mexico",Lerma,,international,IMG Academy,1,https://friars.com/sports/womens-tennis/roster/2025-26
ten_cdd9a55817c2,Flora,Eidson,tennis,2025-26,2026,D1,Women,Big East Conference,Providence,,Player,So.,So,"St. Louis, Mo.",St. Louis,MO,domestic,Visitation Academy,1,https://friars.com/sports/womens-tennis/roster/2025-26
ten_ac330e56ed6a,Lauren,Krise,tennis,2025-26,2026,D1,Women,Big East Conference,Providence,,Player,Fr.,Fr,"Edmond, Okla.",Edmond,OK,domestic,Edmond Memorial,0,https://friars.com/sports/womens-tennis/roster/2025-26
ten_c01e051f8b7e,Audrey,Magnusen,tennis,2025-26,2026,D1,Women,Big East Conference,Providence,,Player,Gr.,Gr,"Norwalk, Conn.",Norwalk,CT,domestic,St. Luke's School,0,https://friars.com/sports/womens-tennis/roster/2025-26
ten_4fd95a135ab2,Gabriella,Plonowski,tennis,2025-26,2026,D1,Women,Big East Conference,Providence,,Player,So.,So,"Mill Valley, Calif.",Mill Valley,CA,domestic,Tamalpais,0,https://friars.com/sports/womens-tennis/roster/2025-26
ten_78d3cad421af,Allison,Root,tennis,2025-26,2026,D1,Women,Big East Conference,Providence,,Player,So.,So,"Elverson, Pa.",Elverson,PA,domestic,Owen J. Roberts,0,https://friars.com/sports/womens-tennis/roster/2025-26
ten_995c10b7b9dd,Anushka,Ashar,tennis,2025-26,2026,D1,Women,American Conference,Rice,,Player,Jr.,Jr,"Boca Raton, Florida",Boca Raton,FL,domestic,,0,https://riceowls.com/sports/womens-tennis/roster/2025-26
ten_946b72b7fe38,Uma,Bakaityte,tennis,2025-26,2026,D1,Women,American Conference,Rice,,Player,Jr.,Jr,"Kaunas, Lithuania",Kaunas,,international,Kaunas Jesuit High School,0,https://riceowls.com/sports/womens-tennis/roster/2025-26
ten_f4d45c2ad3da,Daniela,Chica,tennis,2025-26,2026,D1,Women,American Conference,Rice,,Player,Fr.,Fr,"Miami, Florida",Miami,FL,domestic,Florida Virtual School,0,https://riceowls.com/sports/womens-tennis/roster/2025-26
ten_2c1c001b4714,Francesca,Maguina,tennis,2025-26,2026,D1,Women,American Conference,Rice,,Player,So.,So,"Lima, Peru",Lima,,international,Liceo Naval Almirante Guise,0,https://riceowls.com/sports/womens-tennis/roster/2025-26
ten_a1e9e31cfcd4,Fernanda,Martinez,tennis,2025-26,2026,D1,Women,American Conference,Rice,,Player,So.,So,"Coyoacan, Mexico",Coyoacan,,international,Laurel Springs,0,https://riceowls.com/sports/womens-tennis/roster/2025-26
ten_95bd92b48083,Ema,Mravcova,tennis,2025-26,2026,D1,Women,American Conference,Rice,,Player,Fr.,Fr,"Bratislava, Slovakia",Bratislava,,international,,0,https://riceowls.com/sports/womens-tennis/roster/2025-26
ten_a01867eb547f,Valentina,Ponce,tennis,2025-26,2026,D1,Women,American Conference,Rice,,Player,So.,So,"Quito, Ecuador",Quito,,international,,0,https://riceowls.com/sports/womens-tennis/roster/2025-26
ten_cbee3a493901,Divna,Ratkovic,tennis,2025-26,2026,D1,Women,American Conference,Rice,,Player,Jr.,Jr,"Bar, Montenegro",Bar,,international,Niko Rolovic Gymnasium,0,https://riceowls.com/sports/womens-tennis/roster/2025-26
ten_e4849ebfe4fc,Darya,Schwartzman,tennis,2025-26,2026,D1,Women,American Conference,Rice,,Player,Sr.,Sr,"Modi'in-Maccabim-Re'ut, Israel",Modi'in-Maccabim-Re'ut,,international,Maccabim-Reut MOR High School,0,https://riceowls.com/sports/womens-tennis/roster/2025-26
ten_e6518671e50b,Nithesa,Selvaraj,tennis,2025-26,2026,D1,Women,American Conference,Rice,,Player,Jr.,Jr,"Brisbane, Queensland, Australia",Brisbane,,international,Virtual School,0,https://riceowls.com/sports/womens-tennis/roster/2025-26
ten_91ebcc342066,Lara,Bakhaya,tennis,2025-26,2026,D1,Women,Atlantic 10 Conference,Richmond,,Player,Sr.,Sr,"London, England",London,,international,Putney High School,0,https://richmondspiders.com/sports/womens-tennis/roster/2025-26
ten_de9d53696437,Sofia,Barbulescu,tennis,2025-26,2026,D1,Women,Atlantic 10 Conference,Richmond,,Player,So.,So,"Snagov, Romania",Snagov,,international,Liceul MIrcea Eliade,0,https://richmondspiders.com/sports/womens-tennis/roster/2025-26
ten_838085f0a8fb,Beatriz,Guerra,tennis,2025-26,2026,D1,Women,Atlantic 10 Conference,Richmond,,Player,Fr.,Fr,"Natal, Brazil",Natal,,international,Colégio Saber,0,https://richmondspiders.com/sports/womens-tennis/roster/2025-26
ten_145636acdfdb,Abby,Lee,tennis,2025-26,2026,D1,Women,Atlantic 10 Conference,Richmond,,Player,So.,So,"Daufuskie Island, S.C.",Daufuskie Island,SC,domestic,Laurel Springs HS,0,https://richmondspiders.com/sports/womens-tennis/roster/2025-26
ten_3430da92d11f,Elizabeth,Novak,tennis,2025-26,2026,D1,Women,Atlantic 10 Conference,Richmond,,Player,Sr.,Sr,"Mattawan, Mich.",Mattawan,MI,domestic,Mattawan HS,0,https://richmondspiders.com/sports/womens-tennis/roster/2025-26
ten_ccfea4ad65ef,Daniela,O'Leary,tennis,2025-26,2026,D1,Women,Atlantic 10 Conference,Richmond,,Player,Fr.,Fr,"Atlanta, Ga.",Atlanta,GA,domestic,The Mount Vernon School,0,https://richmondspiders.com/sports/womens-tennis/roster/2025-26
ten_3a8222aba8a3,Lainey,O’Neil,tennis,2025-26,2026,D1,Women,Atlantic 10 Conference,Richmond,,Player,Jr.,Jr,"Lake Forest, Ill.",Lake Forest,IL,domestic,Lake Forest HS,0,https://richmondspiders.com/sports/womens-tennis/roster/2025-26
ten_1f123ce32a99,Amy,Walsh,tennis,2025-26,2026,D1,Women,Atlantic 10 Conference,Richmond,,Player,So.,So,"Bryn Mawr, Pa.",Bryn Mawr,PA,domestic,The Agnes Irwin School,0,https://richmondspiders.com/sports/womens-tennis/roster/2025-26
ten_e86918a44cbe,Lucy,Webber,tennis,2025-26,2026,D1,Women,Atlantic 10 Conference,Richmond,,Player,Jr.,Jr,"London, England",London,,international,Putney High School,0,https://richmondspiders.com/sports/womens-tennis/roster/2025-26
ten_ea5dce97e621,Miranda,Case,tennis,2025-26,2026,D1,Women,Big Ten Conference,Rutgers,,Player,Fr.,Fr,"Haddonfield, N.J.",Haddonfield,NJ,domestic,Haddonfield Memorial,0,https://scarletknights.com/sports/womens-tennis/roster/2025-26
ten_7b0df4c8990f,Savannah,Cohen,tennis,2025-26,2026,D1,Women,Big Ten Conference,Rutgers,,Player,Fr.,Fr,"Westfield, N.J.",Westfield,NJ,domestic,Westfield,0,https://scarletknights.com/sports/womens-tennis/roster/2025-26
ten_5811867841d7,Zuzanna,Frankowska,tennis,2025-26,2026,D1,Women,Big Ten Conference,Rutgers,,Player,Jr.,Jr,"Kobylka, Poland",Kobylka,,international,Sopocka Akademia Tenisowa,0,https://scarletknights.com/sports/womens-tennis/roster/2025-26
ten_43c41527f22f,Zeynep,Ilker,tennis,2025-26,2026,D1,Women,Big Ten Conference,Rutgers,,Player,So.,So,"Bursa, Turkey",Bursa,,international,High School,0,https://scarletknights.com/sports/womens-tennis/roster/2025-26
ten_d2e9de794514,Karina,Jumazhanova,tennis,2025-26,2026,D1,Women,Big Ten Conference,Rutgers,,Player,So.,So,"Almaty, Kazakhstan",Almaty,,international,INZHU,0,https://scarletknights.com/sports/womens-tennis/roster/2025-26
ten_8b68c1e215a0,Naomi,Karki,tennis,2025-26,2026,D1,Women,Big Ten Conference,Rutgers,,Player,Jr.,Jr,"East Brunswick, N.J.",East Brunswick,NJ,domestic,East Brunswick HS,0,https://scarletknights.com/sports/womens-tennis/roster/2025-26
ten_7ec5b95e73a0,Mai,Nguyen,tennis,2025-26,2026,D1,Women,Big Ten Conference,Rutgers,,Player,Sr.,Sr,"Atlanta, Ga.",Atlanta,GA,domestic,Capstone Academy,1,https://scarletknights.com/sports/womens-tennis/roster/2025-26
ten_a690dfea9108,Stella,Schmitz,tennis,2025-26,2026,D1,Women,Big Ten Conference,Rutgers,,Player,Fr.,Fr,"New Auburn, Wis.",New Auburn,WI,domestic,Kaiserslautern High School,0,https://scarletknights.com/sports/womens-tennis/roster/2025-26
ten_52c1221bf152,Cindy,Zhou,tennis,2025-26,2026,D1,Women,Big Ten Conference,Rutgers,,Player,Jr.,Jr,"Mississauga, Ontario, Canada",Mississauga,,international,Ontario Virtual School,0,https://scarletknights.com/sports/womens-tennis/roster/2025-26
ten_2f1ebc186e2b,Savita,Bagirathan,tennis,2025-26,2026,D1,Women,Metro Atlantic Athletic Conference,Sacred Heart,,Player,Fy.,Fr,"Coral Springs, Florida",Coral Springs,FL,domestic,Marjory Stoneman Douglass,0,https://sacredheartpioneers.com/sports/womens-tennis/roster/2025-26
ten_7fdfeae71f52,Malena,del Olmo,tennis,2025-26,2026,D1,Women,Metro Atlantic Athletic Conference,Sacred Heart,,Player,Jr.,Jr,"St. John, U.S. Virgin Islands",St. John,VI,domestic,Gifft Hill School,0,https://sacredheartpioneers.com/sports/womens-tennis/roster/2025-26
ten_4921bb25266a,Olivia,Furrows,tennis,2025-26,2026,D1,Women,Metro Atlantic Athletic Conference,Sacred Heart,,Player,Jr.,Jr,"San Diego, CA",San Diego,CA,domestic,Academy of Our Lady Peace,1,https://sacredheartpioneers.com/sports/womens-tennis/roster/2025-26
ten_91f475e665d2,Nicolina,Giannola,tennis,2025-26,2026,D1,Women,Metro Atlantic Athletic Conference,Sacred Heart,,Player,Jr.,Jr,"Port Jefferson, N.Y.",Port Jefferson,NY,domestic,St. Anthony’s,0,https://sacredheartpioneers.com/sports/womens-tennis/roster/2025-26
ten_597aab19d7ea,Kailin,Gochna,tennis,2025-26,2026,D1,Women,Metro Atlantic Athletic Conference,Sacred Heart,,Player,So.,So,"Glen Head, N.Y.",Glen Head,NY,domestic,North Shore,0,https://sacredheartpioneers.com/sports/womens-tennis/roster/2025-26
ten_5dffc40e3f01,Hana,Hofmanova,tennis,2025-26,2026,D1,Women,Metro Atlantic Athletic Conference,Sacred Heart,,Player,Jr.,Jr,"Unhost, Czech Republic",Unhost,,international,"Gymnazium, Praha 6, Arabská 14 (Hawaii at Hilo)",0,https://sacredheartpioneers.com/sports/womens-tennis/roster/2025-26
ten_743e5c4d57e6,Ola,Irla Bartyzel,tennis,2025-26,2026,D1,Women,Metro Atlantic Athletic Conference,Sacred Heart,,Player,So.,So,"Mississauga, Ontario",Mississauga,,international,St. Martin Catholic,0,https://sacredheartpioneers.com/sports/womens-tennis/roster/2025-26
ten_b9757cf3ba76,Kiah,James,tennis,2025-26,2026,D1,Women,Metro Atlantic Athletic Conference,Sacred Heart,,Player,So.,So,"Melbourne, Australia",Melbourne,,international,Mentone Girls Grammar,0,https://sacredheartpioneers.com/sports/womens-tennis/roster/2025-26
ten_494d4ed1bf6f,Ava,Nelson,tennis,2025-26,2026,D1,Women,Metro Atlantic Athletic Conference,Sacred Heart,,Player,Fy.,Fr,"Elk River, Minnesota",Elk River,MN,domestic,Elk River,0,https://sacredheartpioneers.com/sports/womens-tennis/roster/2025-26
ten_61323d776cec,Brooke,Tuffs,tennis,2025-26,2026,D1,Women,Metro Atlantic Athletic Conference,Sacred Heart,,Player,Fy.,Fr,"Calgary, Alberta",Calgary,,international,Grandview Prep,1,https://sacredheartpioneers.com/sports/womens-tennis/roster/2025-26
ten_7e6caf678d6d,Olivia,Zuba,tennis,2025-26,2026,D1,Women,Metro Atlantic Athletic Conference,Sacred Heart,,Player,So.,So,"Morganville, N.J.",Morganville,NJ,domestic,Marlboro,0,https://sacredheartpioneers.com/sports/womens-tennis/roster/2025-26
ten_3601be4db403,Cathy,Cardona-Carballosa,tennis,2025-26,2026,D1,Women,Southern Conference,Samford,,Player,Fr.,Fr,"Miami, Fla.",Miami,FL,domestic,Homeschool,1,https://samfordsports.com/sports/womens-tennis/roster/2025-26
ten_f59a27e6ced8,Lea,Erenda,tennis,2025-26,2026,D1,Women,Southern Conference,Samford,,Player,So.,So,"Hall in Tirol, Austria",Hall in Tirol,,international,Federal Sports Academic High School,0,https://samfordsports.com/sports/womens-tennis/roster/2025-26
ten_14e02a08b021,Sara,Erenda,tennis,2025-26,2026,D1,Women,Southern Conference,Samford,,Player,Jr.,Jr,"Hall in Tirol, Austria",Hall in Tirol,,international,Sport BORG Innsbruck,0,https://samfordsports.com/sports/womens-tennis/roster/2025-26
ten_492861ddfb58,Laila,Fishman,tennis,2025-26,2026,D1,Women,Southern Conference,Samford,,Player,Jr.,Jr,"Morganville, N.J.",Morganville,NJ,domestic,Marlboro High School,0,https://samfordsports.com/sports/womens-tennis/roster/2025-26
ten_4e786ea88f1e,Annie,Holt,tennis,2025-26,2026,D1,Women,Southern Conference,Samford,,Player,Jr.,Jr,"Tuscaloosa, Ala.",Tuscaloosa,AL,domestic,Holy Spirit Catholic,0,https://samfordsports.com/sports/womens-tennis/roster/2025-26
ten_1d7f3926cde0,Grace,Keller,tennis,2025-26,2026,D1,Women,Southern Conference,Samford,,Player,Jr.,Jr,"Marietta, Ga.",Marietta,GA,domestic,Walton HS,0,https://samfordsports.com/sports/womens-tennis/roster/2025-26
ten_da3b2470089f,Eleni,Liakonis,tennis,2025-26,2026,D1,Women,Southern Conference,Samford,,Player,So.,So,"Knoxville, Tenn.",Knoxville,TN,domestic,Knoxville Catholic,0,https://samfordsports.com/sports/womens-tennis/roster/2025-26
ten_b1e527f7bcb0,Minyoung,Park,tennis,2025-26,2026,D1,Women,Southern Conference,Samford,,Player,Fr.,Fr,"Siheung, South Korea",Siheung,,international,Central Arkansas,0,https://samfordsports.com/sports/womens-tennis/roster/2025-26
ten_ac703a292caf,Townsend,Penney,tennis,2025-26,2026,D1,Women,Southern Conference,Samford,,Player,Fr.,Fr,"St. Petersburg Beach, Fla.",St. Petersburg Beach,FL,domestic,IMG,0,https://samfordsports.com/sports/womens-tennis/roster/2025-26
ten_955f2b09c715,Meredith,Taylor,tennis,2025-26,2026,D1,Women,Southern Conference,Samford,,Player,Sr.,Sr,"Vestavia Hills, Ala.",Vestavia Hills,AL,domestic,UNC Wilmington,0,https://samfordsports.com/sports/womens-tennis/roster/2025-26
ten_5d7379c9d7c2,Hailey,Troup,tennis,2025-26,2026,D1,Women,Southern Conference,Samford,,Player,So.,So,"Durbanville, South Africa",Durbanville,,international,Rhenish Girls School,0,https://samfordsports.com/sports/womens-tennis/roster/2025-26
ten_4f37b0c9ff80,Ella,Fitcher,tennis,2025-26,2026,D1,Women,Conference USA,Sam Houston,,Player,So.,So,"Melbourne, Australia",Melbourne,,international,Caroline Chisholm Catholic,0,https://gobearkats.com/sports/womens-tennis/roster/2025-26
ten_6d3204c1e6c7,Isabella,Garza,tennis,2025-26,2026,D1,Women,Conference USA,Sam Houston,,Player,So.,So,"Spring, Texas",Spring,TX,domestic,Connections Academy,1,https://gobearkats.com/sports/womens-tennis/roster/2025-26
ten_8c383f6d36ff,Aaliyah,Hohmann,tennis,2025-26,2026,D1,Women,Conference USA,Sam Houston,,Player,Sr.,Sr,"Saarlouis, Germany",Saarlouis,,international,Privatgymnasium HS,0,https://gobearkats.com/sports/womens-tennis/roster/2025-26
ten_363d237987f4,Christine,Jevicky,tennis,2025-26,2026,D1,Women,Conference USA,Sam Houston,,Player,Sr.,Sr,"Littleton, Colo.",Littleton,CO,domestic,Chatfield HS / Angelo State,0,https://gobearkats.com/sports/womens-tennis/roster/2025-26
ten_54a5d45c766c,Anamaria,Kurtsikashvili,tennis,2025-26,2026,D1,Women,Conference USA,Sam Houston,,Player,Fr.,Fr,"Tbilisi, Georgia",Tbilisi,GA,domestic,,0,https://gobearkats.com/sports/womens-tennis/roster/2025-26
ten_290291b4a641,Sara,Sadadinovic,tennis,2025-26,2026,D1,Women,Conference USA,Sam Houston,,Player,Jr.,Jr,"Tuzla, Bosnia & Herzegovina",Tuzla,,international,Gimnazija Ismet Mujezinovic / James Madison,0,https://gobearkats.com/sports/womens-tennis/roster/2025-26
ten_5cad873ed652,Jacqueline,Schnabel,tennis,2025-26,2026,D1,Women,Conference USA,Sam Houston,,Player,Sr.,Sr,"Austin, Texas",Austin,TX,domestic,Buda Johnson HS / Texas State,0,https://gobearkats.com/sports/womens-tennis/roster/2025-26
ten_328dca13ed7b,Nayuma,Subba,tennis,2025-26,2026,D1,Women,Conference USA,Sam Houston,,Player,Sr.,Sr,"Kanagawa, Japan",Kanagawa,,international,Shonan Institute,0,https://gobearkats.com/sports/womens-tennis/roster/2025-26
ten_2119cb0dd277,Adithi,Venkatakrishnan,tennis,2025-26,2026,D1,Women,Conference USA,Sam Houston,,Player,Sr.,Sr,"Anupuram, India",Anupuram,,international,National Institute,0,https://gobearkats.com/sports/womens-tennis/roster/2025-26
ten_03c6e36bbdcf,Gabby,Gregg,tennis,2025-26,2026,D1,Women,West Coast Conference,San Diego,"5'3""",Player,So.,So,"Sydney, Australia",Sydney,,international,POCS,0,https://usdtoreros.com/sports/womens-tennis/roster/2025-26
ten_54344db8c271,Charlotte,Keitel,tennis,2025-26,2026,D1,Women,West Coast Conference,San Diego,"5'9""",Player,Jr.,Jr,"Bad Dürkheim, Germany",Bad Dürkheim,,international,Kansas State,0,https://usdtoreros.com/sports/womens-tennis/roster/2025-26
ten_0ff5852e2c22,Vilma,Krebs Hyllested,tennis,2025-26,2026,D1,Women,West Coast Conference,San Diego,"5'6""",Player,Fr.,Fr,"Copenhagen, Denmark",Copenhagen,,international,Falkonergardens Gymnasium,0,https://usdtoreros.com/sports/womens-tennis/roster/2025-26
ten_ceffd891adb7,Ines,Leon,tennis,2025-26,2026,D1,Women,West Coast Conference,San Diego,"5'9""",Player,Fr.,Fr,"Gran Canaria, Spain",Gran Canaria,,international,CEAD Las Palmas,0,https://usdtoreros.com/sports/womens-tennis/roster/2025-26
ten_bf826d4e17a4,Anni,Moll,tennis,2025-26,2026,D1,Women,West Coast Conference,San Diego,"5'10""",Player,So.,So,"Bonn, Germany",Bonn,,international,Privatgymnasium Schwetzingen,0,https://usdtoreros.com/sports/womens-tennis/roster/2025-26
ten_cf4db96d0a4b,Kristina,Nordikyan,tennis,2025-26,2026,D1,Women,West Coast Conference,San Diego,"5'4""",Player,Jr.,Jr,"Panorama City, Calif.",Panorama City,CA,domestic,California Connections Academy,1,https://usdtoreros.com/sports/womens-tennis/roster/2025-26
ten_f9e885759eed,Hannah,Read,tennis,2025-26,2026,D1,Women,West Coast Conference,San Diego,"5'7""",Player,So.,So,"St. Albans, England",St. Albans,,international,Queenswood School,0,https://usdtoreros.com/sports/womens-tennis/roster/2025-26
ten_1a8ddf747324,Maria,Shmakova,tennis,2025-26,2026,D1,Women,West Coast Conference,San Diego,"5'5""",Player,Fr.,Fr,"Moscow, Russia",Moscow,,international,NIKA,0,https://usdtoreros.com/sports/womens-tennis/roster/2025-26
ten_d063299d5ca8,Gloria,Alogo,tennis,2025-26,2026,D1,Women,Mountain West Conference,San Diego St.,,Player,Senior,Sr,"Mallorca, Spain",Mallorca,,international,Arcadia High School,0,https://goaztecs.com/sports/womens-tennis/roster
ten_dd76e9a3015c,Jo-Yee,Chan,tennis,2025-26,2026,D1,Women,Mountain West Conference,San Diego St.,,Player,Senior,Sr,"Sugar Hill, Ga.",Sugar Hill,GA,domestic,,,https://goaztecs.com/sports/womens-tennis/roster
ten_435646f09c8b,Jayna,Clemens,tennis,2025-26,2026,D1,Women,Mountain West Conference,San Diego St.,,Player,Junior,Jr,"Lewisville, Texas",Lewisville,TX,domestic,Mississippi State,0,https://goaztecs.com/sports/womens-tennis/roster
ten_ae69727456e6,Vesa,Gjinaj,tennis,2025-26,2026,D1,Women,Mountain West Conference,San Diego St.,,Player,Junior,Jr,"Vushtrri, Kosovo",Vushtrri,,international,,,https://goaztecs.com/sports/womens-tennis/roster
ten_0c3cdcec7780,Ninon,Martinache,tennis,2025-26,2026,D1,Women,Mountain West Conference,San Diego St.,,Player,Senior,Sr,"Dunkirk, France",Dunkirk,,international,Georgia Southern,0,https://goaztecs.com/sports/womens-tennis/roster
ten_84c0cf2d9a49,Teja,Tirunelveli,tennis,2025-26,2026,D1,Women,Mountain West Conference,San Diego St.,,Player,Junior,Jr,"Keller, Texas",Keller,TX,domestic,Indiana University High School,0,https://goaztecs.com/sports/womens-tennis/roster
ten_e6e9d36b096e,Vessa,Turley,tennis,2025-26,2026,D1,Women,Mountain West Conference,San Diego St.,,Player,Freshman,Fr,"Scottsdale, Ariz.",Scottsdale,AZ,domestic,Arcadia High School,0,https://goaztecs.com/sports/womens-tennis/roster
ten_2855110129ad,Liisa,Varul,tennis,2025-26,2026,D1,Women,Mountain West Conference,San Diego St.,,Player,Sophomore,So,"Tartu, Estonia",Tartu,,international,,0,https://goaztecs.com/sports/womens-tennis/roster
ten_54514d522632,Katarina,Brajovic,tennis,2025-26,2026,D1,Women,Mountain West Conference,San Jose St.,,Player,Freshman,Fr,"Honolulu, Hawai‘i",Honolulu,HI,domestic,University Laboratory School,0,https://sjsuspartans.com/sports/womens-tennis/roster
ten_91e03e612ec8,Camila,Celis,tennis,2025-26,2026,D1,Women,Mountain West Conference,San Jose St.,,Player,Freshman,Fr,"Pachuca, Mexico",Pachuca,,international,American School,0,https://sjsuspartans.com/sports/womens-tennis/roster
ten_ea2575274675,Duru,Durgun,tennis,2025-26,2026,D1,Women,Mountain West Conference,San Jose St.,,Player,Junior,Jr,"Adana, Turkey",Adana,,international,Okyanus College,0,https://sjsuspartans.com/sports/womens-tennis/roster
ten_c3dfc0a7443e,Emma,Fantousis,tennis,2025-26,2026,D1,Women,Mountain West Conference,San Jose St.,,Player,Sophomore,So,"Varna, Bulgaria",Varna,,international,CNED (France),0,https://sjsuspartans.com/sports/womens-tennis/roster
ten_a49f736f800a,Soledad,Fayos Capilla,tennis,2025-26,2026,D1,Women,Mountain West Conference,San Jose St.,,Player,Sophomore,So,"Valencia, Spain",Valencia,,international,Escuelas San Jose Jesvitas,0,https://sjsuspartans.com/sports/womens-tennis/roster
ten_6bbe2a326bfd,Cristina,Mateos Losada,tennis,2025-26,2026,D1,Women,Mountain West Conference,San Jose St.,,Player,Sophomore,So,"Sevilla, Spain",Sevilla,,international,IES V Centenario,0,https://sjsuspartans.com/sports/womens-tennis/roster
ten_bdb59cfa0c16,Tara,Mihaljevic,tennis,2025-26,2026,D1,Women,Mountain West Conference,San Jose St.,,Player,Freshman,Fr,"Belgrade, Serbia",Belgrade,,international,Strucna Srednja Skola,0,https://sjsuspartans.com/sports/womens-tennis/roster
ten_028684eed116,Lizanne,Boyer,tennis,2025-26,2026,D1,Women,West Coast Conference,Santa Clara,"5'9""",Player,Gr.,Gr,"Dallas, Texas",Dallas,TX,domestic,Highland Park,0,https://santaclarabroncos.com/sports/womens-tennis/roster/2025-26
ten_2df5b8329376,Daniella,Dimitrova,tennis,2025-26,2026,D1,Women,West Coast Conference,Santa Clara,"5'10""",Player,Sr.,Sr,Louisville Ky.,Louisville Ky.,,international,Tennis Academy,1,https://santaclarabroncos.com/sports/womens-tennis/roster/2025-26
ten_2fb7841a015b,Tian,Yu Dong,tennis,2025-26,2026,D1,Women,West Coast Conference,Santa Clara,"5'7""",Player,Sr.,Sr,"Brisbane, Australia",Brisbane,,international,Brisbane State,0,https://santaclarabroncos.com/sports/womens-tennis/roster/2025-26
ten_b4479cd13912,Ashley,Katz,tennis,2025-26,2026,D1,Women,West Coast Conference,Santa Clara,"5'5""",Player,R-Fr.,Fr,"Sydney, Australia",Sydney,,international,Finigan School,0,https://santaclarabroncos.com/sports/womens-tennis/roster/2025-26
ten_1ba3a819c4e5,Juliette,Krumholz,tennis,2025-26,2026,D1,Women,West Coast Conference,Santa Clara,"5'5""",Player,So.,So,"Orinda, Calif.",Orinda,CA,domestic,Miramonte,0,https://santaclarabroncos.com/sports/womens-tennis/roster/2025-26
ten_736282dddca1,Jamie,Pope,tennis,2025-26,2026,D1,Women,West Coast Conference,Santa Clara,"5'4""",Player,Sr.,Sr,"Napa, Calif.",Napa,CA,domestic,Vintage,0,https://santaclarabroncos.com/sports/womens-tennis/roster/2025-26
ten_766befee0806,Anna,Rahman,tennis,2025-26,2026,D1,Women,West Coast Conference,Santa Clara,"5'3""",Player,So.,So,"Tokyo, Japan",Tokyo,,international,Elite Open School,0,https://santaclarabroncos.com/sports/womens-tennis/roster/2025-26
ten_f772b7fdec83,Madhu,Satishbabu,tennis,2025-26,2026,D1,Women,West Coast Conference,Santa Clara,"5'6""",Player,So.,So,"Redmond, Wash.",Redmond,WA,domestic,Lake Washington,0,https://santaclarabroncos.com/sports/womens-tennis/roster/2025-26
ten_8f064a10964e,Anna,Semler,tennis,2025-26,2026,D1,Women,West Coast Conference,Santa Clara,"5'11""",Player,Sr.,Sr,"Portland, Ore.",Portland,OR,domestic,Catlin Gabel School,0,https://santaclarabroncos.com/sports/womens-tennis/roster/2025-26
ten_6ff5fdf87478,Selma,Bellaouchi,tennis,2025-26,2026,D1,Women,Metro Atlantic Athletic Conference,Siena,"5'3""",Player,Fr.,Fr,"Casablanca, Morocco",Casablanca,,international,Lycée français Léon l’africain,0,https://sienasaints.com/sports/womens-tennis/roster/2025-26
ten_2cfcb68280fc,Madeline,De Faber-Schumacher,tennis,2025-26,2026,D1,Women,Metro Atlantic Athletic Conference,Siena,"5'5""",Player,Sr.,Sr,"Phoenixville, PA",Phoenixville,PA,domestic,Laurel Springs School,0,https://sienasaints.com/sports/womens-tennis/roster/2025-26
ten_7dfdb4e51c27,Manuela,Gomez,tennis,2025-26,2026,D1,Women,Metro Atlantic Athletic Conference,Siena,"5'7""",Player,Jr.,Jr,"Bogota, Colombia",Bogota,,international,Gimnasio Los Caobos,0,https://sienasaints.com/sports/womens-tennis/roster/2025-26
ten_db6aa6f74420,Reegan,Mullaney,tennis,2025-26,2026,D1,Women,Metro Atlantic Athletic Conference,Siena,"5'7""",Player,Sr.,Sr,"Edina, MN",Edina,MN,domestic,IMG Academy,1,https://sienasaints.com/sports/womens-tennis/roster/2025-26
ten_0ae6e5751cde,Zaara,Omar,tennis,2025-26,2026,D1,Women,Metro Atlantic Athletic Conference,Siena,"5'4""",Player,Jr.,Jr,"Castelldefels, Spain",Castelldefels,,international,Oxford Online Learning,0,https://sienasaints.com/sports/womens-tennis/roster/2025-26
ten_b85136a6d801,Andrea,Vargas,tennis,2025-26,2026,D1,Women,Metro Atlantic Athletic Conference,Siena,"5'5""",Player,Jr.,Jr,"Lima, Peru / Colegio Peruano Norteamericano Abraham Lincoln (Northeastern State University",Lima,,international,,0,https://sienasaints.com/sports/womens-tennis/roster/2025-26
ten_9d8890ef7544,Kenza,Elakili,tennis,2025-26,2026,D1,Women,Sun Belt Conference,South Alabama,"5'7""",Player,So.,So,"Casablanca, Morocco",Casablanca,,international,Edoption Academy,1,https://usajaguars.com/sports/womens-tennis/roster/2025-26
ten_b33e10055579,Manal,Ennaciri,tennis,2025-26,2026,D1,Women,Sun Belt Conference,South Alabama,"5'4""",Player,Jr.,Jr,"Mohammedia, Morocco",Mohammedia,,international,Edoption Academy,1,https://usajaguars.com/sports/womens-tennis/roster/2025-26
ten_ced4905e3889,Rio,Maeda,tennis,2025-26,2026,D1,Women,Sun Belt Conference,South Alabama,"5'3""",Player,So.,So,"Tokyo, Japan",Tokyo,,international,Urawareimi High School,0,https://usajaguars.com/sports/womens-tennis/roster/2025-26
ten_5dca1373b53b,Jade,Marie,tennis,2025-26,2026,D1,Women,Sun Belt Conference,South Alabama,"5'6""",Player,Sr.,Sr,"Esbly, France",Esbly,,international,,0,https://usajaguars.com/sports/womens-tennis/roster/2025-26
ten_60b8eafe8da7,Ava,Rath,tennis,2025-26,2026,D1,Women,Sun Belt Conference,South Alabama,"5'2""",Player,Jr.,Jr,"Tuscaloosa, Ala.",Tuscaloosa,AL,domestic,,0,https://usajaguars.com/sports/womens-tennis/roster/2025-26
ten_c68bd8ffc908,Jana,Rovira,tennis,2025-26,2026,D1,Women,Sun Belt Conference,South Alabama,"5'7""",Player,Jr.,Jr,"Puigcerdà, Spain",Puigcerdà,,international,,0,https://usajaguars.com/sports/womens-tennis/roster/2025-26
ten_6b7cbcc70f14,Cristina,Tchanichev,tennis,2025-26,2026,D1,Women,Sun Belt Conference,South Alabama,"5'6""",Player,Sr.,Sr,"Liege, Belgium",Liege,,international,Promotion Social,0,https://usajaguars.com/sports/womens-tennis/roster/2025-26
ten_d356bc8d41a1,Bente,Bierma,tennis,2025-26,2026,D1,Women,Southland Conference,Southeastern La.,"5'7""",Player,Jr.,Jr,"Kapelle, The Netherlands",Kapelle,,international,,0,https://lionsports.net/sports/womens-tennis/roster/2025-26
ten_d360d5965c85,Taisia,Bolsova,tennis,2025-26,2026,D1,Women,Southland Conference,Southeastern La.,"5'11""",Player,Jr.,Jr,"Palafrugell, Girona, Spain",Palafrugell,,international,,0,https://lionsports.net/sports/womens-tennis/roster/2025-26
ten_a2c96b72c637,Aitana,Darder,tennis,2025-26,2026,D1,Women,Southland Conference,Southeastern La.,"5'8""",Player,So.,So,"Valencia, Spain",Valencia,,international,,0,https://lionsports.net/sports/womens-tennis/roster/2025-26
ten_00d1a03c2407,Paige,Duncan,tennis,2025-26,2026,D1,Women,Southland Conference,Southeastern La.,,Player,Sr.,Sr,"Denham Springs, La.",Denham Springs,LA,domestic,,0,https://lionsports.net/sports/womens-tennis/roster/2025-26
ten_2d42bd95352d,Mariam,Makashvili,tennis,2025-26,2026,D1,Women,Southland Conference,Southeastern La.,,Player,Fr.,Fr,"Tbilisi, Georgia",Tbilisi,GA,domestic,,0,https://lionsports.net/sports/womens-tennis/roster/2025-26
ten_9de413bba0ee,Anicka,Panchartek,tennis,2025-26,2026,D1,Women,Southland Conference,Southeastern La.,"6'4""",Player,So.,So,"Liberec, Czech Republic",Liberec,,international,,0,https://lionsports.net/sports/womens-tennis/roster/2025-26
ten_0fac0af61ce8,Panatchakorn,Suanarsa,tennis,2025-26,2026,D1,Women,Southland Conference,Southeastern La.,"5'6""",Player,Sr.,Sr,"Nakhonsawan, Thailand",Nakhonsawan,,international,,0,https://lionsports.net/sports/womens-tennis/roster/2025-26
ten_4de1e1814f81,Mariam,Tetradze,tennis,2025-26,2026,D1,Women,Southland Conference,Southeastern La.,,Player,Fr.,Fr,"Tbilisi, Georgia",Tbilisi,GA,domestic,,0,https://lionsports.net/sports/womens-tennis/roster/2025-26
ten_73becf49482b,Adriana,Tirado,tennis,2025-26,2026,D1,Women,Southland Conference,Southeastern La.,,Player,Fr.,Fr,"Catellon, Spain",Catellon,,international,,0,https://lionsports.net/sports/womens-tennis/roster/2025-26
ten_7685b6affcdd,Bella,Bergqvist Larsson,tennis,2025-26,2026,D1,Women,Southeastern Conference,South Carolina,,Player,Sophomore,So,"Bastad, Sweden",Bastad,,international,,0,https://gamecocksonline.com/sports/wten/roster/
ten_641fa8abca08,Sara,Borkop,tennis,2025-26,2026,D1,Women,Southeastern Conference,South Carolina,,Player,Freshman,Fr,"Copenhagen, Denmark",Copenhagen,,international,,0,https://gamecocksonline.com/sports/wten/roster/
ten_f029375c8937,Helena,Buchwald,tennis,2025-26,2026,D1,Women,Southeastern Conference,South Carolina,,Player,Sophomore,So,"Berlin, Germany",Berlin,,international,,0,https://gamecocksonline.com/sports/wten/roster/
ten_0bf900d576dd,Kaitlyn,Carnicella,tennis,2025-26,2026,D1,Women,Southeastern Conference,South Carolina,,Player,Junior,Jr,"Whippany, N.J.",Whippany,NJ,domestic,,,https://gamecocksonline.com/sports/wten/roster/
ten_1bbbc827a3d2,Anna,Claire Roof,tennis,2025-26,2026,D1,Women,Southeastern Conference,South Carolina,,Player,Sophomore,So,"Conway, S.C.",Conway,SC,domestic,,0,https://gamecocksonline.com/sports/wten/roster/
ten_2704d8feaadb,Jane,Dunyon,tennis,2025-26,2026,D1,Women,Southeastern Conference,South Carolina,,Player,Freshman,Fr,"Huntsville, Utah",Huntsville,UT,domestic,,0,https://gamecocksonline.com/sports/wten/roster/
ten_df02c0fcfebd,Lauren,Friedman,tennis,2025-26,2026,D1,Women,Southeastern Conference,South Carolina,,Player,Fifth Year,UNK,"Newport Beach, Calif.",Newport Beach,CA,domestic,Fusion Academy,0,https://gamecocksonline.com/sports/wten/roster/
ten_7f4b3e7172db,Taylor,Goetz,tennis,2025-26,2026,D1,Women,Southeastern Conference,South Carolina,,Player,Sophomore,So,"Greenlawn, N.Y.",Greenlawn,NY,domestic,Dwight Global Online School,0,https://gamecocksonline.com/sports/wten/roster/
ten_e298b9588cfd,Daniela,Piani,tennis,2025-26,2026,D1,Women,Southeastern Conference,South Carolina,,Player,Freshman,Fr,"Hull, England",Hull,,international,,0,https://gamecocksonline.com/sports/wten/roster/
ten_cc29534c04a4,Jana,Stojanova,tennis,2025-26,2026,D1,Women,Southeastern Conference,South Carolina,,Player,Sophomore,So,"Skopje, Macedonia",Skopje,,international,,0,https://gamecocksonline.com/sports/wten/roster/
ten_4fecc7ef5e77,Allie,Bittner,tennis,2025-26,2026,D1,Women,Atlantic Coast Conference,SMU,,Player,FR,Fr,"Greenville, S.C.",Greenville,SC,domestic,Michigan State,0,https://smumustangs.com/sports/womens-tennis/roster/2025-26
ten_ef17b6b55efd,Addison,Comiskey,tennis,2025-26,2026,D1,Women,Atlantic Coast Conference,SMU,,Player,FR,Fr,"Montreal, Canada",Montreal,,international,,0,https://smumustangs.com/sports/womens-tennis/roster/2025-26
ten_262630bf42eb,Gina,Feistel,tennis,2025-26,2026,D1,Women,Atlantic Coast Conference,SMU,,Player,SR,Sr,"Mörfelden-Walldorf, Germany",Mörfelden-Walldorf,,international,,0,https://smumustangs.com/sports/womens-tennis/roster/2025-26
ten_1ef41150e5fa,Eliana,Kook,tennis,2025-26,2026,D1,Women,Atlantic Coast Conference,SMU,,Player,FR,Fr,"North Vancouver British Columbia, Canada",North Vancouver British Columbia,,international,,0,https://smumustangs.com/sports/womens-tennis/roster/2025-26
ten_8bc9fac65f46,Sophie,Llewellyn,tennis,2025-26,2026,D1,Women,Atlantic Coast Conference,SMU,,Player,SO,So,"Tarpon Springs, Fla.",Tarpon Springs,FL,domestic,,0,https://smumustangs.com/sports/womens-tennis/roster/2025-26
ten_9db249291ae0,Caroline,McGinley,tennis,2025-26,2026,D1,Women,Atlantic Coast Conference,SMU,,Player,JR,Jr,"Essex Fells, N.J.",Essex Fells,NJ,domestic,,0,https://smumustangs.com/sports/womens-tennis/roster/2025-26
ten_25b1fc2e30af,Elena,Mireles,tennis,2025-26,2026,D1,Women,Atlantic Coast Conference,SMU,,Player,FR,Fr,"Houston, Texas",Houston,TX,domestic,,0,https://smumustangs.com/sports/womens-tennis/roster/2025-26
ten_d6f9e96d93a3,Natalie,Stasny,tennis,2025-26,2026,D1,Women,Atlantic Coast Conference,SMU,,Player,JR,Jr,"Woodridge, Ill.",Woodridge,IL,domestic,Michigan State,0,https://smumustangs.com/sports/womens-tennis/roster/2025-26
ten_f5945406e2ad,Amelie,Van Impe,tennis,2025-26,2026,D1,Women,Atlantic Coast Conference,SMU,,Player,FR,Fr,"Wichelen, Belgium",Wichelen,,international,,0,https://smumustangs.com/sports/womens-tennis/roster/2025-26
ten_c18ff6eab912,Angelina,Blinova,tennis,2025-26,2026,D1,Women,Sun Belt Conference,Southern Miss.,,Player,Sr.,Sr,"Riga, Latvia",Riga,,international,Groton,0,https://southernmiss.com/sports/womens-tennis/roster/2025-26
ten_aa07d9ff96a1,Hannah,Chambers,tennis,2025-26,2026,D1,Women,Sun Belt Conference,Southern Miss.,,Player,Gr.,Gr,Barbados,Barbados,,international,,0,https://southernmiss.com/sports/womens-tennis/roster/2025-26
ten_63108a93bb01,Mia,Hisashi-Morrissey,tennis,2025-26,2026,D1,Women,Sun Belt Conference,Southern Miss.,,Player,Fr.,Fr,Brisbane Australia,Brisbane Australia,,international,Australian Christian,0,https://southernmiss.com/sports/womens-tennis/roster/2025-26
ten_dadfeec13a30,Kamornwan,Kornsila,tennis,2025-26,2026,D1,Women,Sun Belt Conference,Southern Miss.,,Player,Fr.,Fr,"Nonthaburi, Thailand",Nonthaburi,,international,Triamudom Suksa School,0,https://southernmiss.com/sports/womens-tennis/roster/2025-26
ten_5d97eeafc2ac,Pimmada,Lim,tennis,2025-26,2026,D1,Women,Sun Belt Conference,Southern Miss.,,Player,Fr.,Fr,"Bangkok, Thailand",Bangkok,,international,International Virtual Learning Academy,1,https://southernmiss.com/sports/womens-tennis/roster/2025-26
ten_198e60940890,Gagana,Mohan Kumar,tennis,2025-26,2026,D1,Women,Sun Belt Conference,Southern Miss.,,Player,So.,So,India,India,,international,,0,https://southernmiss.com/sports/womens-tennis/roster/2025-26
ten_d7b86a697bf2,Celine,Mosteanu,tennis,2025-26,2026,D1,Women,Sun Belt Conference,Southern Miss.,,Player,Fr.,Fr,Spain,Spain,,international,,0,https://southernmiss.com/sports/womens-tennis/roster/2025-26
ten_9f7263812f24,Manuella,Persson,tennis,2025-26,2026,D1,Women,Sun Belt Conference,Southern Miss.,,Player,So.,So,Sweden,Sweden,,international,First Susacka Hrvatska Gimnazija,0,https://southernmiss.com/sports/womens-tennis/roster/2025-26
ten_49f8d5cf2826,Sakura,Sudo,tennis,2025-26,2026,D1,Women,Sun Belt Conference,Southern Miss.,,Player,So.,So,"Tokyo, Japan",Tokyo,,international,,0,https://southernmiss.com/sports/womens-tennis/roster/2025-26
ten_9bca9c1ec505,Miranda,Xu,tennis,2025-26,2026,D1,Women,Sun Belt Conference,Southern Miss.,,Player,So.,So,"Westmead, Australia",Westmead,,international,,0,https://southernmiss.com/sports/womens-tennis/roster/2025-26
ten_1213e2c70519,Decora,Antoine,tennis,2025-26,2026,D1,Women,Southwestern Athletic Conference,Southern U.,"5'9""",Player,Jr.,Jr,"Round Rock, TX",Round Rock,TX,domestic,Miami Dade Online Academy,1,https://gojagsports.com/sports/womens-tennis/roster/2025-26
ten_b08009355f3e,LaTesha,Grant,tennis,2025-26,2026,D1,Women,Southwestern Athletic Conference,Southern U.,"5'9""",Player,Jr.,Jr,Great Britain,Great Britain,,international,,0,https://gojagsports.com/sports/womens-tennis/roster/2025-26
ten_52b61127018f,Shahd,Habib,tennis,2025-26,2026,D1,Women,Southwestern Athletic Conference,Southern U.,"5'11""",Player,Jr.,Jr,"Cairo, Egypt",Cairo,,international,,0,https://gojagsports.com/sports/womens-tennis/roster/2025-26
ten_d976f87080fa,Ratidzo,Mabukwa,tennis,2025-26,2026,D1,Women,Southwestern Athletic Conference,Southern U.,"6'0""",Player,Fr.,Fr,"Brisbane, Australia",Brisbane,,international,,0,https://gojagsports.com/sports/womens-tennis/roster/2025-26
ten_4b6c6a0c3951,Hayley,McGhee,tennis,2025-26,2026,D1,Women,Southwestern Athletic Conference,Southern U.,"5'5""",Player,So.,So,"Miami, FL",Miami,FL,domestic,Miami Dade Online Academy,1,https://gojagsports.com/sports/womens-tennis/roster/2025-26
ten_fc5c8712fe42,Samara,Onwuteaka,tennis,2025-26,2026,D1,Women,Southwestern Athletic Conference,Southern U.,"5'6""",Player,Fr.,Fr,"Sugar Land, TX",Sugar Land,TX,domestic,,0,https://gojagsports.com/sports/womens-tennis/roster/2025-26
ten_11d68c72b511,Tshegofatso,Tsiang,tennis,2025-26,2026,D1,Women,Southwestern Athletic Conference,Southern U.,"5'5""",Player,Sr.,Sr,"Gaborone, Botswana",Gaborone,,international,,0,https://gojagsports.com/sports/womens-tennis/roster/2025-26
ten_b9d58b2387bd,Kai,Wince,tennis,2025-26,2026,D1,Women,Southwestern Athletic Conference,Southern U.,"5'10""",Player,Sr.,Sr,"Memphis, TN",Memphis,TN,domestic,Lausanne Collegiate,0,https://gojagsports.com/sports/womens-tennis/roster/2025-26
ten_b8399a27f347,Tamara,Bachmann,tennis,2025-26,2026,D1,Women,Atlantic 10 Conference,St. Bonaventure,"5'7""",Player,Sr.,Sr,"Zurich, Switzerland",Zurich,,international,Realgymnasium Ramibuel,0,https://gobonnies.com/sports/womens-tennis/roster/2025-26
ten_97003bd875f3,Kelly,Barnes,tennis,2025-26,2026,D1,Women,Atlantic 10 Conference,St. Bonaventure,"5'4""",Player,Sr.,Sr,"Orchard Park, N.Y.",Orchard Park,NY,domestic,Orchard Park,0,https://gobonnies.com/sports/womens-tennis/roster/2025-26
ten_2c8dc3266221,Gabriella,Blumberg,tennis,2025-26,2026,D1,Women,Atlantic 10 Conference,St. Bonaventure,"5'8""",Player,Jr.,Jr,"Casper, Wyo.",Casper,WY,domestic,Kelly Walsh,0,https://gobonnies.com/sports/womens-tennis/roster/2025-26
ten_5328db4f0dbf,Kashish,Bote,tennis,2025-26,2026,D1,Women,Atlantic 10 Conference,St. Bonaventure,"5'5""",Player,Sr.,Sr,"Mumbai, India",Mumbai,,international,Don Bosco International School,0,https://gobonnies.com/sports/womens-tennis/roster/2025-26
ten_3b66f4d15763,Sara,Montano Parada,tennis,2025-26,2026,D1,Women,Atlantic 10 Conference,St. Bonaventure,"5'3""",Player,Fr.,Fr,"Santa Cruz, Bolivia",Santa Cruz,,international,Santa Cruz Cooperative School,0,https://gobonnies.com/sports/womens-tennis/roster/2025-26
ten_4680988ef40c,Sienna,Smith,tennis,2025-26,2026,D1,Women,Atlantic 10 Conference,St. Bonaventure,"5'8""",Player,Sr.,Sr,"Bournemouth, United Kingdom",Bournemouth,,international,,0,https://gobonnies.com/sports/womens-tennis/roster/2025-26
ten_a6129a2819b0,Isabella,Venter,tennis,2025-26,2026,D1,Women,Atlantic 10 Conference,St. Bonaventure,"5'8""",Player,Sr.,Sr,"Johannesburg, South Africa",Johannesburg,,international,,0,https://gobonnies.com/sports/womens-tennis/roster/2025-26
ten_81967d632291,Valeria,Casusol,tennis,2025-26,2026,D1,Women,Atlantic 10 Conference,Saint Joseph's,"5'6""",Player,Fr.,Fr,"Arequipa, Peru",Arequipa,,international,Notre Dame Cathedral Latin,0,https://sjuhawks.com/sports/womens-tennis/roster/2025-26
ten_8db8f584429b,Wiktoria,Czerny,tennis,2025-26,2026,D1,Women,Atlantic 10 Conference,Saint Joseph's,"5'3""",Player,Sr.,Sr,"Krakow, Poland",Krakow,,international,,0,https://sjuhawks.com/sports/womens-tennis/roster/2025-26
ten_92032b64244d,Elena,Fleming,tennis,2025-26,2026,D1,Women,Atlantic 10 Conference,Saint Joseph's,"5'9""",Player,Fr.,Fr,"Mentor, Ohio",Mentor,OH,domestic,Notre Dame Cathedral Latin,0,https://sjuhawks.com/sports/womens-tennis/roster/2025-26
ten_2a0b4e816d38,Evelyn,Mejia,tennis,2025-26,2026,D1,Women,Atlantic 10 Conference,Saint Joseph's,"5'2""",Player,Fr.,Fr,"Phoenixville, Pa.",Phoenixville,PA,domestic,Spring-Ford,0,https://sjuhawks.com/sports/womens-tennis/roster/2025-26
ten_9922a5ca5fb6,Amari,O'Brien,tennis,2025-26,2026,D1,Women,Atlantic 10 Conference,Saint Joseph's,"5'7""",Player,So.,So,"Greenbelt, Md.",Greenbelt,MD,domestic,Gull Lake Virtual Partnership,0,https://sjuhawks.com/sports/womens-tennis/roster/2025-26
ten_45ff7b25e234,Claudia,Perez-Garcia,tennis,2025-26,2026,D1,Women,Atlantic 10 Conference,Saint Joseph's,"5'5""",Player,So.,So,"San Juan, Puerto Rico",San Juan,PR,domestic,Academia Maria Reina,0,https://sjuhawks.com/sports/womens-tennis/roster/2025-26
ten_83c8ea5b935c,Brooke,Tackett,tennis,2025-26,2026,D1,Women,Atlantic 10 Conference,Saint Joseph's,"5'6""",Player,Jr.,Jr,"Manalapan, New Jersey",Manalapan,NJ,domestic,Ranney School,0,https://sjuhawks.com/sports/womens-tennis/roster/2025-26
ten_bb298fb761b4,Gisele,Tang,tennis,2025-26,2026,D1,Women,Atlantic 10 Conference,Saint Joseph's,"5'7""",Player,So.,So,"West Chester, Pa.",West Chester,PA,domestic,Unionville,0,https://sjuhawks.com/sports/womens-tennis/roster/2025-26
ten_a6b4c85b8281,Victoria,Tracey,tennis,2025-26,2026,D1,Women,Atlantic 10 Conference,Saint Joseph's,"5'7""",Player,Jr.,Jr,"San Diego, California",San Diego,CA,domestic,Patrick Henry,0,https://sjuhawks.com/sports/womens-tennis/roster/2025-26
ten_92915701ab91,June,Tronhus,tennis,2025-26,2026,D1,Women,Atlantic 10 Conference,Saint Joseph's,"5'10""",Player,Fr.,Fr,"Mallorca, Spain",Mallorca,,international,,0,https://sjuhawks.com/sports/womens-tennis/roster/2025-26
ten_9c111df6aacb,Noemi,Babikova,tennis,2025-26,2026,D1,Women,Big East Conference,St. John's (NY),,Player,Jr.,Jr,"Boldog, Slovakia",Boldog,,international,Anton Bernolak Grammar School,0,https://redstormsports.com/sports/womens-tennis/roster/2025-26
ten_1e83efe19e4d,Giulia,Bizzari,tennis,2025-26,2026,D1,Women,Big East Conference,St. John's (NY),,Player,So.,So,"La Spezia, Italy",La Spezia,,international,A. Pacinotti Scientific Public School,0,https://redstormsports.com/sports/womens-tennis/roster/2025-26
ten_d43ea50bd4d2,Charlotta,Buss,tennis,2025-26,2026,D1,Women,Big East Conference,St. John's (NY),,Player,Sr.,Sr,"Bocholt, Germany",Bocholt,,international,Berufskolleg Bocholt-West,0,https://redstormsports.com/sports/womens-tennis/roster/2025-26
ten_a1c97a8f2127,Alicia,Gomez,tennis,2025-26,2026,D1,Women,Big East Conference,St. John's (NY),,Player,Gr.,Gr,"Onda, Spain",Onda,,international,IES Serra d'Espada,0,https://redstormsports.com/sports/womens-tennis/roster/2025-26
ten_1ced629183d6,Nao,Kojima,tennis,2025-26,2026,D1,Women,Big East Conference,St. John's (NY),,Player,Fr.,Fr,"Kuala Lumpur, Malaysia",Kuala Lumpur,,international,,0,https://redstormsports.com/sports/womens-tennis/roster/2025-26
ten_cf3993e0be3b,Victoria,Papadopoulou,tennis,2025-26,2026,D1,Women,Big East Conference,St. John's (NY),,Player,Sr.,Sr,"Ialysos, Greece",Ialysos,,international,,,https://redstormsports.com/sports/womens-tennis/roster/2025-26
ten_0008b424ca25,Abi,Redman,tennis,2025-26,2026,D1,Women,Big East Conference,St. John's (NY),,Player,Fr.,Fr,"Widnes, England",Widnes,,international,,0,https://redstormsports.com/sports/womens-tennis/roster/2025-26
ten_edb3b04bb9f7,Nicoline,Sartz-Lunde,tennis,2025-26,2026,D1,Women,Big East Conference,St. John's (NY),,Player,Jr.,Jr,"Oslo, Norway",Oslo,,international,,0,https://redstormsports.com/sports/womens-tennis/roster/2025-26
ten_b0273eadf2d9,Alyssa,Ahn,tennis,2025-26,2026,D1,Women,Atlantic Coast Conference,Stanford,,Player,Freshman,Fr,"San Diego, Calif.",San Diego,CA,domestic,Torrey Pines,0,https://gostanford.com/sports/womens-tennis/roster
ten_45c9f2078d2d,Caroline,Driscoll,tennis,2025-26,2026,D1,Women,Atlantic Coast Conference,Stanford,,Player,Senior,Sr,"Brookline, Mass.",Brookline,MA,domestic,Brookline,0,https://gostanford.com/sports/womens-tennis/roster
ten_711f6da3565e,Monika,Ekstrand,tennis,2025-26,2026,D1,Women,Atlantic Coast Conference,Stanford,,Player,Freshman,Fr,"Delray Beach, Fla.",Delray Beach,FL,domestic,,0,https://gostanford.com/sports/womens-tennis/roster
ten_0da3d9edc276,Valerie,Glozman,tennis,2025-26,2026,D1,Women,Atlantic Coast Conference,Stanford,,Player,Sophomore,So,"Bellevue, Wash.",Bellevue,WA,domestic,Newport,0,https://gostanford.com/sports/womens-tennis/roster
ten_34b3284b8f39,Sein,Myoung,tennis,2025-26,2026,D1,Women,Atlantic Coast Conference,Stanford,,Player,Junior,Jr,"Hwaseong-si, South Korea",Hwaseong-si,,international,Segyo,0,https://gostanford.com/sports/womens-tennis/roster
ten_5d04dcbafcdf,Morgan,Shaffer,tennis,2025-26,2026,D1,Women,Atlantic Coast Conference,Stanford,,Player,Sophomore,So,"Orange, Calif.",Orange,CA,domestic,Villa Park,0,https://gostanford.com/sports/womens-tennis/roster
ten_0a108c0bb987,Emma,Sun,tennis,2025-26,2026,D1,Women,Atlantic Coast Conference,Stanford,,Player,Senior,Sr,"Thousand Oaks, Calif.",Thousand Oaks,CA,domestic,Westlake,0,https://gostanford.com/sports/womens-tennis/roster
ten_ad98447c3f43,Tianmei,Wang,tennis,2025-26,2026,D1,Women,Atlantic Coast Conference,Stanford,,Player,Freshman,Fr,"San Marino, Calif.",San Marino,CA,domestic,San Marino,0,https://gostanford.com/sports/womens-tennis/roster
ten_9bd40d5b8242,Felicia,Back,tennis,2025-26,2026,D1,Women,Southland Conference,SFA,,Player,Sr.,Sr,"Varberg, Sweden",Varberg,,international,Pederskrivsre Skola,0,https://sfajacks.com/sports/womens-tennis/roster/2025-26
ten_4938df0b1d61,Jemma,Cave,tennis,2025-26,2026,D1,Women,Southland Conference,SFA,,Player,Sr.,Sr,"Manchester, England",Manchester,,international,Wellington High School,0,https://sfajacks.com/sports/womens-tennis/roster/2025-26
ten_33359ea888f8,Alkmini,Giannakogiorgou,tennis,2025-26,2026,D1,Women,Southland Conference,SFA,,Player,Sr.,Sr,"Christchurch, New Zealand",Christchurch,,international,Burnside HS,0,https://sfajacks.com/sports/womens-tennis/roster/2025-26
ten_de2041bf870d,Avery,Kinsey,tennis,2025-26,2026,D1,Women,Southland Conference,SFA,,Player,Jr.,Jr,"Rockwall, Texas",Rockwall,TX,domestic,Rockwall Heath HS,0,https://sfajacks.com/sports/womens-tennis/roster/2025-26
ten_f4e0cacd06cc,Ksenia,Mamontova,tennis,2025-26,2026,D1,Women,Southland Conference,SFA,,Player,Sr.,Sr,"Moscow, Russia",Moscow,,international,International School,0,https://sfajacks.com/sports/womens-tennis/roster/2025-26
ten_95798d98e663,Ana,Paula Chávez,tennis,2025-26,2026,D1,Women,Southland Conference,SFA,,Player,Jr.,Jr,"Zapopan, Mexico",Zapopan,,international,UAG HS / Utah State,0,https://sfajacks.com/sports/womens-tennis/roster/2025-26
ten_e6a20065931c,Sonja,Rooth,tennis,2025-26,2026,D1,Women,Southland Conference,SFA,,Player,So.,So,"Gothenburg, Sweden",Gothenburg,,international,Kitas Gymnasium,0,https://sfajacks.com/sports/womens-tennis/roster/2025-26
ten_d59bd2231bc8,Antonella,Taco,tennis,2025-26,2026,D1,Women,Southland Conference,SFA,,Player,So.,So,"Lima, Peru",Lima,,international,Liceo Naval Almirante Guise,0,https://sfajacks.com/sports/womens-tennis/roster/2025-26
ten_9caa83b8bd79,Kristi,Boro,tennis,2025-26,2026,D1,Women,Coastal Athletic Association,Stony Brook,"5'7""",Player,Sr.,Sr,"Assam, India",Assam,,international,,,https://stonybrookathletics.com/sports/womens-tennis/roster/2025-26
ten_d41307827801,Cornelia,Bruu-Syversen,tennis,2025-26,2026,D1,Women,Coastal Athletic Association,Stony Brook,,Player,Jr.,Jr,"Chatham, N.J.",Chatham,NJ,domestic,Chatham High School,0,https://stonybrookathletics.com/sports/womens-tennis/roster/2025-26
ten_d5df314c94db,Mila,Charles,tennis,2025-26,2026,D1,Women,Coastal Athletic Association,Stony Brook,,Player,So.,So,"Aix-en-provence, France",Aix-en-provence,,international,International Bilingual School,0,https://stonybrookathletics.com/sports/womens-tennis/roster/2025-26
ten_9cae66f7b418,Sanjana,Devineni,tennis,2025-26,2026,D1,Women,Coastal Athletic Association,Stony Brook,,Player,Fr.,Fr,"Boca Raton, Fla.",Boca Raton,FL,domestic,Inventure Academy,1,https://stonybrookathletics.com/sports/womens-tennis/roster/2025-26
ten_6f440893d20f,Paisha,Douglas,tennis,2025-26,2026,D1,Women,Coastal Athletic Association,Stony Brook,,Player,So.,So,"North Las Vegas, Nev.",North Las Vegas,NV,domestic,Palo Verde,0,https://stonybrookathletics.com/sports/womens-tennis/roster/2025-26
ten_9a6935f50995,Isadora,Fares,tennis,2025-26,2026,D1,Women,Coastal Athletic Association,Stony Brook,,Player,So.,So,"São Paulo, Brazil",São Paulo,,international,Laurel Springs,0,https://stonybrookathletics.com/sports/womens-tennis/roster/2025-26
ten_6fa5ef0a82ef,Elena,Lobo-Corral,tennis,2025-26,2026,D1,Women,Coastal Athletic Association,Stony Brook,,Player,Jr.,Jr,"Santa Cruz De Tenerife, Spain",Santa Cruz De Tenerife,,international,Colegio Hispano Ingles,0,https://stonybrookathletics.com/sports/womens-tennis/roster/2025-26
ten_8bb2417873ec,Laura,Ozola,tennis,2025-26,2026,D1,Women,Coastal Athletic Association,Stony Brook,,Player,Fr.,Fr,"Riga, Latvia",Riga,,international,Riga State Gymnasium No. 2,0,https://stonybrookathletics.com/sports/womens-tennis/roster/2025-26
ten_260792f22f44,Mia,Palladino,tennis,2025-26,2026,D1,Women,Coastal Athletic Association,Stony Brook,"5'7""",Player,Jr.,Jr,"Brewster, N.Y.",Brewster,NY,domestic,Brewster,0,https://stonybrookathletics.com/sports/womens-tennis/roster/2025-26
ten_abe8b184e506,Maria,Perez,tennis,2025-26,2026,D1,Women,Coastal Athletic Association,Stony Brook,,Player,So.,So,"Cochabamba, Bolivia",Cochabamba,,international,Newfield,0,https://stonybrookathletics.com/sports/womens-tennis/roster/2025-26
ten_5d4ffc9d8d49,Emmy,Beauchesne,tennis,2025-26,2026,D1,Women,Atlantic Coast Conference,Syracuse,,Player,Fr.,Fr,"Southborough, Mass.",Southborough,MA,domestic,Algonquin Regional,0,https://cuse.com/sports/womens-tennis/roster/2025-26
ten_4520c7ed9b29,Leena,Bennetto,tennis,2025-26,2026,D1,Women,Atlantic Coast Conference,Syracuse,,Player,Gr.,Gr,"Vernon, British Columbia, Canada",Vernon,,international,,0,https://cuse.com/sports/womens-tennis/roster/2025-26
ten_8adb2176db4a,Haram,Kim,tennis,2025-26,2026,D1,Women,Atlantic Coast Conference,Syracuse,,Player,So.,So,South Korea,South Korea,,international,,0,https://cuse.com/sports/womens-tennis/roster/2025-26
ten_581b265448c7,Nelly,Knezkova,tennis,2025-26,2026,D1,Women,Atlantic Coast Conference,Syracuse,,Player,Jr.,Jr,"Prague, Czech Republic",Prague,,international,English and German Business Academy,1,https://cuse.com/sports/womens-tennis/roster/2025-26
ten_f6782597a8ba,Constance,Levivier,tennis,2025-26,2026,D1,Women,Atlantic Coast Conference,Syracuse,,Player,Sr.,Sr,"Paris, France",Paris,,international,,0,https://cuse.com/sports/womens-tennis/roster/2025-26
ten_c8f2e8cf0cfb,Ellie,Rand,tennis,2025-26,2026,D1,Women,Atlantic Coast Conference,Syracuse,,Player,Fr.,Fr,"Bethesda, Md.",Bethesda,MD,domestic,St. Andrew's Episcopal,0,https://cuse.com/sports/womens-tennis/roster/2025-26
ten_7c811d222999,Emma,Scaldalai,tennis,2025-26,2026,D1,Women,Atlantic Coast Conference,Syracuse,,Player,Fr.,Fr,"Sterrebeek, Belgium",Sterrebeek,,international,,0,https://cuse.com/sports/womens-tennis/roster/2025-26
ten_68553a053b98,Serafima,Shastova,tennis,2025-26,2026,D1,Women,Atlantic Coast Conference,Syracuse,,Player,Sr.,Sr,"Stavropol, Russia",Stavropol,,international,Istochnic Znaniy,0,https://cuse.com/sports/womens-tennis/roster/2025-26
ten_d7c48a248943,Anastasia,Sysoeva,tennis,2025-26,2026,D1,Women,Atlantic Coast Conference,Syracuse,,Player,Sr.,Sr,"Sarasota, Fla.",Sarasota,FL,domestic,,,https://cuse.com/sports/womens-tennis/roster/2025-26
ten_a59588df77c9,Monika,Wojcik,tennis,2025-26,2026,D1,Women,Atlantic Coast Conference,Syracuse,,Player,So.,So,"Delray Beach, Florida",Delray Beach,FL,domestic,,0,https://cuse.com/sports/womens-tennis/roster/2025-26
ten_afb3c2cf6910,Anastasija,Adeikyte,tennis,2025-26,2026,D1,Women,ASUN Conference,Stetson,"5'6""",Player,Sr.,Sr,"Vilnius, Lithuania",Vilnius,,international,Cidead,0,https://gohatters.com/sports/womens-tennis/roster/2025-26
ten_c48117da2a7e,Iulia,Andreea Ionescu,tennis,2025-26,2026,D1,Women,ASUN Conference,Stetson,,Player,Fr.,Fr,"Bucharest, Romania",Bucharest,,international,,0,https://gohatters.com/sports/womens-tennis/roster/2025-26
ten_3798650969b8,Pilar,Astigarraga Harper,tennis,2025-26,2026,D1,Women,ASUN Conference,Stetson,,Player,Sr.,Sr,"Madrid, Spain",Madrid,,international,Cidead,0,https://gohatters.com/sports/womens-tennis/roster/2025-26
ten_fd5d8da50716,Dana,Baidaulet,tennis,2025-26,2026,D1,Women,ASUN Conference,Stetson,"5'6""",Player,So.,So,"Almaty, Kazakhstan",Almaty,,international,,0,https://gohatters.com/sports/womens-tennis/roster/2025-26
ten_b7dcc6f44ca8,Clelia,Lombardi,tennis,2025-26,2026,D1,Women,ASUN Conference,Stetson,,Player,Jr.,Jr,"Osimo, Italy",Osimo,,international,,0,https://gohatters.com/sports/womens-tennis/roster/2025-26
ten_01f68e14898e,Yuki,Mizuguchi,tennis,2025-26,2026,D1,Women,ASUN Conference,Stetson,,Player,Fr.,Fr,Japan,Japan,,international,,0,https://gohatters.com/sports/womens-tennis/roster/2025-26
ten_8aa647b5c3fa,Katsiaryna,Tuliakova,tennis,2025-26,2026,D1,Women,ASUN Conference,Stetson,,Player,Sr.,Sr,"Minsk, AE",Minsk,,international,Gymnasium No.20,0,https://gohatters.com/sports/womens-tennis/roster/2025-26
ten_87c5beb9552c,Maria,Castano,tennis,2025-26,2026,D1,Women,Western Athletic Conference,Tarleton St.,,Player,So.,So,"Santo Domingo, Dominican Republic",Santo Domingo,,international,Laurel Springs School,0,https://tarletonsports.com/sports/womens-tennis/roster/2025-26
ten_5898940a44a4,Aya,Ishii,tennis,2025-26,2026,D1,Women,Western Athletic Conference,Tarleton St.,,Player,Fr.,Fr,"Tochigi, Japan",Tochigi,,international,Urawareimei High School,0,https://tarletonsports.com/sports/womens-tennis/roster/2025-26
ten_bcd37504c56d,Duru,Kuscu,tennis,2025-26,2026,D1,Women,Western Athletic Conference,Tarleton St.,,Player,So.,So,"Kocaeli, Turkey",Kocaeli,,international,Okyanus College,0,https://tarletonsports.com/sports/womens-tennis/roster/2025-26
ten_c6050601d54b,Dariia,Medviedieva,tennis,2025-26,2026,D1,Women,Western Athletic Conference,Tarleton St.,,Player,Fr.,Fr,"Lviv, Ukraine",Lviv,,international,School 84,0,https://tarletonsports.com/sports/womens-tennis/roster/2025-26
ten_bdc45e2c9592,Marissa,Minetti,tennis,2025-26,2026,D1,Women,Western Athletic Conference,Tarleton St.,,Player,Fr.,Fr,"Tampere, Finland",Tampere,,international,Sammon Keskuslukio,0,https://tarletonsports.com/sports/womens-tennis/roster/2025-26
ten_0f4ae510d098,Ximena,Morales,tennis,2025-26,2026,D1,Women,Western Athletic Conference,Tarleton St.,,Player,Sr.,Sr,"Guatemala City, Guatemala",Guatemala City,,international,Colegia Interamericano,0,https://tarletonsports.com/sports/womens-tennis/roster/2025-26
ten_0a9728132c0e,Adeliya,Mukhutdinova,tennis,2025-26,2026,D1,Women,Western Athletic Conference,Tarleton St.,,Player,Sr.,Sr,"Boca Raton, Florida",Boca Raton,FL,domestic,Spanish River HS,0,https://tarletonsports.com/sports/womens-tennis/roster/2025-26
ten_ed6875faf064,Emma,Persson,tennis,2025-26,2026,D1,Women,Western Athletic Conference,Tarleton St.,,Player,Sr.,Sr,"Båstad, Sweden",Båstad,,international,Akademi Bastad,0,https://tarletonsports.com/sports/womens-tennis/roster/2025-26
ten_d79ec1b6d089,Clara,Sobius,tennis,2025-26,2026,D1,Women,Western Athletic Conference,Tarleton St.,,Player,Sr.,Sr,"Laval, Quebec, Canada",Laval,,international,University of Nebraska HS,0,https://tarletonsports.com/sports/womens-tennis/roster/2025-26
ten_003767c38c98,Nina,Andreoni,tennis,2025-26,2026,D1,Women,American Conference,Temple,,Player,So.,So,"Zürich, Switzerland",Zürich,,international,Freies Gymnasium Zürich,0,https://owlsports.com/sports/womens-tennis/roster/2025-26
ten_806c140ed410,Marianthi,Christoforidou,tennis,2025-26,2026,D1,Women,American Conference,Temple,,Player,Jr.,Jr,"Volos, Greece",Volos,,international,Day General High School,0,https://owlsports.com/sports/womens-tennis/roster/2025-26
ten_134c47f28569,Yasmin,Costa,tennis,2025-26,2026,D1,Women,American Conference,Temple,,Player,Fr.,Fr,"Franca, Brazil",Franca,,international,Colégio Caetano Caprício,0,https://owlsports.com/sports/womens-tennis/roster/2025-26
ten_c22c6828cf2d,Thamara,Kawaratani Frasser,tennis,2025-26,2026,D1,Women,American Conference,Temple,,Player,Sr.,Sr,"Gold Coast, Australia",Gold Coast,,international,Cairns Schools of Distance Education,0,https://owlsports.com/sports/womens-tennis/roster/2025-26
ten_60589d2061db,Martyna,Mackiewicz,tennis,2025-26,2026,D1,Women,American Conference,Temple,,Player,So.,So,"Sopot, Poland",Sopot,,international,Sopocka Akademia Tenisowa,0,https://owlsports.com/sports/womens-tennis/roster/2025-26
ten_eb5f59c9c86f,Maria,Martinez,tennis,2025-26,2026,D1,Women,American Conference,Temple,,Player,Sr.,Sr,"Girona, Spain",Girona,,international,Institut Obert de Catalunya,0,https://owlsports.com/sports/womens-tennis/roster/2025-26
ten_1b5af4ce7683,Irmak,Ozturk,tennis,2025-26,2026,D1,Women,American Conference,Temple,,Player,So.,So,"Beylikdüzü, Istanbul",Beylikdüzü,,international,Okyanus High School,0,https://owlsports.com/sports/womens-tennis/roster/2025-26
ten_db1c22dbff9b,Aditi,Vaidya,tennis,2025-26,2026,D1,Women,American Conference,Temple,,Player,So.,So,"Wexford, Pennsylvania",Wexford,PA,domestic,Pennsylvania Leadership Charter School,0,https://owlsports.com/sports/womens-tennis/roster/2025-26
ten_dc7ddb5330f7,Tianni,Zhou,tennis,2025-26,2026,D1,Women,American Conference,Temple,,Player,Fr.,Fr,"Shanghai, China",Shanghai,,international,Shanghai Southwest Weiyu Middle School,0,https://owlsports.com/sports/womens-tennis/roster/2025-26
ten_e809641895af,Aroa,Arrieta Castillo,tennis,2025-26,2026,D1,Women,Ohio Valley Conference,Tennessee St.,,Player,Sr.,Sr,"San Sebastian, Spain",San Sebastian,,international,Layton,0,https://tsutigers.com/sports/womens-tennis/roster/2025-26
ten_30376db7b719,Victoria,Cooksey,tennis,2025-26,2026,D1,Women,Ohio Valley Conference,Tennessee St.,,Player,So.,So,"Layton, Utah",Layton,UT,domestic,Layton,0,https://tsutigers.com/sports/womens-tennis/roster/2025-26
ten_ce3e46bc4258,Taylor,Ellis,tennis,2025-26,2026,D1,Women,Ohio Valley Conference,Tennessee St.,,Player,Sr.,Sr,"Memphis, Tenn.",Memphis,TN,domestic,White Station,0,https://tsutigers.com/sports/womens-tennis/roster/2025-26
ten_934d7b47a648,Claudia,Murdasanu,tennis,2025-26,2026,D1,Women,Ohio Valley Conference,Tennessee St.,,Player,Sr.,Sr,"Las Vegas, Nev.",Las Vegas,NV,domestic,Odyssey Charter School,0,https://tsutigers.com/sports/womens-tennis/roster/2025-26
ten_ed5344f553e8,Jovana,Nikolic,tennis,2025-26,2026,D1,Women,Ohio Valley Conference,Tennessee St.,,Player,Sr.,Sr,"Nis, Serbia",Nis,,international,Prokopovic,0,https://tsutigers.com/sports/womens-tennis/roster/2025-26
ten_89bb38c87af0,Julie,Tungamirai,tennis,2025-26,2026,D1,Women,Ohio Valley Conference,Tennessee St.,,Player,So.,So,"Harare, Zimbabwe",Harare,,international,Hellenic Academy,1,https://tsutigers.com/sports/womens-tennis/roster/2025-26
ten_423573e5bfdc,Natalie,Walsh,tennis,2025-26,2026,D1,Women,Ohio Valley Conference,Tennessee St.,,Player,Jr.,Jr,"Las Vegas, Nev.",Las Vegas,NV,domestic,Desert Oasis,0,https://tsutigers.com/sports/womens-tennis/roster/2025-26
ten_596816b1436f,Anneliese,Beltran,tennis,2025-26,2026,D1,Women,Northeast Conference,Stonehill,"5'10""",Player,Sr.,Sr,"Mexico City, Mexico",Mexico City,,international,IMG Academy,1,https://stonehillskyhawks.com/sports/womens-tennis/roster/2025-26
ten_95f5e0374a79,Arya,Chabria,tennis,2025-26,2026,D1,Women,Northeast Conference,Stonehill,"5'8""",Player,So.,So,"Powell, Ohio",Powell,OH,domestic,Columbus Academy,1,https://stonehillskyhawks.com/sports/womens-tennis/roster/2025-26
ten_9a842c0e61e1,Iliana,deArmas,tennis,2025-26,2026,D1,Women,Northeast Conference,Stonehill,"5'6""",Player,Fr.,Fr,"Maspeth, N.Y.",Maspeth,NY,domestic,Maspeth,0,https://stonehillskyhawks.com/sports/womens-tennis/roster/2025-26
ten_aa1360a9c244,Ella,Franzese,tennis,2025-26,2026,D1,Women,Northeast Conference,Stonehill,"5'7""",Player,Fr.,Fr,"San Francisco, Calif.",San Francisco,CA,domestic,Saint Mary's College High School,0,https://stonehillskyhawks.com/sports/womens-tennis/roster/2025-26
ten_e64b2b0bfaf2,Julie,Holte,tennis,2025-26,2026,D1,Women,Northeast Conference,Stonehill,"5'7""",Player,Jr.,Jr,"Oslo, Norway",Oslo,,international,Persbraten,0,https://stonehillskyhawks.com/sports/womens-tennis/roster/2025-26
ten_79a86bc55584,Piper,Remillard,tennis,2025-26,2026,D1,Women,Northeast Conference,Stonehill,"5'7""",Player,So.,So,"Durham, Conn.",Durham,CT,domestic,Coginchaug Regional,0,https://stonehillskyhawks.com/sports/womens-tennis/roster/2025-26
ten_babe62e1353e,Lilah,Shallcross,tennis,2025-26,2026,D1,Women,Northeast Conference,Stonehill,"5'5""",Player,So.,So,"Prospect, Ky.",Prospect,KY,domestic,Sacred Heart Academy,1,https://stonehillskyhawks.com/sports/womens-tennis/roster/2025-26
ten_feedf0f98eab,Madison,Warren,tennis,2025-26,2026,D1,Women,Northeast Conference,Stonehill,"5'3""",Player,Jr.,Jr,"Frederick, Md.",Frederick,MD,domestic,Governor Thomas Johnson,0,https://stonehillskyhawks.com/sports/womens-tennis/roster/2025-26
ten_c007a1e3a64f,Camila,Zuluaga Rodriguez,tennis,2025-26,2026,D1,Women,Northeast Conference,Stonehill,"5'5""",Player,Sr.,Sr,"Medellin, Colombia",Medellin,,international,Marymount School,0,https://stonehillskyhawks.com/sports/womens-tennis/roster/2025-26
ten_1cbe238bf3e0,Audrey,Aulia,tennis,2025-26,2026,D1,Women,Southeastern Conference,Tennessee,,Player,Fr.,Fr,"Rosebery, Australia",Rosebery,,international,St. Catherine's School,0,https://utsports.com/sports/womens-tennis/roster/2025-26
ten_73087b29f43b,Catherine,Aulia,tennis,2025-26,2026,D1,Women,Southeastern Conference,Tennessee,,Player,Sr.,Sr,"Rosebery, Australia",Rosebery,,international,St. Catherine's School,0,https://utsports.com/sports/womens-tennis/roster/2025-26
ten_9b2db54e4f4b,Leyla,Britez Risso,tennis,2025-26,2026,D1,Women,Southeastern Conference,Tennessee,,Player,Sr.,Sr,"Asunción, Paraguay",Asunción,,international,Colegio Del Sol,0,https://utsports.com/sports/womens-tennis/roster/2025-26
ten_43df2c3c6e2d,Landry,Johnson,tennis,2025-26,2026,D1,Women,Southeastern Conference,Tennessee,,Player,Fr.,Fr,"San Antonio, Texas",San Antonio,TX,domestic,Legacy of Educational Excellence,0,https://utsports.com/sports/womens-tennis/roster/2025-26
ten_a0a9c8fff32e,Francesca,Mattioli,tennis,2025-26,2026,D1,Women,Southeastern Conference,Tennessee,,Player,So.,So,"Santa Fe, Argentina",Santa Fe,,international,SEADEA,0,https://utsports.com/sports/womens-tennis/roster/2025-26
ten_816492d34990,Katrina,Scott,tennis,2025-26,2026,D1,Women,Southeastern Conference,Tennessee,,Player,Fr.,Fr,"Los Angeles, Calif.",Los Angeles,CA,domestic,River Oaks Academy,1,https://utsports.com/sports/womens-tennis/roster/2025-26
ten_7ab101b7504b,Vanesa,Suarez,tennis,2025-26,2026,D1,Women,Southeastern Conference,Tennessee,,Player,Sr.,Sr,"Valencia, Venezuela",Valencia,,international,Unidad Educativa Toma de Puerto Cabello II,0,https://utsports.com/sports/womens-tennis/roster/2025-26
ten_1a803dcb3a6c,Maeve,Thornton,tennis,2025-26,2026,D1,Women,Southeastern Conference,Tennessee,,Player,Jr.,Jr,"Knoxville, Tenn.",Knoxville,TN,domestic,Knoxville Catholic,0,https://utsports.com/sports/womens-tennis/roster/2025-26
ten_71a5b4762bce,Elim,Yan,tennis,2025-26,2026,D1,Women,Southeastern Conference,Tennessee,,Player,So.,So,"Adelaide, Australia",Adelaide,,international,Marryatville,0,https://utsports.com/sports/womens-tennis/roster/2025-26
ten_32f88e26e1a3,Saray,Yli-Piipari,tennis,2025-26,2026,D1,Women,Southeastern Conference,Tennessee,,Player,So.,So,"Lithonia, Ga.",Lithonia,GA,domestic,Laurel Springs,0,https://utsports.com/sports/womens-tennis/roster/2025-26
ten_354a18a87599,Avery,Esquivel,tennis,2025-26,2026,D1,Women,Southeastern Conference,Texas A&M,,Player,Senior,Sr,"Austin, Texas",Austin,TX,domestic,Vandegrift,0,https://12thman.com/sports/womens-tennis/roster/season/2025-26
ten_e9eda8ef2ab3,Tilde,Stromquist,tennis,2025-26,2026,D1,Women,Southeastern Conference,Texas A&M,,Player,Freshman,Fr,"Stockholm, Sweden",Stockholm,,international,,0,https://12thman.com/sports/womens-tennis/roster/season/2025-26
ten_c4fac5ee94f2,Ilinca,Amariei,tennis,2025-26,2026,D1,Women,Southeastern Conference,Texas A&M,,Player,Freshman,Fr,"Iasi, Romania",Iasi,,international,,0,https://12thman.com/sports/womens-tennis/roster/season/2025-26
ten_7c580ad9a0f3,Anna,Perelman,tennis,2025-26,2026,D1,Women,Southeastern Conference,Texas A&M,,Player,Freshman,Fr,"Moscow, Russia",Moscow,,international,,0,https://12thman.com/sports/womens-tennis/roster/season/2025-26
ten_d9319a730823,Lucciana,Perez,tennis,2025-26,2026,D1,Women,Southeastern Conference,Texas A&M,,Player,Junior,Jr,"Lima, Peru",Lima,,international,ICL Academy,1,https://12thman.com/sports/womens-tennis/roster/season/2025-26
ten_1237e184ec73,Violeta,Martinez,tennis,2025-26,2026,D1,Women,Southeastern Conference,Texas A&M,,Player,Senior,Sr,"Port St. Lucie, Fla.",Port St. Lucie,FL,domestic,Rafael Nadal Int'l College,0,https://12thman.com/sports/womens-tennis/roster/season/2025-26
ten_ce97f72f3d60,Nicole,Khirin,tennis,2025-26,2026,D1,Women,Southeastern Conference,Texas A&M,,Player,Senior,Sr,"Rishon LeZion, Israel",Rishon LeZion,,international,,,https://12thman.com/sports/womens-tennis/roster/season/2025-26
ten_41238b468dd1,Lexington,Reed,tennis,2025-26,2026,D1,Women,Southeastern Conference,Texas A&M,,Player,Sophomore,So,"Orlando, Fla.",Orlando,FL,domestic,Florida Virtual School,0,https://12thman.com/sports/womens-tennis/roster/season/2025-26
ten_d137c7108a4d,Mia,Kupres,tennis,2025-26,2026,D1,Women,Southeastern Conference,Texas A&M,,Player,Senior,Sr,"Edmonton, Alberta",Edmonton,,international,,0,https://12thman.com/sports/womens-tennis/roster/season/2025-26
ten_880cd8590d4d,Daria,Smetannikov,tennis,2025-26,2026,D1,Women,Southeastern Conference,Texas A&M,,Player,Senior,Sr,"Marlboro, N.J.",Marlboro,NJ,domestic,Red Bank Catholic,0,https://12thman.com/sports/womens-tennis/roster/season/2025-26
ten_744f8150fba0,Veronica,Barber,tennis,2025-26,2026,D1,Women,The Summit League,St. Thomas (MN),,Player,Fr.,Fr,Irvine Calif.,Irvine Calif.,,international,Crean Lutheran High School,0,https://tommiesports.com/sports/wten/roster/2025-26
ten_ae7c7c69e95f,Anna,Louise Bjørnestad,tennis,2025-26,2026,D1,Women,The Summit League,St. Thomas (MN),,Player,So.,So,"Bergen, Norway",Bergen,,international,Norges Toppidrettsgymnas,0,https://tommiesports.com/sports/wten/roster/2025-26
ten_42b495c1ebf0,Ingrid,Forsberg,tennis,2025-26,2026,D1,Women,The Summit League,St. Thomas (MN),,Player,So.,So,"Bromma, Sweden",Bromma,,international,Campus Viktor Rydberg,0,https://tommiesports.com/sports/wten/roster/2025-26
ten_f6e90ac00aca,Emilia,Korseth,tennis,2025-26,2026,D1,Women,The Summit League,St. Thomas (MN),,Player,Fr.,Fr,"Oslo, Norway",Oslo,,international,Norges Toppidrettsgymnas Baerum,0,https://tommiesports.com/sports/wten/roster/2025-26
ten_2573a932099f,Caroline,Lindahl,tennis,2025-26,2026,D1,Women,The Summit League,St. Thomas (MN),,Player,Jr.,Jr,"Hørsholm, Denmark",Hørsholm,,international,Ordrup Gymnasium,0,https://tommiesports.com/sports/wten/roster/2025-26
ten_ee92b04ae9e2,Lily,Olson,tennis,2025-26,2026,D1,Women,The Summit League,St. Thomas (MN),,Player,So.,So,"Verona, Wis.",Verona,WI,domestic,Edgewood,0,https://tommiesports.com/sports/wten/roster/2025-26
ten_c9945eb0b0d5,Anna,Sidorenko,tennis,2025-26,2026,D1,Women,The Summit League,St. Thomas (MN),,Player,So.,So,"Giessen, Germany",Giessen,,international,Liebigschule Giessen,0,https://tommiesports.com/sports/wten/roster/2025-26
ten_55f0f0e83321,Else,Vander Stichele,tennis,2025-26,2026,D1,Women,The Summit League,St. Thomas (MN),,Player,Fr.,Fr,"Luxembourg, Luxembourg",Luxembourg,,international,International School,0,https://tommiesports.com/sports/wten/roster/2025-26
ten_5d451714e721,Alize,Yarwood,tennis,2025-26,2026,D1,Women,The Summit League,St. Thomas (MN),,Player,Fr.,Fr,"Gold Coast, Australia",Gold Coast,,international,,0,https://tommiesports.com/sports/wten/roster/2025-26
ten_8242d68b6bae,Tasnime,Ahamout,tennis,2025-26,2026,D1,Women,Western Athletic Conference,UT Arlington,"5'5""",Player,Fr.,Fr,"Tetouan, Morocco",Tetouan,,international,Baraim-Er-Razi,0,https://utamavs.com/sports/womens-tennis/roster/2025-26
ten_901f992e202b,Vanja,Cado,tennis,2025-26,2026,D1,Women,Western Athletic Conference,UT Arlington,,Player,So.,So,"Karlskrona, Sweden",Karlskrona,,international,,,https://utamavs.com/sports/womens-tennis/roster/2025-26
ten_e66fbb394f00,Flora,Farkaslaki,tennis,2025-26,2026,D1,Women,Western Athletic Conference,UT Arlington,,Player,Fr.,Fr,Hungary,Hungary,,international,,0,https://utamavs.com/sports/womens-tennis/roster/2025-26
ten_6da5fc76166c,Natalia,Gonzalez,tennis,2025-26,2026,D1,Women,Western Athletic Conference,UT Arlington,,Player,Fr.,Fr,,,,unknown,,0,https://utamavs.com/sports/womens-tennis/roster/2025-26
ten_28c04b84ad45,Diana,Kaibara,tennis,2025-26,2026,D1,Women,Western Athletic Conference,UT Arlington,,Player,Fr.,Fr,Russia,Russia,,international,,0,https://utamavs.com/sports/womens-tennis/roster/2025-26
ten_2d4d16131b5e,Elizaveta,Mladentseva,tennis,2025-26,2026,D1,Women,Western Athletic Conference,UT Arlington,"5'10""",Player,Gr.,Gr,"Samara, Russia",Samara,,international,Samara State Academy,1,https://utamavs.com/sports/womens-tennis/roster/2025-26
ten_7b2cde48770f,Sofia,Selle,tennis,2025-26,2026,D1,Women,Western Athletic Conference,UT Arlington,"5'4""",Player,Fr.,Fr,"Cavalese, Italy",Cavalese,,international,ITE Raetia,0,https://utamavs.com/sports/womens-tennis/roster/2025-26
ten_0608a1d2be1d,Emma,Bousquet,tennis,2025-26,2026,D1,Women,Southland Conference,A&M-Corpus Christi,"5'4""",Player,Fr.,Fr,"Santiago, Chile",Santiago,,international,T.C. Saint Germain les Corbeil,0,https://goislanders.com/sports/womens-tennis/roster/2025-26
ten_ba16b9ea835e,Josefa,Fuenzalida,tennis,2025-26,2026,D1,Women,Southland Conference,A&M-Corpus Christi,,Player,So.,So,"Santiago, Chile",Santiago,,international,,0,https://goislanders.com/sports/womens-tennis/roster/2025-26
ten_0efcb4b81853,Juliette,Jalai,tennis,2025-26,2026,D1,Women,Southland Conference,A&M-Corpus Christi,"5'4""",Player,So.,So,"Lisses, France",Lisses,,international,T.C. Saint Germain les Corbeil,0,https://goislanders.com/sports/womens-tennis/roster/2025-26
ten_76c33be9427c,Adriana,Jimenez Casado,tennis,2025-26,2026,D1,Women,Southland Conference,A&M-Corpus Christi,"5'3""",Player,Jr.,Jr,"San Sebastian, Spain",San Sebastian,,international,,0,https://goislanders.com/sports/womens-tennis/roster/2025-26
ten_5954799f2a6e,Ofer,Kivity,tennis,2025-26,2026,D1,Women,Southland Conference,A&M-Corpus Christi,,Player,So.,So,Israel,Israel,,international,,,https://goislanders.com/sports/womens-tennis/roster/2025-26
ten_87361ad835ca,Yana,Mykytyn,tennis,2025-26,2026,D1,Women,Southland Conference,A&M-Corpus Christi,"5'5""",Player,So.,So,"Truskavets, Ukraine",Truskavets,,international,Distance Learning School,0,https://goislanders.com/sports/womens-tennis/roster/2025-26
ten_ac70257b1750,Kseniya,Ramanouskaya,tennis,2025-26,2026,D1,Women,Southland Conference,A&M-Corpus Christi,"5'8""",Player,So.,So,"Minsk, Belarus",Minsk,,international,School 86,0,https://goislanders.com/sports/womens-tennis/roster/2025-26
ten_171deb46252a,Viktoriia,Sedova,tennis,2025-26,2026,D1,Women,Southland Conference,A&M-Corpus Christi,,Player,Fr.,Fr,,,,unknown,,0,https://goislanders.com/sports/womens-tennis/roster/2025-26
ten_a4ddc1a0ad7e,Leticia,Tarocco,tennis,2025-26,2026,D1,Women,Southland Conference,A&M-Corpus Christi,"5'4""",Player,So.,So,"Dubrovnik, Croatia",Dubrovnik,,international,,0,https://goislanders.com/sports/womens-tennis/roster/2025-26
ten_e3a236eed946,Raquel,Caballero Chica,tennis,2025-26,2026,D1,Women,Big 12 Conference,TCU,,Player,Jr.,Jr,"Barcelona, Spain",Barcelona,,international,Rafa Nadal International School,0,https://gofrogs.com/sports/womens-tennis/roster/2025-26
ten_109757fb5579,Caroline,Clark,tennis,2025-26,2026,D1,Women,Big 12 Conference,TCU,,Player,Jr.,Jr,"Chattanooga, Tenn.",Chattanooga,TN,domestic,,0,https://gofrogs.com/sports/womens-tennis/roster/2025-26
ten_25daa02bde02,Letizia,Corsini,tennis,2025-26,2026,D1,Women,Big 12 Conference,TCU,,Player,Sr.,Sr,"Civitanova Marche, Italy",Civitanova Marche,,international,,0,https://gofrogs.com/sports/womens-tennis/roster/2025-26
ten_8fc6c24159cb,Maya,Drozd,tennis,2025-26,2026,D1,Women,Big 12 Conference,TCU,,Player,So.,So,"Munich, Germany",Munich,,international,,0,https://gofrogs.com/sports/womens-tennis/roster/2025-26
ten_26f74ad62241,Maya,Dutta,tennis,2025-26,2026,D1,Women,Big 12 Conference,TCU,,Player,So.,So,"Dallas, Texas",Dallas,TX,domestic,University Prep,1,https://gofrogs.com/sports/womens-tennis/roster/2025-26
ten_a909259e55ec,Cayetana,Gay,tennis,2025-26,2026,D1,Women,Big 12 Conference,TCU,,Player,So.,So,"Madrid, Spain",Madrid,,international,,0,https://gofrogs.com/sports/womens-tennis/roster/2025-26
ten_c637e58b092b,Victoria,Gomez O'Hayon,tennis,2025-26,2026,D1,Women,Big 12 Conference,TCU,,Player,Gr.,Gr,"Estepona, Spain",Estepona,,international,,0,https://gofrogs.com/sports/womens-tennis/roster/2025-26
ten_851ee0255dc5,Jennifer,Jackson,tennis,2025-26,2026,D1,Women,Big 12 Conference,TCU,,Player,Fr.,Fr,"Spicewood, Texas",Spicewood,TX,domestic,,0,https://gofrogs.com/sports/womens-tennis/roster/2025-26
ten_c10b42395dfa,Tomi,Main,tennis,2025-26,2026,D1,Women,Big 12 Conference,TCU,,Player,Gr.,Gr,"Seaside, Calif.",Seaside,CA,domestic,Robert Louis Stevenson,0,https://gofrogs.com/sports/womens-tennis/roster/2025-26
ten_d09e423bf387,Cristina,Ramos Sierra,tennis,2025-26,2026,D1,Women,Big 12 Conference,TCU,,Player,So.,So,"Madrid, Spain",Madrid,,international,ÍES Ortega y Gasset,0,https://gofrogs.com/sports/womens-tennis/roster/2025-26
ten_c7dec69c7f7d,Natalie,Salkova,tennis,2025-26,2026,D1,Women,Big 12 Conference,TCU,,Player,Fr.,Fr,"Prague, Czech Republic",Prague,,international,,0,https://gofrogs.com/sports/womens-tennis/roster/2025-26
ten_086369b6fabf,Yu-Chin,Tsai,tennis,2025-26,2026,D1,Women,Big 12 Conference,TCU,,Player,Sr.,Sr,"Kaohsiung, Taiwan",Kaohsiung,,international,,0,https://gofrogs.com/sports/womens-tennis/roster/2025-26
ten_5f5b93a7038c,Mariia,Bakhtina,tennis,2025-26,2026,D1,Women,Southland Conference,UTRGV,"5'9""",Player,So.,So,"Ekaterinburg, Russia",Ekaterinburg,,international,Texas McAllen High School,0,https://goutrgv.com/sports/womens-tennis/roster/2025-26
ten_1aead23aefae,Luna,Buijtenhuijs,tennis,2025-26,2026,D1,Women,Southland Conference,UTRGV,"5'5""",Player,So.,So,"Lanton, France",Lanton,,international,,0,https://goutrgv.com/sports/womens-tennis/roster/2025-26
ten_29172fe94314,Giuliana,Castelain,tennis,2025-26,2026,D1,Women,Southland Conference,UTRGV,"5'7""",Player,Jr.,Jr,"McAllen, Texas",McAllen,TX,domestic,Texas McAllen High School,0,https://goutrgv.com/sports/womens-tennis/roster/2025-26
ten_2d48b6d7260f,Madeleine,Joffe,tennis,2025-26,2026,D1,Women,Southland Conference,UTRGV,"5'9""",Player,Jr.,Jr,"Paris, France",Paris,,international,Florida Gulf Coast,0,https://goutrgv.com/sports/womens-tennis/roster/2025-26
ten_c47e5de7440c,Rhea,Makesar,tennis,2025-26,2026,D1,Women,Southland Conference,UTRGV,"5'2""",Player,Jr.,Jr,"Perth, Australia",Perth,,international,South Florida,0,https://goutrgv.com/sports/womens-tennis/roster/2025-26
ten_9a7b87c35f5d,Barbara,Martinez,tennis,2025-26,2026,D1,Women,Southland Conference,UTRGV,"5'4""",Player,Sr.,Sr,"Durango, Mexico",Durango,,international,El Clubsito,0,https://goutrgv.com/sports/womens-tennis/roster/2025-26
ten_85a2ccd3a603,Hitakamya,Narwal,tennis,2025-26,2026,D1,Women,Southland Conference,UTRGV,"5'2""",Player,Jr.,Jr,"Haryana, India",Haryana,,international,Doon International School,0,https://goutrgv.com/sports/womens-tennis/roster/2025-26
ten_639cb9ed4a65,Valentina,Urraco,tennis,2025-26,2026,D1,Women,Southland Conference,UTRGV,"5'2""",Player,Sr.,Sr,"Rosario, Santa Fe, Argentina",Rosario,,international,French Clay Tennis,0,https://goutrgv.com/sports/womens-tennis/roster/2025-26
ten_50b314fb39dc,Yaiza,Vazquez,tennis,2025-26,2026,D1,Women,Southland Conference,UTRGV,"5'6""",Player,Sr.,Sr,"Alpedrete, Madrid, Spain",Alpedrete,,international,Colegio El Porvenir,0,https://goutrgv.com/sports/womens-tennis/roster/2025-26
ten_30194ddbe023,Ella,Brownback,tennis,2025-26,2026,D1,Women,Big 12 Conference,Texas Tech,,Player,Fr.,Fr,"Dallas, Texas",Dallas,TX,domestic,Brookhaven Tennis Academy,1,https://texastech.com/sports/womens-tennis/roster/2025-26
ten_63b859c09759,Elena,Daskalova,tennis,2025-26,2026,D1,Women,Big 12 Conference,Texas Tech,,Player,So.,So,"Olathe, Kan.",Olathe,KS,domestic,Elite Tennis and Wellness,0,https://texastech.com/sports/womens-tennis/roster/2025-26
ten_119b72b84467,Yekaterina,Dmitrichenko,tennis,2025-26,2026,D1,Women,Big 12 Conference,Texas Tech,,Player,Sr.,Sr,"Kokshetau, Kazakhstan",Kokshetau,,international,,0,https://texastech.com/sports/womens-tennis/roster/2025-26
ten_116ac22506a4,Mariia,Hlahola,tennis,2025-26,2026,D1,Women,Big 12 Conference,Texas Tech,,Player,Sr.,Sr,"Kyiv, Ukraine",Kyiv,,international,Business Gymnasium,0,https://texastech.com/sports/womens-tennis/roster/2025-26
ten_cdbf3ecda2fa,Havana,Kadi,tennis,2025-26,2026,D1,Women,Big 12 Conference,Texas Tech,,Player,Fr.,Fr,"North Vancouver, British Columbia, Canada",North Vancouver,,international,North Shore Winter Club,0,https://texastech.com/sports/womens-tennis/roster/2025-26
ten_d95f8e7b254c,Andreea,Lila,tennis,2025-26,2026,D1,Women,Big 12 Conference,Texas Tech,,Player,Sr.,Sr,"Craiova, Romania",Craiova,,international,Fire Tennis,0,https://texastech.com/sports/womens-tennis/roster/2025-26
ten_ed5a2c973861,Kseniia,Logvin,tennis,2025-26,2026,D1,Women,Big 12 Conference,Texas Tech,,Player,Fr.,Fr,"Moscow, Russia",Moscow,,international,Pirogovskiy Tennis Club,0,https://texastech.com/sports/womens-tennis/roster/2025-26
ten_df44280c94d3,Hailey,Murphy,tennis,2025-26,2026,D1,Women,Big 12 Conference,Texas Tech,,Player,Sr.,Sr,"Calgary, Alberta, Canada",Calgary,,international,National Sport School,0,https://texastech.com/sports/womens-tennis/roster/2025-26
ten_eef6c2305919,Arina,Oreshchenkova,tennis,2025-26,2026,D1,Women,Big 12 Conference,Texas Tech,,Player,Sr.,Sr,"Brooklyn, N.Y.",Brooklyn,NY,domestic,Bondarenko Tennis Academy,1,https://texastech.com/sports/womens-tennis/roster/2025-26
ten_90aaae2a61aa,Polina,Sleptsova,tennis,2025-26,2026,D1,Women,Big 12 Conference,Texas Tech,,Player,Fr.,Fr,"Almaty, Kazakhstan",Almaty,,international,,0,https://texastech.com/sports/womens-tennis/roster/2025-26
ten_659a5a9ec4cc,Anastasia,Abbagnato,tennis,2025-26,2026,D1,Women,Southeastern Conference,Texas,,Player,Fr.,Fr,"Palermo, Italy",Palermo,,international,,0,https://texaslonghorns.com/sports/womens-tennis/roster/2025-26
ten_b45f18c1f6e8,Ariana,Anazagasty-Pursoo,tennis,2025-26,2026,D1,Women,Southeastern Conference,Texas,,Player,So.,So,"Westbury, N.Y.",Westbury,NY,domestic,,0,https://texaslonghorns.com/sports/womens-tennis/roster/2025-26
ten_90c7d159d7d3,Audrey,Deatherage,tennis,2025-26,2026,D1,Women,Southeastern Conference,Texas,,Player,R-Fr.,Fr,"Tyler, Texas",Tyler,TX,domestic,,0,https://texaslonghorns.com/sports/womens-tennis/roster/2025-26
ten_577f6dc854d7,Salma,Drugdova,tennis,2025-26,2026,D1,Women,Southeastern Conference,Texas,,Player,So.,So,"Zvolen, Slovakia",Zvolen,,international,,0,https://texaslonghorns.com/sports/womens-tennis/roster/2025-26
ten_e405faef7e3b,Carmen,Herea,tennis,2025-26,2026,D1,Women,Southeastern Conference,Texas,,Player,So.,So,"Bucharest, Romania",Bucharest,,international,,0,https://texaslonghorns.com/sports/womens-tennis/roster/2025-26
ten_4256338c1ca6,Elizabeth,Ionescu,tennis,2025-26,2026,D1,Women,Southeastern Conference,Texas,,Player,Fr.,Fr,"York, Pa.",York,PA,domestic,,0,https://texaslonghorns.com/sports/womens-tennis/roster/2025-26
ten_866b166400de,Kate,Mansfield,tennis,2025-26,2026,D1,Women,Southeastern Conference,Texas,,Player,Fr.,Fr,"London, England",London,,international,,0,https://texaslonghorns.com/sports/womens-tennis/roster/2025-26
ten_6bdc3240a36b,Christasha,McNeil,tennis,2025-26,2026,D1,Women,Southeastern Conference,Texas,,Player,Fr.,Fr,"Lindenhurst, N.Y.",Lindenhurst,NY,domestic,,0,https://texaslonghorns.com/sports/womens-tennis/roster/2025-26
ten_b0b1393d51de,Eszter,Meri,tennis,2025-26,2026,D1,Women,Southeastern Conference,Texas,,Player,So.,So,"Trstena na Ostrove, Slovakia",Trstena na Ostrove,,international,,0,https://texaslonghorns.com/sports/womens-tennis/roster/2025-26
ten_2627e048b529,Mathilde,Ngijol-Carré,tennis,2025-26,2026,D1,Women,Southeastern Conference,Texas,,Player,Fr.,Fr,"Paris, France",Paris,,international,,0,https://texaslonghorns.com/sports/womens-tennis/roster/2025-26
ten_a2257937e68c,Lucy,Schmeil,tennis,2025-26,2026,D1,Women,Southeastern Conference,Texas,,Player,R-Fr.,Fr,"Austin, Texas",Austin,TX,domestic,,0,https://texaslonghorns.com/sports/womens-tennis/roster/2025-26
ten_a93a355f490a,Natalia,Castaneda Guerrero,tennis,2025-26,2026,D1,Women,American Conference,UTSA,,Player,Sophomore,So,"Córdoba, Mexico",Córdoba,,international,James Madison HS (GA),0,https://goutsa.com/sports/womens-tennis/roster
ten_5fe3f009b7dd,Milica,Milosavljevic,tennis,2025-26,2026,D1,Women,American Conference,UTSA,,Player,Sophomore,So,"Irig, Serbia",Irig,,international,E-Gimazija,0,https://goutsa.com/sports/womens-tennis/roster
ten_e9abd52c1b7c,Aoka,Nagasawa,tennis,2025-26,2026,D1,Women,American Conference,UTSA,,Player,Sophomore,So,"Nara, Japan",Nara,,international,Sundai Kofu HS,0,https://goutsa.com/sports/womens-tennis/roster
ten_bdc943488a05,Valeria,Sanchez,tennis,2025-26,2026,D1,Women,American Conference,UTSA,,Player,Sophomore,So,"Bradenton, Florida",Bradenton,FL,domestic,Inspiration Academy,1,https://goutsa.com/sports/womens-tennis/roster
ten_3b12cd1454df,Celine,Absawi,tennis,2025-26,2026,D1,Women,American Conference,UTSA,,Player,Freshman,Fr,"Haifa, Israel",Haifa,,international,The Orthodox School,0,https://goutsa.com/sports/womens-tennis/roster
ten_5742b2c22a4e,Giuliana,Giardina,tennis,2025-26,2026,D1,Women,American Conference,UTSA,,Player,Freshman,Fr,"Sicily, Italy",Sicily,,international,Istituuto Paritario Sacro Cuore Siracusa,0,https://goutsa.com/sports/womens-tennis/roster
ten_b1669ce83810,Laia,Tarazona Peyro,tennis,2025-26,2026,D1,Women,American Conference,UTSA,,Player,Freshman,Fr,"Picassent, Spain",Picassent,,international,IES Sanchis Guarner,0,https://goutsa.com/sports/womens-tennis/roster
ten_4e8f182cefab,Ayra,Salim,tennis,2025-26,2026,D1,Women,American Conference,UTSA,,Player,Sophomore,So,"San Diego, Calif.",San Diego,CA,domestic,Charter School,0,https://goutsa.com/sports/womens-tennis/roster
ten_3fe6e54e13fa,Akari,Tomoyose,tennis,2025-26,2026,D1,Women,American Conference,UTSA,,Player,Junior,Jr,"Okinawa, Japan",Okinawa,,international,Shogaku High School,0,https://goutsa.com/sports/womens-tennis/roster
ten_17807621a4c0,Sofia,Anderson,tennis,2025-26,2026,D1,Women,Coastal Athletic Association,Towson,,Player,So.,So,"Swathmore, Pa.",Swathmore,PA,domestic,Strath Haven H.S.,0,https://towsontigers.com/sports/womens-tennis/roster/2025-26
ten_3ed1c12ac7d3,Chandré,Boshoff,tennis,2025-26,2026,D1,Women,Coastal Athletic Association,Towson,,Player,Jr.,Jr,"George, South Africa",George,,international,Hoërskool Outeniqua,0,https://towsontigers.com/sports/womens-tennis/roster/2025-26
ten_058d5b3904aa,Aubrey,Carper,tennis,2025-26,2026,D1,Women,Coastal Athletic Association,Towson,,Player,So.,So,"Towson, Md.",Towson,MD,domestic,Franklin H.S.,0,https://towsontigers.com/sports/womens-tennis/roster/2025-26
ten_2befab85ebb3,Chloe,Courtnage,tennis,2025-26,2026,D1,Women,Coastal Athletic Association,Towson,,Player,So.,So,"Alberta, Canada",Alberta,,international,Western Canada H.S.,0,https://towsontigers.com/sports/womens-tennis/roster/2025-26
ten_66b14ed44091,Jocelynn,Ginsberg,tennis,2025-26,2026,D1,Women,Coastal Athletic Association,Towson,,Player,So.,So,"Glen Allen, Va.",Glen Allen,VA,domestic,Deep Run H.S.,0,https://towsontigers.com/sports/womens-tennis/roster/2025-26
ten_f8b34839a297,Gaia,Montecchi,tennis,2025-26,2026,D1,Women,Coastal Athletic Association,Towson,,Player,So.,So,"Bagno a Ripoli, Italy",Bagno a Ripoli,,international,Istituto Gobem-Volta,0,https://towsontigers.com/sports/womens-tennis/roster/2025-26
ten_4cbaefdfae75,Ashira,Murray,tennis,2025-26,2026,D1,Women,Coastal Athletic Association,Towson,,Player,Jr.,Jr,"Birkenhead, England",Birkenhead,,international,Birkenhead School,0,https://towsontigers.com/sports/womens-tennis/roster/2025-26
ten_4560c887aa22,Tamzin,Pountney,tennis,2025-26,2026,D1,Women,Coastal Athletic Association,Towson,,Player,So.,So,"Shropshire, England",Shropshire,,international,Ellesmere College,0,https://towsontigers.com/sports/womens-tennis/roster/2025-26
ten_bccb16fa4d2a,Sania,Suchinsky,tennis,2025-26,2026,D1,Women,Coastal Athletic Association,Towson,,Player,Sr.,Sr,"Silver Spring, Md.",Silver Spring,MD,domestic,Rockville H.S.,0,https://towsontigers.com/sports/womens-tennis/roster/2025-26
ten_6e1f24cd56fb,Kiersten,Tambe,tennis,2025-26,2026,D1,Women,Coastal Athletic Association,Towson,,Player,So.,So,"Laurel, Md.",Laurel,MD,domestic,Reservoir H.S.,0,https://towsontigers.com/sports/womens-tennis/roster/2025-26
ten_be1a7efd4b1f,Valeriia,Avdeeva,tennis,2025-26,2026,D1,Women,Sun Belt Conference,Troy,,Player,Sr.,Sr,"St. Petersburg, Russia",St. Petersburg,,international,The British School,0,https://troytrojans.com/sports/womens-tennis/roster/2025-26
ten_c21ff9a18445,Maria,Guirguis,tennis,2025-26,2026,D1,Women,Sun Belt Conference,Troy,,Player,Sr.,Sr,"Alexandria, Egypt",Alexandria,,international,International Liberty School,0,https://troytrojans.com/sports/womens-tennis/roster/2025-26
ten_94a6e3199851,Hiba,Heni,tennis,2025-26,2026,D1,Women,Sun Belt Conference,Troy,,Player,So.,So,"Hammamet, Tunisia",Hammamet,,international,,0,https://troytrojans.com/sports/womens-tennis/roster/2025-26
ten_4648ca8bea0a,Sama,Hindawy,tennis,2025-26,2026,D1,Women,Sun Belt Conference,Troy,,Player,Fr.,Fr,"Alexandria, Egypt",Alexandria,,international,,0,https://troytrojans.com/sports/womens-tennis/roster/2025-26
ten_84a7b9f64779,Leena,Metwally,tennis,2025-26,2026,D1,Women,Sun Belt Conference,Troy,,Player,Jr.,Jr,"Cairo, Egypt",Cairo,,international,St. Fatima Language School,0,https://troytrojans.com/sports/womens-tennis/roster/2025-26
ten_14dc94e52e48,Emilia,Namyslo,tennis,2025-26,2026,D1,Women,Sun Belt Conference,Troy,,Player,Jr.,Jr,"Hockenheim, Germany",Hockenheim,,international,Privatgymnasium Schwetzingen,0,https://troytrojans.com/sports/womens-tennis/roster/2025-26
ten_8af86f787e19,Veena,Nazar,tennis,2025-26,2026,D1,Women,Sun Belt Conference,Troy,,Player,So.,So,"Bensheim, Germany",Bensheim,,international,Privatgymnasium Schwetzingen,0,https://troytrojans.com/sports/womens-tennis/roster/2025-26
ten_82201128cb3a,Alexia,Zarate,tennis,2025-26,2026,D1,Women,Sun Belt Conference,Troy,,Player,Jr.,Jr,"San Luis Potosi, Mexico",San Luis Potosi,,international,,0,https://troytrojans.com/sports/womens-tennis/roster/2025-26
ten_fe99bcd837a1,Carolina,Alonso,tennis,2025-26,2026,D1,Women,American Conference,Tulsa,,Player,Fr.,Fr,"Cordoba Veracruz, Mexico",Cordoba Veracruz,,international,Centro Educativo Jean Piaget,0,https://tulsahurricane.com/sports/womens-tennis/roster/2025-26
ten_b97154097a4d,Uta,Asakura,tennis,2025-26,2026,D1,Women,American Conference,Tulsa,,Player,Fr.,Fr,"Tokyo, Japan",Tokyo,,international,Aioigakuin HS,0,https://tulsahurricane.com/sports/womens-tennis/roster/2025-26
ten_11dd55dcb65e,Alice,Baba,tennis,2025-26,2026,D1,Women,American Conference,Tulsa,,Player,Fr.,Fr,"Tokyo, Japan",Tokyo,,international,Hitotsuba Koukou,0,https://tulsahurricane.com/sports/womens-tennis/roster/2025-26
ten_efc4f19b9c64,Isabella,Basson,tennis,2025-26,2026,D1,Women,American Conference,Tulsa,,Player,So.,So,"Pretoria, South Africa",Pretoria,,international,Hatfield Christian,0,https://tulsahurricane.com/sports/womens-tennis/roster/2025-26
ten_a3dac5bb8a9a,Erin,McKenzie,tennis,2025-26,2026,D1,Women,American Conference,Tulsa,,Player,Jr.,Jr,"Johannesburg, South Africa",Johannesburg,,international,Holy Rosary School,0,https://tulsahurricane.com/sports/womens-tennis/roster/2025-26
ten_7d8656d8c6f8,Lilitha,Ndungane,tennis,2025-26,2026,D1,Women,American Conference,Tulsa,,Player,So.,So,"Johannesburg, South Africa",Johannesburg,,international,St. Mary's Waverley,0,https://tulsahurricane.com/sports/womens-tennis/roster/2025-26
ten_522dde1c02d0,Maria,Santos,tennis,2025-26,2026,D1,Women,American Conference,Tulsa,,Player,Sr.,Sr,"Cortegaça, Portugal",Cortegaça,,international,Camões HS,0,https://tulsahurricane.com/sports/womens-tennis/roster/2025-26
ten_3982bae486d9,Saniya,Singh,tennis,2025-26,2026,D1,Women,American Conference,Tulsa,,Player,Jr.,Jr,"Frisco, Texas",Frisco,TX,domestic,iUniversity Prep,1,https://tulsahurricane.com/sports/womens-tennis/roster/2025-26
ten_11ca6f534401,Coral,Valle,tennis,2025-26,2026,D1,Women,American Conference,Tulsa,,Player,Fr.,Fr,"Madrid, Spain",Madrid,,international,Ies Ortega y Gasset M86,0,https://tulsahurricane.com/sports/womens-tennis/roster/2025-26
ten_faf4cd1f1a9e,Tayla,Wilmot,tennis,2025-26,2026,D1,Women,American Conference,Tulsa,,Player,Jr.,Jr,"Johannesburg, South Africa",Johannesburg,,international,CMK,0,https://tulsahurricane.com/sports/womens-tennis/roster/2025-26
ten_354ceab17168,Abby,Cotuna,tennis,2025-26,2026,D1,Women,Mountain West Conference,Air Force,,Player,Sr.,Sr,"Charleston, S.C.",Charleston,SC,domestic,S.C. Connections Academy,1,https://goairforcefalcons.com/sports/womens-tennis/roster/2025-26
ten_1cbb80b8f8b0,Yule,Kang,tennis,2025-26,2026,D1,Women,Mountain West Conference,Air Force,,Player,Fr.,Fr,"San Diego, Calif.",San Diego,CA,domestic,Canyon Crest Academy,1,https://goairforcefalcons.com/sports/womens-tennis/roster/2025-26
ten_332e56d389a5,Nadia,Kojonroj,tennis,2025-26,2026,D1,Women,Mountain West Conference,Air Force,,Player,Jr.,Jr,"Fullerton, Calif.",Fullerton,CA,domestic,Troy HS,0,https://goairforcefalcons.com/sports/womens-tennis/roster/2025-26
ten_0cccfae58419,Sofia,Mavor,tennis,2025-26,2026,D1,Women,Mountain West Conference,Air Force,,Player,So.,So,"Yarmouth, Maine",Yarmouth,ME,domestic,Yarmouth HS,0,https://goairforcefalcons.com/sports/womens-tennis/roster/2025-26
ten_dfb6af5b457c,Maya,Michalski,tennis,2025-26,2026,D1,Women,Mountain West Conference,Air Force,,Player,So.,So,"Colorado Springs, Colo.",Colorado Springs,CO,domestic,Cheyenne Mountain HS,0,https://goairforcefalcons.com/sports/womens-tennis/roster/2025-26
ten_c185760643c2,Jariahlyn,Rhoades,tennis,2025-26,2026,D1,Women,Mountain West Conference,Air Force,,Player,Fr.,Fr,"Mililani, Hawaii",Mililani,HI,domestic,Punahou School,0,https://goairforcefalcons.com/sports/womens-tennis/roster/2025-26
ten_9e61a83e3ded,Shivaani,Selvan,tennis,2025-26,2026,D1,Women,Mountain West Conference,Air Force,,Player,So.,So,"Laurel, Md.",Laurel,MD,domestic,Hammond HS,0,https://goairforcefalcons.com/sports/womens-tennis/roster/2025-26
ten_efb932803c81,Arianna,Van Houweling,tennis,2025-26,2026,D1,Women,Mountain West Conference,Air Force,,Player,Sr.,Sr,"Las Vegas, Nev.",Las Vegas,NV,domestic,Faith Lutheran HS,0,https://goairforcefalcons.com/sports/womens-tennis/roster/2025-26
ten_407128a575da,Isabella,Brilliant,tennis,2025-26,2026,D1,Women,Patriot League,Army West Point,,Player,Sr.,Sr,"Boca Raton, Fla.",Boca Raton,FL,domestic,Homeschool,1,https://goarmywestpoint.com/sports/womens-tennis/roster/2025-26
ten_ccbcf2f7421e,Ylan,Duong,tennis,2025-26,2026,D1,Women,Patriot League,Army West Point,,Player,Sr.,Sr,"Grapevine, Texas",Grapevine,TX,domestic,iUniversity Prep,1,https://goarmywestpoint.com/sports/womens-tennis/roster/2025-26
ten_2e8a1ff1ec5f,Allison,Harris,tennis,2025-26,2026,D1,Women,Patriot League,Army West Point,,Player,So.,So,"Cary, N.C.",Cary,NC,domestic,Broughton,0,https://goarmywestpoint.com/sports/womens-tennis/roster/2025-26
ten_9514dbac153d,Olivia,Manson,tennis,2025-26,2026,D1,Women,Patriot League,Army West Point,,Player,So.,So,"Chicago, Ill.",Chicago,IL,domestic,Laurel Springs,0,https://goarmywestpoint.com/sports/womens-tennis/roster/2025-26
ten_b0effc084f2a,Vennmukiil,Mathivanan,tennis,2025-26,2026,D1,Women,Patriot League,Army West Point,,Player,Sr.,Sr,"Chapel Hill, N.C.",Chapel Hill,NC,domestic,Laurel Springs,0,https://goarmywestpoint.com/sports/womens-tennis/roster/2025-26
ten_e5415833a652,Olivia,Mellynchuk,tennis,2025-26,2026,D1,Women,Patriot League,Army West Point,,Player,Fr.,Fr,"Annapolis, Md.",Annapolis,MD,domestic,Broadneck,0,https://goarmywestpoint.com/sports/womens-tennis/roster/2025-26
ten_fcc1b92bfa64,Maria,Miroshnichenko,tennis,2025-26,2026,D1,Women,Patriot League,Army West Point,,Player,So.,So,"Southlake, Texas",Southlake,TX,domestic,iUniversity Prep,1,https://goarmywestpoint.com/sports/womens-tennis/roster/2025-26
ten_b0fae17c950d,Alexandra,Oshidar,tennis,2025-26,2026,D1,Women,Patriot League,Army West Point,,Player,Jr.,Jr,"Westampton, N.J.",Westampton,NJ,domestic,Holy Cross Preparatory Academy,1,https://goarmywestpoint.com/sports/womens-tennis/roster/2025-26
ten_0b9c3466ff42,Emily,Ruckno,tennis,2025-26,2026,D1,Women,Patriot League,Army West Point,,Player,Jr.,Jr,"Hilton Head Island, S.C.",Hilton Head Island,SC,domestic,Hilton Head Island,0,https://goarmywestpoint.com/sports/womens-tennis/roster/2025-26
ten_565016948409,Stacey,Samonte,tennis,2025-26,2026,D1,Women,Patriot League,Army West Point,,Player,Jr.,Jr,"Whittier, Calif.",Whittier,CA,domestic,California,0,https://goarmywestpoint.com/sports/womens-tennis/roster/2025-26
ten_d730f4dfd9a8,Madison,Smith,tennis,2025-26,2026,D1,Women,Patriot League,Army West Point,,Player,Jr.,Jr,"Boynton Beach, Fla.",Boynton Beach,FL,domestic,Saint Andrew's School,0,https://goarmywestpoint.com/sports/womens-tennis/roster/2025-26
ten_044a1035d4d8,Chelsie,Son,tennis,2025-26,2026,D1,Women,Patriot League,Army West Point,,Player,So.,So,"Allen, Texas",Allen,TX,domestic,Allen,0,https://goarmywestpoint.com/sports/womens-tennis/roster/2025-26
ten_07b1429bb260,Emma,Sy,tennis,2025-26,2026,D1,Women,Patriot League,Army West Point,,Player,Sr.,Sr,"Port Washington, N.Y.",Port Washington,NY,domestic,Paul D. Schreiber,0,https://goarmywestpoint.com/sports/womens-tennis/roster/2025-26
ten_1d5dbe621de0,Sarah,Yan,tennis,2025-26,2026,D1,Women,Patriot League,Army West Point,,Player,Fr.,Fr,"Overland Park, Kan.",Overland Park,KS,domestic,Blue Valley West,0,https://goarmywestpoint.com/sports/womens-tennis/roster/2025-26
ten_7b0434020e25,Lillian,Zhang,tennis,2025-26,2026,D1,Women,Patriot League,Army West Point,,Player,Fr.,Fr,"Tallahassee, Fla.",Tallahassee,FL,domestic,Lawton Chiles,0,https://goarmywestpoint.com/sports/womens-tennis/roster/2025-26
ten_5ac4c11e2829,Peyton,Amspacher-Philemon,tennis,2025-26,2026,D1,Women,Patriot League,Navy,"5'5""",Player,So.,So,"Wilmington, N.C.",Wilmington,NC,domestic,New Hanover,0,https://navysports.com/sports/womens-tennis/roster/2025-26
ten_ea4f3cfcc452,Molly,Bellia,tennis,2025-26,2026,D1,Women,Patriot League,Navy,"5'7""",Player,So.,So,"Granger, Ind.",Granger,IN,domestic,Saint Joseph,0,https://navysports.com/sports/womens-tennis/roster/2025-26
ten_1a760d9c8b3b,Jina,Cha,tennis,2025-26,2026,D1,Women,Patriot League,Navy,"5'5""",Player,Fr.,Fr,"Falls Church, Va.",Falls Church,VA,domestic,ICL Academy,1,https://navysports.com/sports/womens-tennis/roster/2025-26
ten_f0bf9f1c1eb8,Olivia,Fermo,tennis,2025-26,2026,D1,Women,Patriot League,Navy,"5'4""",Player,Jr.,Jr,"Smithtown, N.Y.",Smithtown,NY,domestic,St. Anthony's,0,https://navysports.com/sports/womens-tennis/roster/2025-26
ten_ca507e937869,Nicole,Fu,tennis,2025-26,2026,D1,Women,Patriot League,Navy,"5'9""",Player,Fr.,Fr,"Rochester Hills, Mich.",Rochester Hills,MI,domestic,Rochester Adams,0,https://navysports.com/sports/womens-tennis/roster/2025-26
ten_6ed227f1c99a,Sydney,Fuger,tennis,2025-26,2026,D1,Women,Patriot League,Navy,"5'9""",Player,Fr.,Fr,"Kansas City, Mo.",Kansas City,MO,domestic,North Kansas City,0,https://navysports.com/sports/womens-tennis/roster/2025-26
ten_54eff6cf9878,Emma,Gu,tennis,2025-26,2026,D1,Women,Patriot League,Navy,"5'6""",Player,So.,So,"West Lafayette, Ind.",West Lafayette,IN,domestic,Harrison,0,https://navysports.com/sports/womens-tennis/roster/2025-26
ten_f77bf5a67c4e,Anna,Jordaan,tennis,2025-26,2026,D1,Women,Patriot League,Navy,"5'7""",Player,Jr.,Jr,"Denver, Colo.",Denver,CO,domestic,Colorado Academy,1,https://navysports.com/sports/womens-tennis/roster/2025-26
ten_c5c3834b78da,Julia,Lee,tennis,2025-26,2026,D1,Women,Patriot League,Navy,"5'3""",Player,Jr.,Jr,"Frisco, Texas",Frisco,TX,domestic,Rick Reedy,0,https://navysports.com/sports/womens-tennis/roster/2025-26
ten_9c5773e415b4,Grace,Li,tennis,2025-26,2026,D1,Women,Patriot League,Navy,"5'7""",Player,So.,So,"West Chester, Pa.",West Chester,PA,domestic,Unionville,0,https://navysports.com/sports/womens-tennis/roster/2025-26
ten_6d4d49e4ea5a,Ji,Soo Oh,tennis,2025-26,2026,D1,Women,Patriot League,Navy,"5'4""",Player,So.,So,"Wesley Chapel, Fla.",Wesley Chapel,FL,domestic,Saddlebrook Prep,1,https://navysports.com/sports/womens-tennis/roster/2025-26
ten_92c01cebcaa0,Manci,Pal,tennis,2025-26,2026,D1,Women,Patriot League,Navy,"5'9""",Player,Jr.,Jr,"Riviera Beach, Fla.",Riviera Beach,FL,domestic,Saint Andrew's School,0,https://navysports.com/sports/womens-tennis/roster/2025-26
ten_0d6984e880a5,Anna,Wiskowski,tennis,2025-26,2026,D1,Women,Patriot League,Navy,"5'5""",Player,Fr.,Fr,"Hinsdale, Ill.",Hinsdale,IL,domestic,Grandview Preparatory School,1,https://navysports.com/sports/womens-tennis/roster/2025-26
ten_8b1a8e1605d3,Sara,Akid,tennis,2025-26,2026,D1,Women,Big 12 Conference,Utah,,Player,Jr.,Jr,"Casablanca, Morocco",Casablanca,,international,,0,https://utahutes.com/sports/womens-tennis/roster/2025-26
ten_691fa648e158,Kaila,Barksdale,tennis,2025-26,2026,D1,Women,Big 12 Conference,Utah,,Player,Sr.,Sr,"San Diego, Calif.",San Diego,CA,domestic,Westview HS,0,https://utahutes.com/sports/womens-tennis/roster/2025-26
ten_beab4524eec4,Emma,Kamper,tennis,2025-26,2026,D1,Women,Big 12 Conference,Utah,,Player,Jr.,Jr,"Vejle, Denmark",Vejle,,international,,0,https://utahutes.com/sports/womens-tennis/roster/2025-26
ten_c3741fe09653,Hailey,Kerker,tennis,2025-26,2026,D1,Women,Big 12 Conference,Utah,,Player,Fr.,Fr,"Camas, Washington",Camas,WA,domestic,Camas HS,0,https://utahutes.com/sports/womens-tennis/roster/2025-26
ten_8f1616f933e1,Dylan,Lolofie,tennis,2025-26,2026,D1,Women,Big 12 Conference,Utah,,Player,Sr.,Sr,"Salt Lake City, Utah",Salt Lake City,UT,domestic,Weber State,0,https://utahutes.com/sports/womens-tennis/roster/2025-26
ten_3966ac128020,Andjelija,Markovic,tennis,2025-26,2026,D1,Women,Big 12 Conference,Utah,,Player,Fr.,Fr,"Bor, Serbia",Bor,,international,,0,https://utahutes.com/sports/womens-tennis/roster/2025-26
ten_25da639cc6c7,Kamea,Medora,tennis,2025-26,2026,D1,Women,Big 12 Conference,Utah,,Player,Jr.,Jr,"Hauula, Hawaii",Hauula,HI,domestic,Advanced Academy Calabasas,0,https://utahutes.com/sports/womens-tennis/roster/2025-26
ten_82692e4b636c,Emmie,Moore,tennis,2025-26,2026,D1,Women,Big 12 Conference,Utah,,Player,Sr.,Sr,"Salt Lake City, Utah",Salt Lake City,UT,domestic,East HS,0,https://utahutes.com/sports/womens-tennis/roster/2025-26
ten_b44f42c8cf96,Hayley,Roberts,tennis,2025-26,2026,D1,Women,Big 12 Conference,Utah,,Player,So.,So,"Bradenton, Florida",Bradenton,FL,domestic,Roberts Academy,1,https://utahutes.com/sports/womens-tennis/roster/2025-26
ten_4b9a5bb82262,Emma,Valletta,tennis,2025-26,2026,D1,Women,Big 12 Conference,Utah,,Player,Sr.,Sr,"Ravena, Italy",Ravena,,international,,,https://utahutes.com/sports/womens-tennis/roster/2025-26
ten_5dbc7d0a0f89,Olivia,Bustos,tennis,2025-26,2026,D1,Women,Western Athletic Conference,Utah Tech,"5'7""",Player,Jr.,Jr,"Doral, Fla.",Doral,FL,domestic,Florida Virtual HS,0,https://utahtechtrailblazers.com/sports/womens-tennis/roster/2025-26
ten_8d2c53ca3157,Ilse,Fernanda Elechiguerra Ortega,tennis,2025-26,2026,D1,Women,Western Athletic Conference,Utah Tech,"5'4""",Player,Fr.,Fr,"La Ceiba, Mexico",La Ceiba,,international,Universidad Del Valle de México,0,https://utahtechtrailblazers.com/sports/womens-tennis/roster/2025-26
ten_2ac412fe6707,Ana,Gutierrez Sampere,tennis,2025-26,2026,D1,Women,Western Athletic Conference,Utah Tech,"5'3""",Player,Jr.,Jr,"San Luis Potosí, Mexico",San Luis Potosí,,international,Institutio Lomas Del Real,0,https://utahtechtrailblazers.com/sports/womens-tennis/roster/2025-26
ten_3455c02d9c42,Cameron,Hendrix,tennis,2025-26,2026,D1,Women,Western Athletic Conference,Utah Tech,,Player,Fr.,Fr,"Midvale, Utah",Midvale,UT,domestic,,0,https://utahtechtrailblazers.com/sports/womens-tennis/roster/2025-26
ten_881065353b9f,Maya,Inouye,tennis,2025-26,2026,D1,Women,Western Athletic Conference,Utah Tech,,Player,So.,So,"Orem, Utah",Orem,UT,domestic,Orem HS,0,https://utahtechtrailblazers.com/sports/womens-tennis/roster/2025-26
ten_41e5cf48da4e,Nicole,Kells,tennis,2025-26,2026,D1,Women,Western Athletic Conference,Utah Tech,,Player,Sr.,Sr,"Wales, Great Britain",Wales,,international,,,https://utahtechtrailblazers.com/sports/womens-tennis/roster/2025-26
ten_c042a859a41f,Raquel,Roshak,tennis,2025-26,2026,D1,Women,Western Athletic Conference,Utah Tech,"5'7""",Player,Sr.,Sr,"Las Vegas, NV",Las Vegas,NV,domestic,Odyssey Charter School,0,https://utahtechtrailblazers.com/sports/womens-tennis/roster/2025-26
ten_f0b10ebd1cc8,Nutsa,Tsintsadze,tennis,2025-26,2026,D1,Women,Western Athletic Conference,Utah Tech,,Player,So.,So,Georgia,Georgia,GA,domestic,,0,https://utahtechtrailblazers.com/sports/womens-tennis/roster/2025-26
ten_e8be8b8fdefb,Mariana,Zurita Berdecio,tennis,2025-26,2026,D1,Women,Western Athletic Conference,Utah Tech,"5'6""",Player,Jr.,Jr,"Santa Cruz, Bolivia",Santa Cruz,,international,Colegio La Salle HS,0,https://utahtechtrailblazers.com/sports/womens-tennis/roster/2025-26
ten_d5d73127dce7,Nadine,Abid,tennis,2025-26,2026,D1,Women,Mountain West Conference,Utah St.,,Player,Fr.,Fr,"Sfax, Tunisia",Sfax,,international,National Center for Distance Education,0,https://utahstateaggies.com/sports/womens-tennis/roster/2025-26
ten_33d7f1c7c537,Olivia,Halvorsen,tennis,2025-26,2026,D1,Women,Mountain West Conference,Utah St.,,Player,Sr.,Sr,"Milton, Ontario, Canada","Milton, Ontario",,international,The Clariden School,0,https://utahstateaggies.com/sports/womens-tennis/roster/2025-26
ten_8239af830e1f,Terezia,Mlkva,tennis,2025-26,2026,D1,Women,Mountain West Conference,Utah St.,,Player,Fr.,Fr,"Piestany, Slovakia",Piestany,,international,Gymnazium Pierra de Coubertina,0,https://utahstateaggies.com/sports/womens-tennis/roster/2025-26
ten_b8ef74f28135,Magdalena,Nunez Pureco,tennis,2025-26,2026,D1,Women,Mountain West Conference,Utah St.,,Player,R-Jr.,Jr,"Merida, Yucatan, Mexico","Merida, Yucatan",,international,Instituto Tecnologico de Estudios Superiores de Monterrey Programa Prepanet,0,https://utahstateaggies.com/sports/womens-tennis/roster/2025-26
ten_839088a94c9e,Natalie,Paterova,tennis,2025-26,2026,D1,Women,Mountain West Conference,Utah St.,,Player,So.,So,"Kladno, Czech Republic",Kladno,,international,Sportovní Gymnázium Kladno,0,https://utahstateaggies.com/sports/womens-tennis/roster/2025-26
ten_205d5af9a5f3,Sabina,Pintea,tennis,2025-26,2026,D1,Women,Mountain West Conference,Utah St.,,Player,Fr.,Fr,"Iasi, Romania",Iasi,,international,Spartac Brugge,0,https://utahstateaggies.com/sports/womens-tennis/roster/2025-26
ten_ae0715e4dd80,Maria Paula,Ramos Garcia,tennis,2025-26,2026,D1,Women,Mountain West Conference,Utah St.,,Player,So.,So,"Guatemala City, Guatemala",Guatemala City,,international,Colegio Metropolitano,0,https://utahstateaggies.com/sports/womens-tennis/roster/2025-26
ten_474824a8af94,Kylee,Sperry,tennis,2025-26,2026,D1,Women,Mountain West Conference,Utah St.,,Player,So.,So,"Lehi, Utah",Lehi,UT,domestic,Skyridge HS,0,https://utahstateaggies.com/sports/womens-tennis/roster/2025-26
ten_6c2d54fbc2f2,Chahd,Tourkhani,tennis,2025-26,2026,D1,Women,Mountain West Conference,Utah St.,,Player,Fr.,Fr,"Tunis, Tunisia",Tunis,,international,École Internationale de Tunis,0,https://utahstateaggies.com/sports/womens-tennis/roster/2025-26
ten_91b1423c9247,Emi,Callahan,tennis,2025-26,2026,D1,Women,Big East Conference,Villanova,,Player,Sr.,Sr,"Lake Forest, Ill.",Lake Forest,IL,domestic,Greens Farms Academy,1,https://villanova.com/sports/womens-tennis/roster/2025-26
ten_15daed90942f,Riley,Cicero,tennis,2025-26,2026,D1,Women,Big East Conference,Villanova,,Player,Fr.,Fr,"Franklin Lakes, N.J.",Franklin Lakes,NJ,domestic,K12 Private Academy,1,https://villanova.com/sports/womens-tennis/roster/2025-26
ten_1a81ab7a166e,Olivia,Corcoran,tennis,2025-26,2026,D1,Women,Big East Conference,Villanova,,Player,So.,So,"Cary, N.C.",Cary,NC,domestic,Green Hope,0,https://villanova.com/sports/womens-tennis/roster/2025-26
ten_6186370f7fe9,Maggie,Gehrig,tennis,2025-26,2026,D1,Women,Big East Conference,Villanova,,Player,Sr.,Sr,"Charlotte, N.C.",Charlotte,NC,domestic,Charlotte Catholic,0,https://villanova.com/sports/womens-tennis/roster/2025-26
ten_8fb792c80498,Miriam,Gondorova,tennis,2025-26,2026,D1,Women,Big East Conference,Villanova,,Player,Jr.,Jr,"Humenne, Slovakia",Humenne,,international,Mouratoglou International,0,https://villanova.com/sports/womens-tennis/roster/2025-26
ten_eff128a8b39f,Maddie,Hills,tennis,2025-26,2026,D1,Women,Big East Conference,Villanova,,Player,Jr.,Jr,"Barrington, Ill.",Barrington,IL,domestic,Barrington,0,https://villanova.com/sports/womens-tennis/roster/2025-26
ten_910e39600383,Alina,Kornyeva,tennis,2025-26,2026,D1,Women,Big East Conference,Villanova,,Player,Fr.,Fr,"Dnipro, Ukraine",Dnipro,,international,Novooleksandrivka Lyceum,0,https://villanova.com/sports/womens-tennis/roster/2025-26
ten_c12878ae3dff,Olivia,Kutlova,tennis,2025-26,2026,D1,Women,Big East Conference,Villanova,,Player,So.,So,"Delray Beach, Fla.",Delray Beach,FL,domestic,Dwight Global,0,https://villanova.com/sports/womens-tennis/roster/2025-26
ten_e0984b0da3eb,Lauren,Monti,tennis,2025-26,2026,D1,Women,Big East Conference,Villanova,,Player,Jr.,Jr,"Austin, Texas",Austin,TX,domestic,St. Stephen's Episcopal,0,https://villanova.com/sports/womens-tennis/roster/2025-26
ten_71e35850633c,Savie,Seebald,tennis,2025-26,2026,D1,Women,Big East Conference,Villanova,,Player,Sr.,Sr,"Washington, D.C.",Washington,DC,domestic,Hilton Head Preparatory,1,https://villanova.com/sports/womens-tennis/roster/2025-26
ten_fd1a69c33d84,Jenna,Stevens,tennis,2025-26,2026,D1,Women,Big East Conference,Villanova,,Player,Jr.,Jr,"Chicago, Ill.",Chicago,IL,domestic,Whitney Young,0,https://villanova.com/sports/womens-tennis/roster/2025-26
ten_d405a1a3a86b,Naomi,Katz,tennis,2025-26,2026,D1,Women,Southeastern Conference,Vanderbilt,,Player,Senior,Sr,"El Paso, Texas",El Paso,TX,domestic,Coronado,0,https://vucommodores.com/sports/wten/roster
ten_fbbbfc0891ab,Sonya,Macavei,tennis,2025-26,2026,D1,Women,Southeastern Conference,Vanderbilt,,Player,Senior,Sr,"Cincinnati, Ohio",Cincinnati,OH,domestic,ES International,0,https://vucommodores.com/sports/wten/roster
ten_f8c5e7dea579,Célia-Belle,Mohr,tennis,2025-26,2026,D1,Women,Southeastern Conference,Vanderbilt,,Player,Graduate,Gr,"Montargis, France",Montargis,,international,CNED,0,https://vucommodores.com/sports/wten/roster
ten_36314115c16b,Erin,Pearce,tennis,2025-26,2026,D1,Women,Southeastern Conference,Vanderbilt,,Player,Freshman,Fr,"St. Albans, England",St. Albans,,international,Gosling Tennis Academy,1,https://vucommodores.com/sports/wten/roster
ten_eb6fd5bfcb37,Valeria,Ray,tennis,2025-26,2026,D1,Women,Southeastern Conference,Vanderbilt,,Player,Junior,Jr,"Miami, Fla.",Miami,FL,domestic,Florida Virtual School,0,https://vucommodores.com/sports/wten/roster
ten_734ac67c6fa7,Bridget,Stammel,tennis,2025-26,2026,D1,Women,Southeastern Conference,Vanderbilt,,Player,Senior,Sr,"Dallas, Texas",Dallas,TX,domestic,Highland Park,0,https://vucommodores.com/sports/wten/roster
ten_cf7a861287b4,Trinetra,Vijayakumar,tennis,2025-26,2026,D1,Women,Southeastern Conference,Vanderbilt,,Player,Sophomore,So,"Ellicott City, Md.",Ellicott City,MD,domestic,The Bridge School,0,https://vucommodores.com/sports/wten/roster
ten_87775ca89838,Sophia,Webster,tennis,2025-26,2026,D1,Women,Southeastern Conference,Vanderbilt,,Player,Sophomore,So,"El Segundo, Calif.",El Segundo,CA,domestic,Gomez Tennis Academy,1,https://vucommodores.com/sports/wten/roster
ten_ae73552e0cba,Mia,Yamakita,tennis,2025-26,2026,D1,Women,Southeastern Conference,Vanderbilt,,Player,Freshman,Fr,"Johns Creek, Ga.",Johns Creek,GA,domestic,Fulton Academy,1,https://vucommodores.com/sports/wten/roster
ten_b361f5622267,Sara,Alba,tennis,2025-26,2026,D1,Women,Atlantic 10 Conference,VCU,"5'4""",Player,So.,So,"Bogota, Colombia",Bogota,,international,Saint George's School,0,https://vcuathletics.com/sports/womens-tennis/roster/2025-26
ten_7bd3a1317da9,Tania,Isabel Andrade Sabando,tennis,2025-26,2026,D1,Women,Atlantic 10 Conference,VCU,"5'4""",Player,Jr.,Jr,"Santo Domingo, Ecuador",Santo Domingo,,international,,0,https://vcuathletics.com/sports/womens-tennis/roster/2025-26
ten_dc922b5ac421,Amelie,Brozova,tennis,2025-26,2026,D1,Women,Atlantic 10 Conference,VCU,,Player,Fr.,Fr,"Kurim, Czech Republic",Kurim,,international,,0,https://vcuathletics.com/sports/womens-tennis/roster/2025-26
ten_43cf2bf009aa,Mariam,Ibrahim,tennis,2025-26,2026,D1,Women,Atlantic 10 Conference,VCU,"5'7""",Player,Jr.,Jr,"Cairo, Egypt",Cairo,,international,,0,https://vcuathletics.com/sports/womens-tennis/roster/2025-26
ten_42b5a740d0aa,Elicia,Kim,tennis,2025-26,2026,D1,Women,Atlantic 10 Conference,VCU,,Player,Jr.,Jr,"Doreen, Australia",Doreen,,international,,,https://vcuathletics.com/sports/womens-tennis/roster/2025-26
ten_8711ec0e26bf,Viktoria,Lackova,tennis,2025-26,2026,D1,Women,Atlantic 10 Conference,VCU,,Player,Fr.,Fr,"Bratislava, Slovakia",Bratislava,,international,,0,https://vcuathletics.com/sports/womens-tennis/roster/2025-26
ten_08e18c1a4285,Andrea,Magallanes,tennis,2025-26,2026,D1,Women,Atlantic 10 Conference,VCU,,Player,So.,So,"Maracay, Venezuela",Maracay,,international,,0,https://vcuathletics.com/sports/womens-tennis/roster/2025-26
ten_a786bc14bde6,Sofia,Jane Thorne,tennis,2025-26,2026,D1,Women,Atlantic 10 Conference,VCU,,Player,So.,So,"Northbridge, New South Wales, Australia",Northbridge,,international,,0,https://vcuathletics.com/sports/womens-tennis/roster/2025-26
ten_fc3c45c25f78,Samantha,Bentsianov,tennis,2025-26,2026,D1,Women,Northeast Conference,Wagner,"5'4""",Player,Sr.,Sr,"Staten Island, NY",Staten Island,NY,domestic,St. Joseph Hill,0,https://wagnerathletics.com/sports/womens-tennis/roster/2025-26
ten_65f0d37d7a4f,Camila,Claros,tennis,2025-26,2026,D1,Women,Northeast Conference,Wagner,,Player,Fr.,Fr,,,,unknown,,0,https://wagnerathletics.com/sports/womens-tennis/roster/2025-26
ten_56eb32552590,Alexia,Estrada,tennis,2025-26,2026,D1,Women,Northeast Conference,Wagner,"5'8""",Player,Fr.,Fr,"Morelos, Mexico",Morelos,,international,CUED,0,https://wagnerathletics.com/sports/womens-tennis/roster/2025-26
ten_34b27856efe4,Hannah,Fitzgerald,tennis,2025-26,2026,D1,Women,Northeast Conference,Wagner,"5'9""",Player,Fr.,Fr,"Scottsdale, AZ",Scottsdale,AZ,domestic,Desert Mountain,0,https://wagnerathletics.com/sports/womens-tennis/roster/2025-26
ten_6b2781e97d13,Claudia,Lindsey,tennis,2025-26,2026,D1,Women,Northeast Conference,Wagner,"5'10""",Player,So.,So,"Naples, FL",Naples,FL,domestic,,0,https://wagnerathletics.com/sports/womens-tennis/roster/2025-26
ten_4eb107ba3ac8,Victoria,Madail,tennis,2025-26,2026,D1,Women,Northeast Conference,Wagner,"5'4""",Player,So.,So,"Maturin, Venezuela",Maturin,,international,International School,0,https://wagnerathletics.com/sports/womens-tennis/roster/2025-26
ten_3d8cb349565f,Liepa,Sataite,tennis,2025-26,2026,D1,Women,Northeast Conference,Wagner,"5'10""",Player,So.,So,"Šiaulia, Lithuania",Šiaulia,,international,King's InterHigh,0,https://wagnerathletics.com/sports/womens-tennis/roster/2025-26
ten_3c52d0ec4d6f,Dariana,Vera,tennis,2025-26,2026,D1,Women,Northeast Conference,Wagner,"5'3""",Player,Jr.,Jr,"Lima, Peru",Lima,,international,Liceo Naval,0,https://wagnerathletics.com/sports/womens-tennis/roster/2025-26
ten_de9b391a6140,Krystal,Blanch,tennis,2025-26,2026,D1,Women,Atlantic Coast Conference,Wake Forest,,Player,R-Jr.,Jr,"Boca Raton, Fla.",Boca Raton,FL,domestic,Laurel Springs,0,https://godeacs.com/sports/womens-tennis/roster/2025-26
ten_d74b28075220,Heidi,Bulger,tennis,2025-26,2026,D1,Women,Atlantic Coast Conference,Wake Forest,,Player,So.,So,"Ocean Ridge, Fla.",Ocean Ridge,FL,domestic,Heed Academy,1,https://godeacs.com/sports/womens-tennis/roster/2025-26
ten_72d3d7aba9a8,Nevena,Carton,tennis,2025-26,2026,D1,Women,Atlantic Coast Conference,Wake Forest,,Player,Sr.,Sr,"Locust, N.J.",Locust,NJ,domestic,IA Academy,1,https://godeacs.com/sports/womens-tennis/roster/2025-26
ten_474aea8869e4,Sankavi,Gownder,tennis,2025-26,2026,D1,Women,Atlantic Coast Conference,Wake Forest,,Player,Jr.,Jr,"Cypress, Texas",Cypress,TX,domestic,Connections Academy,1,https://godeacs.com/sports/womens-tennis/roster/2025-26
ten_99bef30b5517,Jingyi,Li,tennis,2025-26,2026,D1,Women,Atlantic Coast Conference,Wake Forest,,Player,Sr.,Sr,"Bradenton, Fla.",Bradenton,FL,domestic,IMG Academy,1,https://godeacs.com/sports/womens-tennis/roster/2025-26
ten_9cc23e215e7c,Aubrey,Nisbet,tennis,2025-26,2026,D1,Women,Atlantic Coast Conference,Wake Forest,,Player,Jr.,Jr,"Wilmington, Del.",Wilmington,DE,domestic,Wilmington Friends School,0,https://godeacs.com/sports/womens-tennis/roster/2025-26
ten_bc012e4b49b0,Evie,Oxford,tennis,2025-26,2026,D1,Women,Atlantic Coast Conference,Wake Forest,,Player,Fr.,Fr,"Dallas, Texas",Dallas,TX,domestic,TBarM Tennis Academy,1,https://godeacs.com/sports/womens-tennis/roster/2025-26
ten_3f7770595248,Whitley,Pate,tennis,2025-26,2026,D1,Women,Atlantic Coast Conference,Wake Forest,,Player,Sr.,Sr,"Daniel Island, S.C.",Daniel Island,SC,domestic,Randy Pate Tennis Academy,1,https://godeacs.com/sports/womens-tennis/roster/2025-26
ten_9b6f65355133,Kady,Tannenbaum,tennis,2025-26,2026,D1,Women,Atlantic Coast Conference,Wake Forest,,Player,So.,So,"Commack, N.Y.",Commack,NY,domestic,Commack High School,0,https://godeacs.com/sports/womens-tennis/roster/2025-26
ten_ac5f54b7d53f,Eva,Alvarez Sande,tennis,2025-26,2026,D1,Women,Pac-12 Conference,Washington St.,,Player,,UNK,,,,unknown,,0,https://wsucougars.com/sports/womens-tennis/roster/season/2025-26
ten_7e2febcd84ab,JoLynn,Garrett,tennis,2025-26,2026,D1,Women,Pac-12 Conference,Washington St.,,Player,,UNK,,,,unknown,,0,https://wsucougars.com/sports/womens-tennis/roster/season/2025-26
ten_639833f33be0,Chisato,Kanemaki,tennis,2025-26,2026,D1,Women,Pac-12 Conference,Washington St.,,Player,,UNK,,,,unknown,,0,https://wsucougars.com/sports/womens-tennis/roster/season/2025-26
ten_02842896b2e1,Zali,Morris,tennis,2025-26,2026,D1,Women,Pac-12 Conference,Washington St.,,Player,,UNK,,,,unknown,,0,https://wsucougars.com/sports/womens-tennis/roster/season/2025-26
ten_fb4a77481055,Maxine,Murphy,tennis,2025-26,2026,D1,Women,Pac-12 Conference,Washington St.,,Player,,UNK,,,,unknown,,0,https://wsucougars.com/sports/womens-tennis/roster/season/2025-26
ten_cb4b9b516b93,Yura,Nakagawa,tennis,2025-26,2026,D1,Women,Pac-12 Conference,Washington St.,,Player,,UNK,,,,unknown,,0,https://wsucougars.com/sports/womens-tennis/roster/season/2025-26
ten_f32238626027,Martina,Puvill,tennis,2025-26,2026,D1,Women,Pac-12 Conference,Washington St.,,Player,,UNK,,,,unknown,,0,https://wsucougars.com/sports/womens-tennis/roster/season/2025-26
ten_ebdac13f5b51,Ava-Monet,Sycamore,tennis,2025-26,2026,D1,Women,Pac-12 Conference,Washington St.,,Player,,UNK,,,,unknown,,0,https://wsucougars.com/sports/womens-tennis/roster/season/2025-26
ten_54d06fc2f492,Julie,Bousseau,tennis,2025-26,2026,D1,Women,Big 12 Conference,West Virginia,,Player,Gr.,Gr,"Pau, France",Pau,,international,Lycée Saint John Perse,0,https://wvusports.com/sports/womens-tennis/roster/2025-26
ten_ee465e697fde,Lyla,Byers,tennis,2025-26,2026,D1,Women,Big 12 Conference,West Virginia,,Player,So.,So,"Morgantown, W.Va.",Morgantown,WV,domestic,University High School,0,https://wvusports.com/sports/womens-tennis/roster/2025-26
ten_c20448775f0f,Lily,Harper,tennis,2025-26,2026,D1,Women,Big 12 Conference,West Virginia,,Player,Fr.,Fr,"Manchester, England",Manchester,,international,Standish High School,0,https://wvusports.com/sports/womens-tennis/roster/2025-26
ten_897672f036e8,Zuzana,Saxana Kudlácková,tennis,2025-26,2026,D1,Women,Big 12 Conference,West Virginia,,Player,Fr.,Fr,"Prague, Czech Republic",Prague,,international,Sport Grammar School,0,https://wvusports.com/sports/womens-tennis/roster/2025-26
ten_7f22b4b38cf5,Sosanna,Malaak,tennis,2025-26,2026,D1,Women,Big 12 Conference,West Virginia,,Player,Fr.,Fr,"Cairo, Egypt",Cairo,,international,Integrated Thebes American College in Cairo,0,https://wvusports.com/sports/womens-tennis/roster/2025-26
ten_3a50722362b5,Audrey,Moutama,tennis,2025-26,2026,D1,Women,Big 12 Conference,West Virginia,,Player,Sr.,Sr,"Guadeloupe, France",Guadeloupe,,international,Lycée Claude Bernard,0,https://wvusports.com/sports/womens-tennis/roster/2025-26
ten_0e8e39c98e9d,Daniella,Shved,tennis,2025-26,2026,D1,Women,Big 12 Conference,West Virginia,,Player,Sr.,Sr,"Holon - Tel Aviv, Israel",Holon - Tel Aviv,,international,ORT Horton,0,https://wvusports.com/sports/womens-tennis/roster/2025-26
ten_52d7ea2d36d2,Lucia,Tognoni,tennis,2025-26,2026,D1,Women,Big 12 Conference,West Virginia,,Player,Fr.,Fr,"Genoa, Italy",Genoa,,international,Collegio Emiliani,0,https://wvusports.com/sports/womens-tennis/roster/2025-26
ten_3173d54b7be5,Laura,Villanueva Morillo,tennis,2025-26,2026,D1,Women,Big 12 Conference,West Virginia,,Player,So.,So,"Seville, Spain",Seville,,international,Íes v Centenario,0,https://wvusports.com/sports/womens-tennis/roster/2025-26
ten_f8b428bbd3b7,Kelly,Coetzee,tennis,2025-26,2026,D1,Women,Southern Conference,Western Caro.,"5'8""",Player,Fr.,Fr,"Cape Town, South Africa",Cape Town,,international,Ecole Saint-Gabriel,0,https://catamountsports.com/sports/womens-tennis/roster/2025-26
ten_792acf7eeac3,Mariya,Dobreva,tennis,2025-26,2026,D1,Women,Southern Conference,Western Caro.,,Player,So.,So,"Montreal, Quebec",Montreal,,international,Ecole Saint-Gabriel,0,https://catamountsports.com/sports/womens-tennis/roster/2025-26
ten_8ae1994e1665,Hokualohi,Lui,tennis,2025-26,2026,D1,Women,Southern Conference,Western Caro.,"5'8""",Player,So.,So,"Lynnwood, Wash.",Lynnwood,WA,domestic,Omak Washington Virtual Academy,1,https://catamountsports.com/sports/womens-tennis/roster/2025-26
ten_8bacfd0a8835,Mia,Miranda,tennis,2025-26,2026,D1,Women,Southern Conference,Western Caro.,,Player,Jr.,Jr,"Atlanta, Ga.",Atlanta,GA,domestic,Georgia Connections Academy,1,https://catamountsports.com/sports/womens-tennis/roster/2025-26
ten_5bfd7bcd8128,Jenelle,Roberts,tennis,2025-26,2026,D1,Women,Southern Conference,Western Caro.,,Player,Fr.,Fr,"Sugar Hills, Ga.",Sugar Hills,GA,domestic,North Gwinnett High School,0,https://catamountsports.com/sports/womens-tennis/roster/2025-26
ten_0aa2683a651c,Keira,Stewart,tennis,2025-26,2026,D1,Women,Southern Conference,Western Caro.,,Player,So.,So,"Greenville, S.C.",Greenville,SC,domestic,Ignite Christian,0,https://catamountsports.com/sports/womens-tennis/roster/2025-26
ten_8f3350db8c0f,Axelle,Van Beurden,tennis,2025-26,2026,D1,Women,Southern Conference,Western Caro.,,Player,Fr.,Fr,"Antwerp, Belgium",Antwerp,,international,,0,https://catamountsports.com/sports/womens-tennis/roster/2025-26
ten_9b537cace038,Mana,Fawcett,tennis,2025-26,2026,D1,Women,Ohio Valley Conference,Western Ill.,,Player,So.,So,"Acworth, GA",Acworth,GA,domestic,North Cobb HS,0,https://goleathernecks.com/sports/womens-tennis/roster/2025-26
ten_5817088a4f8b,Richardlyne,Francois,tennis,2025-26,2026,D1,Women,Ohio Valley Conference,Western Ill.,,Player,So.,So,"Port-au-Prince, Haiti",Port-au-Prince,,international,New Albany,0,https://goleathernecks.com/sports/womens-tennis/roster/2025-26
ten_a92dfccd3f70,Nour,Gueblaoui,tennis,2025-26,2026,D1,Women,Ohio Valley Conference,Western Ill.,,Player,Sr.,Sr,"Monastir, Tunisia",Monastir,,international,Bourguiba,0,https://goleathernecks.com/sports/womens-tennis/roster/2025-26
ten_b44c098d76b0,Jessica,Hess,tennis,2025-26,2026,D1,Women,Ohio Valley Conference,Western Ill.,,Player,Jr.,Jr,"Grabouw, South Africa",Grabouw,,international,,0,https://goleathernecks.com/sports/womens-tennis/roster/2025-26
ten_96e7940a7470,Denver,Johnson,tennis,2025-26,2026,D1,Women,Ohio Valley Conference,Western Ill.,,Player,So.,So,"Avon, OH",Avon,OH,domestic,Avon HS,0,https://goleathernecks.com/sports/womens-tennis/roster/2025-26
ten_16a8b0dfe068,Nadezhda,Petkova,tennis,2025-26,2026,D1,Women,Ohio Valley Conference,Western Ill.,,Player,So.,So,"Sofia, Bulgaria",Sofia,,international,,0,https://goleathernecks.com/sports/womens-tennis/roster/2025-26
ten_2fdd31df7c83,Lara,Rossetto Diniz de Souza,tennis,2025-26,2026,D1,Women,Ohio Valley Conference,Western Ill.,,Player,Sr.,Sr,"São Paulo, Brazil",São Paulo,,international,,0,https://goleathernecks.com/sports/womens-tennis/roster/2025-26
ten_fda5b383ec0b,Chloe,Routier,tennis,2025-26,2026,D1,Women,Ohio Valley Conference,Western Ill.,,Player,So.,So,"Sainte-Julie, Quebec",Sainte-Julie,,international,École secondaire De Mortagne,0,https://goleathernecks.com/sports/womens-tennis/roster/2025-26
ten_8d7b53171414,Anna-Evelina,Trush,tennis,2025-26,2026,D1,Women,Ohio Valley Conference,Western Ill.,,Player,Jr.,Jr,"Buffalo Grove, IL",Buffalo Grove,IL,domestic,Buffalo Grove,0,https://goleathernecks.com/sports/womens-tennis/roster/2025-26
ten_91a83097a245,Madeleine,Whip,tennis,2025-26,2026,D1,Women,Ohio Valley Conference,Western Ill.,,Player,Gr.,Gr,"Sydney, Australia",Sydney,,international,Meriden High School,0,https://goleathernecks.com/sports/womens-tennis/roster/2025-26
ten_3c4910b1382e,Sia,Chaudry,tennis,2025-26,2026,D1,Women,Coastal Athletic Association,William & Mary,"5'3""",Player,Sr.,Sr,"Midlothian, Va.",Midlothian,VA,domestic,Clover Hill,0,https://tribeathletics.com/sports/womens-tennis/roster/2025-26
ten_ceb6c497d963,Francesca,Davis,tennis,2025-26,2026,D1,Women,Coastal Athletic Association,William & Mary,"5'4""",Player,Jr.,Jr,"Glastonbury, Somerset, England",Glastonbury,,international,Millfield School,0,https://tribeathletics.com/sports/womens-tennis/roster/2025-26
ten_70dddfaa2d8c,Parker,Debnam,tennis,2025-26,2026,D1,Women,Coastal Athletic Association,William & Mary,"5'8""",Player,Jr.,Jr,"Boca Raton, Fla.",Boca Raton,FL,domestic,Indiana University High School,0,https://tribeathletics.com/sports/womens-tennis/roster/2025-26
ten_59eb74459495,Alexia,Gonzalez-Galino,tennis,2025-26,2026,D1,Women,Coastal Athletic Association,William & Mary,"5'6""",Player,Fr.,Fr,"Caldes de Montbui, Barcelona, Spain",Caldes de Montbui,,international,Centre d’Alt Rendiment (CAR),0,https://tribeathletics.com/sports/womens-tennis/roster/2025-26
ten_3f3d8aee644a,Mira,Kernagis,tennis,2025-26,2026,D1,Women,Coastal Athletic Association,William & Mary,"5'8""",Player,So.,So,"Glen Ellyn, Ill.",Glen Ellyn,IL,domestic,Glenbard West,0,https://tribeathletics.com/sports/womens-tennis/roster/2025-26
ten_c6f17361a665,Tilda,Larsson,tennis,2025-26,2026,D1,Women,Coastal Athletic Association,William & Mary,"5'10""",Player,Fr.,Fr,"Malmo, Sweden",Malmo,,international,Malmo Idrottsgymnasium,0,https://tribeathletics.com/sports/womens-tennis/roster/2025-26
ten_7c738276b73b,Emma,Pell,tennis,2025-26,2026,D1,Women,Coastal Athletic Association,William & Mary,"5'5""",Player,Sr.,Sr,"Kentfield, Calif.",Kentfield,CA,domestic,Saint Ignatius College Prep,1,https://tribeathletics.com/sports/womens-tennis/roster/2025-26
ten_780040075ecc,Rebeka,Svabikova,tennis,2025-26,2026,D1,Women,Coastal Athletic Association,William & Mary,"5'8""",Player,Fr.,Fr,"Nuremberg, Germany",Nuremberg,,international,Bertolt-Brecht School,0,https://tribeathletics.com/sports/womens-tennis/roster/2025-26
ten_abead34584f3,Yaelle,Vaissaud,tennis,2025-26,2026,D1,Women,Coastal Athletic Association,William & Mary,"5'4""",Player,Sr.,Sr,"Antananarivo, Madagascar",Antananarivo,,international,CNED,0,https://tribeathletics.com/sports/womens-tennis/roster/2025-26
ten_0eade43dd8d8,Julia,Viesi,tennis,2025-26,2026,D1,Women,Coastal Athletic Association,William & Mary,"5'6""",Player,Fr.,Fr,"São Paulo, Brazil",São Paulo,,international,See-Saw Panamby Bilingual School,0,https://tribeathletics.com/sports/womens-tennis/roster/2025-26
ten_4e26ced42fbd,Sati,Aubakirova,tennis,2025-26,2026,D1,Women,American Conference,Wichita St.,"6'1""",Player,So.,So,"Almaty, Kazakhstan",Almaty,,international,Zerde Specialized School,0,https://goshockers.com/sports/womens-tennis/roster/2025-26
ten_0d66763bb5ab,Theodora,Chantava,tennis,2025-26,2026,D1,Women,American Conference,Wichita St.,"6'1""",Player,Sr.,Sr,"Grevena, Greece",Grevena,,international,Esperino Geniko Lykeio,0,https://goshockers.com/sports/womens-tennis/roster/2025-26
ten_06f39b972f13,Anne,Knuettel,tennis,2025-26,2026,D1,Women,American Conference,Wichita St.,"5'6""",Player,Gr.,Gr,"Fuchsstadt, Germany",Fuchsstadt,,international,Frobenius Gymnasium,0,https://goshockers.com/sports/womens-tennis/roster/2025-26
ten_846ba6ee998b,Kristina,Kudryavtseva,tennis,2025-26,2026,D1,Women,American Conference,Wichita St.,"5'6""",Player,Sr.,Sr,"Moscow, Russia",Moscow,,international,Znaika School,0,https://goshockers.com/sports/womens-tennis/roster/2025-26
ten_27529e06965d,Emily,McGaughey,tennis,2025-26,2026,D1,Women,American Conference,Wichita St.,"5'9""",Player,So.,So,"Sterling, Kan.",Sterling,KS,domestic,Sterling HS,0,https://goshockers.com/sports/womens-tennis/roster/2025-26
ten_f591dd708778,Delaney,Mies,tennis,2025-26,2026,D1,Women,American Conference,Wichita St.,"5'0""",Player,So.,So,"Wichita, Kan.",Wichita,KS,domestic,Maize HS,0,https://goshockers.com/sports/womens-tennis/roster/2025-26
ten_58bab0fc5254,Tatyana,Nikolenko,tennis,2025-26,2026,D1,Women,American Conference,Wichita St.,"5'7""",Player,Sr.,Sr,"Oskemen, Kazakhstan",Oskemen,,international,Shkola Zerde,0,https://goshockers.com/sports/womens-tennis/roster/2025-26
ten_990812c5baf2,Giorgia,Roselli,tennis,2025-26,2026,D1,Women,American Conference,Wichita St.,"5'2""",Player,Jr.,Jr,"Pescara, Italy",Pescara,,international,Pescara Tennis Academy,1,https://goshockers.com/sports/womens-tennis/roster/2025-26
ten_db8b2c011aa5,Vichitraporn,Vimuktananda,tennis,2025-26,2026,D1,Women,American Conference,Wichita St.,,Player,Sr.,Sr,"Phitsanulok, Thailand",Phitsanulok,,international,Central Arkansas,0,https://goshockers.com/sports/womens-tennis/roster/2025-26
ten_48e250a53f7e,Xin,Tong Wang,tennis,2025-26,2026,D1,Women,American Conference,Wichita St.,"5'5""",Player,Jr.,Jr,"Hangzhou, China",Hangzhou,,international,Zhejiang High School,0,https://goshockers.com/sports/womens-tennis/roster/2025-26
ten_f47843e1dcff,Maya,Bordereau,tennis,2025-26,2026,D1,Women,Big Ten Conference,Wisconsin,,Player,Jr.,Jr,"Annecy, France",Annecy,,international,CNED,0,https://uwbadgers.com/sports/womens-tennis/roster/2025-26
ten_ccd884184de8,Parker,Christensen,tennis,2025-26,2026,D1,Women,Big Ten Conference,Wisconsin,,Player,So.,So,"Elkhorn, WI",Elkhorn,WI,domestic,Elkhorn Area,0,https://uwbadgers.com/sports/womens-tennis/roster/2025-26
ten_b997d41adf9f,Ekaterina,Ivanova,tennis,2025-26,2026,D1,Women,Big Ten Conference,Wisconsin,,Player,So.,So,"Moscow, Russia",Moscow,,international,ALGORITHM School,0,https://uwbadgers.com/sports/womens-tennis/roster/2025-26
ten_9869b9676aaa,Kája,Jacobson,tennis,2025-26,2026,D1,Women,Big Ten Conference,Wisconsin,,Player,Jr.,Jr,"Broomfield, CO",Broomfield,CO,domestic,,0,https://uwbadgers.com/sports/womens-tennis/roster/2025-26
ten_0c49dfaaf46b,Tianna,Rangan,tennis,2025-26,2026,D1,Women,Big Ten Conference,Wisconsin,,Player,So.,So,"Sugar Land, TX",Sugar Land,TX,domestic,,0,https://uwbadgers.com/sports/womens-tennis/roster/2025-26
ten_3e07721a2adb,Ellison,Reynoldson,tennis,2025-26,2026,D1,Women,Big Ten Conference,Wisconsin,,Player,Jr.,Jr,"Camden, TN",Camden,TN,domestic,,0,https://uwbadgers.com/sports/womens-tennis/roster/2025-26
ten_fd6b13654f40,Maria,Sholokhova,tennis,2025-26,2026,D1,Women,Big Ten Conference,Wisconsin,,Player,Sr.,Sr,"Sochi, Russia",Sochi,,international,Stolichniy Kit,0,https://uwbadgers.com/sports/womens-tennis/roster/2025-26
ten_f1a663d2b375,Lucie,Urbanova,tennis,2025-26,2026,D1,Women,Big Ten Conference,Wisconsin,,Player,Fr.,Fr,"Konice, Czech Republic",Konice,,international,Gymnazium Jiriho Wolkera,0,https://uwbadgers.com/sports/womens-tennis/roster/2025-26
ten_82f552dd5316,Kaede,Usui,tennis,2025-26,2026,D1,Women,Big Ten Conference,Wisconsin,,Player,Fr.,Fr,"Franklin, WI",Franklin,WI,domestic,eAchieve Academy,1,https://uwbadgers.com/sports/womens-tennis/roster/2025-26
ten_278361ec930e,Grace,Agster,tennis,2025-26,2026,D1,Women,Southern Conference,Wofford,"5'6""",Player,Jr.,Jr,"Apex, N.C.",Apex,NC,domestic,Crossroads FLEX,0,https://woffordterriers.com/sports/womens-tennis/roster/2025-26
ten_97da196c4252,Quinn,Bernthal,tennis,2025-26,2026,D1,Women,Southern Conference,Wofford,"5'9""",Player,So.,So,"Boulder, Colo.",Boulder,CO,domestic,Fairview,0,https://woffordterriers.com/sports/womens-tennis/roster/2025-26
ten_a1504e8299a9,Chloe,Elliott,tennis,2025-26,2026,D1,Women,Southern Conference,Wofford,"5'5""",Player,Sr.,Sr,"Oxford, England",Oxford,,international,Cokethorpe School,0,https://woffordterriers.com/sports/womens-tennis/roster/2025-26
ten_328952f86a8f,Katie,Godfree,tennis,2025-26,2026,D1,Women,Southern Conference,Wofford,"5'8""",Player,Fr.,Fr,"Myrtle Beach, S.C.",Myrtle Beach,SC,domestic,Atlantic Collegiate,0,https://woffordterriers.com/sports/womens-tennis/roster/2025-26
ten_3af7553533ce,Marie,Henriksen,tennis,2025-26,2026,D1,Women,Southern Conference,Wofford,"5'6""",Player,Fr.,Fr,"Oslo, Norway",Oslo,,international,Oslo Handelsgymnasium,0,https://woffordterriers.com/sports/womens-tennis/roster/2025-26
ten_e9c47dcd5380,Grace,Stout,tennis,2025-26,2026,D1,Women,Southern Conference,Wofford,"5'7""",Player,Jr.,Jr,"Brentwood, Tenn.",Brentwood,TN,domestic,Ravenwood,0,https://woffordterriers.com/sports/womens-tennis/roster/2025-26
ten_fea4e69d4885,Ella,Suk,tennis,2025-26,2026,D1,Women,Southern Conference,Wofford,"5'5""",Player,Jr.,Jr,"Tucker, Ga.",Tucker,GA,domestic,VIP Academy,1,https://woffordterriers.com/sports/womens-tennis/roster/2025-26
ten_3c65d50a173b,Serina,Abriola,tennis,2025-26,2026,D1,Women,Mountain West Conference,Wyoming,,Player,R-Sr.,Sr,"Carefree, Ariz.",Carefree,AZ,domestic,,0,https://gowyo.com/sports/womens-tennis/roster/2025-26
ten_622297a6af73,Silver,Bijlsma,tennis,2025-26,2026,D1,Women,Mountain West Conference,Wyoming,,Player,Fr.,Fr,"The Hague, Netherlands",The Hague,,international,,0,https://gowyo.com/sports/womens-tennis/roster/2025-26
ten_5d26057f59b6,Violetta,Borodina,tennis,2025-26,2026,D1,Women,Mountain West Conference,Wyoming,,Player,Sr.,Sr,"Almetyevsk, Russia",Almetyevsk,,international,,0,https://gowyo.com/sports/womens-tennis/roster/2025-26
ten_c5003afe076b,Eugenia,Ceinos,tennis,2025-26,2026,D1,Women,Mountain West Conference,Wyoming,,Player,So.,So,"Buenos Aires, Argentina",Buenos Aires,,international,Ramos Mejia,0,https://gowyo.com/sports/womens-tennis/roster/2025-26
ten_78b2eb2c5905,Anastasiia,Kochelaevskaia,tennis,2025-26,2026,D1,Women,Mountain West Conference,Wyoming,,Player,So.,So,"CLS, Russia",CLS,,international,,0,https://gowyo.com/sports/womens-tennis/roster/2025-26
ten_4b98272a266b,Dilnaz,Mashabayeva,tennis,2025-26,2026,D1,Women,Mountain West Conference,Wyoming,,Player,So.,So,"Almaty, Kazakhstan",Almaty,,international,,0,https://gowyo.com/sports/womens-tennis/roster/2025-26
ten_0e9fdc76e09b,Madlena,Orlova,tennis,2025-26,2026,D1,Women,Mountain West Conference,Wyoming,,Player,Jr.,Jr,"Moscow, Russia",Moscow,,international,,0,https://gowyo.com/sports/womens-tennis/roster/2025-26
ten_c582558e339a,Ruby,Young,tennis,2025-26,2026,D1,Women,Mountain West Conference,Wyoming,,Player,So.,So,"Christchurch, New Zealand",Christchurch,,international,St. Margaret's College,0,https://gowyo.com/sports/womens-tennis/roster/2025-26
ten_6018f10ee879,Emilia,Durska,tennis,2025-26,2026,D1,Women,Horizon League,Milwaukee,,Player,Jr.,Jr,"Siemianowice Slaskie, Poland",Siemianowice Slaskie,,international,Kozerki / Alcorn State,0,https://mkepanthers.com/sports/womens-tennis/roster/2025-26
ten_d42b4c20dc0a,Nadiia,Konieva,tennis,2025-26,2026,D1,Women,Horizon League,Milwaukee,,Player,Sr.,Sr,"Kharkiv, Ukraine",Kharkiv,,international,HS 144 Kharkiv,0,https://mkepanthers.com/sports/womens-tennis/roster/2025-26
ten_d995e06bb714,Nikola,Nikolajeva,tennis,2025-26,2026,D1,Women,Horizon League,Milwaukee,,Player,So.,So,"Riga, Latvia",Riga,,international,Riga Commercial School,0,https://mkepanthers.com/sports/womens-tennis/roster/2025-26
ten_090f3da2f158,Laure,Razet,tennis,2025-26,2026,D1,Women,Horizon League,Milwaukee,,Player,Sr.,Sr,"Paris, France",Paris,,international,NCDE / Tarleton State,0,https://mkepanthers.com/sports/womens-tennis/roster/2025-26
ten_cbfd61004cdb,Elisa,Rubio,tennis,2025-26,2026,D1,Women,Horizon League,Milwaukee,,Player,So.,So,"Sannois, France",Sannois,,international,Comprehensive School,0,https://mkepanthers.com/sports/womens-tennis/roster/2025-26
ten_b585b9540c0c,Svava,Schroeder,tennis,2025-26,2026,D1,Women,Horizon League,Milwaukee,,Player,Fr.,Fr,"Schöneiche bei Berlin, Germany",Schöneiche bei Berlin,,international,Mouratoglou International,0,https://mkepanthers.com/sports/womens-tennis/roster/2025-26
ten_ea163d52afee,Sara,Simonova,tennis,2025-26,2026,D1,Women,Horizon League,Milwaukee,,Player,Sr.,Sr,"Brno, Czech Republic",Brno,,international,Moravshe Gymnazium Brno S.R.O.,0,https://mkepanthers.com/sports/womens-tennis/roster/2025-26
ten_a435422b5a5b,Nel,Van Hout,tennis,2025-26,2026,D1,Women,Horizon League,Milwaukee,,Player,So.,So,"Heusden-Zolder, Belgium",Heusden-Zolder,,international,Atlas College,0,https://mkepanthers.com/sports/womens-tennis/roster/2025-26
ten_fb2376b74cee,Honoka,Yamashita,tennis,2025-26,2026,D1,Women,Horizon League,Milwaukee,,Player,So.,So,"Shizuoka, Japan",Shizuoka,,international,Iwata Minami,0,https://mkepanthers.com/sports/womens-tennis/roster/2025-26
ten_7cfc8c325080,Ellie,Brotherton,tennis,2025-26,2026,D1,Women,Big East Conference,Xavier,,Player,Jr.,Jr,"Cleveland, Ohio",Cleveland,OH,domestic,Laurel School,0,https://goxavier.com/sports/womens-tennis/roster/2025-26
ten_6acd9e0886e5,Ella,DeFord,tennis,2025-26,2026,D1,Women,Big East Conference,Xavier,,Player,Fr.,Fr,"Mount Pleasant, S.C.",Mount Pleasant,SC,domestic,Oceanside Collegiate,0,https://goxavier.com/sports/womens-tennis/roster/2025-26
ten_22353f11fb6f,Emily,Flowers,tennis,2025-26,2026,D1,Women,Big East Conference,Xavier,,Player,Sr.,Sr,"Tucson, Ariz.",Tucson,AZ,domestic,Catalina Foothills,0,https://goxavier.com/sports/womens-tennis/roster/2025-26
ten_38f689e8411e,Sofia,Mazzucato,tennis,2025-26,2026,D1,Women,Big East Conference,Xavier,,Player,Jr.,Jr,"Houston, Texas",Houston,TX,domestic,Memorial Senior,0,https://goxavier.com/sports/womens-tennis/roster/2025-26
ten_c4bb10383286,Abby,Nugent,tennis,2025-26,2026,D1,Women,Big East Conference,Xavier,,Player,Sr.,Sr,"Springboro, Ohio",Springboro,OH,domestic,Ohio Connections Academy,1,https://goxavier.com/sports/womens-tennis/roster/2025-26
ten_9688f11d73d3,Clara,Owen,tennis,2025-26,2026,D1,Women,Big East Conference,Xavier,,Player,So.,So,"Dayton, Ohio",Dayton,OH,domestic,Centerville,0,https://goxavier.com/sports/womens-tennis/roster/2025-26
ten_6640a6911217,Madeleine,Rexroat,tennis,2025-26,2026,D1,Women,Big East Conference,Xavier,,Player,So.,So,"Milton, Ga",Milton,GA,domestic,Rivers Academy,1,https://goxavier.com/sports/womens-tennis/roster/2025-26
ten_73e66c6c58e2,Abigail,Siminski,tennis,2025-26,2026,D1,Women,Big East Conference,Xavier,,Player,Sr.,Sr,"Ada, Mich.",Ada,MI,domestic,Forest Hills Northern,0,https://goxavier.com/sports/womens-tennis/roster/2025-26
ten_85c3986fa687,Natalie,Smitek,tennis,2025-26,2026,D1,Women,Big East Conference,Xavier,,Player,So.,So,"Avon, Ohio",Avon,OH,domestic,Avon,0,https://goxavier.com/sports/womens-tennis/roster/2025-26
ten_73ebd1f08a1e,Shyla,Aggarwal,tennis,2025-26,2026,D1,Women,Ivy League,Yale,,Player,Jr.,Jr,"Cincinnati, Ohio",Cincinnati,OH,domestic,Mason,0,https://yalebulldogs.com/sports/womens-tennis/roster/2025-26
ten_d1ae6b481f9e,Leena,Friedman,tennis,2025-26,2026,D1,Women,Ivy League,Yale,,Player,Fy.,Fr,"Quogue, N.Y.",Quogue,NY,domestic,United Nations International School,0,https://yalebulldogs.com/sports/womens-tennis/roster/2025-26
ten_ff73a94d1c4c,Erin,Ha,tennis,2025-26,2026,D1,Women,Ivy League,Yale,,Player,Jr.,Jr,"Tenafly, N.J.",Tenafly,NJ,domestic,Academy of the Holy Angels,1,https://yalebulldogs.com/sports/womens-tennis/roster/2025-26
ten_b6e88e432ab3,Angela,Huang,tennis,2025-26,2026,D1,Women,Ivy League,Yale,,Player,So.,So,"Wexford, Pa.",Wexford,PA,domestic,North Allegheny,0,https://yalebulldogs.com/sports/womens-tennis/roster/2025-26
ten_60006beba907,Rachel,Lee,tennis,2025-26,2026,D1,Women,Ivy League,Yale,,Player,Fy.,Fr,"San Diego, Calif.",San Diego,CA,domestic,Mount Everest Academy,1,https://yalebulldogs.com/sports/womens-tennis/roster/2025-26
ten_dfe131c95391,Orly,Ogilvy,tennis,2025-26,2026,D1,Women,Ivy League,Yale,,Player,Jr.,Jr,"Mississauga, Ontario",Mississauga,,international,Blyth Academy,1,https://yalebulldogs.com/sports/womens-tennis/roster/2025-26
ten_98fe208b089a,Julia,Werdiger,tennis,2025-26,2026,D1,Women,Ivy League,Yale,,Player,So.,So,"New York, N.Y.",New York,NY,domestic,Horace Mann School,0,https://yalebulldogs.com/sports/womens-tennis/roster/2025-26
ten_8e05d1fc885e,Lorena,Cedeno,tennis,2025-26,2026,D1,Women,Horizon League,Youngstown St.,,Player,Jr.,Jr,"Denver, Colo.",Denver,CO,domestic,Hillsborough CC,0,https://ysusports.com/sports/womens-tennis/roster/2025-26
ten_9bc2ada51a06,Yoana,Dudova,tennis,2025-26,2026,D1,Women,Horizon League,Youngstown St.,,Player,Sr.,Sr,"Lisbon, Portugal",Lisbon,,international,Hillsborough CC,0,https://ysusports.com/sports/womens-tennis/roster/2025-26
ten_2ce96f5568b0,Lydia,Foster,tennis,2025-26,2026,D1,Women,Horizon League,Youngstown St.,,Player,So.,So,"Columbus, Ohio",Columbus,OH,domestic,,0,https://ysusports.com/sports/womens-tennis/roster/2025-26
ten_5a0af4c11b34,Line,Greyling,tennis,2025-26,2026,D1,Women,Horizon League,Youngstown St.,,Player,Sr.,Sr,"Bloemfontein, South Africa",Bloemfontein,,international,,0,https://ysusports.com/sports/womens-tennis/roster/2025-26
ten_4a920c938648,Yeseniia,Ovcharova,tennis,2025-26,2026,D1,Women,Horizon League,Youngstown St.,,Player,Jr.,Jr,"Kharkiv, Ukraine",Kharkiv,,international,,0,https://ysusports.com/sports/womens-tennis/roster/2025-26
ten_fbc6edc2df57,Sarah,Partida Garcia,tennis,2025-26,2026,D1,Women,Horizon League,Youngstown St.,,Player,So.,So,"Guadalajara, Mexico",Guadalajara,,international,,0,https://ysusports.com/sports/womens-tennis/roster/2025-26
ten_a4c0933c47ab,Diane,Piranda,tennis,2025-26,2026,D1,Women,Horizon League,Youngstown St.,,Player,Fr.,Fr,"Besançon, France",Besançon,,international,,0,https://ysusports.com/sports/womens-tennis/roster/2025-26
ten_71dbd037b71c,Hanna,Telzynska,tennis,2025-26,2026,D1,Women,Horizon League,Youngstown St.,,Player,Jr.,Jr,"Marki, Poland",Marki,,international,Niepubliczne Liceum Ogolnoksztalcace Fundacji,0,https://ysusports.com/sports/womens-tennis/roster/2025-26
ten_f4f0efbca260,Karin,Altori,tennis,2025-26,2026,D1,Women,Big 12 Conference,Arizona St.,,Player,Junior,Jr,"Bat Yam, Israel",Bat Yam,,international,,0,https://thesundevils.com/sports/womens-tennis/roster/season/2025-26
ten_bfb877236402,Zlata,Bartanusz,tennis,2025-26,2026,D1,Women,Big 12 Conference,Arizona St.,,Player,Freshman,Fr,"Toulouse, France",Toulouse,,international,,0,https://thesundevils.com/sports/womens-tennis/roster/season/2025-26
ten_2043b9717ce7,Karsyn,Evans,tennis,2025-26,2026,D1,Women,Big 12 Conference,Arizona St.,,Player,Junior,Jr,"Ennis, Texas",Ennis,TX,domestic,,0,https://thesundevils.com/sports/womens-tennis/roster/season/2025-26
ten_a31cbeecec98,Sarang,Lim,tennis,2025-26,2026,D1,Women,Big 12 Conference,Arizona St.,,Player,Freshman,Fr,"Seoul, South Korea",Seoul,,international,,0,https://thesundevils.com/sports/womens-tennis/roster/season/2025-26
ten_166548f4a933,Aiya,Nupbay,tennis,2025-26,2026,D1,Women,Big 12 Conference,Arizona St.,,Player,Sophomore,So,"Almaty, Kazakhstan",Almaty,,international,,0,https://thesundevils.com/sports/womens-tennis/roster/season/2025-26
ten_6704e67f37cc,Vivian,Ovrootsky,tennis,2025-26,2026,D1,Women,Big 12 Conference,Arizona St.,,Player,Senior,Sr,"San Jose, Calif.",San Jose,CA,domestic,,0,https://thesundevils.com/sports/womens-tennis/roster/season/2025-26
ten_d709a71a53f6,Sara,Svetac,tennis,2025-26,2026,D1,Women,Big 12 Conference,Arizona St.,,Player,Junior,Jr,"Split, Croatia",Split,,international,,0,https://thesundevils.com/sports/womens-tennis/roster/season/2025-26
ten_2ef59df336f4,Lily,Taylor,tennis,2025-26,2026,D1,Women,Big 12 Conference,Arizona St.,,Player,Sophomore,So,"Queensland, Brisbane, Australia",Queensland,,international,,0,https://thesundevils.com/sports/womens-tennis/roster/season/2025-26
ten_f36600cb6879,Emilija,Tverijonaite,tennis,2025-26,2026,D1,Women,Big 12 Conference,Arizona St.,,Player,Junior,Jr,"Šiauliai, Lithuania",Šiauliai,,international,,0,https://thesundevils.com/sports/womens-tennis/roster/season/2025-26
ten_8d38bf33de7c,Amelie,Drukerova,tennis,2025-26,2026,D1,Women,American Conference,South Fla.,,Player,Fr.,Fr,"Prague, Czech Republic",Prague,,international,Ceska Repuplika Gynazium,0,https://gousfbulls.com/sports/womens-tennis/roster/2025-26
ten_4a59c4130993,Josefine,Falster,tennis,2025-26,2026,D1,Women,American Conference,South Fla.,,Player,So.,So,"Stabekk, Norway",Stabekk,,international,Wang Oslo,0,https://gousfbulls.com/sports/womens-tennis/roster/2025-26
ten_5aa8632ec40a,Sienna,Leeson,tennis,2025-26,2026,D1,Women,American Conference,South Fla.,,Player,So.,So,"Sydney, Australia",Sydney,,international,Meriden School,0,https://gousfbulls.com/sports/womens-tennis/roster/2025-26
ten_d000a6852a16,Margherita,Marcon,tennis,2025-26,2026,D1,Women,American Conference,South Fla.,,Player,So.,So,"Udine, Italy",Udine,,international,Istituto Paolo Segneri Itali,0,https://gousfbulls.com/sports/womens-tennis/roster/2025-26
ten_f1fcc4cabe25,Francesca,Miglio,tennis,2025-26,2026,D1,Women,American Conference,South Fla.,,Player,Jr.,Jr,"Genova, Italy",Genova,,international,Deutsche Schule Genua,0,https://gousfbulls.com/sports/womens-tennis/roster/2025-26
ten_6ecaed8e1b9d,Dharani,Niroshan,tennis,2025-26,2026,D1,Women,American Conference,South Fla.,,Player,Sr.,Sr,"Toronto, Ontario, Canada",Toronto,,international,Bill Crothers Secondary School,0,https://gousfbulls.com/sports/womens-tennis/roster/2025-26
ten_feac678201db,Melisa,Senli,tennis,2025-26,2026,D1,Women,American Conference,South Fla.,,Player,Sr.,Sr,"Izmir, Turkey",Izmir,,international,Okyanus HS,0,https://gousfbulls.com/sports/womens-tennis/roster/2025-26
ten_c524baac1eb4,Loana,Vargas,tennis,2025-26,2026,D1,Women,American Conference,South Fla.,,Player,Jr.,Jr,"Bogota, Colombia",Bogota,,international,Colegio Nuevo San Luis Gonzaga,0,https://gousfbulls.com/sports/womens-tennis/roster/2025-26
ten_106e4fe8df0e,Dani,Borruel,tennis,2025-26,2026,D1,Women,Big Ten Conference,Southern California,,Player,Fr.,Fr,"Buena Park, Calif.",Buena Park,CA,domestic,Sunny Hills High School,0,https://usctrojans.com/sports/womens-tennis/roster/2025-26
ten_66902250900f,Emma,Charney,tennis,2025-26,2026,D1,Women,Big Ten Conference,Southern California,,Player,Sr.,Sr,"Mount Pleasant, SC",Mount Pleasant,SC,domestic,South Carolina Connections Academy,1,https://usctrojans.com/sports/womens-tennis/roster/2025-26
ten_e3c2aa8dacb4,Lily,Fairclough,tennis,2025-26,2026,D1,Women,Big Ten Conference,Southern California,,Player,Jr.,Jr,"Perth, Western Australia",Perth,,international,School of Isolated and Distance Education,0,https://usctrojans.com/sports/womens-tennis/roster/2025-26
ten_6bf78761ac54,Immi,Haddad,tennis,2025-26,2026,D1,Women,Big Ten Conference,Southern California,,Player,Jr.,Jr,"London, England",London,,international,Enjoy Education,0,https://usctrojans.com/sports/womens-tennis/roster/2025-26
ten_03f9559f2a08,Jana,Hossam,tennis,2025-26,2026,D1,Women,Big Ten Conference,Southern California,,Player,So.,So,"Alexandria, Egypt",Alexandria,,international,Pearson Online Academy,1,https://usctrojans.com/sports/womens-tennis/roster/2025-26
ten_dc72ad18a492,Simone,Kay,tennis,2025-26,2026,D1,Women,Big Ten Conference,Southern California,,Player,So.,So,"Santa Monica, Calif.",Santa Monica,CA,domestic,New West Charter,0,https://usctrojans.com/sports/womens-tennis/roster/2025-26
ten_dd646a4bed60,Krisha,Mahendran,tennis,2025-26,2026,D1,Women,Big Ten Conference,Southern California,,Player,Fr.,Fr,"Rancho Palos Verdes, Calif.",Rancho Palos Verdes,CA,domestic,Palos Verdes Peninsula High SChool,0,https://usctrojans.com/sports/womens-tennis/roster/2025-26
ten_24a0c6adfa00,Eugenia,Zozaya,tennis,2025-26,2026,D1,Women,Big Ten Conference,Southern California,,Player,Fr.,Fr,"Oviedo, Spain",Oviedo,,international,I.E.S. Doña Jimena,0,https://usctrojans.com/sports/womens-tennis/roster/2025-26
ten_e356cba409eb,Sofia,Daryaie,tennis,2025-26,2026,D1,Women,West Coast Conference,Saint Mary's (CA),,Player,R-So.,So,"Los Gatos, Calif.",Los Gatos,CA,domestic,Laurel Springs School,0,https://smcgaels.com/sports/womens-tennis/roster/2025-26
ten_71a4bed80a19,Tiana,Fox,tennis,2025-26,2026,D1,Women,West Coast Conference,Saint Mary's (CA),,Player,Sr.,Sr,"Brighton, UK",Brighton,,international,McNeese State,0,https://smcgaels.com/sports/womens-tennis/roster/2025-26
ten_4b5ab1497cfa,Elif,Tuana Gunal,tennis,2025-26,2026,D1,Women,West Coast Conference,Saint Mary's (CA),,Player,Jr.,Jr,"Istanbul, Turkey",Istanbul,,international,Yeni Umut Anatolium,0,https://smcgaels.com/sports/womens-tennis/roster/2025-26
ten_9163b290a80e,Iman,Khan,tennis,2025-26,2026,D1,Women,West Coast Conference,Saint Mary's (CA),,Player,Sr.,Sr,"Marbella, Spain",Marbella,,international,,0,https://smcgaels.com/sports/womens-tennis/roster/2025-26
ten_64781e6b8a89,Priya,Nelson,tennis,2025-26,2026,D1,Women,West Coast Conference,Saint Mary's (CA),,Player,Jr.,Jr,"Sacramento, Calif.",Sacramento,CA,domestic,Visions in Education,0,https://smcgaels.com/sports/womens-tennis/roster/2025-26
ten_f9850b5d0968,Sophie,Stanton,tennis,2025-26,2026,D1,Women,West Coast Conference,Saint Mary's (CA),,Player,Fr.,Fr,"Edmonton, Alberta",Edmonton,,international,Vista Virtual School,0,https://smcgaels.com/sports/womens-tennis/roster/2025-26
ten_cf5bd20bfc1c,Madison,Weekley,tennis,2025-26,2026,D1,Women,West Coast Conference,Saint Mary's (CA),,Player,Sr.,Sr,"Alamo, Calif.",Alamo,CA,domestic,California Connections Academy,1,https://smcgaels.com/sports/womens-tennis/roster/2025-26
ten_c31dd5c4a0f1,Sydney,Wilson,tennis,2025-26,2026,D1,Women,West Coast Conference,Saint Mary's (CA),,Player,R-So.,So,"Reston, Virginia",Reston,VA,domestic,Oakton High School,0,https://smcgaels.com/sports/womens-tennis/roster/2025-26
ten_c06031c3ac02,Brown,,tennis,2025-26,2026,D1,Women,Mid-Eastern Athletic Conference,Howard,,Player,,UNK,"Atlanta, GA",Atlanta,GA,domestic,ICL Academy,1,https://hubison.com/sports/womens-tennis/roster/2025-26
ten_38f088f1c906,Chambers,,tennis,2025-26,2026,D1,Women,Mid-Eastern Athletic Conference,Howard,,Player,,UNK,"Wellington, FL",Wellington,FL,domestic,Florida Virtual School,0,https://hubison.com/sports/womens-tennis/roster/2025-26
ten_5778ef50d767,Dessie,,tennis,2025-26,2026,D1,Women,Mid-Eastern Athletic Conference,Howard,,Player,,UNK,"Los Angeles, CA",Los Angeles,CA,domestic,Mouratoglou Tennis Academy,1,https://hubison.com/sports/womens-tennis/roster/2025-26
ten_9e1677ce426d,Goins,,tennis,2025-26,2026,D1,Women,Mid-Eastern Athletic Conference,Howard,,Player,,UNK,"Burr Ridge, IL",Burr Ridge,IL,domestic,Hinsdale South High School,0,https://hubison.com/sports/womens-tennis/roster/2025-26
ten_43939b835d34,Hall,,tennis,2025-26,2026,D1,Women,Mid-Eastern Athletic Conference,Howard,,Player,,UNK,"Bowie, MD",Bowie,MD,domestic,,0,https://hubison.com/sports/womens-tennis/roster/2025-26
ten_73eb34ad1e10,Jean,,tennis,2025-26,2026,D1,Women,Mid-Eastern Athletic Conference,Howard,,Player,,UNK,"Brooklyn, NY",Brooklyn,NY,domestic,Laurel Springs HS,0,https://hubison.com/sports/womens-tennis/roster/2025-26
ten_acd558eddd7d,Oliver,,tennis,2025-26,2026,D1,Women,Mid-Eastern Athletic Conference,Howard,,Player,,UNK,"Winston-Salem, NC",Winston-Salem,NC,domestic,Laurel Springs HS,0,https://hubison.com/sports/womens-tennis/roster/2025-26
ten_20e95a5f8f0b,Stibbins,,tennis,2025-26,2026,D1,Women,Mid-Eastern Athletic Conference,Howard,,Player,,UNK,"Minneapolis, MN",Minneapolis,MN,domestic,Laurel Springs H.S.,0,https://hubison.com/sports/womens-tennis/roster/2025-26
ten_8e50f316b597,Cadence,Brace,tennis,2025-26,2026,D1,Women,Southeastern Conference,LSU,,Player,Sophomore,So,"Oakville, Canada",Oakville,,international,Florida Virtual School,0,https://lsusports.net/sports/womens-tennis/roster
ten_779b9be25edc,Kayla,Cross,tennis,2025-26,2026,D1,Women,Southeastern Conference,LSU,,Player,Sophomore,So,"London, Canada",London,,international,Bill Crothers Secondary School,0,https://lsusports.net/sports/womens-tennis/roster
ten_67b8ee660d65,Florentine,Dekkers,tennis,2025-26,2026,D1,Women,Southeastern Conference,LSU,,Player,Graduate Student,Gr,"Rosmalen, Netherlands",Rosmalen,,international,Rodenborch College,0,https://lsusports.net/sports/womens-tennis/roster
ten_422b4955d44a,Kenna,Erickson,tennis,2025-26,2026,D1,Women,Southeastern Conference,LSU,,Player,Junior,Jr,"Austin, Texas",Austin,TX,domestic,Austin Tennis Academy,1,https://lsusports.net/sports/womens-tennis/roster
ten_1cb1c2dd5517,Kinaa,Graham,tennis,2025-26,2026,D1,Women,Southeastern Conference,LSU,,Player,Junior,Jr,"Austin, Texas",Austin,TX,domestic,Westwood HS,0,https://lsusports.net/sports/womens-tennis/roster
ten_24fe04a3c259,Carina,Holguin,tennis,2025-26,2026,D1,Women,Southeastern Conference,LSU,,Player,Junior,Jr,"San Antonio, Texas",San Antonio,TX,domestic,iUniversity Prep,1,https://lsusports.net/sports/womens-tennis/roster
ten_6c40b4c94582,Carolina,Kuhl,tennis,2025-26,2026,D1,Women,Southeastern Conference,LSU,,Player,Freshman,Fr,"Fürth, Germany",Fürth,,international,Privatgymnasium Schwetzingen,0,https://lsusports.net/sports/womens-tennis/roster
ten_ca7e1363e8d6,Addison,Lanton,tennis,2025-26,2026,D1,Women,Southeastern Conference,LSU,,Player,Freshman,Fr,"Elgin, Ill.",Elgin,IL,domestic,ICL Academy,1,https://lsusports.net/sports/womens-tennis/roster
ten_0a8cdf40cf39,Alexia,Marginean,tennis,2025-26,2026,D1,Women,Southeastern Conference,LSU,,Player,Freshman,Fr,"Aiud, Romania",Aiud,,international,Mircea Eliade National College,0,https://lsusports.net/sports/womens-tennis/roster
ten_774663c5ea73,Ella,McDonald,tennis,2025-26,2026,D1,Women,Southeastern Conference,LSU,,Player,Sophomore,So,"Preston, England",Preston,,international,Mircea Eliade National College,0,https://lsusports.net/sports/womens-tennis/roster
ten_88ae376c7e03,Indi,Patel,tennis,2025-26,2026,D1,Women,Southeastern Conference,LSU,,Player,Sophomore,So,"Fort Meyers, Fla.",Fort Meyers,FL,domestic,Riverdale HS,0,https://lsusports.net/sports/womens-tennis/roster
ten_c76e60b3dbfe,Ioana,Sava,tennis,2025-26,2026,D1,Women,Southeastern Conference,LSU,,Player,Freshman,Fr,"Sibiu, Romania",Sibiu,,international,Mircea Eliade National College,0,https://lsusports.net/sports/womens-tennis/roster
ten_c03ae483073a,Gabrielle,Baskett,tennis,2025-26,2026,D1,Women,Mid-Eastern Athletic Conference,Delaware St.,,Player,Fr.,Fr,,,,unknown,,0,https://dsuhornets.com/sports/womens-tennis/roster/2025-26
ten_938c052621fb,Alba,Benedito,tennis,2025-26,2026,D1,Women,Mid-Eastern Athletic Conference,Delaware St.,,Player,Fr.,Fr,,,,unknown,,0,https://dsuhornets.com/sports/womens-tennis/roster/2025-26
ten_f73f92c46aa2,Kaitlyn,Black,tennis,2025-26,2026,D1,Women,Mid-Eastern Athletic Conference,Delaware St.,,Player,Jr.,Jr,,,,unknown,,0,https://dsuhornets.com/sports/womens-tennis/roster/2025-26
ten_35945f760fb0,Maite,Bou Safont,tennis,2025-26,2026,D1,Women,Mid-Eastern Athletic Conference,Delaware St.,,Player,Fr.,Fr,,,,unknown,,0,https://dsuhornets.com/sports/womens-tennis/roster/2025-26
ten_0bcb7f94537b,Lucia,Casas Blas,tennis,2025-26,2026,D1,Women,Mid-Eastern Athletic Conference,Delaware St.,,Player,Sr.,Sr,,,,unknown,,0,https://dsuhornets.com/sports/womens-tennis/roster/2025-26
ten_6ef0bac5ae33,Catherine,Goldman,tennis,2025-26,2026,D1,Women,Mid-Eastern Athletic Conference,Delaware St.,,Player,Jr.,Jr,,,,unknown,,0,https://dsuhornets.com/sports/womens-tennis/roster/2025-26
ten_6c2918f3e4f0,Sia,Mahajan,tennis,2025-26,2026,D1,Women,Mid-Eastern Athletic Conference,Delaware St.,,Player,So.,So,,,,unknown,,0,https://dsuhornets.com/sports/womens-tennis/roster/2025-26
ten_8d0c906c64fb,Hannah,Watkins,tennis,2025-26,2026,D1,Women,Mid-Eastern Athletic Conference,Delaware St.,,Player,Fr.,Fr,,,,unknown,,0,https://dsuhornets.com/sports/womens-tennis/roster/2025-26
ten_e49b7621df26,Kayla,Wright,tennis,2025-26,2026,D1,Women,Mid-Eastern Athletic Conference,Delaware St.,,Player,Fr.,Fr,,,,unknown,,0,https://dsuhornets.com/sports/womens-tennis/roster/2025-26
ten_b4b20887520a,Audrey,Yvana Mengue,tennis,2025-26,2026,D1,Women,Mid-Eastern Athletic Conference,Delaware St.,,Player,Fr.,Fr,,,,unknown,,0,https://dsuhornets.com/sports/womens-tennis/roster/2025-26
ten_49478a4c16bf,Glennah,Langford,tennis,2025-26,2026,D1,Women,Southeastern Conference,Arkansas,,Player,RS-Freshman,Fr,"Cave Springs, Ark.",Cave Springs,AR,domestic,,0,https://arkansasrazorbacks.com/sport/w-tennis/roster/
ten_f1465719c34e,Arina,Babenko,tennis,2025-26,2026,D1,Women,Southeastern Conference,Arkansas,,Player,Senior,Sr,"Omsk, Russia",Omsk,,international,,0,https://arkansasrazorbacks.com/sport/w-tennis/roster/
ten_076eeb3e1e87,Celine,Simunyu,tennis,2025-26,2026,D1,Women,Southeastern Conference,Arkansas,,Player,Freshman,Fr,"Dublin, Ireland",Dublin,,international,,0,https://arkansasrazorbacks.com/sport/w-tennis/roster/
ten_37d1bfc51b13,Alexandra,Panagiotidou,tennis,2025-26,2026,D1,Women,Southeastern Conference,Arkansas,,Player,Freshman,Fr,"Thessaloniki, Greece",Thessaloniki,,international,,0,https://arkansasrazorbacks.com/sport/w-tennis/roster/
ten_58fba35dfebc,Brooke,Schafer,tennis,2025-26,2026,D1,Women,Southeastern Conference,Arkansas,,Player,RS-Freshman,Fr,"Cumming, Ga.",Cumming,GA,domestic,,0,https://arkansasrazorbacks.com/sport/w-tennis/roster/
ten_2abbb4b1b8d2,Katarina,Pavlechova,tennis,2025-26,2026,D1,Women,Southeastern Conference,Arkansas,,Player,Sophomore,So,"Nové Mesto nad Váhom, Slovakia",Nové Mesto nad Váhom,,international,,0,https://arkansasrazorbacks.com/sport/w-tennis/roster/
ten_8942393975c9,Jimena,Gomez Alonso,tennis,2025-26,2026,D1,Women,Southeastern Conference,Arkansas,,Player,Sophomore,So,"Madrid, Spain",Madrid,,international,,0,https://arkansasrazorbacks.com/sport/w-tennis/roster/
ten_f725a0d06e33,Anet,Koskel,tennis,2025-26,2026,D1,Women,Southeastern Conference,Arkansas,,Player,Senior,Sr,"Tallinn, Estonia",Tallinn,,international,,0,https://arkansasrazorbacks.com/sport/w-tennis/roster/
ten_4dcdbba234f7,Katie,Ferguson,tennis,2025-26,2026,D1,Women,Southeastern Conference,Arkansas,,Player,Senior,Sr,"Wildwood, Mo.",Wildwood,MO,domestic,,0,https://arkansasrazorbacks.com/sport/w-tennis/roster/
ten_b1a832fd2580,Carolina,Gomez Alonso,tennis,2025-26,2026,D1,Women,Southeastern Conference,Arkansas,,Player,Senior,Sr,"Madrid, Spain",Madrid,,international,,0,https://arkansasrazorbacks.com/sport/w-tennis/roster/
ten_a00638abb109,Morgan,McCarthy,tennis,2025-26,2026,D1,Women,Southeastern Conference,Arkansas,,Player,Senior,Sr,"Delray Beach, Florida",Delray Beach,FL,domestic,,0,https://arkansasrazorbacks.com/sport/w-tennis/roster/
ten_2a1aac8cf59c,Olivia,Carneiro,tennis,2025-26,2026,D1,Women,Atlantic Coast Conference,Georgia Tech,,Player,Sophomore,So,"São Paulo, Brazil",São Paulo,,international,Colegio Saber,0,https://ramblinwreck.com/sports/w-tennis/roster/
ten_33a4d7ce8d38,Alejandra,Cruz,tennis,2025-26,2026,D1,Women,Atlantic Coast Conference,Georgia Tech,,Player,Senior,Sr,"Mexico City, Mexico",Mexico City,,international,Tec de Monterrey,0,https://ramblinwreck.com/sports/w-tennis/roster/
ten_9ae5c0b174c0,Sabritt,Dozier,tennis,2025-26,2026,D1,Women,Atlantic Coast Conference,Georgia Tech,,Player,Freshman,Fr,"Atlanta, Ga.",Atlanta,GA,domestic,Marist School,0,https://ramblinwreck.com/sports/w-tennis/roster/
ten_41c25824b67b,Eleni,Karantali,tennis,2025-26,2026,D1,Women,Atlantic Coast Conference,Georgia Tech,,Player,Freshman,Fr,"Athens, Greece",Athens,,international,Barcelona High School,0,https://ramblinwreck.com/sports/w-tennis/roster/
ten_cbc4cdaeee15,Taly,Licht,tennis,2025-26,2026,D1,Women,Atlantic Coast Conference,Georgia Tech,,Player,Sophomore,So,"Hollywood, Fla.",Hollywood,FL,domestic,Broward Virtual School,0,https://ramblinwreck.com/sports/w-tennis/roster/
ten_58294d7a5d8d,Seri,Nayuki,tennis,2025-26,2026,D1,Women,Atlantic Coast Conference,Georgia Tech,,Player,Freshman,Fr,"Chiba, Japan",Chiba,,international,Shonan Institute,0,https://ramblinwreck.com/sports/w-tennis/roster/
ten_1f67f4d755b7,Given,Roach,tennis,2025-26,2026,D1,Women,Atlantic Coast Conference,Georgia Tech,,Player,Junior,Jr,"Cheshunt, England",Cheshunt,,international,Loughborough Amherst School,0,https://ramblinwreck.com/sports/w-tennis/roster/
ten_aa91ecbfdde8,Marina,Fuduric,tennis,2025-26,2026,D1,Women,Southeastern Conference,Kentucky,,Player,Sophomore,So,"Lima, Ohio",Lima,OH,domestic,Laurel Springs School,0,https://ukathletics.com/sports/wten/roster/
ten_84ed4f061fba,Zoe,Hammond,tennis,2025-26,2026,D1,Women,Southeastern Conference,Kentucky,,Player,Senior,Sr,"Edmond, Oklahoma",Edmond,OK,domestic,University of Missouri HS,0,https://ukathletics.com/sports/wten/roster/
ten_375598869347,Asuncion,Jadue,tennis,2025-26,2026,D1,Women,Southeastern Conference,Kentucky,,Player,Sophomore,So,"Santiago, Chile",Santiago,,international,Florida Virtual School,0,https://ukathletics.com/sports/wten/roster/
ten_81a485a70fe4,Donna,Le Roux,tennis,2025-26,2026,D1,Women,Southeastern Conference,Kentucky,,Player,Freshman,Fr,"Bloemfontein, South Africa",Bloemfontein,,international,Oranje girlschool,0,https://ukathletics.com/sports/wten/roster/
ten_22bff1585b06,Elena,Molla,tennis,2025-26,2026,D1,Women,Southeastern Conference,Kentucky,,Player,Freshman,Fr,"Castellon, Spain",Castellon,,international,IES Francesc Ribalta Castellon,0,https://ukathletics.com/sports/wten/roster/
ten_cf7763e167bd,Ellie,Myers,tennis,2025-26,2026,D1,Women,Southeastern Conference,Kentucky,,Player,Senior,Sr,"Evansville, Indiana",Evansville,IN,domestic,Reitz Memorial HS,0,https://ukathletics.com/sports/wten/roster/
ten_6a48a7c5a1ad,Reese,Sager,tennis,2025-26,2026,D1,Women,Southeastern Conference,Kentucky,,Player,Freshman,Fr,"Waxhaw, N.C.",Waxhaw,NC,domestic,Marvin Ridge HS,0,https://ukathletics.com/sports/wten/roster/
ten_66b41c034d33,Julia,Zhu,tennis,2025-26,2026,D1,Women,Southeastern Conference,Kentucky,,Player,Junior,Jr,"Berlin, Germany",Berlin,,international,Wald-Gymnasium Berlin,0,https://ukathletics.com/sports/wten/roster/
ten_da5af0364ac9,Angelique,Berrat,tennis,2025-26,2026,D1,Women,Sun Belt Conference,Louisiana,,Player,Sr.,Sr,"Vichy, France",Vichy,,international,Lycée Saint-Pierre,0,https://ragincajuns.com/sports/womens-tennis/roster
ten_a7ed56c434e6,Marilou,Bressan,tennis,2025-26,2026,D1,Women,Sun Belt Conference,Louisiana,,Player,Fr.,Fr,"Bellerive sur Allier, France",Bellerive sur Allier,,international,,0,https://ragincajuns.com/sports/womens-tennis/roster
ten_368773fa9fb6,Martina,Della Gora,tennis,2025-26,2026,D1,Women,Sun Belt Conference,Louisiana,,Player,Fr.,Fr,"Saronno, Italy",Saronno,,international,,0,https://ragincajuns.com/sports/womens-tennis/roster
ten_74264121f6f9,Lou-Agathe,Etienne,tennis,2025-26,2026,D1,Women,Sun Belt Conference,Louisiana,,Player,Fr.,Fr,"Vichy, France",Vichy,,international,,0,https://ragincajuns.com/sports/womens-tennis/roster
ten_194bf197e5d4,Anicia,Hammoud,tennis,2025-26,2026,D1,Women,Sun Belt Conference,Louisiana,,Player,Fr.,Fr,"The Hague, Netherlands",The Hague,,international,,0,https://ragincajuns.com/sports/womens-tennis/roster
ten_c5401e3dcb46,Nina,Krecklenberg,tennis,2025-26,2026,D1,Women,Sun Belt Conference,Louisiana,,Player,Jr.,Jr,"Sydney, New South Wales, Australia",Sydney,,international,Meriden School,0,https://ragincajuns.com/sports/womens-tennis/roster
ten_0d5adfcfaaa4,Ana,Martinez Vaquero,tennis,2025-26,2026,D1,Women,Sun Belt Conference,Louisiana,,Player,So.,So,"Asturias, Spain",Asturias,,international,Colegio San Fernando,0,https://ragincajuns.com/sports/womens-tennis/roster
ten_9d5e146bfce4,Rocio,Navarro,tennis,2025-26,2026,D1,Women,Sun Belt Conference,Louisiana,,Player,So.,So,"Alicante, Spain",Alicante,,international,Colegio Cebat,0,https://ragincajuns.com/sports/womens-tennis/roster
ten_1a96c133c1ea,Safia,Zenbi,tennis,2025-26,2026,D1,Women,Sun Belt Conference,Louisiana,,Player,Fr.,Fr,"Courbevoie, France",Courbevoie,,international,,0,https://ragincajuns.com/sports/womens-tennis/roster
ten_52a424cf30c9,Aely,Arai,tennis,2025-26,2026,D1,Women,Atlantic Coast Conference,Miami (FL),,Player,Sophomore,So,"Osaka, Japan",Osaka,,international,Doshisha International Senior HS,0,https://web.archive.org/web/20260331190245/https://miamihurricanes.com/sports/wten/roster
ten_1752cfc6f717,Raquel,Gonzalez,tennis,2025-26,2026,D1,Women,Atlantic Coast Conference,Miami (FL),,Player,Senior,Sr,"Villanueva de Castellon, Spain",Villanueva de Castellon,,international,Centro EspecÍfico De Educación A Distancia (CEED),0,https://web.archive.org/web/20260331190245/https://miamihurricanes.com/sports/wten/roster
ten_3a72d35c08d7,Jaquelyn,Ogunwale,tennis,2025-26,2026,D1,Women,Atlantic Coast Conference,Miami (FL),,Player,Sophomore,So,"Herts, England",Herts,,international,,0,https://web.archive.org/web/20260331190245/https://miamihurricanes.com/sports/wten/roster
ten_9dc46b93b57c,Ela,Plosnik,tennis,2025-26,2026,D1,Women,Atlantic Coast Conference,Miami (FL),,Player,Freshman,Fr,"Fram, Slovenia",Fram,,international,Northgate Academy,1,https://web.archive.org/web/20260331190245/https://miamihurricanes.com/sports/wten/roster
ten_4f36e57bf6d0,Dominika,Podhajecka,tennis,2025-26,2026,D1,Women,Atlantic Coast Conference,Miami (FL),,Player,Freshman,Fr,"Rzepin, Poland",Rzepin,,international,NTLOG,0,https://web.archive.org/web/20260331190245/https://miamihurricanes.com/sports/wten/roster
ten_48cb1739081b,Sofia,Rocchetti,tennis,2025-26,2026,D1,Women,Atlantic Coast Conference,Miami (FL),,Player,Graduate Student,Gr,"Chiaravalle, Italy",Chiaravalle,,international,,0,https://web.archive.org/web/20260331190245/https://miamihurricanes.com/sports/wten/roster
ten_5cd5e3aea60a,Sebastianna,Scilipoti,tennis,2025-26,2026,D1,Women,Atlantic Coast Conference,Miami (FL),,Player,Sophomore,So,"Geneva, Switzerland",Geneva,,international,Immaculada Concepcio Gava,0,https://web.archive.org/web/20260331190245/https://miamihurricanes.com/sports/wten/roster
ten_4fe4bfeaa63d,Maria,Vargas,tennis,2025-26,2026,D1,Women,Atlantic Coast Conference,Miami (FL),,Player,Junior,Jr,"Cali, Colombia",Cali,,international,Colegio Harvard,0,https://web.archive.org/web/20260331190245/https://miamihurricanes.com/sports/wten/roster
ten_32db5de1fd74,Daria,Volosova,tennis,2025-26,2026,D1,Women,Atlantic Coast Conference,Miami (FL),,Player,Sophomore,So,"Chernivtsi, Ukraine",Chernivtsi,,international,,0,https://web.archive.org/web/20260331190245/https://miamihurricanes.com/sports/wten/roster
ten_da3240326fbf,Rylie,Hanford,tennis,2025-26,2026,D1,Women,Atlantic Coast Conference,Notre Dame,,Player,Senior,Sr,"Chesterland, Ohio",Chesterland,OH,domestic,West Geuaga,0,https://fightingirish.com/sports/wten/roster/
ten_c183ecbe0fdd,Sophia,Holod,tennis,2025-26,2026,D1,Women,Atlantic Coast Conference,Notre Dame,,Player,Freshman,Fr,"East Setauket, NY",East Setauket,NY,domestic,Ward Melville,0,https://fightingirish.com/sports/wten/roster/
ten_17805b2d47a4,Jessica,Kovalcik,tennis,2025-26,2026,D1,Women,Atlantic Coast Conference,Notre Dame,,Player,Freshman,Fr,"Plainfield, IL",Plainfield,IL,domestic,Plainfield North,0,https://fightingirish.com/sports/wten/roster/
ten_5223f6bec99a,Akari,Matsuno,tennis,2025-26,2026,D1,Women,Atlantic Coast Conference,Notre Dame,,Player,Senior,Sr,"Hoffman Estates, IL",Hoffman Estates,IL,domestic,Hilton Head Prep,1,https://fightingirish.com/sports/wten/roster/
ten_abdf11d52cf2,Bianca,Molnar,tennis,2025-26,2026,D1,Women,Atlantic Coast Conference,Notre Dame,,Player,Sophomore,So,"Ladera Ranch, CA",Ladera Ranch,CA,domestic,California Connections Academy,1,https://fightingirish.com/sports/wten/roster/
ten_45905f6197c1,Bojana,Pozder,tennis,2025-26,2026,D1,Women,Atlantic Coast Conference,Notre Dame,,Player,Senior,Sr,"Mount Pleasant, WI",Mount Pleasant,WI,domestic,The REAL School,0,https://fightingirish.com/sports/wten/roster/
ten_8796840781c2,Gabriella,Rawles,tennis,2025-26,2026,D1,Women,Atlantic Coast Conference,Notre Dame,,Player,Freshman,Fr,"Bradenton, FL",Bradenton,FL,domestic,ICL Academy,1,https://fightingirish.com/sports/wten/roster/
ten_4b27161207b0,Mari-Louise,Van Zyl,tennis,2025-26,2026,D1,Women,Atlantic Coast Conference,Notre Dame,,Player,Freshman,Fr,"Potchefstroom, South Africa",Potchefstroom,,international,Coppini Tennis Academy,1,https://fightingirish.com/sports/wten/roster/
ten_05e08c0d666e,Esther,Vyrlan,tennis,2025-26,2026,D1,Women,Atlantic Coast Conference,Notre Dame,,Player,Sophomore,So,"Roseville, CA",Roseville,CA,domestic,Academy of Private Classic Education,1,https://fightingirish.com/sports/wten/roster/
