athlete_id,first_name,last_name,sport,athletic_year,season,division,gender,conference,school,position_raw,position_group,class_year_raw,class_standing,hometown_raw,hometown_city,hometown_state,origin,high_school,high_school_is_academy,source_url
gym_ab0e77b9394e,Mady,Boyd,gymnastics,2025-26,2025-26,D1,Women,Southeastern Conference,Alabama,,UNK,Fr.,Fr,"Tallahassee, Fla.",Tallahassee,FL,domestic,East Ridge,0,https://rolltide.com/sports/womens-gymnastics/roster/2025-26
gym_65cefa3b4795,Kennedy,Cochran,gymnastics,2025-26,2025-26,D1,Women,Southeastern Conference,Alabama,,UNK,Fr.,Fr,"Chandler, Ariz.",Chandler,AZ,domestic,Gilbert Christian,0,https://rolltide.com/sports/womens-gymnastics/roster/2025-26
gym_da3c6112f78d,Leigh,Anne Elliott,gymnastics,2025-26,2025-26,D1,Women,Southeastern Conference,Alabama,,UNK,Fr.,Fr,"Williamsburg, Va.",Williamsburg,VA,domestic,Liberty University Online Academy,1,https://rolltide.com/sports/womens-gymnastics/roster/2025-26
gym_d2549d3f9e73,Ella,Sloane Griffin,gymnastics,2025-26,2025-26,D1,Women,Southeastern Conference,Alabama,,UNK,Fr.,Fr,"Leesburg, Va.",Leesburg,VA,domestic,Loudoun County,0,https://rolltide.com/sports/womens-gymnastics/roster/2025-26
gym_231cdea62e34,Kate,LaCoursiere,gymnastics,2025-26,2025-26,D1,Women,Southeastern Conference,Alabama,,UNK,Fr.,Fr,"San Diego, Calif.",San Diego,CA,domestic,Mount Carmel,0,https://rolltide.com/sports/womens-gymnastics/roster/2025-26
gym_9ee66e8ef6b2,Ella,Kate Parker,gymnastics,2025-26,2025-26,D1,Women,Southeastern Conference,Alabama,,UNK,Fr.,Fr,"West Monroe, La.",West Monroe,LA,domestic,Cincinnati Christian,0,https://rolltide.com/sports/womens-gymnastics/roster/2025-26
gym_716132b3e29d,Addison,Sarisky,gymnastics,2025-26,2025-26,D1,Women,Southeastern Conference,Alabama,,UNK,Fr.,Fr,"Girard, Ohio",Girard,OH,domestic,Hubbard,0,https://rolltide.com/sports/womens-gymnastics/roster/2025-26
gym_db8e2ae350e5,Avery,Schlichting,gymnastics,2025-26,2025-26,D1,Women,Southeastern Conference,Alabama,,UNK,Fr.,Fr,"Belvidere, Ill.",Belvidere,IL,domestic,Rockford Lutheran,0,https://rolltide.com/sports/womens-gymnastics/roster/2025-26
gym_5f5db32fbb8f,Elle,Bragga,gymnastics,2025-26,2025-26,D1,Women,Big 12 Conference,Arizona,,UNK,Fr.,Fr,"Peachtree Corners, Ga.",Peachtree Corners,GA,domestic,Oaks Christian,0,https://arizonawildcats.com/sports/womens-gymnastics/roster/2025-26
gym_93c350b76260,Riley,Carman,gymnastics,2025-26,2025-26,D1,Women,Big 12 Conference,Arizona,,UNK,Fr.,Fr,"Etna, Ohio",Etna,OH,domestic,Watkins Memorial H.S.,0,https://arizonawildcats.com/sports/womens-gymnastics/roster/2025-26
gym_4d602c2b4cc1,Olivia,Childs,gymnastics,2025-26,2025-26,D1,Women,Big 12 Conference,Arizona,,UNK,So.,So,"Holly Springs, N.C.",Holly Springs,NC,domestic,Holly Springs H.S.,0,https://arizonawildcats.com/sports/womens-gymnastics/roster/2025-26
gym_3205c85d8a48,Sophie,Derr,gymnastics,2025-26,2025-26,D1,Women,Big 12 Conference,Arizona,,UNK,Jr.,Jr,"Frisco, Texas",Frisco,TX,domestic,Lebanon Trail H.S.,0,https://arizonawildcats.com/sports/womens-gymnastics/roster/2025-26
gym_6c569b4a1460,Ainsley,Greever,gymnastics,2025-26,2025-26,D1,Women,Big 12 Conference,Arizona,,UNK,Jr.,Jr,"Naperville, Ill.",Naperville,IL,domestic,Neuqua Valley H.S.,0,https://arizonawildcats.com/sports/womens-gymnastics/roster/2025-26
gym_507a9436f025,Jessa,Janicke,gymnastics,2025-26,2025-26,D1,Women,Big 12 Conference,Arizona,,UNK,So.,So,"Maple Grove, Minn.",Maple Grove,MN,domestic,Maple Grove Senior H.S.,0,https://arizonawildcats.com/sports/womens-gymnastics/roster/2025-26
gym_bf420f0fad93,Aubrey,Krohnfeldt,gymnastics,2025-26,2025-26,D1,Women,Big 12 Conference,Arizona,,UNK,So.,So,"Mesa, Ariz.",Mesa,AZ,domestic,Red Mountain H.S.,0,https://arizonawildcats.com/sports/womens-gymnastics/roster/2025-26
gym_52041f6c37cd,Elizabeth,LaRusso,gymnastics,2025-26,2025-26,D1,Women,Big 12 Conference,Arizona,,UNK,R-Sr.,Sr,"Las Vegas, Nev.",Las Vegas,NV,domestic,Odyssey Charter High School,0,https://arizonawildcats.com/sports/womens-gymnastics/roster/2025-26
gym_d8ce528d5125,Gianna,Lenczner,gymnastics,2025-26,2025-26,D1,Women,Big 12 Conference,Arizona,,UNK,Sr.,Sr,"Oak Creek, Wis.",Oak Creek,WI,domestic,Oak Creek H.S.,0,https://arizonawildcats.com/sports/womens-gymnastics/roster/2025-26
gym_685e3b453b28,Sophia,Maisel,gymnastics,2025-26,2025-26,D1,Women,Big 12 Conference,Arizona,,UNK,Jr.,Jr,"Houston, Texas",Houston,TX,domestic,Klein Collins H.S.,0,https://arizonawildcats.com/sports/womens-gymnastics/roster/2025-26
gym_0b1f3d81f70c,Abigayle,Martin,gymnastics,2025-26,2025-26,D1,Women,Big 12 Conference,Arizona,,UNK,Jr.,Jr,"Bacliff, Texas",Bacliff,TX,domestic,Texas Connections Academy,1,https://arizonawildcats.com/sports/womens-gymnastics/roster/2025-26
gym_f7bddd221340,Delaney,Mead,gymnastics,2025-26,2025-26,D1,Women,Big 12 Conference,Arizona,,UNK,Fr.,Fr,"Kingston, Wash.",Kingston,WA,domestic,Kingston H.S.,0,https://arizonawildcats.com/sports/womens-gymnastics/roster/2025-26
gym_1257e0823777,Hillary,Puleo,gymnastics,2025-26,2025-26,D1,Women,Big 12 Conference,Arizona,,UNK,Fr.,Fr,"Phoenix, Ariz.",Phoenix,AZ,domestic,Horizon H.S.,0,https://arizonawildcats.com/sports/womens-gymnastics/roster/2025-26
gym_c7de3b194dc6,Amelia,Rock,gymnastics,2025-26,2025-26,D1,Women,Big 12 Conference,Arizona,,UNK,So.,So,"Buckley, Wash.",Buckley,WA,domestic,White River H.S.,0,https://arizonawildcats.com/sports/womens-gymnastics/roster/2025-26
gym_e0cd49b5df9b,Jillian,Silvers,gymnastics,2025-26,2025-26,D1,Women,Big 12 Conference,Arizona,,UNK,So.,So,"Culver City, Calif.",Culver City,CA,domestic,DaVinci Science H.S.,0,https://arizonawildcats.com/sports/womens-gymnastics/roster/2025-26
gym_5c4446607a59,Sadie,Smith,gymnastics,2025-26,2025-26,D1,Women,Big 12 Conference,Arizona,,UNK,So.,So,"Gig Harbor, Wash.",Gig Harbor,WA,domestic,Charles Wright Academy,1,https://arizonawildcats.com/sports/womens-gymnastics/roster/2025-26
gym_3feda2548ac9,Sophia,Stephens,gymnastics,2025-26,2025-26,D1,Women,Big 12 Conference,Arizona,,UNK,Sr.,Sr,"Gunter, Texas",Gunter,TX,domestic,Centennial H.S.,0,https://arizonawildcats.com/sports/womens-gymnastics/roster/2025-26
gym_8e5c5d752f8b,Emma,Strom,gymnastics,2025-26,2025-26,D1,Women,Big 12 Conference,Arizona,,UNK,Sr.,Sr,"Omaha, Neb.",Omaha,NE,domestic,Omaha Virtual School,0,https://arizonawildcats.com/sports/womens-gymnastics/roster/2025-26
gym_acf415caa71e,Lily,Tisdale,gymnastics,2025-26,2025-26,D1,Women,Big 12 Conference,Arizona,,UNK,Fr.,Fr,"Austin, Texas",Austin,TX,domestic,Anderson H.S.,0,https://arizonawildcats.com/sports/womens-gymnastics/roster/2025-26
gym_5bec30746aa8,Teagan,White,gymnastics,2025-26,2025-26,D1,Women,Big 12 Conference,Arizona,,UNK,So.,So,"Mexico, Mo.",Mexico,MO,domestic,Mexico Senior H.S.,0,https://arizonawildcats.com/sports/womens-gymnastics/roster/2025-26
gym_7d87d94de24a,Tirzah,Wise,gymnastics,2025-26,2025-26,D1,Women,Big 12 Conference,Arizona,,UNK,Jr.,Jr,"Henderson, Nev.",Henderson,NV,domestic,Seton Home Study School,0,https://arizonawildcats.com/sports/womens-gymnastics/roster/2025-26
gym_e6e03fc58239,Macy,Armstrong,gymnastics,2025-26,2025-26,D1,Women,Ivy League,Cornell,AA,All-Around,Jr.,Jr,"Cary, N.C.",Cary,NC,domestic,Green Hope HS,0,https://cornellbigred.com/sports/womens-gymnastics/roster/2025-26
gym_5d3882fe7655,Mikayla,Burton,gymnastics,2025-26,2025-26,D1,Women,Ivy League,Cornell,BB,Event Specialist,Sr.,Sr,"Newnan, Ga.",Newnan,GA,domestic,Newnan HS,0,https://cornellbigred.com/sports/womens-gymnastics/roster/2025-26
gym_2e90998150cb,Avery,Byun,gymnastics,2025-26,2025-26,D1,Women,Ivy League,Cornell,AA,All-Around,Jr.,Jr,"Rancho Mission Viejo, Calif.",Rancho Mission Viejo,CA,domestic,Tesoro HS,0,https://cornellbigred.com/sports/womens-gymnastics/roster/2025-26
gym_0a69c2bc6e2c,Shaina,Chen,gymnastics,2025-26,2025-26,D1,Women,Ivy League,Cornell,UB/FX,Event Specialist,Sr.,Sr,"Claremont, Calif.",Claremont,CA,domestic,Claremont HS,0,https://cornellbigred.com/sports/womens-gymnastics/roster/2025-26
gym_56dfd0789b62,Michaela,DeFrancisco,gymnastics,2025-26,2025-26,D1,Women,Ivy League,Cornell,V/BB/FX,Event Specialist,Sr.,Sr,"Guilderland, N.Y.",Guilderland,NY,domestic,Guilderland HS,0,https://cornellbigred.com/sports/womens-gymnastics/roster/2025-26
gym_823f9bf7bcd8,Ella,Fox,gymnastics,2025-26,2025-26,D1,Women,Ivy League,Cornell,AA,All-Around,Fr.,Fr,"Concord Township, Ohio",Concord Township,OH,domestic,Riverside HS,0,https://cornellbigred.com/sports/womens-gymnastics/roster/2025-26
gym_84f3b461cf1e,Sarah,Goetter,gymnastics,2025-26,2025-26,D1,Women,Ivy League,Cornell,AA,All-Around,So.,So,"Olyphant, Pa.",Olyphant,PA,domestic,Mid Valley Secondary Center,0,https://cornellbigred.com/sports/womens-gymnastics/roster/2025-26
gym_747031f50d63,Lauren,Golioto,gymnastics,2025-26,2025-26,D1,Women,Ivy League,Cornell,AA,All-Around,Fr.,Fr,"Cheshire, Conn.",Cheshire,CT,domestic,Hamden Hall Country Day School,0,https://cornellbigred.com/sports/womens-gymnastics/roster/2025-26
gym_a2b16d4e884e,Taylor,Gomez,gymnastics,2025-26,2025-26,D1,Women,Ivy League,Cornell,AA,All-Around,So.,So,"Hinsdale, Ill.",Hinsdale,IL,domestic,Hinsdale Central High School,0,https://cornellbigred.com/sports/womens-gymnastics/roster/2025-26
gym_be0ee78af07b,Dahlia,Jhaveri,gymnastics,2025-26,2025-26,D1,Women,Ivy League,Cornell,AA,All-Around,So.,So,"Huntington, N.Y.",Huntington,NY,domestic,John H. Glenn HS,0,https://cornellbigred.com/sports/womens-gymnastics/roster/2025-26
gym_1348a08bf6c8,Clara,Jones,gymnastics,2025-26,2025-26,D1,Women,Ivy League,Cornell,AA,All-Around,Fr.,Fr,"Eden Prairie, Minn.",Eden Prairie,MN,domestic,Eden Prairie HS,0,https://cornellbigred.com/sports/womens-gymnastics/roster/2025-26
gym_12870e82ffa3,Emily,Joyce,gymnastics,2025-26,2025-26,D1,Women,Ivy League,Cornell,AA,All-Around,Sr.,Sr,"Lee's Summit, Mo.",Lee's Summit,MO,domestic,Notre Dame de Sion HS,0,https://cornellbigred.com/sports/womens-gymnastics/roster/2025-26
gym_0e67794c07dc,Anne,MacKenzie,gymnastics,2025-26,2025-26,D1,Women,Ivy League,Cornell,AA,All-Around,So.,So,"Mountain View, Calif.",Mountain View,CA,domestic,Los Altos High School,0,https://cornellbigred.com/sports/womens-gymnastics/roster/2025-26
gym_71a835c9ee02,Grace,McLean,gymnastics,2025-26,2025-26,D1,Women,Ivy League,Cornell,AA,All-Around,Fr.,Fr,"Houston, Texas",Houston,TX,domestic,Houston Christian,0,https://cornellbigred.com/sports/womens-gymnastics/roster/2025-26
gym_028d73b7b617,Victoria,McMillan,gymnastics,2025-26,2025-26,D1,Women,Ivy League,Cornell,AA,All-Around,Jr.,Jr,"San Jose, Calif.",San Jose,CA,domestic,Notre Dame HS,0,https://cornellbigred.com/sports/womens-gymnastics/roster/2025-26
gym_38f8d369ce3c,Josie,Moylan,gymnastics,2025-26,2025-26,D1,Women,Ivy League,Cornell,AA,All-Around,Jr.,Jr,"Nonesuch, Ky.",Nonesuch,KY,domestic,Woodford County HS,0,https://cornellbigred.com/sports/womens-gymnastics/roster/2025-26
gym_c17d184350c2,Addy,Rothstein,gymnastics,2025-26,2025-26,D1,Women,Ivy League,Cornell,AA,All-Around,Jr.,Jr,"New York, N.Y.",New York,NY,domestic,Trevor Day School,0,https://cornellbigred.com/sports/womens-gymnastics/roster/2025-26
gym_d7037f4c69e7,Ava,Schenck-Davis,gymnastics,2025-26,2025-26,D1,Women,Ivy League,Cornell,AA,All-Around,So.,So,"Burlington, Mass.",Burlington,MA,domestic,Burlington High School,0,https://cornellbigred.com/sports/womens-gymnastics/roster/2025-26
gym_b8aee0ab8a5f,Morgen,Shambo,gymnastics,2025-26,2025-26,D1,Women,Ivy League,Cornell,UB/BB,Event Specialist,Sr.,Sr,"Louisville, Colo.",Louisville,CO,domestic,Monarch HS,0,https://cornellbigred.com/sports/womens-gymnastics/roster/2025-26
gym_cfcf9db4a1ca,Nora,Sherman,gymnastics,2025-26,2025-26,D1,Women,Ivy League,Cornell,AA,All-Around,So.,So,"Elmhurst, Ill.",Elmhurst,IL,domestic,York High School,0,https://cornellbigred.com/sports/womens-gymnastics/roster/2025-26
gym_2b0976940f7e,Natalia,Tehrani,gymnastics,2025-26,2025-26,D1,Women,Ivy League,Cornell,AA,All-Around,Jr.,Jr,"Fremont, Calif.",Fremont,CA,domestic,Irvington HS,0,https://cornellbigred.com/sports/womens-gymnastics/roster/2025-26
gym_700762832eba,Cami,Whitaker,gymnastics,2025-26,2025-26,D1,Women,Ivy League,Cornell,V/BB/FX,Event Specialist,Sr.,Sr,"Addison, Ill.",Addison,IL,domestic,Addison Trail HS,0,https://cornellbigred.com/sports/womens-gymnastics/roster/2025-26
gym_510e9001772b,Noelle,Wojcik,gymnastics,2025-26,2025-26,D1,Women,Ivy League,Cornell,AA,All-Around,Fr.,Fr,"Douglassville, Pa.",Douglassville,PA,domestic,Pennsylvania Virtual Charter School,0,https://cornellbigred.com/sports/womens-gymnastics/roster/2025-26
gym_48ae77d8f61d,Kristen,Young,gymnastics,2025-26,2025-26,D1,Women,Ivy League,Cornell,AA,All-Around,Fr.,Fr,"Cypress, Calif.",Cypress,CA,domestic,Oxford Academy,1,https://cornellbigred.com/sports/womens-gymnastics/roster/2025-26
gym_d22f8a4c27fa,Paige,Anastasi,gymnastics,2025-26,2025-26,D1,Women,Atlantic Coast Conference,Clemson,"Vault, Bars, Floor",Event Specialist,Jr.,Jr,,,,unknown,Lawrence Academy,1,https://clemsontigers.com/sports/gymnastics/roster
gym_c5d1868142a2,Molly,Arnold,gymnastics,2025-26,2025-26,D1,Women,Atlantic Coast Conference,Clemson,"Vault, Bars, Floor",Event Specialist,R-Sr.,Sr,,,,unknown,Utah State,0,https://clemsontigers.com/sports/gymnastics/roster
gym_e905cedd5c26,Takoda,Berry,gymnastics,2025-26,2025-26,D1,Women,Atlantic Coast Conference,Clemson,,UNK,Jr.,Jr,,,,unknown,,0,https://clemsontigers.com/sports/gymnastics/roster
gym_8a568cb07d55,Trinity,Brown,gymnastics,2025-26,2025-26,D1,Women,Atlantic Coast Conference,Clemson,"Vault, Floor",Event Specialist,R-Sr.,Sr,,,,unknown,Utah State,0,https://clemsontigers.com/sports/gymnastics/roster
gym_98dde1b4c746,Kate,Bryant,gymnastics,2025-26,2025-26,D1,Women,Atlantic Coast Conference,Clemson,,UNK,Jr.,Jr,,,,unknown,,0,https://clemsontigers.com/sports/gymnastics/roster
gym_927de6fc0a4b,Ella,Cesario,gymnastics,2025-26,2025-26,D1,Women,Atlantic Coast Conference,Clemson,,UNK,Gr.,Gr,,,,unknown,Glenbard West HS / Cal,0,https://clemsontigers.com/sports/gymnastics/roster
gym_da9b582fe8a5,Sierra,Church,gymnastics,2025-26,2025-26,D1,Women,Atlantic Coast Conference,Clemson,,UNK,Jr.,Jr,,,,unknown,West Lincoln HS,0,https://clemsontigers.com/sports/gymnastics/roster
gym_6e901a16d690,Brie,Clark,gymnastics,2025-26,2025-26,D1,Women,Atlantic Coast Conference,Clemson,"Vault, Beam, Floor",Event Specialist,R-Sr.,Sr,,,,unknown,Utah State,0,https://clemsontigers.com/sports/gymnastics/roster
gym_d25a05d45041,Hannah,Clark,gymnastics,2025-26,2025-26,D1,Women,Atlantic Coast Conference,Clemson,,UNK,So.,So,,,,unknown,Mater Dei HS,0,https://clemsontigers.com/sports/gymnastics/roster
gym_5f21a81ba5a4,Maggie,Holman,gymnastics,2025-26,2025-26,D1,Women,Atlantic Coast Conference,Clemson,,UNK,Jr.,Jr,,,,unknown,,0,https://clemsontigers.com/sports/gymnastics/roster
gym_8b23cdeddfce,Eve,Jackson,gymnastics,2025-26,2025-26,D1,Women,Atlantic Coast Conference,Clemson,All-Around,All-Around,R-Sr.,Sr,,,,unknown,Utah State,0,https://clemsontigers.com/sports/gymnastics/roster
gym_a86f59042dd6,Quinn,Kuhl,gymnastics,2025-26,2025-26,D1,Women,Atlantic Coast Conference,Clemson,,UNK,Jr.,Jr,,,,unknown,,0,https://clemsontigers.com/sports/gymnastics/roster
gym_c142f0bcba2c,Grace,LaCrosse,gymnastics,2025-26,2025-26,D1,Women,Atlantic Coast Conference,Clemson,,UNK,Jr.,Jr,,,,unknown,Lake Zurich HS,0,https://clemsontigers.com/sports/gymnastics/roster
gym_9f0301b4cf84,Lilly,Lippeatt,gymnastics,2025-26,2025-26,D1,Women,Atlantic Coast Conference,Clemson,All-Around,All-Around,R-Jr.,Jr,,,,unknown,,0,https://clemsontigers.com/sports/gymnastics/roster
gym_ab08f2efa0fe,Emma,Malewski,gymnastics,2025-26,2025-26,D1,Women,Atlantic Coast Conference,Clemson,,UNK,Fr.,Fr,,,,unknown,,0,https://clemsontigers.com/sports/gymnastics/roster
gym_d1c1d9b94746,Madison,Minner,gymnastics,2025-26,2025-26,D1,Women,Atlantic Coast Conference,Clemson,,UNK,R-Sr.,Sr,,,,unknown,,0,https://clemsontigers.com/sports/gymnastics/roster
gym_a8eab85340b8,Sophie,Stuart,gymnastics,2025-26,2025-26,D1,Women,Atlantic Coast Conference,Clemson,,UNK,Fr.,Fr,,,,unknown,,0,https://clemsontigers.com/sports/gymnastics/roster
gym_ee99886b3161,Tara,Walsh,gymnastics,2025-26,2025-26,D1,Women,Atlantic Coast Conference,Clemson,,UNK,Gr.,Gr,,,,unknown,International Academy,1,https://clemsontigers.com/sports/gymnastics/roster
gym_dcc460e27739,Trinity,Webb,gymnastics,2025-26,2025-26,D1,Women,Atlantic Coast Conference,Clemson,,UNK,Jr.,Jr,,,,unknown,Smithville HS,0,https://clemsontigers.com/sports/gymnastics/roster
gym_f1a65170dac1,Nene,Alvine,gymnastics,2025-26,2025-26,D1,Women,Mid-American Conference,Kent St.,AA,All-Around,Jr.,Jr,"Seattle, Wash.",Seattle,WA,domestic,Mariner,0,https://kentstatesports.com/sports/womens-gymnastics/roster/2025-26
gym_8bf9639643f4,Taylor,Archambeau,gymnastics,2025-26,2025-26,D1,Women,Mid-American Conference,Kent St.,AA,All-Around,Fr.,Fr,"Sarasota, Fla.",Sarasota,FL,domestic,Riverview,0,https://kentstatesports.com/sports/womens-gymnastics/roster/2025-26
gym_702dc1b80007,Sophia,Balko,gymnastics,2025-26,2025-26,D1,Women,Mid-American Conference,Kent St.,AA,All-Around,So.,So,"Morgantown, W.Va.",Morgantown,WV,domestic,University High School,0,https://kentstatesports.com/sports/womens-gymnastics/roster/2025-26
gym_4c1d04c61360,Charlie,Behner,gymnastics,2025-26,2025-26,D1,Women,Mid-American Conference,Kent St.,AA,All-Around,Sr.,Sr,"Milton, Ga.",Milton,GA,domestic,Cambridge,0,https://kentstatesports.com/sports/womens-gymnastics/roster/2025-26
gym_6eae07d23502,Jersey,Bingman,gymnastics,2025-26,2025-26,D1,Women,Mid-American Conference,Kent St.,AA,All-Around,So.,So,"Poquoson, Va.",Poquoson,VA,domestic,Poquoson,0,https://kentstatesports.com/sports/womens-gymnastics/roster/2025-26
gym_b64c375e64cd,Kennedy,Bowen,gymnastics,2025-26,2025-26,D1,Women,Mid-American Conference,Kent St.,AA,All-Around,Sr.,Sr,"Quakertown, Pa.",Quakertown,PA,domestic,Quakertown Community,0,https://kentstatesports.com/sports/womens-gymnastics/roster/2025-26
gym_43c9dc6adf53,Allie,Call,gymnastics,2025-26,2025-26,D1,Women,Mid-American Conference,Kent St.,AA,All-Around,So.,So,"Gallipolis, Ohio",Gallipolis,OH,domestic,Gallia Academy,1,https://kentstatesports.com/sports/womens-gymnastics/roster/2025-26
gym_84baa71d7f1a,Avery,Compson,gymnastics,2025-26,2025-26,D1,Women,Mid-American Conference,Kent St.,AA,All-Around,Sr.,Sr,"Westerville, Ohio",Westerville,OH,domestic,Westerville Central,0,https://kentstatesports.com/sports/womens-gymnastics/roster/2025-26
gym_1b273ad29411,Gabby,Espinoza,gymnastics,2025-26,2025-26,D1,Women,Mid-American Conference,Kent St.,AA,All-Around,So.,So,"Lees Summit, Mo.",Lees Summit,MO,domestic,,0,https://kentstatesports.com/sports/womens-gymnastics/roster/2025-26
gym_ebd9e87bbb9f,Dani,Fuertez,gymnastics,2025-26,2025-26,D1,Women,Mid-American Conference,Kent St.,AA,All-Around,Jr.,Jr,"Chesterfield, Mich.",Chesterfield,MI,domestic,Lutheran High,0,https://kentstatesports.com/sports/womens-gymnastics/roster/2025-26
gym_1e6e2d2c6b3b,Grace,Knurek,gymnastics,2025-26,2025-26,D1,Women,Mid-American Conference,Kent St.,AA,All-Around,Jr.,Jr,"Cleveland, Ohio",Cleveland,OH,domestic,North Royalton,0,https://kentstatesports.com/sports/womens-gymnastics/roster/2025-26
gym_55c0461dc46a,Isabella,Marques,gymnastics,2025-26,2025-26,D1,Women,Mid-American Conference,Kent St.,AA,All-Around,So.,So,"Middleton, Mass.",Middleton,MA,domestic,Austin Prepatory High School,0,https://kentstatesports.com/sports/womens-gymnastics/roster/2025-26
gym_90e5fdef4021,Emma,Masse,gymnastics,2025-26,2025-26,D1,Women,Mid-American Conference,Kent St.,AA,All-Around,Sr.,Sr,"North Kingstown, R.I.",North Kingstown,RI,domestic,North Kingstown,0,https://kentstatesports.com/sports/womens-gymnastics/roster/2025-26
gym_6ac6992bb4e8,Lana,Mast,gymnastics,2025-26,2025-26,D1,Women,Mid-American Conference,Kent St.,AA,All-Around,Fr.,Fr,"Pelham, Ala.",Pelham,AL,domestic,,0,https://kentstatesports.com/sports/womens-gymnastics/roster/2025-26
gym_964c71fbc6d6,Mya,Migliore,gymnastics,2025-26,2025-26,D1,Women,Mid-American Conference,Kent St.,AA,All-Around,Sr.,Sr,"Flowery Branch, Ga.",Flowery Branch,GA,domestic,Cherokee Bluff,0,https://kentstatesports.com/sports/womens-gymnastics/roster/2025-26
gym_14d69c8f3e18,Ashley,Morgan,gymnastics,2025-26,2025-26,D1,Women,Mid-American Conference,Kent St.,AA,All-Around,Jr.,Jr,"Roswell, Ga.",Roswell,GA,domestic,Roswell,0,https://kentstatesports.com/sports/womens-gymnastics/roster/2025-26
gym_247af07cb4ed,Anika,Most,gymnastics,2025-26,2025-26,D1,Women,Mid-American Conference,Kent St.,AA,All-Around,So.,So,"Grand Ledge, Mich.",Grand Ledge,MI,domestic,,0,https://kentstatesports.com/sports/womens-gymnastics/roster/2025-26
gym_eafde5698a9d,Kaileigh,Norton,gymnastics,2025-26,2025-26,D1,Women,Mid-American Conference,Kent St.,AA,All-Around,Jr.,Jr,"Stow, Ohio",Stow,OH,domestic,Stow-Munroe Falls,0,https://kentstatesports.com/sports/womens-gymnastics/roster/2025-26
gym_9bd067854a14,Ashlyn,Pearson,gymnastics,2025-26,2025-26,D1,Women,Mid-American Conference,Kent St.,AA,All-Around,Fr.,Fr,"Corona, Calif.",Corona,CA,domestic,,0,https://kentstatesports.com/sports/womens-gymnastics/roster/2025-26
gym_48758f3acc44,Zoe,Rankin,gymnastics,2025-26,2025-26,D1,Women,Mid-American Conference,Kent St.,AA,All-Around,Sr.,Sr,"Bellefonte, Pa.",Bellefonte,PA,domestic,Bellefonte Area,0,https://kentstatesports.com/sports/womens-gymnastics/roster/2025-26
gym_7972113dbcaf,Gabby,Riley,gymnastics,2025-26,2025-26,D1,Women,Mid-American Conference,Kent St.,AA,All-Around,Jr.,Jr,"Cary, Ill.",Cary,IL,domestic,Cary Grove,0,https://kentstatesports.com/sports/womens-gymnastics/roster/2025-26
gym_54cd1865d85a,Nastia,Rudnitskaya,gymnastics,2025-26,2025-26,D1,Women,Mid-American Conference,Kent St.,AA,All-Around,Sr.,Sr,"Waukesha, Wis.",Waukesha,WI,domestic,Waukesha West,0,https://kentstatesports.com/sports/womens-gymnastics/roster/2025-26
gym_e0a884452c22,Heidi,Schultz,gymnastics,2025-26,2025-26,D1,Women,Mid-American Conference,Kent St.,AA,All-Around,Sr.,Sr,"Fond du Lac, Wis.",Fond du Lac,WI,domestic,Fond du Lac,0,https://kentstatesports.com/sports/womens-gymnastics/roster/2025-26
gym_47125aba42e9,Ashlynd,Werner,gymnastics,2025-26,2025-26,D1,Women,Mid-American Conference,Kent St.,AA,All-Around,Fr.,Fr,"Virginia Beach, Va.",Virginia Beach,VA,domestic,Landstown,0,https://kentstatesports.com/sports/womens-gymnastics/roster/2025-26
gym_9971a6910628,Maggie,Ball,gymnastics,2025-26,2025-26,D1,Women,Big Ten Conference,Iowa,All-Around,All-Around,Fr.,Fr,"Norman, Oklahoma",Norman,OK,domestic,Norman North,0,https://hawkeyesports.com/sports/wgym/roster
gym_d7d63d9538e1,Daisy,Bowles,gymnastics,2025-26,2025-26,D1,Women,Big Ten Conference,Iowa,All-Around,All-Around,Fr.,Fr,"Las Vegas, Nevada",Las Vegas,NV,domestic,Coronado,0,https://hawkeyesports.com/sports/wgym/roster
gym_a9a642fabdb7,Hanna,Castillo,gymnastics,2025-26,2025-26,D1,Women,Big Ten Conference,Iowa,Vault/Beam/Floor,Event Specialist,Sr.,Sr,"Boca Raton, Fla.",Boca Raton,FL,domestic,Monarch,0,https://hawkeyesports.com/sports/wgym/roster
gym_aae4cb99e5f3,Avery,Chambers,gymnastics,2025-26,2025-26,D1,Women,Big Ten Conference,Iowa,Vault/Beam/Floor,Event Specialist,Sr.,Sr,"Lombard, Ill.",Lombard,IL,domestic,Glenbard East,0,https://hawkeyesports.com/sports/wgym/roster
gym_6d45b6465519,Stella,DePaola,gymnastics,2025-26,2025-26,D1,Women,Big Ten Conference,Iowa,All-Around,All-Around,Fr.,Fr,"Anthem, Arizona",Anthem,AZ,domestic,Boulder Creek,0,https://hawkeyesports.com/sports/wgym/roster
gym_56c024462b95,Emily,Erb,gymnastics,2025-26,2025-26,D1,Women,Big Ten Conference,Iowa,Floor,Event Specialist,Sr.,Sr,"Flemington, N.J.",Flemington,NJ,domestic,Hunterdon Central Regional,0,https://hawkeyesports.com/sports/wgym/roster
gym_929b149cb2e5,JerQuavia,Henderson,gymnastics,2025-26,2025-26,D1,Women,Big Ten Conference,Iowa,All-Around,All-Around,Fifth Year,UNK,"Peoria, Ill.",Peoria,IL,domestic,Dunlap,0,https://hawkeyesports.com/sports/wgym/roster
gym_aca2549c85fe,Alyse,Karenbauer,gymnastics,2025-26,2025-26,D1,Women,Big Ten Conference,Iowa,All-Around,All-Around,Jr.,Jr,"Mercer, Penn.",Mercer,PA,domestic,Grove City Area,0,https://hawkeyesports.com/sports/wgym/roster
gym_5ee3a69b5a88,Cassie,Lee,gymnastics,2025-26,2025-26,D1,Women,Big Ten Conference,Iowa,Beam/Floor,Event Specialist,So.,So,"Toronto, Ontario, Canada",Toronto,,international,Northview Heights Secondary School,0,https://hawkeyesports.com/sports/wgym/roster
gym_a83af5ff3827,Gianna,Masella,gymnastics,2025-26,2025-26,D1,Women,Big Ten Conference,Iowa,Vault/Bars/Beam,Event Specialist,Sr.,Sr,"Palm Harbor, Fla.",Palm Harbor,FL,domestic,Palm Harbor University High School,0,https://hawkeyesports.com/sports/wgym/roster
gym_090d8984d8c5,Karina,Muñoz,gymnastics,2025-26,2025-26,D1,Women,Big Ten Conference,Iowa,All-Around,All-Around,Sr.,Sr,"East Brunswick, N.J.",East Brunswick,NJ,domestic,East Brunswick,0,https://hawkeyesports.com/sports/wgym/roster
gym_a62280f087f1,Marissa,Rojas,gymnastics,2025-26,2025-26,D1,Women,Big Ten Conference,Iowa,Bars/ Beam,Event Specialist,Fifth Year,UNK,"Canton, Mich.",Canton,MI,domestic,Michigan Connections Academy,1,https://hawkeyesports.com/sports/wgym/roster
gym_cb9cd244dc29,Sophie,Schriever,gymnastics,2025-26,2025-26,D1,Women,Big Ten Conference,Iowa,All-Around,All-Around,Fr.,Fr,"Sandy, Utah",Sandy,UT,domestic,Skyline,0,https://hawkeyesports.com/sports/wgym/roster
gym_30038331eff6,Aurélie,Tran,gymnastics,2025-26,2025-26,D1,Women,Big Ten Conference,Iowa,All-Around,All-Around,So.,So,"Repentigny, Quebec, Canada",Repentigny,,international,Secondary School,0,https://hawkeyesports.com/sports/wgym/roster
gym_aa950c329cac,Sydney,Turner,gymnastics,2025-26,2025-26,D1,Women,Big Ten Conference,Iowa,All-Around,All-Around,So.,So,"British Columbia, Canada",British Columbia,,international,Riverside Secondary School,0,https://hawkeyesports.com/sports/wgym/roster
gym_36d0acbb8f42,Haley,Tyson,gymnastics,2025-26,2025-26,D1,Women,Big Ten Conference,Iowa,Bars/Beam/Floor,Event Specialist,Fifth Year,UNK,"Aurora, Ill.",Aurora,IL,domestic,Waubonsie Valley,0,https://hawkeyesports.com/sports/wgym/roster
gym_7f23b1a1300c,Kaia,Vanney,gymnastics,2025-26,2025-26,D1,Women,Big Ten Conference,Iowa,Bars/ Floor,Event Specialist,Sr.,Sr,"Redondo Beach, Calif.",Redondo Beach,CA,domestic,Redondo Union,0,https://hawkeyesports.com/sports/wgym/roster
gym_26f3a07f3164,Eva,Volpe,gymnastics,2025-26,2025-26,D1,Women,Big Ten Conference,Iowa,All-Around,All-Around,Jr.,Jr,"Pearland, Texas",Pearland,TX,domestic,Pearland,0,https://hawkeyesports.com/sports/wgym/roster
gym_297a9165af68,Reese,Wilson,gymnastics,2025-26,2025-26,D1,Women,Big Ten Conference,Iowa,Vault/Beam/Floor,Event Specialist,So.,So,"Cedar Rapids, Iowa",Cedar Rapids,IA,domestic,Xavier,0,https://hawkeyesports.com/sports/wgym/roster
gym_bea0975410f9,Kendall,Abney,gymnastics,2025-26,2025-26,D1,Women,Big Ten Conference,Michigan St.,All-Around,All-Around,Jr.,Jr,"Belleville, Mich.",Belleville,MI,domestic,Michigan Connections Academy,1,https://msuspartans.com/sports/womens-gymnastics/roster/2025-26
gym_20d57de14079,Elle,Beaufait,gymnastics,2025-26,2025-26,D1,Women,Big Ten Conference,Michigan St.,"UB, BB, FX",Event Specialist,Sr.,Sr,"Columbus, Mich.",Columbus,MI,domestic,Marysville,0,https://msuspartans.com/sports/womens-gymnastics/roster/2025-26
gym_9bdb3bb02100,Abby,Bednar,gymnastics,2025-26,2025-26,D1,Women,Big Ten Conference,Michigan St.,All-Around,All-Around,So.,So,"Weddington, N.C.",Weddington,NC,domestic,North Carolina Cyber Academy,1,https://msuspartans.com/sports/womens-gymnastics/roster/2025-26
gym_6fa0508f356d,Isabel,Biro,gymnastics,2025-26,2025-26,D1,Women,Big Ten Conference,Michigan St.,All-Around,All-Around,Fr.,Fr,"Cincinnati, Ohio",Cincinnati,OH,domestic,Mariemont,0,https://msuspartans.com/sports/womens-gymnastics/roster/2025-26
gym_4bf919a42f16,Brooke,Boggess,gymnastics,2025-26,2025-26,D1,Women,Big Ten Conference,Michigan St.,"UB, BB",Event Specialist,Fr.,Fr,"Cincinnati, Ohio",Cincinnati,OH,domestic,Anderson,0,https://msuspartans.com/sports/womens-gymnastics/roster/2025-26
gym_9fb27ef08e64,Jazlynn,Chism,gymnastics,2025-26,2025-26,D1,Women,Big Ten Conference,Michigan St.,All-Around,All-Around,Fr.,Fr,"Elgin, Ill.",Elgin,IL,domestic,South Elgin,0,https://msuspartans.com/sports/womens-gymnastics/roster/2025-26
gym_eb4b35cdb69f,Lilia,Cosman,gymnastics,2025-26,2025-26,D1,Women,Big Ten Conference,Michigan St.,All-Around,All-Around,Fr.,Fr,"Holt, Mich.",Holt,MI,domestic,Homeschooled,1,https://msuspartans.com/sports/womens-gymnastics/roster/2025-26
gym_c0712248e152,Amy,Doyle,gymnastics,2025-26,2025-26,D1,Women,Big Ten Conference,Michigan St.,All-Around,All-Around,So.,So,"Centerton, Ark.",Centerton,AR,domestic,Bentonville,0,https://msuspartans.com/sports/womens-gymnastics/roster/2025-26
gym_321c114a9c68,Cady,Duplissis,gymnastics,2025-26,2025-26,D1,Women,Big Ten Conference,Michigan St.,All-Around,All-Around,So.,So,"Spring Lake, Mich.",Spring Lake,MI,domestic,Grand Haven,0,https://msuspartans.com/sports/womens-gymnastics/roster/2025-26
gym_85d8e0678510,Retoshia,Halsell,gymnastics,2025-26,2025-26,D1,Women,Big Ten Conference,Michigan St.,All-Around,All-Around,R-So.,So,"Louisville, Ky.",Louisville,KY,domestic,Ballard,0,https://msuspartans.com/sports/womens-gymnastics/roster/2025-26
gym_7fd81ab22e22,Naya,Howard,gymnastics,2025-26,2025-26,D1,Women,Big Ten Conference,Michigan St.,"UB, BB",Event Specialist,Sr.,Sr,"Chesapeake, Va.",Chesapeake,VA,domestic,Great Bridge,0,https://msuspartans.com/sports/womens-gymnastics/roster/2025-26
gym_ea6c3d831b33,Sage,Kellerman,gymnastics,2025-26,2025-26,D1,Women,Big Ten Conference,Michigan St.,All-Around Is Captain (C),All-Around,Sr.,Sr,"Croswell, Mich.",Croswell,MI,domestic,Croswell-Lexington,0,https://msuspartans.com/sports/womens-gymnastics/roster/2025-26
gym_7a6384384731,Stephanie,Lebster,gymnastics,2025-26,2025-26,D1,Women,Big Ten Conference,Michigan St.,"VT, BB, FX Is Captain (C)",Event Specialist,Sr.,Sr,"Holland, Mich.",Holland,MI,domestic,West Ottawa,0,https://msuspartans.com/sports/womens-gymnastics/roster/2025-26
gym_671035f5bc92,Korynne,Marquart,gymnastics,2025-26,2025-26,D1,Women,Big Ten Conference,Michigan St.,All-Around,All-Around,Fr.,Fr,"Cypress, Texas",Cypress,TX,domestic,Bridgeland,0,https://msuspartans.com/sports/womens-gymnastics/roster/2025-26
gym_63cd6a13fe66,Emma,Misenheimer,gymnastics,2025-26,2025-26,D1,Women,Big Ten Conference,Michigan St.,All-Around,All-Around,Jr.,Jr,"Durham, N.C.",Durham,NC,domestic,Eno River Academy,1,https://msuspartans.com/sports/womens-gymnastics/roster/2025-26
gym_c0a08c5a6c10,Gabi,Ortiz,gymnastics,2025-26,2025-26,D1,Women,Big Ten Conference,Michigan St.,All-Around,All-Around,Jr.,Jr,"Tampa, Fla.",Tampa,FL,domestic,Land O' Lakes,0,https://msuspartans.com/sports/womens-gymnastics/roster/2025-26
gym_42719cb25923,Nikki,Smith,gymnastics,2025-26,2025-26,D1,Women,Big Ten Conference,Michigan St.,All-Around,All-Around,Sr.,Sr,"West Bloomfield, Mich.",West Bloomfield,MI,domestic,North Farmington,0,https://msuspartans.com/sports/womens-gymnastics/roster/2025-26
gym_50e83e3bc89a,Isabella,Trostel,gymnastics,2025-26,2025-26,D1,Women,Big Ten Conference,Michigan St.,All-Around,All-Around,Jr.,Jr,"Westerville, Ohio",Westerville,OH,domestic,St. Francis De Sales,0,https://msuspartans.com/sports/womens-gymnastics/roster/2025-26
gym_d54747a814ab,MaKayla,Tucker,gymnastics,2025-26,2025-26,D1,Women,Big Ten Conference,Michigan St.,All-Around,All-Around,Jr.,Jr,"Fishers, Ind.",Fishers,IN,domestic,Hamilton Southeastern,0,https://msuspartans.com/sports/womens-gymnastics/roster/2025-26
gym_a28cf12d5319,Olivia,Zsarmani,gymnastics,2025-26,2025-26,D1,Women,Big Ten Conference,Michigan St.,All-Around Is Captain (C),All-Around,Sr.,Sr,"Statesville, N.C.",Statesville,NC,domestic,South Iredell,0,https://msuspartans.com/sports/womens-gymnastics/roster/2025-26
gym_b91b44be7107,Teryn,Crump,gymnastics,2025-26,2025-26,D1,Women,Big Ten Conference,Minnesota,,UNK,So.,So,"Pflugerville, Texas",Pflugerville,TX,domestic,Hendrickson,0,https://gophersports.com/sports/womens-gymnastics/roster/2025-26
gym_42979f7b4fba,Gianna,Gerdes,gymnastics,2025-26,2025-26,D1,Women,Big Ten Conference,Minnesota,,UNK,Gr.,Gr,"Delaware, Ohio",Delaware,OH,domestic,Delaware Hayes,0,https://gophersports.com/sports/womens-gymnastics/roster/2025-26
gym_df698b35b79e,Leah,Gonsiorowski,gymnastics,2025-26,2025-26,D1,Women,Big Ten Conference,Minnesota,,UNK,Jr.,Jr,"Milton, Wis.",Milton,WI,domestic,Milton,0,https://gophersports.com/sports/womens-gymnastics/roster/2025-26
gym_76e62a9333ed,Lilly,Gullickson,gymnastics,2025-26,2025-26,D1,Women,Big Ten Conference,Minnesota,,UNK,Fr.,Fr,"Oak Ridge, N.C.",Oak Ridge,NC,domestic,North Carolina Cyber Academy,1,https://gophersports.com/sports/womens-gymnastics/roster/2025-26
gym_9bf0a1760763,McCauley,Harrington,gymnastics,2025-26,2025-26,D1,Women,Big Ten Conference,Minnesota,,UNK,So.,So,"Plano, Texas",Plano,TX,domestic,Acellus Academy,1,https://gophersports.com/sports/womens-gymnastics/roster/2025-26
gym_07398cdd683c,Seria,Johnson,gymnastics,2025-26,2025-26,D1,Women,Big Ten Conference,Minnesota,,UNK,Sr.,Sr,"Woodstock, Ga.",Woodstock,GA,domestic,Peachtree Ridge,0,https://gophersports.com/sports/womens-gymnastics/roster/2025-26
gym_7c728cd6fc7d,Jordyn,Lyden,gymnastics,2025-26,2025-26,D1,Women,Big Ten Conference,Minnesota,,UNK,Jr.,Jr,"Stillwater, Minn.",Stillwater,MN,domestic,Stillwater Area,0,https://gophersports.com/sports/womens-gymnastics/roster/2025-26
gym_be41c9a5dcd5,Sarah,Moraw,gymnastics,2025-26,2025-26,D1,Women,Big Ten Conference,Minnesota,,UNK,Sr.,Sr,"Holland, Mich.",Holland,MI,domestic,West Ottawa,0,https://gophersports.com/sports/womens-gymnastics/roster/2025-26
gym_b8b09e921885,Isabella,Nguyen,gymnastics,2025-26,2025-26,D1,Women,Big Ten Conference,Minnesota,,UNK,Fr.,Fr,"Minnetonka, Minn.",Minnetonka,MN,domestic,Hopkins,0,https://gophersports.com/sports/womens-gymnastics/roster/2025-26
gym_c450b7af69ff,Sophia,Nguyen,gymnastics,2025-26,2025-26,D1,Women,Big Ten Conference,Minnesota,,UNK,Jr.,Jr,"Minnetonka, Minn.",Minnetonka,MN,domestic,Hopkins,0,https://gophersports.com/sports/womens-gymnastics/roster/2025-26
gym_5864cd322f56,Jenna,Olshefski,gymnastics,2025-26,2025-26,D1,Women,Big Ten Conference,Minnesota,,UNK,Jr.,Jr,"Grove City, Ohio",Grove City,OH,domestic,Grove City High School,0,https://gophersports.com/sports/womens-gymnastics/roster/2025-26
gym_d0b64c472eef,Arianna,Ostrum,gymnastics,2025-26,2025-26,D1,Women,Big Ten Conference,Minnesota,,UNK,Fr.,Fr,"Wisconsin Rapids, Wis.",Wisconsin Rapids,WI,domestic,Lincoln,0,https://gophersports.com/sports/womens-gymnastics/roster/2025-26
gym_3ca0641ee2c1,Lauren,Pearl,gymnastics,2025-26,2025-26,D1,Women,Big Ten Conference,Minnesota,,UNK,5th,Gr,"Milford, Mass.",Milford,MA,domestic,Milford High School,0,https://gophersports.com/sports/womens-gymnastics/roster/2025-26
gym_4029ec68a656,Brooklyn,Rowray,gymnastics,2025-26,2025-26,D1,Women,Big Ten Conference,Minnesota,,UNK,Sr.,Sr,"Des Moines, Iowa",Des Moines,IA,domestic,Carlisle,0,https://gophersports.com/sports/womens-gymnastics/roster/2025-26
gym_6481b637b890,Lacie,Saltzmann,gymnastics,2025-26,2025-26,D1,Women,Big Ten Conference,Minnesota,,UNK,Fr.,Fr,"Charlotte, N.C.",Charlotte,NC,domestic,Laurel Springs,0,https://gophersports.com/sports/womens-gymnastics/roster/2025-26
gym_a47a2a186a85,Stella,Kate Skenteris,gymnastics,2025-26,2025-26,D1,Women,Big Ten Conference,Minnesota,,UNK,Fr.,Fr,"Fayetteville, N.C.",Fayetteville,NC,domestic,Homeschooled,1,https://gophersports.com/sports/womens-gymnastics/roster/2025-26
gym_1d5e4ef2854b,Emma,Slevin,gymnastics,2025-26,2025-26,D1,Women,Big Ten Conference,Minnesota,,UNK,Jr.,Jr,"Galway, Ireland",Galway,,international,Coláiste Bhaile Chláir H.S.,0,https://gophersports.com/sports/womens-gymnastics/roster/2025-26
gym_2193bdb3190a,Megan,Steensland,gymnastics,2025-26,2025-26,D1,Women,Big Ten Conference,Minnesota,,UNK,Sr.,Sr,"Chaska, Minn.",Chaska,MN,domestic,Southwest Christian,0,https://gophersports.com/sports/womens-gymnastics/roster/2025-26
gym_cbcc921c4718,Ava,Stewart,gymnastics,2025-26,2025-26,D1,Women,Big Ten Conference,Minnesota,,UNK,So.,So,"Bowmanville, Ontario",Bowmanville,,international,St. Stephens Secondary School,0,https://gophersports.com/sports/womens-gymnastics/roster/2025-26
gym_6aaa00a5c370,Sophie,Swartzmiller,gymnastics,2025-26,2025-26,D1,Women,Big Ten Conference,Minnesota,,UNK,Jr.,Jr,"Madison, Wis.",Madison,WI,domestic,Oregon High School,0,https://gophersports.com/sports/womens-gymnastics/roster/2025-26
gym_4223d68486f3,Zoe,Arthur,gymnastics,2025-26,2025-26,D1,Women,America East Conference,New Hampshire,"UB, FX",Event Specialist,Jr.,Jr,"El Segundo, Calif.",El Segundo,CA,domestic,Azarian Gymnastics,0,https://unhwildcats.com/sports/womens-gymnastics/roster/2025-26
gym_56fc549eeb50,Taylor,Beers,gymnastics,2025-26,2025-26,D1,Women,America East Conference,New Hampshire,AA,All-Around,Fr.,Fr,"Bellmore, N.Y.",Bellmore,NY,domestic,New Image Gymnastics,0,https://unhwildcats.com/sports/womens-gymnastics/roster/2025-26
gym_950df7929149,Stacy,Boss,gymnastics,2025-26,2025-26,D1,Women,America East Conference,New Hampshire,AA,All-Around,So.,So,"Richboro, Pa.",Richboro,PA,domestic,Central Bucks,0,https://unhwildcats.com/sports/womens-gymnastics/roster/2025-26
gym_5353a0316ef2,Annie,Challman,gymnastics,2025-26,2025-26,D1,Women,America East Conference,New Hampshire,"BB, FX Is Captain (C)",Event Specialist,Jr.,Jr,"Lewisburg, Pa.",Lewisburg,PA,domestic,Lewisburg Area/Prestige,0,https://unhwildcats.com/sports/womens-gymnastics/roster/2025-26
gym_1f94dea54900,Alexa,D'Andrea,gymnastics,2025-26,2025-26,D1,Women,America East Conference,New Hampshire,"UB, BB",Event Specialist,Fr.,Fr,"Wallingford, Conn.",Wallingford,CT,domestic,Connecticut Gymnastics Academy,1,https://unhwildcats.com/sports/womens-gymnastics/roster/2025-26
gym_97288dfbc684,Mady,Harvey,gymnastics,2025-26,2025-26,D1,Women,America East Conference,New Hampshire,"V, UB, BB",Event Specialist,So.,So,"Freeland, Mich.",Freeland,MI,domestic,Freeland/Mid Michigan,0,https://unhwildcats.com/sports/womens-gymnastics/roster/2025-26
gym_e1d75eb9aae9,Riley,Himes,gymnastics,2025-26,2025-26,D1,Women,America East Conference,New Hampshire,"BB, FX",Event Specialist,Sr.,Sr,"Orlando, Fla.",Orlando,FL,domestic,Boone/Orlando Metro,0,https://unhwildcats.com/sports/womens-gymnastics/roster/2025-26
gym_b04aa44e4ae2,Amelia,Lannon,gymnastics,2025-26,2025-26,D1,Women,America East Conference,New Hampshire,"V, BB, FX",Event Specialist,Fr.,Fr,"Sutton, Mass.",Sutton,MA,domestic,Gymnastics Learning Center,0,https://unhwildcats.com/sports/womens-gymnastics/roster/2025-26
gym_86838b5905ec,McCall,McMullen,gymnastics,2025-26,2025-26,D1,Women,America East Conference,New Hampshire,AA Is Captain (C),All-Around,Jr.,Jr,"Athens, Ga.",Athens,GA,domestic,North Oconee/BIO,0,https://unhwildcats.com/sports/womens-gymnastics/roster/2025-26
gym_0af023befbe7,Poulina,Minaev,gymnastics,2025-26,2025-26,D1,Women,America East Conference,New Hampshire,AA,All-Around,Jr.,Jr,"Smithtown, N.Y.",Smithtown,NY,domestic,Smithtown West/Apex,0,https://unhwildcats.com/sports/womens-gymnastics/roster/2025-26
gym_982a6a8bc5d6,Leah,Moreno,gymnastics,2025-26,2025-26,D1,Women,America East Conference,New Hampshire,"V, UB, FX Is Captain (C)",Event Specialist,Sr.,Sr,"Cary, N.C.",Cary,NC,domestic,Orange/Bull City,0,https://unhwildcats.com/sports/womens-gymnastics/roster/2025-26
gym_eee18a8a46d1,Serena,Mullin,gymnastics,2025-26,2025-26,D1,Women,America East Conference,New Hampshire,AA,All-Around,Sr.,Sr,"Hamden, Conn.",Hamden,CT,domestic,Hamden/J.A.,0,https://unhwildcats.com/sports/womens-gymnastics/roster/2025-26
gym_8748dfecd29e,Peyton,Novinger,gymnastics,2025-26,2025-26,D1,Women,America East Conference,New Hampshire,"UB, BB, FX",Event Specialist,So.,So,"Hershey, Pa.",Hershey,PA,domestic,Central Dauphin/Prestige,0,https://unhwildcats.com/sports/womens-gymnastics/roster/2025-26
gym_8771b371067f,Gwen,Ockerbloom,gymnastics,2025-26,2025-26,D1,Women,America East Conference,New Hampshire,AA,All-Around,Jr.,Jr,"Granby, Conn.",Granby,CT,domestic,Gymnastics Training Center,0,https://unhwildcats.com/sports/womens-gymnastics/roster/2025-26
gym_df1ac4d16cbb,Abby,Scherban,gymnastics,2025-26,2025-26,D1,Women,America East Conference,New Hampshire,"UB, BB",Event Specialist,Fr.,Fr,"Wallingford, Conn.",Wallingford,CT,domestic,Connecticut Gymnastics Academy,1,https://unhwildcats.com/sports/womens-gymnastics/roster/2025-26
gym_7a4791da9ced,Shannon,Stivala,gymnastics,2025-26,2025-26,D1,Women,America East Conference,New Hampshire,AA,All-Around,Fr.,Fr,"Nazareth, Pa.",Nazareth,PA,domestic,Parkettes National Gymnastics Center,0,https://unhwildcats.com/sports/womens-gymnastics/roster/2025-26
gym_2feccbdd6dcc,Cléante,Théorêt,gymnastics,2025-26,2025-26,D1,Women,America East Conference,New Hampshire,AA,All-Around,So.,So,"Ottawa, Ontario",Ottawa,,international,Ecole Secondaire Catholique Franco-Cité/Ottawa Gymnastics,0,https://unhwildcats.com/sports/womens-gymnastics/roster/2025-26
gym_db661d1b48e1,Katelyn,Wiederspahn,gymnastics,2025-26,2025-26,D1,Women,America East Conference,New Hampshire,"UB, FX",Event Specialist,Jr.,Jr,"Agoura Hills, Calif.",Agoura Hills,CA,domestic,Oak Park • Iowa,0,https://unhwildcats.com/sports/womens-gymnastics/roster/2025-26
gym_d080089da343,Hannah,Aoki,gymnastics,2025-26,2025-26,D1,Women,Atlantic Coast Conference,North Carolina,AA,All-Around,Fr.,Fr,"Columbus, Ga.",Columbus,GA,domestic,Oconee County,0,https://goheels.com/sports/womens-gymnastics/roster/2025-26
gym_50d0ecc9b741,TaeLyn,Canty,gymnastics,2025-26,2025-26,D1,Women,Atlantic Coast Conference,North Carolina,AA,All-Around,So.,So,"San Antonio, Texas",San Antonio,TX,domestic,Mountain View (Va.),0,https://goheels.com/sports/womens-gymnastics/roster/2025-26
gym_dfcb18ec1e64,Gwen,Fink,gymnastics,2025-26,2025-26,D1,Women,Atlantic Coast Conference,North Carolina,AA,All-Around,Sr.,Sr,"Fort Mill, S.C.",Fort Mill,SC,domestic,Nation Ford,0,https://goheels.com/sports/womens-gymnastics/roster/2025-26
gym_fc57ece489ac,Jillian,Fisher,gymnastics,2025-26,2025-26,D1,Women,Atlantic Coast Conference,North Carolina,AA,All-Around,Fr.,Fr,"Winter Springs, Fla.",Winter Springs,FL,domestic,Winter Springs,0,https://goheels.com/sports/womens-gymnastics/roster/2025-26
gym_18e46dab712f,Kaya,Forbes,gymnastics,2025-26,2025-26,D1,Women,Atlantic Coast Conference,North Carolina,AA,All-Around,Sr.,Sr,"Gonzales, La.",Gonzales,LA,domestic,Dutchtown,0,https://goheels.com/sports/womens-gymnastics/roster/2025-26
gym_8b584c7673af,Elly,King,gymnastics,2025-26,2025-26,D1,Women,Atlantic Coast Conference,North Carolina,AA,All-Around,Jr.,Jr,"The Woodlands, Texas",The Woodlands,TX,domestic,The Woodlands College Park,0,https://goheels.com/sports/womens-gymnastics/roster/2025-26
gym_5b0d12feffe9,Neve,King,gymnastics,2025-26,2025-26,D1,Women,Atlantic Coast Conference,North Carolina,AA,All-Around,Jr.,Jr,"The Woodlands, Texas",The Woodlands,TX,domestic,The Woodlands College Park,0,https://goheels.com/sports/womens-gymnastics/roster/2025-26
gym_5da03a19ed07,Regan,McBride,gymnastics,2025-26,2025-26,D1,Women,Atlantic Coast Conference,North Carolina,AA,All-Around,So.,So,"Columbia, Mo.",Columbia,MO,domestic,Rock Bridge,0,https://goheels.com/sports/womens-gymnastics/roster/2025-26
gym_036832db5438,Jessica,Naranjo,gymnastics,2025-26,2025-26,D1,Women,Atlantic Coast Conference,North Carolina,AA,All-Around,Jr.,Jr,"Hialeah, Fla.",Hialeah,FL,domestic,Marjory Stoneman Douglas,0,https://goheels.com/sports/womens-gymnastics/roster/2025-26
gym_1c1abe975a5e,Molly,Neinstein,gymnastics,2025-26,2025-26,D1,Women,Atlantic Coast Conference,North Carolina,"V, UB, FX",Event Specialist,Jr.,Jr,"Calabasas, Calif.",Calabasas,CA,domestic,deToledo,0,https://goheels.com/sports/womens-gymnastics/roster/2025-26
gym_7831cda5f320,Paige,Prejean,gymnastics,2025-26,2025-26,D1,Women,Atlantic Coast Conference,North Carolina,AA,All-Around,Sr.,Sr,"Houston, Texas",Houston,TX,domestic,Homeschooled,1,https://goheels.com/sports/womens-gymnastics/roster/2025-26
gym_5d3097b0da87,Camryn,Rueda,gymnastics,2025-26,2025-26,D1,Women,Atlantic Coast Conference,North Carolina,AA,All-Around,Jr.,Jr,"Salem, N.H.",Salem,NH,domestic,Central Catholic,0,https://goheels.com/sports/womens-gymnastics/roster/2025-26
gym_88c8eb1244a7,Sydney,Seabrooks,gymnastics,2025-26,2025-26,D1,Women,Atlantic Coast Conference,North Carolina,AA,All-Around,Fr.,Fr,"Clearwater, Fla.",Clearwater,FL,domestic,Osceola Fundamental,0,https://goheels.com/sports/womens-gymnastics/roster/2025-26
gym_3464ae088dd9,Anna,Pearl Stanley,gymnastics,2025-26,2025-26,D1,Women,Atlantic Coast Conference,North Carolina,AA,All-Around,Fr.,Fr,"Joplin, Mo.",Joplin,MO,domestic,Joplin,0,https://goheels.com/sports/womens-gymnastics/roster/2025-26
gym_2e7dbb3911fd,Claire,Stippich,gymnastics,2025-26,2025-26,D1,Women,Atlantic Coast Conference,North Carolina,AA,All-Around,Sr.,Sr,"Hartland, Wisc.",Hartland,WI,domestic,Lake Country Lutheran,0,https://goheels.com/sports/womens-gymnastics/roster/2025-26
gym_77e0d6a2126a,JoJo,Valahovic,gymnastics,2025-26,2025-26,D1,Women,Atlantic Coast Conference,North Carolina,AA,All-Around,So.,So,"Sagamore Hills, Ohio",Sagamore Hills,OH,domestic,Walsh Jesuit,0,https://goheels.com/sports/womens-gymnastics/roster/2025-26
gym_7967b7a75535,Amy,Wozniak,gymnastics,2025-26,2025-26,D1,Women,Atlantic Coast Conference,North Carolina,AA,All-Around,Sr.,Sr,"Wheaton, Ill.",Wheaton,IL,domestic,Wheaton North,0,https://goheels.com/sports/womens-gymnastics/roster/2025-26
gym_e8c7f55ea1bd,Baylie,Belman,gymnastics,2025-26,2025-26,D1,Women,Big Ten Conference,Ohio St.,BB/FX,Event Specialist,Fr.,Fr,"Allen, Texas",Allen,TX,domestic,Prestonwood Christian,0,https://ohiostatebuckeyes.com/sports/womens-gymnastics/roster/2025-26
gym_db4dcf7bfe13,Sadie,Jane Berry,gymnastics,2025-26,2025-26,D1,Women,Big Ten Conference,Ohio St.,UB/BB/FX,Event Specialist,So.,So,"Mooresville, N.C.",Mooresville,NC,domestic,Georgia/Southeastern Gymnastics,0,https://ohiostatebuckeyes.com/sports/womens-gymnastics/roster/2025-26
gym_ca38b2b0b052,Samara,Buchanan,gymnastics,2025-26,2025-26,D1,Women,Big Ten Conference,Ohio St.,UB/BB,Event Specialist,Jr.,Jr,"Parkland, Fla.",Parkland,FL,domestic,Marjory Stoneman Douglas H.S.,0,https://ohiostatebuckeyes.com/sports/womens-gymnastics/roster/2025-26
gym_1bb64079d853,JJ,Coleman,gymnastics,2025-26,2025-26,D1,Women,Big Ten Conference,Ohio St.,AA,All-Around,So.,So,"Albuquerque, N.M.",Albuquerque,NM,domestic,Volcano Vista H.S.,0,https://ohiostatebuckeyes.com/sports/womens-gymnastics/roster/2025-26
gym_cabb58f1d2a3,Mary,Green,gymnastics,2025-26,2025-26,D1,Women,Big Ten Conference,Ohio St.,VT/FX,Event Specialist,Jr.,Jr,"Tallmadge, Ohio",Tallmadge,OH,domestic,Cuyahoga Valley Christian,0,https://ohiostatebuckeyes.com/sports/womens-gymnastics/roster/2025-26
gym_ce95f5305de7,Kaitlyn,Grimes,gymnastics,2025-26,2025-26,D1,Women,Big Ten Conference,Ohio St.,VT/UB/FX,Event Specialist,5th,Gr,"LaGrange, Ill.",LaGrange,IL,domestic,Lyons Township H.S.,0,https://ohiostatebuckeyes.com/sports/womens-gymnastics/roster/2025-26
gym_3c55e8be2d4b,Rylee,Guevara,gymnastics,2025-26,2025-26,D1,Women,Big Ten Conference,Ohio St.,VT/BB/FX,Event Specialist,So.,So,"Newport News, Va.",Newport News,VA,domestic,North Florida Christian,0,https://ohiostatebuckeyes.com/sports/womens-gymnastics/roster/2025-26
gym_4b8b42882bf8,Payton,Harris,gymnastics,2025-26,2025-26,D1,Women,Big Ten Conference,Ohio St.,AA,All-Around,Sr.,Sr,"Franklin, Wis.",Franklin,WI,domestic,Franklin H.S.,0,https://ohiostatebuckeyes.com/sports/womens-gymnastics/roster/2025-26
gym_fdd7f863d83e,Ava,Jackson,gymnastics,2025-26,2025-26,D1,Women,Big Ten Conference,Ohio St.,AA,All-Around,Fr.,Fr,"Riverton, Utah",Riverton,UT,domestic,Mountain Ridge High School,0,https://ohiostatebuckeyes.com/sports/womens-gymnastics/roster/2025-26
gym_5555d2cbfded,Lillian,Jennejohn,gymnastics,2025-26,2025-26,D1,Women,Big Ten Conference,Ohio St.,AA,All-Around,Fr.,Fr,"Provo, Utah",Provo,UT,domestic,Timpview High School,0,https://ohiostatebuckeyes.com/sports/womens-gymnastics/roster/2025-26
gym_7039dda3eed3,Natalie,Martin,gymnastics,2025-26,2025-26,D1,Women,Big Ten Conference,Ohio St.,AA,All-Around,Jr.,Jr,"Westerville, Ohio",Westerville,OH,domestic,St. Francis DeSales,0,https://ohiostatebuckeyes.com/sports/womens-gymnastics/roster/2025-26
gym_715ab9cfa560,Courtney,McCann,gymnastics,2025-26,2025-26,D1,Women,Big Ten Conference,Ohio St.,UB/BB/FX,Event Specialist,Jr.,Jr,"Frisco, Texas",Frisco,TX,domestic,Frisco H.S.,0,https://ohiostatebuckeyes.com/sports/womens-gymnastics/roster/2025-26
gym_a61caa2fb02a,Ashton,Meuret,gymnastics,2025-26,2025-26,D1,Women,Big Ten Conference,Ohio St.,UB/FX,Event Specialist,Jr.,Jr,"Leawood, Kan.",Leawood,KS,domestic,Blue Valley H.S.,0,https://ohiostatebuckeyes.com/sports/womens-gymnastics/roster/2025-26
gym_ca17fe82f931,Kaylyn,Mintz,gymnastics,2025-26,2025-26,D1,Women,Big Ten Conference,Ohio St.,UB,Event Specialist,Sr.,Sr,"Wilmington, N.C.",Wilmington,NC,domestic,North Carolina Cyber Academy,1,https://ohiostatebuckeyes.com/sports/womens-gymnastics/roster/2025-26
gym_45146549a79f,Jaylyn,Pomager,gymnastics,2025-26,2025-26,D1,Women,Big Ten Conference,Ohio St.,AA,All-Around,Fr.,Fr,"San Antonio, Texas",San Antonio,TX,domestic,Texas Connections Academy,1,https://ohiostatebuckeyes.com/sports/womens-gymnastics/roster/2025-26
gym_860000a3a716,Maisyn,Rader,gymnastics,2025-26,2025-26,D1,Women,Big Ten Conference,Ohio St.,UB/BB/FX,Event Specialist,Jr.,Jr,"Wolcott, Conn.",Wolcott,CT,domestic,St. Paul Catholic,0,https://ohiostatebuckeyes.com/sports/womens-gymnastics/roster/2025-26
gym_f65ec9653a03,Karleigh,Reutzel,gymnastics,2025-26,2025-26,D1,Women,Big Ten Conference,Ohio St.,VT/UB/FX,Event Specialist,So.,So,"Hilliard, Ohio",Hilliard,OH,domestic,Hilliard Davidson HS,0,https://ohiostatebuckeyes.com/sports/womens-gymnastics/roster/2025-26
gym_4b508c6cb01f,Cameron,Smith,gymnastics,2025-26,2025-26,D1,Women,Big Ten Conference,Ohio St.,VT/BB/FX,Event Specialist,So.,So,"Ellicott City, Md.",Ellicott City,MD,domestic,Howard HS,0,https://ohiostatebuckeyes.com/sports/womens-gymnastics/roster/2025-26
gym_3be0aaf7a007,Tory,Vetter,gymnastics,2025-26,2025-26,D1,Women,Big Ten Conference,Ohio St.,AA,All-Around,Sr.,Sr,"Hilliard, Ohio",Hilliard,OH,domestic,Hilliard Davidson H.S.,0,https://ohiostatebuckeyes.com/sports/womens-gymnastics/roster/2025-26
gym_216d81ed724b,Grace,Walker,gymnastics,2025-26,2025-26,D1,Women,Big Ten Conference,Ohio St.,VT/UB/BB,Event Specialist,Jr.,Jr,"Plain City, Ohio",Plain City,OH,domestic,Jonathan Alder H.S.,0,https://ohiostatebuckeyes.com/sports/womens-gymnastics/roster/2025-26
gym_a432e4fb392f,Addi,Watson,gymnastics,2025-26,2025-26,D1,Women,Big Ten Conference,Ohio St.,AA,All-Around,Fr.,Fr,"College Station, Texas",College Station,TX,domestic,The Academy,1,https://ohiostatebuckeyes.com/sports/womens-gymnastics/roster/2025-26
gym_b0e9b6fdbc87,Ella,Beck,gymnastics,2025-26,2025-26,D1,Women,American Conference,Temple,,UNK,Fr.,Fr,"Westerville, OH.",Westerville,OH,domestic,Westerville North High School,0,https://owlsports.com/sports/womens-gymnastics/roster/2025-26
gym_aa9cdc6fa9e1,Hailey,Best,gymnastics,2025-26,2025-26,D1,Women,American Conference,Temple,,UNK,Jr.,Jr,"New Milford, Conn.",New Milford,CT,domestic,New Milford,0,https://owlsports.com/sports/womens-gymnastics/roster/2025-26
gym_f2d137650c57,Mariella,Brueck,gymnastics,2025-26,2025-26,D1,Women,American Conference,Temple,,UNK,Jr.,Jr,"Boca Raton, Fla.",Boca Raton,FL,domestic,FAU High School,0,https://owlsports.com/sports/womens-gymnastics/roster/2025-26
gym_58fd14517ed9,Amelia,Budd,gymnastics,2025-26,2025-26,D1,Women,American Conference,Temple,,UNK,Jr.,Jr,"Charlotte, N.C.",Charlotte,NC,domestic,David. W. Butler,0,https://owlsports.com/sports/womens-gymnastics/roster/2025-26
gym_e1a1587dccfc,Anjali,Buradagunta,gymnastics,2025-26,2025-26,D1,Women,American Conference,Temple,,UNK,Fr.,Fr,"Westborough, Mass.",Westborough,MA,domestic,Westborough High School,0,https://owlsports.com/sports/womens-gymnastics/roster/2025-26
gym_0543a799a73b,Reese,DeHaan,gymnastics,2025-26,2025-26,D1,Women,American Conference,Temple,,UNK,Sr.,Sr,"Bradenton, Fla.",Bradenton,FL,domestic,Bradenton Christian,0,https://owlsports.com/sports/womens-gymnastics/roster/2025-26
gym_954d31c8acf0,Robyn,Dunne,gymnastics,2025-26,2025-26,D1,Women,American Conference,Temple,,UNK,So.,So,"Louisville, Colorado",Louisville,CO,domestic,,,https://owlsports.com/sports/womens-gymnastics/roster/2025-26
gym_b79e28c85837,Tali,Flanigan,gymnastics,2025-26,2025-26,D1,Women,American Conference,Temple,,UNK,Fr.,Fr,"Bethlehem, Pa.",Bethlehem,PA,domestic,Liberty High School,0,https://owlsports.com/sports/womens-gymnastics/roster/2025-26
gym_90cdcc127359,Jade,Harden,gymnastics,2025-26,2025-26,D1,Women,American Conference,Temple,,UNK,Fr.,Fr,"Orlando, Fla.",Orlando,FL,domestic,Boone High School,0,https://owlsports.com/sports/womens-gymnastics/roster/2025-26
gym_c3499d853c52,Harmony,Haro,gymnastics,2025-26,2025-26,D1,Women,American Conference,Temple,,UNK,So.,So,"Fairfield, Ohio",Fairfield,OH,domestic,Parkland,0,https://owlsports.com/sports/womens-gymnastics/roster/2025-26
gym_e470bc078ffe,NazstaziaSimone,Henry-Jubitana,gymnastics,2025-26,2025-26,D1,Women,American Conference,Temple,,UNK,So.,So,"Miami, Florida",Miami,FL,domestic,Miramar,0,https://owlsports.com/sports/womens-gymnastics/roster/2025-26
gym_cb8bf25945be,Kyrstin,Johnson,gymnastics,2025-26,2025-26,D1,Women,American Conference,Temple,,UNK,Jr.,Jr,"Baltimore, Maryland",Baltimore,MD,domestic,The Ogburn School,0,https://owlsports.com/sports/womens-gymnastics/roster/2025-26
gym_a935f46a5555,Ava,Kelly,gymnastics,2025-26,2025-26,D1,Women,American Conference,Temple,,UNK,Fr.,Fr,"Stony Brook, N.Y.",Stony Brook,NY,domestic,Ward Melville High School,0,https://owlsports.com/sports/womens-gymnastics/roster/2025-26
gym_4cbca614c8be,Madison,Ley,gymnastics,2025-26,2025-26,D1,Women,American Conference,Temple,,UNK,So.,So,"Miami, Fla.",Miami,FL,domestic,Riviera Prepartory,0,https://owlsports.com/sports/womens-gymnastics/roster/2025-26
gym_d5c4c14b9363,Kaitlyn,McKnight,gymnastics,2025-26,2025-26,D1,Women,American Conference,Temple,,UNK,So.,So,"Spring, Texas",Spring,TX,domestic,Grand Oaks,0,https://owlsports.com/sports/womens-gymnastics/roster/2025-26
gym_daed60c94504,Payton,Monk,gymnastics,2025-26,2025-26,D1,Women,American Conference,Temple,,UNK,Jr.,Jr,"Hanover Township, Pa.",Hanover Township,PA,domestic,Wyoming Seminary,0,https://owlsports.com/sports/womens-gymnastics/roster/2025-26
gym_18644522f7af,Emma,Reathaford,gymnastics,2025-26,2025-26,D1,Women,American Conference,Temple,,UNK,So.,So,"Tarzana, Calif.",Tarzana,CA,domestic,West Lake Village,0,https://owlsports.com/sports/womens-gymnastics/roster/2025-26
gym_e6bea2a04d7e,Nikki,Rengifo,gymnastics,2025-26,2025-26,D1,Women,American Conference,Temple,,UNK,So.,So,"Coral Spring, Fla.",Coral Spring,FL,domestic,Coral Glades High School,0,https://owlsports.com/sports/womens-gymnastics/roster/2025-26
gym_d0a90163c9b7,Katelynn,Sherman,gymnastics,2025-26,2025-26,D1,Women,American Conference,Temple,,UNK,Fr.,Fr,"Birdsboro, Pa.",Birdsboro,PA,domestic,Twin Valley High School,0,https://owlsports.com/sports/womens-gymnastics/roster/2025-26
gym_9ff6cb037a85,Gianna,Silva,gymnastics,2025-26,2025-26,D1,Women,American Conference,Temple,,UNK,Jr.,Jr,"Redondo Beach, Ca.",Redondo Beach,CA,domestic,California Connections Academy,1,https://owlsports.com/sports/womens-gymnastics/roster/2025-26
gym_a0eddfb3a8f2,Ella,Soles,gymnastics,2025-26,2025-26,D1,Women,American Conference,Temple,,UNK,Fr.,Fr,"Eastampton, N.J.",Eastampton,NJ,domestic,Rancocas Valley High School,0,https://owlsports.com/sports/womens-gymnastics/roster/2025-26
gym_9b0cbe13821d,Ava,Sutphen,gymnastics,2025-26,2025-26,D1,Women,American Conference,Temple,,UNK,Fr.,Fr,"Whitehouse, N.J.",Whitehouse,NJ,domestic,Hunterdon Central Regional,0,https://owlsports.com/sports/womens-gymnastics/roster/2025-26
gym_440e207fd3f8,Brooklyn,Thomas,gymnastics,2025-26,2025-26,D1,Women,American Conference,Temple,,UNK,Fr.,Fr,"Frederick, Md.",Frederick,MD,domestic,Tuscarora High School,0,https://owlsports.com/sports/womens-gymnastics/roster/2025-26
gym_344188f4e5d3,Breanna,Varano,gymnastics,2025-26,2025-26,D1,Women,American Conference,Temple,,UNK,So.,So,"Allentown, Pa.",Allentown,PA,domestic,Parkland,0,https://owlsports.com/sports/womens-gymnastics/roster/2025-26
gym_0cc51ea516b4,Hannah,Weklar,gymnastics,2025-26,2025-26,D1,Women,American Conference,Temple,,UNK,Jr.,Jr,"Guilderland, N.Y.",Guilderland,NY,domestic,Guilderland,0,https://owlsports.com/sports/womens-gymnastics/roster/2025-26
gym_cdbeb303d97e,Megan,White,gymnastics,2025-26,2025-26,D1,Women,American Conference,Temple,,UNK,Jr.,Jr,"Hollis, N.H.",Hollis,NH,domestic,Hollis Brookline,0,https://owlsports.com/sports/womens-gymnastics/roster/2025-26
gym_b054e8b3f5e0,Norah,Christian,gymnastics,2025-26,2025-26,D1,Women,Big 12 Conference,Utah,,UNK,Fr.,Fr,"Bremerton, Washington",Bremerton,WA,domestic,Washington Connection Academy,1,https://utahutes.com/sports/womens-gymnastics/roster/2025-26
gym_2ce2464c581a,Sage,Curtis,gymnastics,2025-26,2025-26,D1,Women,Big 12 Conference,Utah,,UNK,Fr.,Fr,"Riverton, Utah",Riverton,UT,domestic,Riverton High School,0,https://utahutes.com/sports/womens-gymnastics/roster/2025-26
gym_a16b73581ab5,Elizabeth,Gantner,gymnastics,2025-26,2025-26,D1,Women,Big 12 Conference,Utah,,UNK,Jr.,Jr,"Indianapolis, Ind.",Indianapolis,IN,domestic,Roncalli HS,0,https://utahutes.com/sports/womens-gymnastics/roster/2025-26
gym_3326ddd63ead,Ashley,Glynn,gymnastics,2025-26,2025-26,D1,Women,Big 12 Conference,Utah,,UNK,Sr.,Sr,"Hockessin, Del.",Hockessin,DE,domestic,Conrad Schools of Science,0,https://utahutes.com/sports/womens-gymnastics/roster/2025-26
gym_3d5dd8cae4a6,Zoe,Johnson,gymnastics,2025-26,2025-26,D1,Women,Big 12 Conference,Utah,,UNK,So.,So,"Durham, N.C.",Durham,NC,domestic,Eno River Academy,1,https://utahutes.com/sports/womens-gymnastics/roster/2025-26
gym_f7fdfa2e7606,Olivia,Kennedy,gymnastics,2025-26,2025-26,D1,Women,Big 12 Conference,Utah,,UNK,Jr.,Jr,"Maryville, Tenn.",Maryville,TN,domestic,Bridgeway HS,0,https://utahutes.com/sports/womens-gymnastics/roster/2025-26
gym_51772eb9563c,Sarah,Krump,gymnastics,2025-26,2025-26,D1,Women,Big 12 Conference,Utah,,UNK,Sr.,Sr,"Las Vegas, Nev.",Las Vegas,NV,domestic,Odyssey Charter School,0,https://utahutes.com/sports/womens-gymnastics/roster/2025-26
gym_4403018b871d,Avery,Neff,gymnastics,2025-26,2025-26,D1,Women,Big 12 Conference,Utah,,UNK,So.,So,"South Jordan, Utah",South Jordan,UT,domestic,Bingham High School,0,https://utahutes.com/sports/womens-gymnastics/roster/2025-26
gym_8ec296a7f11e,Ana,Padurariu,gymnastics,2025-26,2025-26,D1,Women,Big 12 Conference,Utah,,UNK,Sr.,Sr,"Whitby, Ontario, Canada",Whitby,,international,Sinclair Secondary School,0,https://utahutes.com/sports/womens-gymnastics/roster/2025-26
gym_4cae09a1f2d9,Clara,Raposo,gymnastics,2025-26,2025-26,D1,Women,Big 12 Conference,Utah,,UNK,So.,So,"Toronto, Canada",Toronto,,international,Mississauga Secondary School,0,https://utahutes.com/sports/womens-gymnastics/roster/2025-26
gym_fbe56e32c832,Abbi,Ryssman,gymnastics,2025-26,2025-26,D1,Women,Big 12 Conference,Utah,,UNK,Fr.,Fr,"Rochester, Minnesota",Rochester,MN,domestic,Rochester Century High School,0,https://utahutes.com/sports/womens-gymnastics/roster/2025-26
gym_ef682ab7b411,Makenna,Smith,gymnastics,2025-26,2025-26,D1,Women,Big 12 Conference,Utah,,UNK,Sr.,Sr,"Albuquerque, N.M.",Albuquerque,NM,domestic,Rio Rancho Cyber Academy,1,https://utahutes.com/sports/womens-gymnastics/roster/2025-26
gym_75f1bda40a56,Poppy-Grace,Stickler,gymnastics,2025-26,2025-26,D1,Women,Big 12 Conference,Utah,,UNK,So.,So,"Cardiff, Wales",Cardiff,,international,Whitchurch High School,0,https://utahutes.com/sports/womens-gymnastics/roster/2025-26
gym_5171754739c4,Bailey,Stroud,gymnastics,2025-26,2025-26,D1,Women,Big 12 Conference,Utah,,UNK,Fr.,Fr,"New Palestine, Indiana",New Palestine,IN,domestic,Greenfield Central High School,0,https://utahutes.com/sports/womens-gymnastics/roster/2025-26
gym_3a34f1c67e3e,Camie,Winger,gymnastics,2025-26,2025-26,D1,Women,Big 12 Conference,Utah,,UNK,Jr.,Jr,"Orem, Utah",Orem,UT,domestic,Timpanogos HS,0,https://utahutes.com/sports/womens-gymnastics/roster/2025-26
gym_60daac26e77c,Ella,Zirbes,gymnastics,2025-26,2025-26,D1,Women,Big 12 Conference,Utah,,UNK,Jr.,Jr,"Stillwater, Minn.",Stillwater,MN,domestic,Stillwater Area HS,0,https://utahutes.com/sports/womens-gymnastics/roster/2025-26
gym_85754d216ec3,Avery,Bibbey,gymnastics,2025-26,2025-26,D1,Women,Mountain West Conference,Utah St.,"UB, BB, FX",Event Specialist,Sr.,Sr,"Chandler, Ariz.",Chandler,AZ,domestic,Perry HS,0,https://utahstateaggies.com/sports/womens-gymnastics/roster/2025-26
gym_381abc3458a1,Anabelle,Dewey,gymnastics,2025-26,2025-26,D1,Women,Mountain West Conference,Utah St.,AA,All-Around,Fr.,Fr,"Mount Juliet, Tenn.",Mount Juliet,TN,domestic,Barry Tatum Virtual Learning Academy,1,https://utahstateaggies.com/sports/womens-gymnastics/roster/2025-26
gym_eec058d7bf63,Amari,Evans,gymnastics,2025-26,2025-26,D1,Women,Mountain West Conference,Utah St.,"UB, BB, FX",Event Specialist,5th,Gr,"McKinney, Texas",McKinney,TX,domestic,iSchool Virtual Academy of Texas,1,https://utahstateaggies.com/sports/womens-gymnastics/roster/2025-26
gym_fc56c2e527f5,Mara,Gruber,gymnastics,2025-26,2025-26,D1,Women,Mountain West Conference,Utah St.,"VT, BB, FX",Event Specialist,Fr.,Fr,"Arden Hills, Minn.",Arden Hills,MN,domestic,Hill-Murray HS,0,https://utahstateaggies.com/sports/womens-gymnastics/roster/2025-26
gym_f681af58e74f,Sydney,Jelen,gymnastics,2025-26,2025-26,D1,Women,Mountain West Conference,Utah St.,"UB, BB",Event Specialist,Jr.,Jr,"Algonquin, Ill.",Algonquin,IL,domestic,Dundee-Crown HS,0,https://utahstateaggies.com/sports/womens-gymnastics/roster/2025-26
gym_20f880c3afe3,Brylea,Johnson,gymnastics,2025-26,2025-26,D1,Women,Mountain West Conference,Utah St.,"VT, BB, FX",Event Specialist,Fr.,Fr,"Plymouth, Minn.",Plymouth,MN,domestic,Wayzata HS,0,https://utahstateaggies.com/sports/womens-gymnastics/roster/2025-26
gym_d32ea387220d,Charley,Laufer,gymnastics,2025-26,2025-26,D1,Women,Mountain West Conference,Utah St.,AA,All-Around,Fr.,Fr,"Grand Rapids, Mich.",Grand Rapids,MI,domestic,Grand Rapids Christian HS,0,https://utahstateaggies.com/sports/womens-gymnastics/roster/2025-26
gym_bc2b3204d0a1,Kaylie,Medrano,gymnastics,2025-26,2025-26,D1,Women,Mountain West Conference,Utah St.,AA,All-Around,So.,So,"Buckeye, Ariz.",Buckeye,AZ,domestic,Verrado HS,0,https://utahstateaggies.com/sports/womens-gymnastics/roster/2025-26
gym_497ae99b1a21,Nyla,Morabito,gymnastics,2025-26,2025-26,D1,Women,Mountain West Conference,Utah St.,"VT, FX",Event Specialist,Jr.,Jr,"Welland, Ontario, Canada","Welland, Ontario",,international,Notre Dame College School,0,https://utahstateaggies.com/sports/womens-gymnastics/roster/2025-26
gym_2d37e52e9dd6,Olivia,Orengo,gymnastics,2025-26,2025-26,D1,Women,Mountain West Conference,Utah St.,AA,All-Around,So.,So,"Rogers, Minn.",Rogers,MN,domestic,Rogers HS,0,https://utahstateaggies.com/sports/womens-gymnastics/roster/2025-26
gym_1e44c3fcc3bc,Marley,Peterson,gymnastics,2025-26,2025-26,D1,Women,Mountain West Conference,Utah St.,FX,Event Specialist,Sr.,Sr,"Bountiful, Utah",Bountiful,UT,domestic,Woods Cross HS,0,https://utahstateaggies.com/sports/womens-gymnastics/roster/2025-26
gym_439c81b4eefd,Chelsea,Southam,gymnastics,2025-26,2025-26,D1,Women,Mountain West Conference,Utah St.,"VT, BB, FX",Event Specialist,Sr.,Sr,"Heber City, Utah",Heber City,UT,domestic,Wasatch HS,0,https://utahstateaggies.com/sports/womens-gymnastics/roster/2025-26
gym_bd24d3931cd0,Alianna,Valdez,gymnastics,2025-26,2025-26,D1,Women,Mountain West Conference,Utah St.,AA,All-Around,Fr.,Fr,"Huntington Beach, Calif.",Huntington Beach,CA,domestic,Marina HS,0,https://utahstateaggies.com/sports/womens-gymnastics/roster/2025-26
gym_889bb5580138,Lundyn,VanderToolen,gymnastics,2025-26,2025-26,D1,Women,Mountain West Conference,Utah St.,AA,All-Around,So.,So,"Cottonwood Heights, Utah",Cottonwood Heights,UT,domestic,Brighton HS,0,https://utahstateaggies.com/sports/womens-gymnastics/roster/2025-26
gym_b239a39e7a2e,Isabella,Vater,gymnastics,2025-26,2025-26,D1,Women,Mountain West Conference,Utah St.,AA,All-Around,Jr.,Jr,"Las Vegas, Nev.",Las Vegas,NV,domestic,Faith Lutheran HS,0,https://utahstateaggies.com/sports/womens-gymnastics/roster/2025-26
gym_a95fcff09f3c,Mya,Witte,gymnastics,2025-26,2025-26,D1,Women,Mountain West Conference,Utah St.,"VT, BB",Event Specialist,Jr.,Jr,"Greenacres, Fla.",Greenacres,FL,domestic,Florida Virtual School,0,https://utahstateaggies.com/sports/womens-gymnastics/roster/2025-26
gym_bcea7036d9e4,Hattie,Wright,gymnastics,2025-26,2025-26,D1,Women,Mountain West Conference,Utah St.,"UB, FX",Event Specialist,Jr.,Jr,"Edmond, Okla.",Edmond,OK,domestic,Epic Charter Schools,0,https://utahstateaggies.com/sports/womens-gymnastics/roster/2025-26
gym_349e3520a5dd,Sienna,Yelle,gymnastics,2025-26,2025-26,D1,Women,Mountain West Conference,Utah St.,AA,All-Around,Fr.,Fr,"Scottsdale, Ariz.",Scottsdale,AZ,domestic,Chaparral HS,0,https://utahstateaggies.com/sports/womens-gymnastics/roster/2025-26
gym_2ab2943d3a9e,Catherine,Bare,gymnastics,2025-26,2025-26,D1,Women,Coastal Athletic Association,William & Mary,AA,All-Around,Gr.,Gr,"Oak Hill, Va.",Oak Hill,VA,domestic,St. Paul VI Catholic,0,https://tribeathletics.com/sports/womens-gymnastics/roster/2025-26
gym_57b5341cb540,Samantha,Burd,gymnastics,2025-26,2025-26,D1,Women,Coastal Athletic Association,William & Mary,AA,All-Around,Jr.,Jr,"Virginia Beach, Va.",Virginia Beach,VA,domestic,Frank W. Cox,0,https://tribeathletics.com/sports/womens-gymnastics/roster/2025-26
gym_38e14aeea97b,Hannah,Burke,gymnastics,2025-26,2025-26,D1,Women,Coastal Athletic Association,William & Mary,AA,All-Around,Sr.,Sr,"Herndon, Va.",Herndon,VA,domestic,Kolbe Academy,1,https://tribeathletics.com/sports/womens-gymnastics/roster/2025-26
gym_47e2f288c411,Melanie,Faulkner,gymnastics,2025-26,2025-26,D1,Women,Coastal Athletic Association,William & Mary,AA,All-Around,Jr.,Jr,"Round Rock, Texas",Round Rock,TX,domestic,iUniversity Prep,1,https://tribeathletics.com/sports/womens-gymnastics/roster/2025-26
gym_21a0818cdc4a,Madeline,Frazier,gymnastics,2025-26,2025-26,D1,Women,Coastal Athletic Association,William & Mary,AA,All-Around,Jr.,Jr,"Midlothian, Va.",Midlothian,VA,domestic,Monacan,0,https://tribeathletics.com/sports/womens-gymnastics/roster/2025-26
gym_6a3cdf0b0ac9,Melissa,Gao,gymnastics,2025-26,2025-26,D1,Women,Coastal Athletic Association,William & Mary,AA,All-Around,So.,So,"Paoli, Pa.",Paoli,PA,domestic,Conestoga,0,https://tribeathletics.com/sports/womens-gymnastics/roster/2025-26
gym_e6badc225883,Jasmine,Hou,gymnastics,2025-26,2025-26,D1,Women,Coastal Athletic Association,William & Mary,AA,All-Around,Fr.,Fr,"Naperville, Ill.",Naperville,IL,domestic,Naperville North,0,https://tribeathletics.com/sports/womens-gymnastics/roster/2025-26
gym_04c5aef3e72f,Ella,Isley,gymnastics,2025-26,2025-26,D1,Women,Coastal Athletic Association,William & Mary,AA,All-Around,So.,So,"Niceville, Fla.",Niceville,FL,domestic,Niceville,0,https://tribeathletics.com/sports/womens-gymnastics/roster/2025-26
gym_adb1bc763804,Ascha,Laird,gymnastics,2025-26,2025-26,D1,Women,Coastal Athletic Association,William & Mary,AA,All-Around,Sr.,Sr,"Phoenixville, Pa.",Phoenixville,PA,domestic,Phoenixville Area,0,https://tribeathletics.com/sports/womens-gymnastics/roster/2025-26
gym_be1d36c9ec40,Olivia,Mile,gymnastics,2025-26,2025-26,D1,Women,Coastal Athletic Association,William & Mary,AA,All-Around,Jr.,Jr,"Mount Sinai, N.Y.",Mount Sinai,NY,domestic,Mount Sinai,0,https://tribeathletics.com/sports/womens-gymnastics/roster/2025-26
gym_9ca07e4db860,McKenna,Mullins,gymnastics,2025-26,2025-26,D1,Women,Coastal Athletic Association,William & Mary,AA,All-Around,Fr.,Fr,"Katonah, N.Y.",Katonah,NY,domestic,Somers,0,https://tribeathletics.com/sports/womens-gymnastics/roster/2025-26
gym_041a9fc46644,Michelle,Ngo,gymnastics,2025-26,2025-26,D1,Women,Coastal Athletic Association,William & Mary,AA,All-Around,Sr.,Sr,"Sacramento, Calif.",Sacramento,CA,domestic,Pleasant Grove,0,https://tribeathletics.com/sports/womens-gymnastics/roster/2025-26
gym_35213fe5af71,Addison,Pabellon,gymnastics,2025-26,2025-26,D1,Women,Coastal Athletic Association,William & Mary,AA,All-Around,Fr.,Fr,"Houston, Texas",Houston,TX,domestic,Logos Preparatory Academy,1,https://tribeathletics.com/sports/womens-gymnastics/roster/2025-26
gym_a43d57ece3a4,Kate,Peebles,gymnastics,2025-26,2025-26,D1,Women,Coastal Athletic Association,William & Mary,AA,All-Around,Fr.,Fr,"Naperville, Ill.",Naperville,IL,domestic,Benet Academy,1,https://tribeathletics.com/sports/womens-gymnastics/roster/2025-26
gym_cbaf75dd849d,Summer,Penzi,gymnastics,2025-26,2025-26,D1,Women,Coastal Athletic Association,William & Mary,AA,All-Around,Jr.,Jr,"Commack, N.Y.",Commack,NY,domestic,Laurel Springs,0,https://tribeathletics.com/sports/womens-gymnastics/roster/2025-26
gym_f58e0e13318b,Ashley,Ruedy,gymnastics,2025-26,2025-26,D1,Women,Coastal Athletic Association,William & Mary,AA,All-Around,So.,So,"Simi Valley, Calif.",Simi Valley,CA,domestic,Simi Valley,0,https://tribeathletics.com/sports/womens-gymnastics/roster/2025-26
gym_4d7c2dad17f3,Sophia,Summers,gymnastics,2025-26,2025-26,D1,Women,Coastal Athletic Association,William & Mary,AA,All-Around,Fr.,Fr,"State College, Pa.",State College,PA,domestic,State College Area,0,https://tribeathletics.com/sports/womens-gymnastics/roster/2025-26
gym_fbf2a4476e67,Brynn,Vetrano,gymnastics,2025-26,2025-26,D1,Women,Coastal Athletic Association,William & Mary,AA,All-Around,Sr.,Sr,"Norwell, Mass.",Norwell,MA,domestic,Norwell,0,https://tribeathletics.com/sports/womens-gymnastics/roster/2025-26
gym_9b5457f11451,Lily,Walker,gymnastics,2025-26,2025-26,D1,Women,Coastal Athletic Association,William & Mary,AA,All-Around,Sr.,Sr,"Mesa, Ariz.",Mesa,AZ,domestic,Desert Ridge,0,https://tribeathletics.com/sports/womens-gymnastics/roster/2025-26
gym_0d9a21f70952,Sally,Wood,gymnastics,2025-26,2025-26,D1,Women,Coastal Athletic Association,William & Mary,AA,All-Around,So.,So,"Ocala, Fla.",Ocala,FL,domestic,Trinity Catholic,0,https://tribeathletics.com/sports/womens-gymnastics/roster/2025-26
gym_4b45200db1cc,Reese,Baechle,gymnastics,2025-26,2025-26,D1,Women,Big Ten Conference,Nebraska,,UNK,Redshirt Junior,Jr,"St. Charles, Mo.",St. Charles,MO,domestic,,0,https://huskers.com/sports/womens-gymnastics/roster/season/2025-26
gym_7fe5e23bd6d5,Reese,Baker,gymnastics,2025-26,2025-26,D1,Women,Big Ten Conference,Nebraska,,UNK,Sophomore,So,"Fairfield, Calif.",Fairfield,CA,domestic,,0,https://huskers.com/sports/womens-gymnastics/roster/season/2025-26
gym_a9eebc74bc00,Katelyn,Barth,gymnastics,2025-26,2025-26,D1,Women,Big Ten Conference,Nebraska,,UNK,Senior,Sr,"Fargo, N.D.",Fargo,ND,domestic,,0,https://huskers.com/sports/womens-gymnastics/roster/season/2025-26
gym_105a5029b0f6,Hailee,Bowen,gymnastics,2025-26,2025-26,D1,Women,Big Ten Conference,Nebraska,,UNK,Freshman,Fr,"Harrisburg, S.D.",Harrisburg,SD,domestic,,0,https://huskers.com/sports/womens-gymnastics/roster/season/2025-26
gym_7c86ab28f2f6,Merideth,Brandt,gymnastics,2025-26,2025-26,D1,Women,Big Ten Conference,Nebraska,,UNK,Freshman,Fr,"Boxford, Mass.",Boxford,MA,domestic,,0,https://huskers.com/sports/womens-gymnastics/roster/season/2025-26
gym_de4d2ee3b409,Olivia,Burns,gymnastics,2025-26,2025-26,D1,Women,Big Ten Conference,Nebraska,,UNK,Junior,Jr,"Blue Springs, Mo.",Blue Springs,MO,domestic,,0,https://huskers.com/sports/womens-gymnastics/roster/season/2025-26
gym_bb24583bdba7,Emalee,Frost,gymnastics,2025-26,2025-26,D1,Women,Big Ten Conference,Nebraska,,UNK,Senior,Sr,"Arrington, Tenn.",Arrington,TN,domestic,,0,https://huskers.com/sports/womens-gymnastics/roster/season/2025-26
gym_731d177e3091,Allie,Gard,gymnastics,2025-26,2025-26,D1,Women,Big Ten Conference,Nebraska,,UNK,Senior,Sr,"Round Rock, Texas",Round Rock,TX,domestic,,0,https://huskers.com/sports/womens-gymnastics/roster/season/2025-26
gym_0f70d0d7355a,Karys,Griffin,gymnastics,2025-26,2025-26,D1,Women,Big Ten Conference,Nebraska,,UNK,Freshman,Fr,"St. Louis, Mo.",St. Louis,MO,domestic,,0,https://huskers.com/sports/womens-gymnastics/roster/season/2025-26
gym_f9654d011c13,Lauren,Hollifield,gymnastics,2025-26,2025-26,D1,Women,Big Ten Conference,Nebraska,,UNK,Sophomore,So,"Dacula, Ga.",Dacula,GA,domestic,,0,https://huskers.com/sports/womens-gymnastics/roster/season/2025-26
gym_6d765ef2ce4e,Lauren,Homecillo,gymnastics,2025-26,2025-26,D1,Women,Big Ten Conference,Nebraska,,UNK,Senior,Sr,"Papillion, Neb.",Papillion,NE,domestic,,0,https://huskers.com/sports/womens-gymnastics/roster/season/2025-26
gym_93956e8f025e,Whitney,Jencks,gymnastics,2025-26,2025-26,D1,Women,Big Ten Conference,Nebraska,,UNK,Junior,Jr,"Madison, S.D.",Madison,SD,domestic,,0,https://huskers.com/sports/womens-gymnastics/roster/season/2025-26
gym_96e573a75326,Ahnna,Kalmes,gymnastics,2025-26,2025-26,D1,Women,Big Ten Conference,Nebraska,,UNK,Freshman,Fr,"Andover, Minn.",Andover,MN,domestic,,0,https://huskers.com/sports/womens-gymnastics/roster/season/2025-26
gym_9d3119fcad89,Nya,Kraus,gymnastics,2025-26,2025-26,D1,Women,Big Ten Conference,Nebraska,,UNK,Senior,Sr,"Regina, Saskatchewan, Canada",Regina,,international,,0,https://huskers.com/sports/womens-gymnastics/roster/season/2025-26
gym_f96332b86a7b,Peyton,Pech,gymnastics,2025-26,2025-26,D1,Women,Big Ten Conference,Nebraska,,UNK,Freshman,Fr,"Shorewood, Ill.",Shorewood,IL,domestic,,0,https://huskers.com/sports/womens-gymnastics/roster/season/2025-26
gym_b6915f7fffa8,Molly,Peterson,gymnastics,2025-26,2025-26,D1,Women,Big Ten Conference,Nebraska,,UNK,Sophomore,So,"Woodbury, Minn.",Woodbury,MN,domestic,,0,https://huskers.com/sports/womens-gymnastics/roster/season/2025-26
gym_9e9a4ae2756f,Jenna,Sartoretto,gymnastics,2025-26,2025-26,D1,Women,Big Ten Conference,Nebraska,,UNK,Junior,Jr,"Georgetown, Ontario, Canada",Georgetown,,international,,0,https://huskers.com/sports/womens-gymnastics/roster/season/2025-26
gym_a050cd35cbc0,Tegan,Shaver,gymnastics,2025-26,2025-26,D1,Women,Big Ten Conference,Nebraska,,UNK,Freshman,Fr,"Ontario, Canada",Ontario,,international,,0,https://huskers.com/sports/womens-gymnastics/roster/season/2025-26
gym_8b0b3391f012,Isabel,Sikon,gymnastics,2025-26,2025-26,D1,Women,Big Ten Conference,Nebraska,,UNK,Junior,Jr,"San Antonio, Texas",San Antonio,TX,domestic,,0,https://huskers.com/sports/womens-gymnastics/roster/season/2025-26
gym_fb078a02f5f7,Maribelle,Albert,gymnastics,2025-26,2025-26,D1,Women,Great Northwest Athletic Conference,Alaska Anchorage,"4'10"" Endless Mountains Gymnastics",Other,So.,So,"Wyalusing, Pa.",Wyalusing,PA,domestic,Homeschool,1,https://goseawolves.com/sports/womens-gymnastics/roster/2026
gym_6741b5c902b7,Hannah,Boyd,gymnastics,2025-26,2025-26,D1,Women,Great Northwest Athletic Conference,Alaska Anchorage,"5'2"" Revolution Gymnastics",Other,So.,So,"Plymouth, Minn.",Plymouth,MN,domestic,Wayzata HS,0,https://goseawolves.com/sports/womens-gymnastics/roster/2026
gym_5f2ad829fc0c,Kyli,Cole,gymnastics,2025-26,2025-26,D1,Women,Great Northwest Athletic Conference,Alaska Anchorage,"5'3"" Denali Gymnastics",Other,Fr.,Fr,"Wasilla, Alaska",Wasilla,AK,domestic,Wasilla HS,0,https://goseawolves.com/sports/womens-gymnastics/roster/2026
gym_8d755782c0a1,Ariana,DeSouza,gymnastics,2025-26,2025-26,D1,Women,Great Northwest Athletic Conference,Alaska Anchorage,"5'3"" Dream Xtreme Gymnastics",Other,Sr.,Sr,"Fairfield, Calif.",Fairfield,CA,domestic,Vacaville HS,0,https://goseawolves.com/sports/womens-gymnastics/roster/2026
gym_bd665cc7fe48,Jamilia,Duffus,gymnastics,2025-26,2025-26,D1,Women,Great Northwest Athletic Conference,Alaska Anchorage,"5'6"" Talladega College",All-Around,Jr.,Jr,"Kingston, Jamaica",Kingston,,international,Immaculate Conception HS,0,https://goseawolves.com/sports/womens-gymnastics/roster/2026
gym_9b3b21160ea0,Madelyn,Gomez,gymnastics,2025-26,2025-26,D1,Women,Great Northwest Athletic Conference,Alaska Anchorage,"5'3"" Dream Xtreme Gymnastics",Other,Sr.,Sr,"Dixon, Calif.",Dixon,CA,domestic,Dixon HS,0,https://goseawolves.com/sports/womens-gymnastics/roster/2026
gym_9c0bc7f89673,Jordan,Grindol,gymnastics,2025-26,2025-26,D1,Women,Great Northwest Athletic Conference,Alaska Anchorage,"5'4"" Gymnastics ETC",Other,So.,So,"Sulphur, La.",Sulphur,LA,domestic,Sulphur HS,0,https://goseawolves.com/sports/womens-gymnastics/roster/2026
gym_36bc5588f1b0,Audrey,Guess,gymnastics,2025-26,2025-26,D1,Women,Great Northwest Athletic Conference,Alaska Anchorage,"5'5"" Cypress Pointe Gymnastics",Other,Sr.,Sr,"Baton Rouge, La.",Baton Rouge,LA,domestic,Parkview Baptist HS,0,https://goseawolves.com/sports/womens-gymnastics/roster/2026
gym_79309d05f244,Madison,Jordan,gymnastics,2025-26,2025-26,D1,Women,Great Northwest Athletic Conference,Alaska Anchorage,"5'1"" Anchorage Gymnastics Association",Other,Fr.,Fr,"Anchorage, Alaska",Anchorage,AK,domestic,Dimond HS,0,https://goseawolves.com/sports/womens-gymnastics/roster/2026
gym_c126895b2703,Maria,Jose Prieto,gymnastics,2025-26,2025-26,D1,Women,Great Northwest Athletic Conference,Alaska Anchorage,"4'10"" Alter Sport Center",Other,So.,So,"Morelos, Mexico",Morelos,,international,La Salle Cuernavaca HS,0,https://goseawolves.com/sports/womens-gymnastics/roster/2026
gym_aa721f71f4df,Alexandra,Karkowski,gymnastics,2025-26,2025-26,D1,Women,Great Northwest Athletic Conference,Alaska Anchorage,"5'6"" IK Gymnastics",Other,Fr.,Fr,"Mount Prospect, Ill.",Mount Prospect,IL,domestic,,0,https://goseawolves.com/sports/womens-gymnastics/roster/2026
gym_1280327acf76,Claudia,Lessig,gymnastics,2025-26,2025-26,D1,Women,Great Northwest Athletic Conference,Alaska Anchorage,"4'10"" World Champions Centre",Other,Jr.,Jr,"Spring, Texas",Spring,TX,domestic,Enlightium Academy,1,https://goseawolves.com/sports/womens-gymnastics/roster/2026
gym_4622c397e1b3,Becca,Mitchell,gymnastics,2025-26,2025-26,D1,Women,Great Northwest Athletic Conference,Alaska Anchorage,"5'4"" Langley GC",Other,Fr.,Fr,"Port Moody, British Columbia",Port Moody,,international,Heritage Woods Secondary,0,https://goseawolves.com/sports/womens-gymnastics/roster/2026
gym_1747e775a205,Jada,Niles,gymnastics,2025-26,2025-26,D1,Women,Great Northwest Athletic Conference,Alaska Anchorage,"5'5"" Manjak's Gymnastics",Other,Jr.,Jr,"Mississauga, Ontario",Mississauga,,international,Mississauga Secondary,0,https://goseawolves.com/sports/womens-gymnastics/roster/2026
gym_7435d0835bed,Kacey,Pratley,gymnastics,2025-26,2025-26,D1,Women,Great Northwest Athletic Conference,Alaska Anchorage,"5'4"" The Academy of Gymnastics",Other,Fr.,Fr,"Bristol, England",Bristol,,international,Oldfield School,0,https://goseawolves.com/sports/womens-gymnastics/roster/2026
gym_cd1a90fa55c0,Tessa,Richardson,gymnastics,2025-26,2025-26,D1,Women,Great Northwest Athletic Conference,Alaska Anchorage,"5'8"" Cascade Elite West",Other,Fr.,Fr,"Port Ludlow, Wash.",Port Ludlow,WA,domestic,Chimacum HS,0,https://goseawolves.com/sports/womens-gymnastics/roster/2026
gym_cb44b490c380,Hannah,Rojo,gymnastics,2025-26,2025-26,D1,Women,Great Northwest Athletic Conference,Alaska Anchorage,"5'2"" Crenshaw Gymnastics",Other,Fr.,Fr,"Austin, Texas",Austin,TX,domestic,Austin HS,0,https://goseawolves.com/sports/womens-gymnastics/roster/2026
gym_279433d8e59e,Breeann,Spain,gymnastics,2025-26,2025-26,D1,Women,Great Northwest Athletic Conference,Alaska Anchorage,"4'10"" Pantheon School of Gymnastics",Other,Sr.,Sr,"Keaau, Hawaii",Keaau,HI,domestic,Waiakea HS,0,https://goseawolves.com/sports/womens-gymnastics/roster/2026
gym_bafa05af78f1,Avery,Tillmanns,gymnastics,2025-26,2025-26,D1,Women,Great Northwest Athletic Conference,Alaska Anchorage,"5'5"" Can-Am Gymnastics Club",Event Specialist,Jr.,Jr,"Martensville, Saskatchewan",Martensville,,international,Centennial Collegiate,0,https://goseawolves.com/sports/womens-gymnastics/roster/2026
gym_3df8385067c9,Verena,Wong,gymnastics,2025-26,2025-26,D1,Women,Great Northwest Athletic Conference,Alaska Anchorage,"5'0"" Rainbow Gymnastics Academy",Other,So.,So,"Aiea, Hawaii",Aiea,HI,domestic,Aiea HS,0,https://goseawolves.com/sports/womens-gymnastics/roster/2026
gym_e66bbaa5cf42,McKenna,Carnesi,gymnastics,2025-26,2025-26,D1,Women,Big Sky Conference,Sacramento St.,"5'7""",Other,Jr.,Jr,"Highlands Ranch, Colo.",Highlands Ranch,CO,domestic,Highlands Ranch High School,0,https://hornetsports.com/sports/womens-gymnastics/roster/2026
gym_235b8e4d4ae0,Chloe,Cohen,gymnastics,2025-26,2025-26,D1,Women,Big Sky Conference,Sacramento St.,"5'1""",Other,R-So.,So,"Lakewood, Colo.",Lakewood,CO,domestic,Lakewood HS,0,https://hornetsports.com/sports/womens-gymnastics/roster/2026
gym_3b36d7caa524,Kaela,Copeland,gymnastics,2025-26,2025-26,D1,Women,Big Sky Conference,Sacramento St.,"5'0""",Other,So.,So,"Winchester, Calif.",Winchester,CA,domestic,Vista Murrieta HS,0,https://hornetsports.com/sports/womens-gymnastics/roster/2026
gym_954c1ca4f3fb,Emily,Countryman,gymnastics,2025-26,2025-26,D1,Women,Big Sky Conference,Sacramento St.,"4'10""",Other,R-Fr.,Fr,"Tucson, Ariz.",Tucson,AZ,domestic,Southern Utah,0,https://hornetsports.com/sports/womens-gymnastics/roster/2026
gym_363caa7d277c,Kaitlyn,Driessen,gymnastics,2025-26,2025-26,D1,Women,Big Sky Conference,Sacramento St.,"5'1""",Other,So.,So,"Rancho Mission Viejo, Calif.",Rancho Mission Viejo,CA,domestic,Tesoro HS,0,https://hornetsports.com/sports/womens-gymnastics/roster/2026
gym_13fdf9043d5f,Lexi,Frank,gymnastics,2025-26,2025-26,D1,Women,Big Sky Conference,Sacramento St.,"5'6""",Other,So.,So,"Anaheim, Calif.",Anaheim,CA,domestic,El Dorado HS,0,https://hornetsports.com/sports/womens-gymnastics/roster/2026
gym_65626d6f2606,Cady,Gaumont,gymnastics,2025-26,2025-26,D1,Women,Big Sky Conference,Sacramento St.,"5'1""",Other,Fr.,Fr,"Mesa, Ariz.",Mesa,AZ,domestic,,0,https://hornetsports.com/sports/womens-gymnastics/roster/2026
gym_06f91b00d558,Kayla,Herrera,gymnastics,2025-26,2025-26,D1,Women,Big Sky Conference,Sacramento St.,"5'4""",Other,Fr.,Fr,"Miami, Fla.",Miami,FL,domestic,,0,https://hornetsports.com/sports/womens-gymnastics/roster/2026
gym_b3b76b3832cd,Kara,Houghton,gymnastics,2025-26,2025-26,D1,Women,Big Sky Conference,Sacramento St.,"5'3""",Other,Sr.,Sr,"Parker, Colo.",Parker,CO,domestic,Legend HS,0,https://hornetsports.com/sports/womens-gymnastics/roster/2026
gym_b798a0bee563,Maliyah,James,gymnastics,2025-26,2025-26,D1,Women,Big Sky Conference,Sacramento St.,"5'3""",Other,So.,So,"Redondo Beach, Calif.",Redondo Beach,CA,domestic,Redondo Union HS,0,https://hornetsports.com/sports/womens-gymnastics/roster/2026
gym_f993a8d68690,Athena,Jones,gymnastics,2025-26,2025-26,D1,Women,Big Sky Conference,Sacramento St.,"5'2""",Other,Jr.,Jr,"Clovis, Calif.",Clovis,CA,domestic,Clovis North HS,0,https://hornetsports.com/sports/womens-gymnastics/roster/2026
gym_7750621795cf,Jillianne,Lastra,gymnastics,2025-26,2025-26,D1,Women,Big Sky Conference,Sacramento St.,"5'6""",Other,R-So.,So,"Valley Center, Calif.",Valley Center,CA,domestic,ical Academy,1,https://hornetsports.com/sports/womens-gymnastics/roster/2026
gym_3bce9f07b19b,Sarah,Lutrel,gymnastics,2025-26,2025-26,D1,Women,Big Sky Conference,Sacramento St.,"5'4""",Other,Sr.,Sr,"Citrus Heights, Calif.",Citrus Heights,CA,domestic,Oakmont HS,0,https://hornetsports.com/sports/womens-gymnastics/roster/2026
gym_ed2b94821d1a,Kristin,Rolfe,gymnastics,2025-26,2025-26,D1,Women,Big Sky Conference,Sacramento St.,"5'3""",Other,R-Fr.,Fr,"Los Angeles, Calif.",Los Angeles,CA,domestic,Pacific Christian,0,https://hornetsports.com/sports/womens-gymnastics/roster/2026
gym_f55477476ce6,Olivia,Schmitt,gymnastics,2025-26,2025-26,D1,Women,Big Sky Conference,Sacramento St.,"5'3""",Other,R-Jr.,Jr,"Kansas City, Mo.",Kansas City,MO,domestic,Smithville HS,0,https://hornetsports.com/sports/womens-gymnastics/roster/2026
gym_e02ad49c7d2e,Hannah,Sitzman,gymnastics,2025-26,2025-26,D1,Women,Big Sky Conference,Sacramento St.,"5'3""",Other,Jr.,Jr,"Golden, Colo.",Golden,CO,domestic,Wheat Ridge HS,0,https://hornetsports.com/sports/womens-gymnastics/roster/2026
gym_5fab5a218c68,Makayla,Townsend,gymnastics,2025-26,2025-26,D1,Women,Big Sky Conference,Sacramento St.,"5'9""",Other,Fr.,Fr,"Lynwood, Ill.",Lynwood,IL,domestic,Thornton Fractional South HS,0,https://hornetsports.com/sports/womens-gymnastics/roster/2026
gym_1f6ed426adc5,Rose,Wilson,gymnastics,2025-26,2025-26,D1,Women,Big Sky Conference,Sacramento St.,"5'6""",Other,Jr.,Jr,"Roseville, Calif.",Roseville,CA,domestic,Granite Bay HS,0,https://hornetsports.com/sports/womens-gymnastics/roster/2026
gym_e5a72b5427d3,Rylin,Zimmerman,gymnastics,2025-26,2025-26,D1,Women,Big Sky Conference,Sacramento St.,"4'11""",Other,Sr.,Sr,"Greenacres, Wash.",Greenacres,WA,domestic,Central Valley HS,0,https://hornetsports.com/sports/womens-gymnastics/roster/2026
gym_8a62cfbf99c3,Noelle,Ball,gymnastics,2025-26,2025-26,D1,Women,Mountain West Conference,Boise St.,"Vault, Bars",Event Specialist,So.,So,"Bothell, Wash.",Bothell,WA,domestic,,0,https://broncosports.com/sports/womens-gymnastics/roster/2026
gym_b7d1580b044b,Nesia,Bat Yehudah,gymnastics,2025-26,2025-26,D1,Women,Mountain West Conference,Boise St.,All-Around,All-Around,Fr.,Fr,"Plano, Texas",Plano,TX,domestic,,0,https://broncosports.com/sports/womens-gymnastics/roster/2026
gym_b9f378622fae,Carly,Buell,gymnastics,2025-26,2025-26,D1,Women,Mountain West Conference,Boise St.,Bars,Event Specialist,Jr.,Jr,"Tacoma, Wash.",Tacoma,WA,domestic,Puyallup HS,0,https://broncosports.com/sports/womens-gymnastics/roster/2026
gym_2142895dfb53,Lexi,Caffall,gymnastics,2025-26,2025-26,D1,Women,Mountain West Conference,Boise St.,Vault,Event Specialist,Fr.,Fr,"Chandler, Ariz.",Chandler,AZ,domestic,,0,https://broncosports.com/sports/womens-gymnastics/roster/2026
gym_d269f86800c5,Isabella,Delarosa,gymnastics,2025-26,2025-26,D1,Women,Mountain West Conference,Boise St.,"Vault, Beam",Event Specialist,Fr.,Fr,"Meridian, Idaho",Meridian,ID,domestic,,0,https://broncosports.com/sports/womens-gymnastics/roster/2026
gym_f53f17e78dc2,Anna,Ferguson,gymnastics,2025-26,2025-26,D1,Women,Mountain West Conference,Boise St.,"Beam, Floor",Event Specialist,Sr.,Sr,"Henderson, Nev.",Henderson,NV,domestic,Odyssey Charter HS,0,https://broncosports.com/sports/womens-gymnastics/roster/2026
gym_413705aa5515,Kylee,Hamby,gymnastics,2025-26,2025-26,D1,Women,Mountain West Conference,Boise St.,Bars,Event Specialist,Sr.,Sr,"Edmond, Okla.",Edmond,OK,domestic,Crossings Christian,0,https://broncosports.com/sports/womens-gymnastics/roster/2026
gym_8bc1db844431,Rilyn,Harris,gymnastics,2025-26,2025-26,D1,Women,Mountain West Conference,Boise St.,Beam,Event Specialist,Fr.,Fr,"Tucson, Ariz.",Tucson,AZ,domestic,,0,https://broncosports.com/sports/womens-gymnastics/roster/2026
gym_a5b45ebf4203,Bridget,Kemp,gymnastics,2025-26,2025-26,D1,Women,Mountain West Conference,Boise St.,"Vault, Floor",Event Specialist,So.,So,"Rancho Palos Verdes, Calif.",Rancho Palos Verdes,CA,domestic,Palos Verdes Peninsula HS,0,https://broncosports.com/sports/womens-gymnastics/roster/2026
gym_911c6287601c,Sydney,Kho,gymnastics,2025-26,2025-26,D1,Women,Mountain West Conference,Boise St.,"Vault, Beam",Event Specialist,Sr.,Sr,"Rosemead, Calif.",Rosemead,CA,domestic,,0,https://broncosports.com/sports/womens-gymnastics/roster/2026
gym_c569ac9319a2,Julia,Krzywanski,gymnastics,2025-26,2025-26,D1,Women,Mountain West Conference,Boise St.,"Vault, Beam, Floor",Event Specialist,Jr.,Jr,"Sarasota, Fla.",Sarasota,FL,domestic,Florida Virtual School,0,https://broncosports.com/sports/womens-gymnastics/roster/2026
gym_df98c82445a5,Sydney,Leitch,gymnastics,2025-26,2025-26,D1,Women,Mountain West Conference,Boise St.,"Bars, Beam, Floor",Event Specialist,Sr.,Sr,"Irvine, Calif.",Irvine,CA,domestic,Beckman HS,0,https://broncosports.com/sports/womens-gymnastics/roster/2026
gym_def56ee1e024,Brantley,Lucas,gymnastics,2025-26,2025-26,D1,Women,Mountain West Conference,Boise St.,"Beam, Floor",Event Specialist,Sr.,Sr,"Athens, Ga.",Athens,GA,domestic,,0,https://broncosports.com/sports/womens-gymnastics/roster/2026
gym_ed116f83bb83,Miraya,Nero,gymnastics,2025-26,2025-26,D1,Women,Mountain West Conference,Boise St.,All-Around,All-Around,Fr.,Fr,"Omaha, Neb.",Omaha,NE,domestic,,0,https://broncosports.com/sports/womens-gymnastics/roster/2026
gym_eccde5e2fd02,Blake,Pascal,gymnastics,2025-26,2025-26,D1,Women,Mountain West Conference,Boise St.,Floor,Event Specialist,5th,Gr,"Bechtelsville, Pa.",Bechtelsville,PA,domestic,Boyertown Area Senior HS,0,https://broncosports.com/sports/womens-gymnastics/roster/2026
gym_920415080662,Delaney,Reeves,gymnastics,2025-26,2025-26,D1,Women,Mountain West Conference,Boise St.,"Bars, Floor",Event Specialist,So.,So,"Roseville, Calif.",Roseville,CA,domestic,Oakmont HS,0,https://broncosports.com/sports/womens-gymnastics/roster/2026
gym_79bf4bf5edfc,Kristina,Shchennikova,gymnastics,2025-26,2025-26,D1,Women,Mountain West Conference,Boise St.,"Bars, Beam, Floor",Event Specialist,So.,So,"Morrison, Colo.",Morrison,CO,domestic,Lakewood HS,0,https://broncosports.com/sports/womens-gymnastics/roster/2026
gym_0bc79b5888ae,Mahleea,Werline,gymnastics,2025-26,2025-26,D1,Women,Mountain West Conference,Boise St.,Bars,Event Specialist,Jr.,Jr,"Henderson, Nev.",Henderson,NV,domestic,Odyssey Charter HS,0,https://broncosports.com/sports/womens-gymnastics/roster/2026
gym_1deb5f66fe57,Sydnie,Whipple,gymnastics,2025-26,2025-26,D1,Women,Mountain West Conference,Boise St.,"Bars, Beam",Event Specialist,Fr.,Fr,"Meridian, Idaho",Meridian,ID,domestic,,0,https://broncosports.com/sports/womens-gymnastics/roster/2026
gym_e012c57f59d9,Ondine,Achampong,gymnastics,2025-26,2025-26,D1,Women,Atlantic Coast Conference,California,"5'5""",Other,So.,So,"Kings Langley, England",Kings Langley,,international,The Hemel Hempstead School,0,https://calbears.com/sports/womens-gymnastics/roster/2026
gym_8a4b967d3c3d,Miki,Aderinto,gymnastics,2025-26,2025-26,D1,Women,Atlantic Coast Conference,California,"5'3""",Other,Sr.,Sr,"Mesa, Ariz.",Mesa,AZ,domestic,Mountain View HS,0,https://calbears.com/sports/womens-gymnastics/roster/2026
gym_40d5eeb67511,Casey,Brown,gymnastics,2025-26,2025-26,D1,Women,Atlantic Coast Conference,California,"5'9""",Other,Sr.,Sr,"Albany, Calif.",Albany,CA,domestic,Albany HS,0,https://calbears.com/sports/womens-gymnastics/roster/2026
gym_9a418a90ab88,Maddison,Hajjar,gymnastics,2025-26,2025-26,D1,Women,Atlantic Coast Conference,California,"5'4""",Other,Fr.,Fr,"Montreal, Canada",Montreal,,international,Ecole Secondaire Des Sources,0,https://calbears.com/sports/womens-gymnastics/roster/2026
gym_f1eb86548bc1,CJ,Keuneke,gymnastics,2025-26,2025-26,D1,Women,Atlantic Coast Conference,California,"5'2""",Other,So.,So,"Denver, Colo.",Denver,CO,domestic,Springs Studio,0,https://calbears.com/sports/womens-gymnastics/roster/2026
gym_1859c3f912da,Brandi,Kikuno,gymnastics,2025-26,2025-26,D1,Women,Atlantic Coast Conference,California,"5'3""",Other,Jr.,Jr,"San Diego, CA",San Diego,CA,domestic,Scripps Ranch HS,0,https://calbears.com/sports/womens-gymnastics/roster/2026
gym_ef5587ffc338,Sarah,Lee,gymnastics,2025-26,2025-26,D1,Women,Atlantic Coast Conference,California,"5'2""",Other,Fr.,Fr,"Arcadia, CA",Arcadia,CA,domestic,Arcadia HS,0,https://calbears.com/sports/womens-gymnastics/roster/2026
gym_5dab62260bfd,Kyen,Mayhew,gymnastics,2025-26,2025-26,D1,Women,Atlantic Coast Conference,California,"5'2""",Other,Jr.,Jr,"Mesa, Ariz.",Mesa,AZ,domestic,Mountain View HS,0,https://calbears.com/sports/womens-gymnastics/roster/2026
gym_18a7b62af945,Sage,Melkonian,gymnastics,2025-26,2025-26,D1,Women,Atlantic Coast Conference,California,"5'2""",Other,So.,So,"Mission Viejo, Calif.",Mission Viejo,CA,domestic,San Juan Hills HS,0,https://calbears.com/sports/womens-gymnastics/roster/2026
gym_aef76aa7a731,Annalise,Newman-Achee,gymnastics,2025-26,2025-26,D1,Women,Atlantic Coast Conference,California,"5'7""",Other,Jr.,Jr,"Brooklyn, NY",Brooklyn,NY,domestic,Hopewell Valley Central HS,0,https://calbears.com/sports/womens-gymnastics/roster/2026
gym_3adb8a99131f,Tonya,Paulsson,gymnastics,2025-26,2025-26,D1,Women,Atlantic Coast Conference,California,"5'4""",Other,Fr.,Fr,"Malmö, Skåne, Sweden",Malmö,,international,GK Motus Salko,0,https://calbears.com/sports/womens-gymnastics/roster/2026
gym_ca54c557d57e,Abbey,Scanlon,gymnastics,2025-26,2025-26,D1,Women,Atlantic Coast Conference,California,"4'10""",Other,5th,Gr,"Sterling, Va.",Sterling,VA,domestic,Saint Charles North,0,https://calbears.com/sports/womens-gymnastics/roster/2026
gym_7ec28d6eabdb,Lucia,Scott,gymnastics,2025-26,2025-26,D1,Women,Atlantic Coast Conference,California,"5'4""",Other,Fr.,Fr,"Victoria, B.C.",Victoria,,international,Claremont Secondary School,0,https://calbears.com/sports/womens-gymnastics/roster/2026
gym_579c4b98986d,Jayden,Silvers,gymnastics,2025-26,2025-26,D1,Women,Atlantic Coast Conference,California,"5'4""",Other,Sr.,Sr,"Culver City, Calif.",Culver City,CA,domestic,Da Vinci Science HS,0,https://calbears.com/sports/womens-gymnastics/roster/2026
gym_46775b41a2d3,Brianna,Taurek,gymnastics,2025-26,2025-26,D1,Women,Atlantic Coast Conference,California,"5'5""",Other,So.,So,"Santa Ana, Calif.",Santa Ana,CA,domestic,Foothill HS,0,https://calbears.com/sports/womens-gymnastics/roster/2026
gym_07b9d9d84d4d,Mya,Wiley,gymnastics,2025-26,2025-26,D1,Women,Atlantic Coast Conference,California,"5'2""",Other,So.,So,"Silverdale, Wash.",Silverdale,WA,domestic,Central Kitsap HS,0,https://calbears.com/sports/womens-gymnastics/roster/2026
gym_597b201b3611,Addilyn,Glazier,gymnastics,2025-26,2025-26,D1,Women,Big 12 Conference,BYU,All Around,All-Around,Sophomore,So,"Mapleton, Utah",Mapleton,UT,domestic,Maple Mountain High school,0,https://byucougars.com/sports/womens-gymnastics/roster
gym_0fa656996234,Ava,Jorgensen,gymnastics,2025-26,2025-26,D1,Women,Big 12 Conference,BYU,All Around,All-Around,Junior,Jr,"Gilbert, Arizona",Gilbert,AZ,domestic,Perry High School,0,https://byucougars.com/sports/womens-gymnastics/roster
gym_263f67ceca00,Brynlee,Andersen-Broekman,gymnastics,2025-26,2025-26,D1,Women,Big 12 Conference,BYU,All Around,All-Around,Junior,Jr,"Orem, Utah",Orem,UT,domestic,Timpanogos HS,0,https://byucougars.com/sports/womens-gymnastics/roster
gym_41dddc96ce34,Chloee,Hoke,gymnastics,2025-26,2025-26,D1,Women,Big 12 Conference,BYU,All Around,All-Around,Junior,Jr,"Pittsburgh, Pennsylvania",Pittsburgh,PA,domestic,North Allegheny Senior High School,0,https://byucougars.com/sports/womens-gymnastics/roster
gym_0d315b02fc4f,Daisy,Stephenson,gymnastics,2025-26,2025-26,D1,Women,Big 12 Conference,BYU,Vault/Beam/Floor,Event Specialist,Freshman,Fr,"McKinney, Texas",McKinney,TX,domestic,McKinney Boyd High School,0,https://byucougars.com/sports/womens-gymnastics/roster
gym_0a81dda14f53,Deb,Silva,gymnastics,2025-26,2025-26,D1,Women,Big 12 Conference,BYU,All Around,All-Around,Sophomore,So,"Lindon, Utah",Lindon,UT,domestic,Pleasant Grove High School,0,https://byucougars.com/sports/womens-gymnastics/roster
gym_81e4ca8b1788,Kauri,Hunsaker,gymnastics,2025-26,2025-26,D1,Women,Big 12 Conference,BYU,All Around,All-Around,Junior,Jr,"Gilbert, Arizona",Gilbert,AZ,domestic,Perry High School,0,https://byucougars.com/sports/womens-gymnastics/roster
gym_71551a22a36e,Mya,Kirkham,gymnastics,2025-26,2025-26,D1,Women,Big 12 Conference,BYU,All Around,All-Around,Sophomore,So,"Alpine, Utah",Alpine,UT,domestic,Lone Peak HS,0,https://byucougars.com/sports/womens-gymnastics/roster
gym_f463affeb40f,Emilie,Chandler,gymnastics,2025-26,2025-26,D1,Women,Big 12 Conference,BYU,All Around,All-Around,Freshman,Fr,"Lee's Summit, Missouri",Lee's Summit,MO,domestic,Blue Springs South High School,0,https://byucougars.com/sports/womens-gymnastics/roster
gym_bb624ed9f65c,Audrey,Thomas,gymnastics,2025-26,2025-26,D1,Women,Big 12 Conference,BYU,All Around,All-Around,Freshman,Fr,"Vancouver, Washington",Vancouver,WA,domestic,Union High School,0,https://byucougars.com/sports/womens-gymnastics/roster
gym_c2de40c1436a,Scarlett,Sonnenberg,gymnastics,2025-26,2025-26,D1,Women,Big 12 Conference,BYU,All Around,All-Around,Freshman,Fr,"Springville, Utah",Springville,UT,domestic,Springville High School,0,https://byucougars.com/sports/womens-gymnastics/roster
gym_3954a3f6078a,Zoe,Hale,gymnastics,2025-26,2025-26,D1,Women,Big 12 Conference,BYU,All Around,All-Around,Freshman,Fr,"Draper, Utah",Draper,UT,domestic,Corner Canyon High School,0,https://byucougars.com/sports/womens-gymnastics/roster
gym_a100357b40cd,Ellie,Ermisch,gymnastics,2025-26,2025-26,D1,Women,Big 12 Conference,BYU,Floor/Vault/Beam,Event Specialist,Freshman,Fr,"Prosper, Texas",Prosper,TX,domestic,University Prep,1,https://byucougars.com/sports/womens-gymnastics/roster
gym_633e0a3cd174,Hazel,Smith,gymnastics,2025-26,2025-26,D1,Women,Big 12 Conference,BYU,All Around,All-Around,Freshman,Fr,"Springville, Utah",Springville,UT,domestic,Springville High School,0,https://byucougars.com/sports/womens-gymnastics/roster
gym_f5c0ca155503,Payton,Fullmer,gymnastics,2025-26,2025-26,D1,Women,Big 12 Conference,BYU,All Around,All-Around,Freshman,Fr,"Salt Lake City, Utah",Salt Lake City,UT,domestic,,,https://byucougars.com/sports/womens-gymnastics/roster
gym_2369388e7d2c,Jersie,Arbon,gymnastics,2025-26,2025-26,D1,Women,Big 12 Conference,BYU,All Around,All-Around,Freshman,Fr,"Bluffdale, Utah",Bluffdale,UT,domestic,Riverton High School,0,https://byucougars.com/sports/womens-gymnastics/roster
gym_8a4c35b9c1ca,Love,Akpan,gymnastics,2025-26,2025-26,D1,Women,Mid-American Conference,Bowling Green,,UNK,Jr.,Jr,"Columbus, Ohio",Columbus,OH,domestic,Columbus School,0,https://bgsufalcons.com/sports/womens-gymnastics/roster/2026
gym_01520c928593,Cassie,Bergin,gymnastics,2025-26,2025-26,D1,Women,Mid-American Conference,Bowling Green,,UNK,Sr.,Sr,"Islip Terrace, N.Y.",Islip Terrace,NY,domestic,East Islip HS,0,https://bgsufalcons.com/sports/womens-gymnastics/roster/2026
gym_61bedfbc1eae,Charniya,Brown,gymnastics,2025-26,2025-26,D1,Women,Mid-American Conference,Bowling Green,,UNK,Sr.,Sr,"Franklin, Tenn.",Franklin,TN,domestic,Grace Christian,0,https://bgsufalcons.com/sports/womens-gymnastics/roster/2026
gym_30d7e5027b4a,Madison,Coburn,gymnastics,2025-26,2025-26,D1,Women,Mid-American Conference,Bowling Green,,UNK,Sr.,Sr,"Sanatoga, Pa.",Sanatoga,PA,domestic,Pottsgrove HS,0,https://bgsufalcons.com/sports/womens-gymnastics/roster/2026
gym_bf0f7ab72c12,Faye,Dubin,gymnastics,2025-26,2025-26,D1,Women,Mid-American Conference,Bowling Green,,UNK,Jr.,Jr,"Bellafonte, Pa.",Bellafonte,PA,domestic,Bellafonte Area HS,0,https://bgsufalcons.com/sports/womens-gymnastics/roster/2026
gym_52bdacd645d7,Megan,Dzialo,gymnastics,2025-26,2025-26,D1,Women,Mid-American Conference,Bowling Green,,UNK,Jr.,Jr,"Milford, Conn.",Milford,CT,domestic,St. Joseph's,0,https://bgsufalcons.com/sports/womens-gymnastics/roster/2026
gym_c8f5f458da5f,Emily,Gianfrancesco,gymnastics,2025-26,2025-26,D1,Women,Mid-American Conference,Bowling Green,,UNK,So.,So,"Mount Prospect, Ill.",Mount Prospect,IL,domestic,,0,https://bgsufalcons.com/sports/womens-gymnastics/roster/2026
gym_67c6afe1a2c9,Natasha,Lopez,gymnastics,2025-26,2025-26,D1,Women,Mid-American Conference,Bowling Green,,UNK,Fr.,Fr,"Brampton, Ont.",Brampton,,international,Mississauga Secondary School,0,https://bgsufalcons.com/sports/womens-gymnastics/roster/2026
gym_f48fbe21dd96,Teegan,Milligan,gymnastics,2025-26,2025-26,D1,Women,Mid-American Conference,Bowling Green,,UNK,Jr.,Jr,"Cambridgeshire, United Kingdom",Cambridgeshire,,international,Cambourne Village College,0,https://bgsufalcons.com/sports/womens-gymnastics/roster/2026
gym_831bcea9bbf8,Nadia,Parente,gymnastics,2025-26,2025-26,D1,Women,Mid-American Conference,Bowling Green,,UNK,Jr.,Jr,"Medina, Ohio",Medina,OH,domestic,Medina HS,0,https://bgsufalcons.com/sports/womens-gymnastics/roster/2026
gym_82c6c098355d,Johanna,Sasser,gymnastics,2025-26,2025-26,D1,Women,Mid-American Conference,Bowling Green,,UNK,Fr.,Fr,"Buford, Ga.",Buford,GA,domestic,Buford HS,0,https://bgsufalcons.com/sports/womens-gymnastics/roster/2026
gym_b529394dc718,Kayla,Shaw,gymnastics,2025-26,2025-26,D1,Women,Mid-American Conference,Bowling Green,,UNK,So.,So,"Brampton, Ontario",Brampton,,international,Silverthorn Collegiate,0,https://bgsufalcons.com/sports/womens-gymnastics/roster/2026
gym_bf8531243f8e,Addie,Tandeski,gymnastics,2025-26,2025-26,D1,Women,Mid-American Conference,Bowling Green,,UNK,Fr.,Fr,"Fargo, N.D.",Fargo,ND,domestic,Fargo Davies HS,0,https://bgsufalcons.com/sports/womens-gymnastics/roster/2026
gym_fdfb6ec0c21b,Keira,Thornton,gymnastics,2025-26,2025-26,D1,Women,Mid-American Conference,Bowling Green,,UNK,Jr.,Jr,"Leeds, United Kingdom",Leeds,,international,Elliott Hudson College,0,https://bgsufalcons.com/sports/womens-gymnastics/roster/2026
gym_0689c50f32b2,Landyn,Williams,gymnastics,2025-26,2025-26,D1,Women,Mid-American Conference,Bowling Green,,UNK,Jr.,Jr,"Buford, Ga.",Buford,GA,domestic,Mill Creek HS,0,https://bgsufalcons.com/sports/womens-gymnastics/roster/2026
gym_c934e57547b3,Taylor,Wurtz,gymnastics,2025-26,2025-26,D1,Women,Mid-American Conference,Bowling Green,,UNK,So.,So,"Lake Worth, Fla.",Lake Worth,FL,domestic,Park Vista Community HS,0,https://bgsufalcons.com/sports/womens-gymnastics/roster/2026
gym_d740594e0af3,Kinlee,Bare,gymnastics,2025-26,2025-26,D1,Women,Mid-American Conference,Ball St.,AA,All-Around,Fr.,Fr,"Yukon, OK",Yukon,OK,domestic,Yukon,0,https://ballstatesports.com/sports/womens-gymnastics/roster/2026
gym_2ff951d9741b,Mary,Rose Bellan,gymnastics,2025-26,2025-26,D1,Women,Mid-American Conference,Ball St.,AA,All-Around,Sr.,Sr,"Northport, Ala.",Northport,AL,domestic,Northside,0,https://ballstatesports.com/sports/womens-gymnastics/roster/2026
gym_5d9a5fe34f4e,Viviana,Campuzano,gymnastics,2025-26,2025-26,D1,Women,Mid-American Conference,Ball St.,AA,All-Around,So.,So,"Shorewood, Ill.",Shorewood,IL,domestic,Minooka Community,0,https://ballstatesports.com/sports/womens-gymnastics/roster/2026
gym_02a1e66ae4b5,Lindsay,Fuller,gymnastics,2025-26,2025-26,D1,Women,Mid-American Conference,Ball St.,AA,All-Around,Jr.,Jr,"Easton, Pa.",Easton,PA,domestic,Easton Area,0,https://ballstatesports.com/sports/womens-gymnastics/roster/2026
gym_4435a4c67c99,Lindsay,Girard,gymnastics,2025-26,2025-26,D1,Women,Mid-American Conference,Ball St.,AA,All-Around,Jr.,Jr,"Marine City, Mich.",Marine City,MI,domestic,Marine City,0,https://ballstatesports.com/sports/womens-gymnastics/roster/2026
gym_9d36cc0d5433,Avery,Kantor,gymnastics,2025-26,2025-26,D1,Women,Mid-American Conference,Ball St.,AA,All-Around,So.,So,"Charlotte, N.C.",Charlotte,NC,domestic,Andrey Kelly,0,https://ballstatesports.com/sports/womens-gymnastics/roster/2026
gym_1a3bc725505d,Aislyn,LaBadie,gymnastics,2025-26,2025-26,D1,Women,Mid-American Conference,Ball St.,AA,All-Around,Sr.,Sr,"Hatfield, Penn.",Hatfield,PA,domestic,North Penn,0,https://ballstatesports.com/sports/womens-gymnastics/roster/2026
gym_53d24d2eb156,Delaney,McMahon,gymnastics,2025-26,2025-26,D1,Women,Mid-American Conference,Ball St.,AA,All-Around,Jr.,Jr,"Leawood, Kan.",Leawood,KS,domestic,Blue Valley,0,https://ballstatesports.com/sports/womens-gymnastics/roster/2026
gym_70a1a3606b6f,Karli,Mercer,gymnastics,2025-26,2025-26,D1,Women,Mid-American Conference,Ball St.,AA,All-Around,So.,So,"Bloomsburg, Pa.",Bloomsburg,PA,domestic,Central Columbia,0,https://ballstatesports.com/sports/womens-gymnastics/roster/2026
gym_69e5dfe717e7,Zoe,Middleton,gymnastics,2025-26,2025-26,D1,Women,Mid-American Conference,Ball St.,AA,All-Around,Sr.,Sr,"Smyrna, Del.",Smyrna,DE,domestic,Smyrna,0,https://ballstatesports.com/sports/womens-gymnastics/roster/2026
gym_9897779be929,Ava,Molina,gymnastics,2025-26,2025-26,D1,Women,Mid-American Conference,Ball St.,AA,All-Around,Jr.,Jr,"Loveland, Ohio",Loveland,OH,domestic,Mount Notre Dame,0,https://ballstatesports.com/sports/womens-gymnastics/roster/2026
gym_b7e1f8506d07,Scarlet,Pajer,gymnastics,2025-26,2025-26,D1,Women,Mid-American Conference,Ball St.,AA,All-Around,Fr.,Fr,"Ashland City, Tenn.",Ashland City,TN,domestic,Harpeth,0,https://ballstatesports.com/sports/womens-gymnastics/roster/2026
gym_23092159bff4,Jordanna,Phillis,gymnastics,2025-26,2025-26,D1,Women,Mid-American Conference,Ball St.,AA,All-Around,So.,So,"Vancouver, British Columbia, Canada",Vancouver,,international,Magee Secondary School,0,https://ballstatesports.com/sports/womens-gymnastics/roster/2026
gym_e2b7286cf820,Alauna,Simms,gymnastics,2025-26,2025-26,D1,Women,Mid-American Conference,Ball St.,AA,All-Around,Sr.,Sr,"Ooltewah, Tenn.",Ooltewah,TN,domestic,Boyd Buchanan,0,https://ballstatesports.com/sports/womens-gymnastics/roster/2026
gym_569390c25945,Carley,Stalder,gymnastics,2025-26,2025-26,D1,Women,Mid-American Conference,Ball St.,AA,All-Around,Fr.,Fr,"North Canton, OH",North Canton,OH,domestic,Jackson,0,https://ballstatesports.com/sports/womens-gymnastics/roster/2026
gym_7bb776783e23,Grace,Suchecki,gymnastics,2025-26,2025-26,D1,Women,Mid-American Conference,Ball St.,AA,All-Around,So.,So,"Indianapolis, Ind.",Indianapolis,IN,domestic,Pike,0,https://ballstatesports.com/sports/womens-gymnastics/roster/2026
gym_30d207ee34a0,Ashley,Szymanski,gymnastics,2025-26,2025-26,D1,Women,Mid-American Conference,Ball St.,AA,All-Around,Jr.,Jr,"Fort Wayne, Ind.",Fort Wayne,IN,domestic,Bishop Dwenger,0,https://ballstatesports.com/sports/womens-gymnastics/roster/2026
gym_c9c4fa3a067c,Ava,Thurston,gymnastics,2025-26,2025-26,D1,Women,Mid-American Conference,Ball St.,AA,All-Around,Fr.,Fr,"Pembroke, MA",Pembroke,MA,domestic,Archbishop Williams,0,https://ballstatesports.com/sports/womens-gymnastics/roster/2026
gym_edef59d8dddc,Talia,Blythe,gymnastics,2025-26,2025-26,D1,Women,Ivy League,Brown,All-Around,All-Around,Jr.,Jr,"New York, N.Y.",New York,NY,domestic,Riverdale Country School,0,https://brownbears.com/sports/womens-gymnastics/roster/2026
gym_713d3f8982b8,Sophia,Dewar,gymnastics,2025-26,2025-26,D1,Women,Ivy League,Brown,All-Around,All-Around,Sr.,Sr,"Chula Vista, Calif.",Chula Vista,CA,domestic,Eastlake,0,https://brownbears.com/sports/womens-gymnastics/roster/2026
gym_50fb23f11218,Umi,El Mammann,gymnastics,2025-26,2025-26,D1,Women,Ivy League,Brown,All-Around,All-Around,Sr.,Sr,"North Haven, Conn.",North Haven,CT,domestic,North Haven,0,https://brownbears.com/sports/womens-gymnastics/roster/2026
gym_55ba75d52f5f,Daisy,Fallon,gymnastics,2025-26,2025-26,D1,Women,Ivy League,Brown,All-Around,All-Around,So.,So,"New York, N.Y.",New York,NY,domestic,Trinity School,0,https://brownbears.com/sports/womens-gymnastics/roster/2026
gym_862ae07ba9a5,Emily,Ford,gymnastics,2025-26,2025-26,D1,Women,Ivy League,Brown,All-Around,All-Around,Jr.,Jr,"Barrington, R.I.",Barrington,RI,domestic,Barrington,0,https://brownbears.com/sports/womens-gymnastics/roster/2026
gym_e008142f1a04,Jessica,Lin,gymnastics,2025-26,2025-26,D1,Women,Ivy League,Brown,All-Around,All-Around,Sr.,Sr,"Tustin, Calif.",Tustin,CA,domestic,Tustin,0,https://brownbears.com/sports/womens-gymnastics/roster/2026
gym_921329086ca3,Liza,Marcus,gymnastics,2025-26,2025-26,D1,Women,Ivy League,Brown,All-Around,All-Around,Sr.,Sr,"New York, N.Y.",New York,NY,domestic,The Chapin School,0,https://brownbears.com/sports/womens-gymnastics/roster/2026
gym_e7cdfd41242c,Gianna,Martoccia,gymnastics,2025-26,2025-26,D1,Women,Ivy League,Brown,All-Around,All-Around,So.,So,"Rolling Hills Estates, Calif.",Rolling Hills Estates,CA,domestic,Palos Verdes Peninsula,0,https://brownbears.com/sports/womens-gymnastics/roster/2026
gym_2e9825ada26c,Gabby,Mautner,gymnastics,2025-26,2025-26,D1,Women,Ivy League,Brown,All-Around,All-Around,So.,So,"Atlanta, Ga.",Atlanta,GA,domestic,Pace Academy,1,https://brownbears.com/sports/womens-gymnastics/roster/2026
gym_01df7ef6a708,Maeve,McIlroy,gymnastics,2025-26,2025-26,D1,Women,Ivy League,Brown,All-Around,All-Around,So.,So,"Marblehead, Mass.",Marblehead,MA,domestic,Marblehead,0,https://brownbears.com/sports/womens-gymnastics/roster/2026
gym_944e752a08e7,Rehna,Saalinger,gymnastics,2025-26,2025-26,D1,Women,Ivy League,Brown,All-Around,All-Around,Fr.,Fr,"Vienna, Va.",Vienna,VA,domestic,McLean,0,https://brownbears.com/sports/womens-gymnastics/roster/2026
gym_8da05c6a28cb,Alexa,Shields,gymnastics,2025-26,2025-26,D1,Women,Ivy League,Brown,All-Around,All-Around,Jr.,Jr,"Houston, Texas",Houston,TX,domestic,Memorial,0,https://brownbears.com/sports/womens-gymnastics/roster/2026
gym_7e75ac96cb80,Lulu,Ton-That,gymnastics,2025-26,2025-26,D1,Women,Ivy League,Brown,All-Around,All-Around,Fr.,Fr,"Chicago, Ill.",Chicago,IL,domestic,Northside College Prep,1,https://brownbears.com/sports/womens-gymnastics/roster/2026
gym_2b0ce3ceebf8,Sophie,Tressler,gymnastics,2025-26,2025-26,D1,Women,Ivy League,Brown,All-Around,All-Around,Fr.,Fr,"Andover, Mass.",Andover,MA,domestic,Central Catholic,0,https://brownbears.com/sports/womens-gymnastics/roster/2026
gym_79816a3078ba,Lindsay,Van Eyk,gymnastics,2025-26,2025-26,D1,Women,Ivy League,Brown,All-Around,All-Around,Jr.,Jr,"Arlington, Mass.",Arlington,MA,domestic,Lexington Christian,0,https://brownbears.com/sports/womens-gymnastics/roster/2026
gym_b548170c82a9,Avery,Walters,gymnastics,2025-26,2025-26,D1,Women,Ivy League,Brown,All-Around,All-Around,So.,So,"Southlake, Texas",Southlake,TX,domestic,Southlake Carroll,0,https://brownbears.com/sports/womens-gymnastics/roster/2026
gym_5e470d0aa52e,Addy,Whiteside,gymnastics,2025-26,2025-26,D1,Women,Ivy League,Brown,All-Around,All-Around,So.,So,"Berlin, Conn.",Berlin,CT,domestic,Berlin,0,https://brownbears.com/sports/womens-gymnastics/roster/2026
gym_3fe15dc74e8b,Wailana,Whitford,gymnastics,2025-26,2025-26,D1,Women,Ivy League,Brown,All-Around,All-Around,Fr.,Fr,"Costa Mesa, Calif.",Costa Mesa,CA,domestic,Mater Dei,0,https://brownbears.com/sports/womens-gymnastics/roster/2026
gym_29933b503cb3,Lindsey,Yang,gymnastics,2025-26,2025-26,D1,Women,Ivy League,Brown,All-Around,All-Around,Jr.,Jr,"Hillsborough, Calif.",Hillsborough,CA,domestic,Burlingame,0,https://brownbears.com/sports/womens-gymnastics/roster/2026
gym_62a00d80b636,Events,,gymnastics,2025-26,2025-26,D1,Women,Ivy League,Brown,,UNK,,UNK,,,,unknown,N.Y. Riverdale Country School,0,https://brownbears.com/sports/womens-gymnastics/roster/2026
gym_68f20a7e6621,Cady,Chiu,gymnastics,2025-26,2025-26,D1,Women,Big West Conference,UC Davis,"5'0""",Other,So.,So,"Kailua, Hawaii",Kailua,HI,domestic,Punahou,0,https://ucdavisaggies.com/sports/womens-gymnastics/roster/2026
gym_cf364041fd34,Adia,Friesen,gymnastics,2025-26,2025-26,D1,Women,Big West Conference,UC Davis,"5'2""",Other,Jr.,Jr,"Littleton, Colo.",Littleton,CO,domestic,Chatfield Senior,0,https://ucdavisaggies.com/sports/womens-gymnastics/roster/2026
gym_061e883c0ce0,Chloe,Gann,gymnastics,2025-26,2025-26,D1,Women,Big West Conference,UC Davis,,UNK,Fr.,Fr,"Chelsea, Ala.",Chelsea,AL,domestic,Ignite Christian,0,https://ucdavisaggies.com/sports/womens-gymnastics/roster/2026
gym_90d0f87fa66d,Milla,Gideon,gymnastics,2025-26,2025-26,D1,Women,Big West Conference,UC Davis,"5'3""",Other,Sr.,Sr,"Scottsdale, Ariz.",Scottsdale,AZ,domestic,Horizon HS '22,0,https://ucdavisaggies.com/sports/womens-gymnastics/roster/2026
gym_9761145b5333,Alana,Kim,gymnastics,2025-26,2025-26,D1,Women,Big West Conference,UC Davis,"5'1""",Other,Jr.,Jr,"Los Angeles, Calif.",Los Angeles,CA,domestic,Granada Hills HS '23,0,https://ucdavisaggies.com/sports/womens-gymnastics/roster/2026
gym_d13c5a0d72e3,McKenna,Knecht,gymnastics,2025-26,2025-26,D1,Women,Big West Conference,UC Davis,"5'7""",Other,So.,So,"Scottsdale, Ariz.",Scottsdale,AZ,domestic,Desert Mountain,0,https://ucdavisaggies.com/sports/womens-gymnastics/roster/2026
gym_1081d216e04f,Avery,Marshall,gymnastics,2025-26,2025-26,D1,Women,Big West Conference,UC Davis,"5'5""",Other,So.,So,"Valencia, Calif.",Valencia,CA,domestic,,0,https://ucdavisaggies.com/sports/womens-gymnastics/roster/2026
gym_92ae1236d34e,Amelia,Moneymaker,gymnastics,2025-26,2025-26,D1,Women,Big West Conference,UC Davis,"5'5""",Other,Sr.,Sr,"Sacramento, Calif.",Sacramento,CA,domestic,Del Oro,0,https://ucdavisaggies.com/sports/womens-gymnastics/roster/2026
gym_569c424516eb,Sierra,Muns,gymnastics,2025-26,2025-26,D1,Women,Big West Conference,UC Davis,"4'11""",Other,Gr.,Gr,"Sicklerville, N.J.",Sicklerville,NJ,domestic,Timber Creek Regional,0,https://ucdavisaggies.com/sports/womens-gymnastics/roster/2026
gym_9afb1c215c92,Molly,Osborne,gymnastics,2025-26,2025-26,D1,Women,Big West Conference,UC Davis,,UNK,Fr.,Fr,"Mission Viejo, Calif.",Mission Viejo,CA,domestic,Capistrano Valley HS,0,https://ucdavisaggies.com/sports/womens-gymnastics/roster/2026
gym_9aef327a1684,Ayumi,Oshiro,gymnastics,2025-26,2025-26,D1,Women,Big West Conference,UC Davis,"5'1""",Other,Jr.,Jr,"Belmont, Calif.",Belmont,CA,domestic,Carlmont HS '23,0,https://ucdavisaggies.com/sports/womens-gymnastics/roster/2026
gym_da6060ff89b1,Selena,Pappas,gymnastics,2025-26,2025-26,D1,Women,Big West Conference,UC Davis,,UNK,Fr.,Fr,"Durham, N.C.",Durham,NC,domestic,Durham Academy,1,https://ucdavisaggies.com/sports/womens-gymnastics/roster/2026
gym_829aa22e0fe5,Jehaan,Poonja,gymnastics,2025-26,2025-26,D1,Women,Big West Conference,UC Davis,"5'5""",Other,Sr.,Sr,"Woodland Hills, Calif.",Woodland Hills,CA,domestic,El Camino Real Charter High,0,https://ucdavisaggies.com/sports/womens-gymnastics/roster/2026
gym_5868a72594ea,Sophia,Pujols,gymnastics,2025-26,2025-26,D1,Women,Big West Conference,UC Davis,"5'2""",Other,So.,So,"Orange County, Calif.",Orange County,CA,domestic,Orange Lutheran,0,https://ucdavisaggies.com/sports/womens-gymnastics/roster/2026
gym_a39d3fddbd39,Avah,Reichow,gymnastics,2025-26,2025-26,D1,Women,Big West Conference,UC Davis,"5'4""",Other,So.,So,"Burlingame, Calif.",Burlingame,CA,domestic,,0,https://ucdavisaggies.com/sports/womens-gymnastics/roster/2026
gym_cfe65ea82ec9,Devyn,Robinson,gymnastics,2025-26,2025-26,D1,Women,Big West Conference,UC Davis,,UNK,Fr.,Fr,"Las Vegas, Nev.",Las Vegas,NV,domestic,Coronado,0,https://ucdavisaggies.com/sports/womens-gymnastics/roster/2026
gym_cabf0993270a,Jadyn,Wakita,gymnastics,2025-26,2025-26,D1,Women,Big West Conference,UC Davis,"5'3""",Other,Jr.,Jr,"Irvine, Calif.",Irvine,CA,domestic,University HS '23,0,https://ucdavisaggies.com/sports/womens-gymnastics/roster/2026
gym_e79ebe961f3e,Eleanor,Wyly,gymnastics,2025-26,2025-26,D1,Women,Big West Conference,UC Davis,"5'4""",Other,So.,So,"Fairfield, Calif.",Fairfield,CA,domestic,Rodriguez,0,https://ucdavisaggies.com/sports/womens-gymnastics/roster/2026
gym_ca94809d5ca3,Ciena,Alipio,gymnastics,2025-26,2025-26,D1,Women,Big Ten Conference,UCLA,,UNK,Sr.,Sr,"San Jose, Calif.",San Jose,CA,domestic,Laurel Springs HS,0,https://uclabruins.com/sports/womens-gymnastics/roster/season/2026
gym_6eb1a1ec4424,Ava,Callahan,gymnastics,2025-26,2025-26,D1,Women,Big Ten Conference,UCLA,,UNK,Fr.,Fr,"Cary, N.C.",Cary,NC,domestic,Green Level HS,0,https://uclabruins.com/sports/womens-gymnastics/roster/season/2026
gym_f0b82f829397,Jordis,Eichman,gymnastics,2025-26,2025-26,D1,Women,Big Ten Conference,UCLA,,UNK,Fr.,Fr,"Colorado Springs, Colo.",Colorado Springs,CO,domestic,Academy at World Champions Centre,1,https://uclabruins.com/sports/womens-gymnastics/roster/season/2026
gym_b46fbd0e85a6,Madisyn,Anyimi,gymnastics,2025-26,2025-26,D1,Women,Big Ten Conference,UCLA,,UNK,Sr.,Sr,"Sacramento, Calif.",Sacramento,CA,domestic,St. Francis HS,0,https://uclabruins.com/sports/womens-gymnastics/roster/season/2026
gym_cde021923a26,Sydney,Barros,gymnastics,2025-26,2025-26,D1,Women,Big Ten Conference,UCLA,,UNK,Jr.,Jr,"Lewisville, Texas",Lewisville,TX,domestic,Adirondack Learning Academy,1,https://uclabruins.com/sports/womens-gymnastics/roster/season/2026
gym_8db5ad67cbc5,Bronwyn,Hoffman,gymnastics,2025-26,2025-26,D1,Women,Big Ten Conference,UCLA,,UNK,So.,So,"Los Angeles, Calif.",Los Angeles,CA,domestic,Palisades HS,0,https://uclabruins.com/sports/womens-gymnastics/roster/season/2026
gym_afe66d004768,Carissa,Clay,gymnastics,2025-26,2025-26,D1,Women,Big Ten Conference,UCLA,,UNK,Gr.,Gr,"San Diego, Calif.",San Diego,CA,domestic,Junipero Serra High School,0,https://uclabruins.com/sports/womens-gymnastics/roster/season/2026
gym_d1c00b5b3c53,Jordan,Chiles,gymnastics,2025-26,2025-26,D1,Women,Big Ten Conference,UCLA,,UNK,Sr.,Sr,"Houston, Texas",Houston,TX,domestic,Prairie HS,0,https://uclabruins.com/sports/womens-gymnastics/roster/season/2026
gym_1cacbba3b21a,Lauren,Little,gymnastics,2025-26,2025-26,D1,Women,Big Ten Conference,UCLA,,UNK,Jr.,Jr,"Mooresville, N.C.",Mooresville,NC,domestic,Pine Lake Preparatory,0,https://uclabruins.com/sports/womens-gymnastics/roster/season/2026
gym_060fc2c312f1,Sasha,Fujisaka,gymnastics,2025-26,2025-26,D1,Women,Big Ten Conference,UCLA,,UNK,So.,So,"San Jose, Calif.",San Jose,CA,domestic,Summit HS,0,https://uclabruins.com/sports/womens-gymnastics/roster/season/2026
gym_8160258b1e4d,Kai,Mattei,gymnastics,2025-26,2025-26,D1,Women,Big Ten Conference,UCLA,,UNK,Fr.,Fr,"New York, N.Y.",New York,NY,domestic,IVLA,0,https://uclabruins.com/sports/womens-gymnastics/roster/season/2026
gym_16d60a872d5b,Riley,Jenkins,gymnastics,2025-26,2025-26,D1,Women,Big Ten Conference,UCLA,,UNK,So.,So,"Burbank, Calif.",Burbank,CA,domestic,Crescenta Valley HS,0,https://uclabruins.com/sports/womens-gymnastics/roster/season/2026
gym_86ada6797842,Nola,Matthews,gymnastics,2025-26,2025-26,D1,Women,Big Ten Conference,UCLA,,UNK,Fr.,Fr,"Gilroy, Calif.",Gilroy,CA,domestic,Laurel Springs HS,0,https://uclabruins.com/sports/womens-gymnastics/roster/season/2026
gym_9845672db521,Macy,McGowan,gymnastics,2025-26,2025-26,D1,Women,Big Ten Conference,UCLA,,UNK,So.,So,"Seattle, Wash.",Seattle,WA,domestic,Juanita HS,0,https://uclabruins.com/sports/womens-gymnastics/roster/season/2026
gym_7ba1d89252b6,Katelyn,Rosen,gymnastics,2025-26,2025-26,D1,Women,Big Ten Conference,UCLA,,UNK,Jr.,Jr,"Boerne, Texas",Boerne,TX,domestic,Texas Connections Academy,1,https://uclabruins.com/sports/womens-gymnastics/roster/season/2026
gym_fce1cf07a777,Tiana,Sumanasekera,gymnastics,2025-26,2025-26,D1,Women,Big Ten Conference,UCLA,,UNK,Fr.,Fr,"Pleasanton, Calif.",Pleasanton,CA,domestic,Laurel Springs HS,0,https://uclabruins.com/sports/womens-gymnastics/roster/season/2026
gym_6fa4bff85a0a,Mika,Webster-Longin,gymnastics,2025-26,2025-26,D1,Women,Big Ten Conference,UCLA,,UNK,So.,So,"Richmond, Calif.",Richmond,CA,domestic,Saint Mary's College High School,0,https://uclabruins.com/sports/womens-gymnastics/roster/season/2026
gym_6154b7c2f48f,Ashlee,Sullivan,gymnastics,2025-26,2025-26,D1,Women,Big Ten Conference,UCLA,,UNK,Fr.,Fr,"Richardson, Texas",Richardson,TX,domestic,Texas Connections Academy,1,https://uclabruins.com/sports/womens-gymnastics/roster/season/2026
gym_f28e78d51d88,Megan,Aamold,gymnastics,2025-26,2025-26,D1,Women,The Summit League,Denver,Bars/Beam/Floor Bars/Beam/Floor,Event Specialist,Fr.,Fr,"San Jose, California",San Jose,CA,domestic,Maryland,0,https://denverpioneers.com/sports/womens-gymnastics/roster/2026
gym_13feddb9d7b3,Shyla,Bhatia,gymnastics,2025-26,2025-26,D1,Women,The Summit League,Denver,All-Around All-Around,All-Around,Fr.,Fr,"Gilbertsville, Pennsylvania",Gilbertsville,PA,domestic,,0,https://denverpioneers.com/sports/womens-gymnastics/roster/2026
gym_efbc4663d4f0,Mila,Brusch,gymnastics,2025-26,2025-26,D1,Women,The Summit League,Denver,All-Around All-Around,All-Around,Sr.,Sr,"Cincinnati, Ohio",Cincinnati,OH,domestic,,0,https://denverpioneers.com/sports/womens-gymnastics/roster/2026
gym_09039f8add12,Cecilia,Cooley,gymnastics,2025-26,2025-26,D1,Women,The Summit League,Denver,All-Around All-Around,All-Around,Sr.,Sr,"New York City, New York",New York City,NY,domestic,,0,https://denverpioneers.com/sports/womens-gymnastics/roster/2026
gym_dae6f615e0d1,Ashley,Gallen,gymnastics,2025-26,2025-26,D1,Women,The Summit League,Denver,Bars/Beam/Floor Bars/Beam/Floor,Event Specialist,Jr.,Jr,"Austin, Texas",Austin,TX,domestic,,0,https://denverpioneers.com/sports/womens-gymnastics/roster/2026
gym_4d55312929a7,Sophia,Hampp,gymnastics,2025-26,2025-26,D1,Women,The Summit League,Denver,All-Around All-Around,All-Around,So.,So,"Leawood, Kansas",Leawood,KS,domestic,,0,https://denverpioneers.com/sports/womens-gymnastics/roster/2026
gym_0b1fca32b965,Amanda,Hargraves,gymnastics,2025-26,2025-26,D1,Women,The Summit League,Denver,Vault/Beam/Floor Vault/Beam/Floor,Event Specialist,Jr.,Jr,"Woodinville, Washington",Woodinville,WA,domestic,,0,https://denverpioneers.com/sports/womens-gymnastics/roster/2026
gym_983632c4bdba,Addie,Hewitt,gymnastics,2025-26,2025-26,D1,Women,The Summit League,Denver,All-Around All-Around,All-Around,So.,So,"Denver, Colorado",Denver,CO,domestic,Kent Denver School,0,https://denverpioneers.com/sports/womens-gymnastics/roster/2026
gym_a17ea916bc9f,Sevana,Kasparian,gymnastics,2025-26,2025-26,D1,Women,The Summit League,Denver,All-Around All-Around,All-Around,Fr.,Fr,"Los Angeles, California",Los Angeles,CA,domestic,,0,https://denverpioneers.com/sports/womens-gymnastics/roster/2026
gym_1b67f1116528,Kaitlynd,Kastl,gymnastics,2025-26,2025-26,D1,Women,The Summit League,Denver,Bars/Beam/Floor Bars/Beam/Floor,Event Specialist,Fr.,Fr,"Dallas, Texas",Dallas,TX,domestic,,0,https://denverpioneers.com/sports/womens-gymnastics/roster/2026
gym_d3a35a2c0b32,Maddison,Reidenbach,gymnastics,2025-26,2025-26,D1,Women,The Summit League,Denver,All-Around All-Around,All-Around,Jr.,Jr,"Hudson, Wisconsin",Hudson,WI,domestic,,0,https://denverpioneers.com/sports/womens-gymnastics/roster/2026
gym_b82323944bb2,Kiley,Rorich,gymnastics,2025-26,2025-26,D1,Women,The Summit League,Denver,All-Around All-Around,All-Around,Sr.,Sr,"Charlotte, North Carolina",Charlotte,NC,domestic,,0,https://denverpioneers.com/sports/womens-gymnastics/roster/2026
gym_8385eb1e5278,Terra,Rutter,gymnastics,2025-26,2025-26,D1,Women,The Summit League,Denver,All-Around All-Around,All-Around,Fr.,Fr,"Los Gatos, California",Los Gatos,CA,domestic,,0,https://denverpioneers.com/sports/womens-gymnastics/roster/2026
gym_11de1409a937,Abby,Steeley,gymnastics,2025-26,2025-26,D1,Women,The Summit League,Denver,Bars/Beam Bars/Beam,Event Specialist,Fr.,Fr,"Modesto, California",Modesto,CA,domestic,,0,https://denverpioneers.com/sports/womens-gymnastics/roster/2026
gym_6f24168c441a,Abby,Brushwood,gymnastics,2025-26,2025-26,D1,Women,Mid-American Conference,Eastern Mich.,AA,All-Around,Jr.,Jr,"State College, Pa.",State College,PA,domestic,State College Area,0,https://emueagles.com/sports/womens-gymnastics/roster/2026
gym_d9350912a8dc,Gwendelyn,Cantu,gymnastics,2025-26,2025-26,D1,Women,Mid-American Conference,Eastern Mich.,AA,All-Around,Jr.,Jr,"Joliet, Ill.",Joliet,IL,domestic,Providence Catholic,0,https://emueagles.com/sports/womens-gymnastics/roster/2026
gym_99cb54fa8916,Katin,Childress,gymnastics,2025-26,2025-26,D1,Women,Mid-American Conference,Eastern Mich.,AA,All-Around,Jr.,Jr,"Prosper, Texas",Prosper,TX,domestic,Prosper,0,https://emueagles.com/sports/womens-gymnastics/roster/2026
gym_08967ea58186,Genae,Daniel,gymnastics,2025-26,2025-26,D1,Women,Mid-American Conference,Eastern Mich.,AA,All-Around,Jr.,Jr,"Indianapolis, Ind.",Indianapolis,IN,domestic,Pike,0,https://emueagles.com/sports/womens-gymnastics/roster/2026
gym_205d10189dc5,Savanna,Dunwoody,gymnastics,2025-26,2025-26,D1,Women,Mid-American Conference,Eastern Mich.,AA,All-Around,Fr.,Fr,"Spearfish, S.D.",Spearfish,SD,domestic,Spearfish,0,https://emueagles.com/sports/womens-gymnastics/roster/2026
gym_c414545cb33d,Sanai,Evans,gymnastics,2025-26,2025-26,D1,Women,Mid-American Conference,Eastern Mich.,AA,All-Around,So.,So,"Norcross, Ga.",Norcross,GA,domestic,Paul Duke STEM,0,https://emueagles.com/sports/womens-gymnastics/roster/2026
gym_ba52a0bfd6de,Priya,Karle,gymnastics,2025-26,2025-26,D1,Women,Mid-American Conference,Eastern Mich.,AA,All-Around,Sr.,Sr,"Canton, Mass.",Canton,MA,domestic,Canton,0,https://emueagles.com/sports/womens-gymnastics/roster/2026
gym_51ae0dde1fb2,Keeley,Kohler,gymnastics,2025-26,2025-26,D1,Women,Mid-American Conference,Eastern Mich.,AA,All-Around,So.,So,"Davison, Mich.",Davison,MI,domestic,Powers Catholic,0,https://emueagles.com/sports/womens-gymnastics/roster/2026
gym_ba52fc1e4214,Kendall,Landry,gymnastics,2025-26,2025-26,D1,Women,Mid-American Conference,Eastern Mich.,AA,All-Around,Jr.,Jr,"Frisco, Texas",Frisco,TX,domestic,Wakeland,0,https://emueagles.com/sports/womens-gymnastics/roster/2026
gym_13eeb2d6d731,Kyrie,Lowe,gymnastics,2025-26,2025-26,D1,Women,Mid-American Conference,Eastern Mich.,AA,All-Around,Sr.,Sr,"Lake Worth, Fla.",Lake Worth,FL,domestic,Park Vista,0,https://emueagles.com/sports/womens-gymnastics/roster/2026
gym_10ca55f728db,Brianna,Lucas,gymnastics,2025-26,2025-26,D1,Women,Mid-American Conference,Eastern Mich.,AA,All-Around,So.,So,"Marietta, Ga.",Marietta,GA,domestic,Lassiter,0,https://emueagles.com/sports/womens-gymnastics/roster/2026
gym_9fa01c923251,Brooke,Maycroft,gymnastics,2025-26,2025-26,D1,Women,Mid-American Conference,Eastern Mich.,AA,All-Around,Jr.,Jr,"Coopersville, Mich.",Coopersville,MI,domestic,Coopersville,0,https://emueagles.com/sports/womens-gymnastics/roster/2026
gym_fbf2ccb02518,Adysen,Mazzoni,gymnastics,2025-26,2025-26,D1,Women,Mid-American Conference,Eastern Mich.,AA,All-Around,Fr.,Fr,"Sarasota, Fla.",Sarasota,FL,domestic,Parrish Community,0,https://emueagles.com/sports/womens-gymnastics/roster/2026
gym_10ae275c413d,Macy,Nihart,gymnastics,2025-26,2025-26,D1,Women,Mid-American Conference,Eastern Mich.,AA,All-Around,Fr.,Fr,"East Lansing, Mich.",East Lansing,MI,domestic,Home School,0,https://emueagles.com/sports/womens-gymnastics/roster/2026
gym_83acf9d3ba3f,Jacquelyn,Patterson,gymnastics,2025-26,2025-26,D1,Women,Mid-American Conference,Eastern Mich.,AA,All-Around,Jr.,Jr,"Mason, Ohio",Mason,OH,domestic,Mason,0,https://emueagles.com/sports/womens-gymnastics/roster/2026
gym_3ecd4dacc6b4,Elise,Ritzenthaler,gymnastics,2025-26,2025-26,D1,Women,Mid-American Conference,Eastern Mich.,AA,All-Around,So.,So,"Quinlan, Texas",Quinlan,TX,domestic,Acellus Academy,1,https://emueagles.com/sports/womens-gymnastics/roster/2026
gym_4e388039c6fc,Georgie,Slack,gymnastics,2025-26,2025-26,D1,Women,Mid-American Conference,Eastern Mich.,AA,All-Around,Fr.,Fr,"Uttoxeter, Staffordshire",Uttoxeter,,international,Thomas Alleynes,0,https://emueagles.com/sports/womens-gymnastics/roster/2026
gym_976c022094b6,Analiah,Solorio,gymnastics,2025-26,2025-26,D1,Women,Mid-American Conference,Eastern Mich.,AA,All-Around,So.,So,"Littleton, Colo.",Littleton,CO,domestic,Chatfield Senior,0,https://emueagles.com/sports/womens-gymnastics/roster/2026
gym_2f7292a2c1ec,Jaelyn,Stetz,gymnastics,2025-26,2025-26,D1,Women,Mid-American Conference,Eastern Mich.,AA,All-Around,So.,So,"Moorhead, Minn.",Moorhead,MN,domestic,Moorhead,0,https://emueagles.com/sports/womens-gymnastics/roster/2026
gym_95bb67c6b43f,Exp.,,gymnastics,2025-26,2025-26,D1,Women,Mid-American Conference,Eastern Mich.,,UNK,,UNK,,,,unknown,Providence Catholic,0,https://emueagles.com/sports/womens-gymnastics/roster/2026
gym_766148e8e0d4,Kasey,Burke,gymnastics,2025-26,2025-26,D1,Women,Atlantic 10 Conference,George Washington,"V, FX",Event Specialist,Sr.,Sr,"North Andover, MA",North Andover,MA,domestic,North Andover,0,https://gwsports.com/sports/womens-gymnastics/roster/2026
gym_3c63e8ef3a5d,Alexa,Chuy,gymnastics,2025-26,2025-26,D1,Women,Atlantic 10 Conference,George Washington,AA,All-Around,Jr.,Jr,"Scotch Plains, NJ",Scotch Plains,NJ,domestic,Scotch Plains Fanwood High School,0,https://gwsports.com/sports/womens-gymnastics/roster/2026
gym_426bbeee6940,Delaney,DeHaan,gymnastics,2025-26,2025-26,D1,Women,Atlantic 10 Conference,George Washington,AA,All-Around,Jr.,Jr,"Bradenton, FL",Bradenton,FL,domestic,Bradenton Christian,0,https://gwsports.com/sports/womens-gymnastics/roster/2026
gym_cb37b28629b3,Emma,Garner,gymnastics,2025-26,2025-26,D1,Women,Atlantic 10 Conference,George Washington,AA,All-Around,Fr.,Fr,"Orlando, FL",Orlando,FL,domestic,Lake Nona High School,0,https://gwsports.com/sports/womens-gymnastics/roster/2026
gym_4b9988f75027,Brooke,Izzo,gymnastics,2025-26,2025-26,D1,Women,Atlantic 10 Conference,George Washington,BB,Event Specialist,Jr.,Jr,"Northport, NY",Northport,NY,domestic,Northport,0,https://gwsports.com/sports/womens-gymnastics/roster/2026
gym_976dbf187f12,Kylie,Kazmierski,gymnastics,2025-26,2025-26,D1,Women,Atlantic 10 Conference,George Washington,AA,All-Around,Sr.,Sr,"Waynesville, OH",Waynesville,OH,domestic,Waynesville,0,https://gwsports.com/sports/womens-gymnastics/roster/2026
gym_4d012b6e2219,Nancy,Kiner,gymnastics,2025-26,2025-26,D1,Women,Atlantic 10 Conference,George Washington,,UNK,R-Sr.,Sr,"El Segundo, CA",El Segundo,CA,domestic,El Segundo,0,https://gwsports.com/sports/womens-gymnastics/roster/2026
gym_0bda87bf0042,Lola,Montevago,gymnastics,2025-26,2025-26,D1,Women,Atlantic 10 Conference,George Washington,AA,All-Around,So.,So,"Seaford, New York",Seaford,NY,domestic,Island Trees High School,0,https://gwsports.com/sports/womens-gymnastics/roster/2026
gym_34987e416df4,Alison,Mun,gymnastics,2025-26,2025-26,D1,Women,Atlantic 10 Conference,George Washington,,UNK,Fr.,Fr,"Loudon County, VA",Loudon County,VA,domestic,,0,https://gwsports.com/sports/womens-gymnastics/roster/2026
gym_873747c74fd0,Catherine,O'Rourke,gymnastics,2025-26,2025-26,D1,Women,Atlantic 10 Conference,George Washington,AA,All-Around,Sr.,Sr,"Arlington, MA",Arlington,MA,domestic,Arlington Catholic,0,https://gwsports.com/sports/womens-gymnastics/roster/2026
gym_679bd0a6038b,Maya,Peters,gymnastics,2025-26,2025-26,D1,Women,Atlantic 10 Conference,George Washington,"UB, BB",Event Specialist,Jr.,Jr,"Toronto, ON",Toronto,,international,Northview,0,https://gwsports.com/sports/womens-gymnastics/roster/2026
gym_e7537dad5b3a,Luiselena,Rodriguez,gymnastics,2025-26,2025-26,D1,Women,Atlantic 10 Conference,George Washington,,UNK,Fr.,Fr,Valencia,Valencia,,international,Miami Coral Park Senior High School,0,https://gwsports.com/sports/womens-gymnastics/roster/2026
gym_748809eded87,Zoe,Safran,gymnastics,2025-26,2025-26,D1,Women,Atlantic 10 Conference,George Washington,AA,All-Around,So.,So,"Toronto, Ontario",Toronto,,international,Havergal College,0,https://gwsports.com/sports/womens-gymnastics/roster/2026
gym_2f10aa116a91,Deana,Sheremeta,gymnastics,2025-26,2025-26,D1,Women,Atlantic 10 Conference,George Washington,"BB, FX",Event Specialist,Sr.,Sr,"Circleville, NY",Circleville,NY,domestic,Pine Bush,0,https://gwsports.com/sports/womens-gymnastics/roster/2026
gym_024b08816794,Haley,Suzuki,gymnastics,2025-26,2025-26,D1,Women,Atlantic 10 Conference,George Washington,,UNK,So.,So,"Brea, CA",Brea,CA,domestic,Brea Olinda High School,0,https://gwsports.com/sports/womens-gymnastics/roster/2026
gym_4d99718376e1,Natalie,Thomas,gymnastics,2025-26,2025-26,D1,Women,Atlantic 10 Conference,George Washington,AA,All-Around,So.,So,"Lakewood Ranch, FL",Lakewood Ranch,FL,domestic,Lakewood Ranch High School,0,https://gwsports.com/sports/womens-gymnastics/roster/2026
gym_92f9d1643a5c,Aspen,Tucker,gymnastics,2025-26,2025-26,D1,Women,Atlantic 10 Conference,George Washington,,UNK,Fr.,Fr,"Suwanee, GA",Suwanee,GA,domestic,North Gwinnett High School,0,https://gwsports.com/sports/womens-gymnastics/roster/2026
gym_d2285e42df46,Sophia,Tyeryar,gymnastics,2025-26,2025-26,D1,Women,Atlantic 10 Conference,George Washington,UB,Event Specialist,Jr.,Jr,"Thurmont, MD",Thurmont,MD,domestic,Catoctin,0,https://gwsports.com/sports/womens-gymnastics/roster/2026
gym_6d5a46a49e68,Alexia,Zakaryan,gymnastics,2025-26,2025-26,D1,Women,Atlantic 10 Conference,George Washington,,UNK,Fr.,Fr,"Lorton, Virginia",Lorton,VA,domestic,South County High School,0,https://gwsports.com/sports/womens-gymnastics/roster/2026
gym_12ea71805b2a,Kamryn,Banach,gymnastics,2025-26,2025-26,D1,Women,Missouri Valley Conference,Illinois St.,,UNK,Fr.,Fr,"Channahon, Ill.",Channahon,IL,domestic,Aspire Gymnastics,0,https://goredbirds.com/sports/womens-gymnastics/roster/2026
gym_7818c4a17f37,Madyson,Baucom,gymnastics,2025-26,2025-26,D1,Women,Missouri Valley Conference,Illinois St.,,UNK,Jr.,Jr,"Mooresville, N.C.",Mooresville,NC,domestic,Davidson Day School,0,https://goredbirds.com/sports/womens-gymnastics/roster/2026
gym_ec3433e76200,Jada,Beswick,gymnastics,2025-26,2025-26,D1,Women,Missouri Valley Conference,Illinois St.,,UNK,Jr.,Jr,"Egg Harbor Township, N.J.",Egg Harbor Township,NJ,domestic,First State Gymnastics,0,https://goredbirds.com/sports/womens-gymnastics/roster/2026
gym_4d2c2a416e49,Caitlin,Caserta,gymnastics,2025-26,2025-26,D1,Women,Missouri Valley Conference,Illinois St.,,UNK,So.,So,"Arrington, Tenn.",Arrington,TN,domestic,Page HS,0,https://goredbirds.com/sports/womens-gymnastics/roster/2026
gym_c1ade20ce2f8,Leah,Davis,gymnastics,2025-26,2025-26,D1,Women,Missouri Valley Conference,Illinois St.,,UNK,Sr.,Sr,"Manchester, Mo.",Manchester,MO,domestic,Parkway South HS,0,https://goredbirds.com/sports/womens-gymnastics/roster/2026
gym_551e607a0c2c,Mackenzie,Flutman,gymnastics,2025-26,2025-26,D1,Women,Missouri Valley Conference,Illinois St.,,UNK,Sr.,Sr,"Orland Park, Ill.",Orland Park,IL,domestic,Chicago Christian,0,https://goredbirds.com/sports/womens-gymnastics/roster/2026
gym_544202f2bc50,Mia,Foy,gymnastics,2025-26,2025-26,D1,Women,Missouri Valley Conference,Illinois St.,,UNK,Fr.,Fr,"Sun Prairie, Wis.",Sun Prairie,WI,domestic,Lake City Twisters Gymnastics,0,https://goredbirds.com/sports/womens-gymnastics/roster/2026
gym_d86989ea9d6d,Abbey,Harris,gymnastics,2025-26,2025-26,D1,Women,Missouri Valley Conference,Illinois St.,,UNK,So.,So,"Fonthill, Ontario, Canada",Fonthill,,international,E.L. Crossley HS,0,https://goredbirds.com/sports/womens-gymnastics/roster/2026
gym_d6621c7a31ee,Julia,Heiner,gymnastics,2025-26,2025-26,D1,Women,Missouri Valley Conference,Illinois St.,,UNK,Sr.,Sr,"Ellicott City, Md.",Ellicott City,MD,domestic,Centennial High School,0,https://goredbirds.com/sports/womens-gymnastics/roster/2026
gym_3411cc54c20a,Audrey,Hiatt,gymnastics,2025-26,2025-26,D1,Women,Missouri Valley Conference,Illinois St.,,UNK,So.,So,"St. Louis, Mo.",St. Louis,MO,domestic,St. Joseph's Academy,1,https://goredbirds.com/sports/womens-gymnastics/roster/2026
gym_4f20b25258ef,Jaly,Jones,gymnastics,2025-26,2025-26,D1,Women,Missouri Valley Conference,Illinois St.,,UNK,Sr.,Sr,"Williamsburg, Iowa",Williamsburg,IA,domestic,,,https://goredbirds.com/sports/womens-gymnastics/roster/2026
gym_b2bf494acd2d,Jercy,Koliego,gymnastics,2025-26,2025-26,D1,Women,Missouri Valley Conference,Illinois St.,,UNK,Fr.,Fr,"Lawrenceville, Ga.",Lawrenceville,GA,domestic,BIO Gymnastics,0,https://goredbirds.com/sports/womens-gymnastics/roster/2026
gym_a8e4e02cb052,Ally,Lau,gymnastics,2025-26,2025-26,D1,Women,Missouri Valley Conference,Illinois St.,,UNK,Jr.,Jr,"San Diego, Calif.",San Diego,CA,domestic,SCGEA Gymnastics,0,https://goredbirds.com/sports/womens-gymnastics/roster/2026
gym_11a996bab2a0,Mia,LeBlanc,gymnastics,2025-26,2025-26,D1,Women,Missouri Valley Conference,Illinois St.,,UNK,Fr.,Fr,"Merrimack, N.H.",Merrimack,NH,domestic,Nohas Gymnastics Academy,1,https://goredbirds.com/sports/womens-gymnastics/roster/2026
gym_7403676be781,Mia,Oh,gymnastics,2025-26,2025-26,D1,Women,Missouri Valley Conference,Illinois St.,,UNK,Sr.,Sr,"Columbia, Md.",Columbia,MD,domestic,Atholton HS,0,https://goredbirds.com/sports/womens-gymnastics/roster/2026
gym_c756be97ba35,Savannah,Ray,gymnastics,2025-26,2025-26,D1,Women,Missouri Valley Conference,Illinois St.,,UNK,So.,So,"Midland, N.C.",Midland,NC,domestic,North Carolina Cyber Academy,1,https://goredbirds.com/sports/womens-gymnastics/roster/2026
gym_921748dcd37a,Sammie,Wolff,gymnastics,2025-26,2025-26,D1,Women,Missouri Valley Conference,Illinois St.,,UNK,So.,So,"Wilmington, Del.",Wilmington,DE,domestic,Padua Academy,1,https://goredbirds.com/sports/womens-gymnastics/roster/2026
gym_50e8d8df183b,Courtney,Woods,gymnastics,2025-26,2025-26,D1,Women,Missouri Valley Conference,Illinois St.,,UNK,Sr.,Sr,"Ozark, Mo.",Ozark,MO,domestic,Missouri Valley Gymnastics,0,https://goredbirds.com/sports/womens-gymnastics/roster/2026
gym_eaabbb0ef005,Joy,Ziegenfelder,gymnastics,2025-26,2025-26,D1,Women,Missouri Valley Conference,Illinois St.,,UNK,Sr.,Sr,"Gainesville, Fla.",Gainesville,FL,domestic,Sun Country Gymnastics,0,https://goredbirds.com/sports/womens-gymnastics/roster/2026
gym_8ff03f147c71,Luciana,Alvarado-Reid,gymnastics,2025-26,2025-26,D1,Women,Mid-American Conference,Central Mich.,,UNK,Sr.,Sr,"Cartago, Costa Rica",Cartago,,international,Soluciones Eductivas,0,https://cmuchippewas.com/sports/womens-gymnastics/roster/2026
gym_f6ad1777e1f4,Avah,Bootz,gymnastics,2025-26,2025-26,D1,Women,Mid-American Conference,Central Mich.,,UNK,Gr.,Gr,"Ludington, Mich.",Ludington,MI,domestic,Ludington H.S.,0,https://cmuchippewas.com/sports/womens-gymnastics/roster/2026
gym_feb7935cbf42,Olivia,Dittmer,gymnastics,2025-26,2025-26,D1,Women,Mid-American Conference,Central Mich.,,UNK,So.,So,"Essexville, Mich.",Essexville,MI,domestic,All-Saints Catholic,0,https://cmuchippewas.com/sports/womens-gymnastics/roster/2026
gym_cc79b53b8698,Jenna,Germond,gymnastics,2025-26,2025-26,D1,Women,Mid-American Conference,Central Mich.,,UNK,Jr.,Jr,"Neshannock, Pa.",Neshannock,PA,domestic,Pennsylvania Cyber Charter,0,https://cmuchippewas.com/sports/womens-gymnastics/roster/2026
gym_b178b1f0bffb,Paige,Hasling,gymnastics,2025-26,2025-26,D1,Women,Mid-American Conference,Central Mich.,,UNK,Fr.,Fr,"Yorktown, Va.",Yorktown,VA,domestic,Tabb,0,https://cmuchippewas.com/sports/womens-gymnastics/roster/2026
gym_de84a0c6a664,Abby,Izaks,gymnastics,2025-26,2025-26,D1,Women,Mid-American Conference,Central Mich.,,UNK,So.,So,"Deerfield, Ill.",Deerfield,IL,domestic,Deerfield,0,https://cmuchippewas.com/sports/womens-gymnastics/roster/2026
gym_78374975fdb1,Gabrielle,Johnson,gymnastics,2025-26,2025-26,D1,Women,Mid-American Conference,Central Mich.,,UNK,Jr.,Jr,"West Chester, Ohio",West Chester,OH,domestic,Lakota West,0,https://cmuchippewas.com/sports/womens-gymnastics/roster/2026
gym_af525ed461d4,Lia,Kmieciak,gymnastics,2025-26,2025-26,D1,Women,Mid-American Conference,Central Mich.,,UNK,Gr.,Gr,"Naperville, Ill.",Naperville,IL,domestic,Central H.S.,0,https://cmuchippewas.com/sports/womens-gymnastics/roster/2026
gym_a2678e503898,Alisia,Murray,gymnastics,2025-26,2025-26,D1,Women,Mid-American Conference,Central Mich.,,UNK,So.,So,"Macomb, Mich.",Macomb,MI,domestic,L’Anse Creuse,0,https://cmuchippewas.com/sports/womens-gymnastics/roster/2026
gym_1e42b872b1a0,Heather,Parker,gymnastics,2025-26,2025-26,D1,Women,Mid-American Conference,Central Mich.,,UNK,R-So.,So,"Woodbury, Tenn.",Woodbury,TN,domestic,Homeschool,1,https://cmuchippewas.com/sports/womens-gymnastics/roster/2026
gym_4ac4e6ac98fb,Zoie,Pelfrey,gymnastics,2025-26,2025-26,D1,Women,Mid-American Conference,Central Mich.,,UNK,Jr.,Jr,"West Chester, Ohio",West Chester,OH,domestic,Ohio Connections Academy,1,https://cmuchippewas.com/sports/womens-gymnastics/roster/2026
gym_adc48e34b1c8,Alexandra,Reddick,gymnastics,2025-26,2025-26,D1,Women,Mid-American Conference,Central Mich.,,UNK,Fr.,Fr,"Ottawa, Ontario",Ottawa,,international,Glebe Collegiate,0,https://cmuchippewas.com/sports/womens-gymnastics/roster/2026
gym_98e66be0fb43,Ashlyn,Richards,gymnastics,2025-26,2025-26,D1,Women,Mid-American Conference,Central Mich.,,UNK,Fr.,Fr,"Lowell, Mich.",Lowell,MI,domestic,Lowell,0,https://cmuchippewas.com/sports/womens-gymnastics/roster/2026
gym_0edf5b06f886,Maeve,Ruble,gymnastics,2025-26,2025-26,D1,Women,Mid-American Conference,Central Mich.,,UNK,Fr.,Fr,"Lebanon, Ohio",Lebanon,OH,domestic,Kings,0,https://cmuchippewas.com/sports/womens-gymnastics/roster/2026
gym_09722146c92e,Kaitlyn,Schwab,gymnastics,2025-26,2025-26,D1,Women,Mid-American Conference,Central Mich.,,UNK,So.,So,"Downers Grove, Ill.",Downers Grove,IL,domestic,Downers Grove,0,https://cmuchippewas.com/sports/womens-gymnastics/roster/2026
gym_99c6ca5eef5a,Samantha,Shannon,gymnastics,2025-26,2025-26,D1,Women,Mid-American Conference,Central Mich.,,UNK,Jr.,Jr,"Naperville, Ill.",Naperville,IL,domestic,Neuqua Valley,0,https://cmuchippewas.com/sports/womens-gymnastics/roster/2026
gym_94208c4f5c73,Ava,Wellmeier,gymnastics,2025-26,2025-26,D1,Women,Mid-American Conference,Central Mich.,,UNK,So.,So,"Zanesville, Ohio",Zanesville,OH,domestic,West Muskingum,0,https://cmuchippewas.com/sports/womens-gymnastics/roster/2026
gym_40947239ee80,Maylee,Wendle,gymnastics,2025-26,2025-26,D1,Women,Mid-American Conference,Central Mich.,,UNK,So.,So,"The Woodlands, Texas",The Woodlands,TX,domestic,The Woodlands,0,https://cmuchippewas.com/sports/womens-gymnastics/roster/2026
gym_3f1795070f54,Zoë,Zimmerman,gymnastics,2025-26,2025-26,D1,Women,Mid-American Conference,Central Mich.,,UNK,So.,So,"Fort Erie, Ontario",Fort Erie,,international,École Secondaire Catholique Saint-Jean,0,https://cmuchippewas.com/sports/womens-gymnastics/roster/2026
gym_ed702c3c0222,Noelle,Adams,gymnastics,2025-26,2025-26,D1,Women,Big 12 Conference,Iowa St.,AA,All-Around,Jr.,Jr,"Mesa, Ariz.",Mesa,AZ,domestic,Red Mountain,0,https://cyclones.com/sports/womens-gymnastics/roster/2026
gym_8762546381a5,Ale,Alvarez,gymnastics,2025-26,2025-26,D1,Women,Big 12 Conference,Iowa St.,AA,All-Around,Fr.,Fr,"St. Augustine, Fla.",St. Augustine,FL,domestic,Florida Connections Academy,1,https://cyclones.com/sports/womens-gymnastics/roster/2026
gym_9078f213887b,Gaby,Alvarez,gymnastics,2025-26,2025-26,D1,Women,Big 12 Conference,Iowa St.,AA,All-Around,Fr.,Fr,"St. Augustine, Fla.",St. Augustine,FL,domestic,Florida Connections Academy,1,https://cyclones.com/sports/womens-gymnastics/roster/2026
gym_158de269cb03,Kaia,Bochow,gymnastics,2025-26,2025-26,D1,Women,Big 12 Conference,Iowa St.,UB,Event Specialist,R-Jr.,Jr,"Golden, Colo.",Golden,CO,domestic,Wheat Ridge High,0,https://cyclones.com/sports/womens-gymnastics/roster/2026
gym_30c0bf77f873,Aubree,Guinee,gymnastics,2025-26,2025-26,D1,Women,Big 12 Conference,Iowa St.,VT/BB/FX,Event Specialist,So.,So,"Plainfield, Ill.",Plainfield,IL,domestic,Plainfield South,0,https://cyclones.com/sports/womens-gymnastics/roster/2026
gym_ae20e450f357,Chloe,Hammond,gymnastics,2025-26,2025-26,D1,Women,Big 12 Conference,Iowa St.,AA,All-Around,Jr.,Jr,"Ankeny, Iowa",Ankeny,IA,domestic,Ankeny,0,https://cyclones.com/sports/womens-gymnastics/roster/2026
gym_7a2c0fb084d4,Haylee,Hardin,gymnastics,2025-26,2025-26,D1,Women,Big 12 Conference,Iowa St.,AA,All-Around,So.,So,"Wichita Falls, Texas",Wichita Falls,TX,domestic,Coppell,0,https://cyclones.com/sports/womens-gymnastics/roster/2026
gym_cbf00bf767c9,Madelyn,Manternach,gymnastics,2025-26,2025-26,D1,Women,Big 12 Conference,Iowa St.,BB/FX,Event Specialist,Sr.,Sr,"Stevens Point, Wis.",Stevens Point,WI,domestic,Pacelli Catholic,0,https://cyclones.com/sports/womens-gymnastics/roster/2026
gym_444354c5ff2c,Peyton,Nock,gymnastics,2025-26,2025-26,D1,Women,Big 12 Conference,Iowa St.,AA,All-Around,Fr.,Fr,"Rosemount, Minn.",Rosemount,MN,domestic,Rosemount,0,https://cyclones.com/sports/womens-gymnastics/roster/2026
gym_417664b2cf2b,Lauren,O'Brochta,gymnastics,2025-26,2025-26,D1,Women,Big 12 Conference,Iowa St.,BB/FX,Event Specialist,Jr.,Jr,"Lemont, Ill.",Lemont,IL,domestic,Benet Academy,1,https://cyclones.com/sports/womens-gymnastics/roster/2026
gym_aac2505cfe22,Ella,Roberts,gymnastics,2025-26,2025-26,D1,Women,Big 12 Conference,Iowa St.,VT/BB/FX,Event Specialist,Fr.,Fr,"Loudonville, N.Y.",Loudonville,NY,domestic,Shaker,0,https://cyclones.com/sports/womens-gymnastics/roster/2026
gym_02f717ea2b02,Taylor,Sanders,gymnastics,2025-26,2025-26,D1,Women,Big 12 Conference,Iowa St.,AA,All-Around,Fr.,Fr,"Johnston, Iowa",Johnston,IA,domestic,Johnston,0,https://cyclones.com/sports/womens-gymnastics/roster/2026
gym_76c47ac2600d,Ella,Schell,gymnastics,2025-26,2025-26,D1,Women,Big 12 Conference,Iowa St.,AA,All-Around,Jr.,Jr,"Grand Blanc, Mich.",Grand Blanc,MI,domestic,Goodrich,0,https://cyclones.com/sports/womens-gymnastics/roster/2026
gym_55d752b30aa0,Samantha,Schneider,gymnastics,2025-26,2025-26,D1,Women,Big 12 Conference,Iowa St.,AA,All-Around,R-Fr.,Fr,"Fairfield, Conn.",Fairfield,CT,domestic,Acellus Academy,1,https://cyclones.com/sports/womens-gymnastics/roster/2026
gym_0ae545a658e7,Frederique,Sgarbossa,gymnastics,2025-26,2025-26,D1,Women,Big 12 Conference,Iowa St.,AA,All-Around,So.,So,"Gatineau, Quebec",Gatineau,,international,Nicolas-Gatineau,0,https://cyclones.com/sports/womens-gymnastics/roster/2026
gym_8807287e0ac1,Kennedy,Thomas,gymnastics,2025-26,2025-26,D1,Women,Big 12 Conference,Iowa St.,AA,All-Around,Fr.,Fr,"Lake Saint Louis, Mo.",Lake Saint Louis,MO,domestic,Timberland,0,https://cyclones.com/sports/womens-gymnastics/roster/2026
gym_1cc42a5ac2b0,Finley,Weldon,gymnastics,2025-26,2025-26,D1,Women,Big 12 Conference,Iowa St.,AA,All-Around,Fr.,Fr,"Fairview, Texas",Fairview,TX,domestic,Park City (Utah),0,https://cyclones.com/sports/womens-gymnastics/roster/2026
gym_bdefde643563,Paige,Wills,gymnastics,2025-26,2025-26,D1,Women,Big 12 Conference,Iowa St.,AA,All-Around,Jr.,Jr,"Kimberton, Pa.",Kimberton,PA,domestic,University Scholars Program (PA Leadership Charter School),0,https://cyclones.com/sports/womens-gymnastics/roster/2026
gym_c7a9d8f60fd7,Nyla,Aquino,gymnastics,2025-26,2025-26,D1,Women,Southeastern Conference,Georgia,AA,All-Around,So.,So,"Boston, Mass.",Boston,MA,domestic,Lexington HS,0,https://georgiadogs.com/sports/womens-gymnastics/roster/2026
gym_e92e3d3d49a2,Csenge,Bácskay,gymnastics,2025-26,2025-26,D1,Women,Southeastern Conference,Georgia,AA,All-Around,Sr.,Sr,"Budapest, Hungary",Budapest,,international,Sylvester Janos HS,0,https://georgiadogs.com/sports/womens-gymnastics/roster/2026
gym_9c655c7c2539,Jaydah,Battle,gymnastics,2025-26,2025-26,D1,Women,Southeastern Conference,Georgia,AA,All-Around,Jr.,Jr,"Hampton, Va.",Hampton,VA,domestic,Bethel HS,0,https://georgiadogs.com/sports/womens-gymnastics/roster/2026
gym_bb7191e31cb6,Kara,Eaker,gymnastics,2025-26,2025-26,D1,Women,Southeastern Conference,Georgia,"BB, FX",Event Specialist,Sr.,Sr,"Kansas City, Mo.",Kansas City,MO,domestic,Grain Valley HS,0,https://georgiadogs.com/sports/womens-gymnastics/roster/2026
gym_88d156c2de91,Brooke,Gleichowski,gymnastics,2025-26,2025-26,D1,Women,Southeastern Conference,Georgia,"UB, BB, FX",Event Specialist,So.,So,"Gainesville, Fla.",Gainesville,FL,domestic,P.K. Yonge Developmental Research School,0,https://georgiadogs.com/sports/womens-gymnastics/roster/2026
gym_3c455a574ff4,Nicole,King,gymnastics,2025-26,2025-26,D1,Women,Southeastern Conference,Georgia,"VT, FX",Event Specialist,Sr.,Sr,"Johns Creek, Ga.",Johns Creek,GA,domestic,Johns Creek HS,0,https://georgiadogs.com/sports/womens-gymnastics/roster/2026
gym_6927d9076f33,Emma,Mason,gymnastics,2025-26,2025-26,D1,Women,Southeastern Conference,Georgia,"UB, BB, FX",Event Specialist,So.,So,"Scott Depot, W.V.",Scott Depot,WV,domestic,Teays Valley Christian,0,https://georgiadogs.com/sports/womens-gymnastics/roster/2026
gym_35a1b61de5b9,Avery,Moll,gymnastics,2025-26,2025-26,D1,Women,Southeastern Conference,Georgia,AA,All-Around,Fr.,Fr,"Canal Fulton, Ohio",Canal Fulton,OH,domestic,Olentangy Berlin HS,0,https://georgiadogs.com/sports/womens-gymnastics/roster/2026
gym_27ee603d9752,Aberdeen,O'Driscoll,gymnastics,2025-26,2025-26,D1,Women,Southeastern Conference,Georgia,AA,All-Around,So.,So,"Léglise, Belgium",Léglise,,international,Topsport School,0,https://georgiadogs.com/sports/womens-gymnastics/roster/2026
gym_1707bec33055,Brooke,Pierson,gymnastics,2025-26,2025-26,D1,Women,Southeastern Conference,Georgia,AA,All-Around,Fr.,Fr,"Canby, Ore.",Canby,OR,domestic,Texas Connections Academy,1,https://georgiadogs.com/sports/womens-gymnastics/roster/2026
gym_33614571aba3,Autumn,Reingold,gymnastics,2025-26,2025-26,D1,Women,Southeastern Conference,Georgia,AA,All-Around,Fr.,Fr,"Cypress, Texas",Cypress,TX,domestic,Texas Connections Academy,1,https://georgiadogs.com/sports/womens-gymnastics/roster/2026
gym_afdc990df31f,Ja',Free Scott,gymnastics,2025-26,2025-26,D1,Women,Southeastern Conference,Georgia,"VT, UB, BB",Event Specialist,Sr.,Sr,"Kansas City, Mo.",Kansas City,MO,domestic,William Christmas HS,0,https://georgiadogs.com/sports/womens-gymnastics/roster/2026
gym_2952b57be4c2,Lily,Smith,gymnastics,2025-26,2025-26,D1,Women,Southeastern Conference,Georgia,AA,All-Around,Jr.,Jr,"Limerick, Pa.",Limerick,PA,domestic,Spring-Ford Area HS,0,https://georgiadogs.com/sports/womens-gymnastics/roster/2026
gym_8364742c2052,Holly,Snyder,gymnastics,2025-26,2025-26,D1,Women,Southeastern Conference,Georgia,AA,All-Around,Jr.,Jr,"Annapolis, Md.",Annapolis,MD,domestic,St. Mary’s Annapolis HS,0,https://georgiadogs.com/sports/womens-gymnastics/roster/2026
gym_3ce537b901dd,Harley,Tomlin,gymnastics,2025-26,2025-26,D1,Women,Southeastern Conference,Georgia,AA,All-Around,So.,So,"Pittsburgh, Pa.",Pittsburgh,PA,domestic,Shady Side Academy,1,https://georgiadogs.com/sports/womens-gymnastics/roster/2026
gym_78c225cda71b,Anya,Turner,gymnastics,2025-26,2025-26,D1,Women,Southeastern Conference,Georgia,"BB, FX",Event Specialist,Jr.,Jr,"Highlands Ranch, Colo.",Highlands Ranch,CO,domestic,Valor Christian,0,https://georgiadogs.com/sports/womens-gymnastics/roster/2026
gym_1740f436b6d0,Ady,Wahl,gymnastics,2025-26,2025-26,D1,Women,Southeastern Conference,Georgia,AA,All-Around,Jr.,Jr,"Zanesville, Ohio",Zanesville,OH,domestic,Zanesville HS,0,https://georgiadogs.com/sports/womens-gymnastics/roster/2026
gym_e0b8002af83a,CaMarah,Williams,gymnastics,2025-26,2025-26,D1,Women,Southeastern Conference,Georgia,AA,All-Around,Fr.,Fr,"Kansas City, Mo.",Kansas City,MO,domestic,EDGE Gymnastics - Riverside,0,https://georgiadogs.com/sports/womens-gymnastics/roster/2026
gym_6eae7da75234,Eryn,Williams,gymnastics,2025-26,2025-26,D1,Women,Southeastern Conference,Georgia,"UB, FX",Event Specialist,Sr.,Sr,"Knoxville, Tenn.",Knoxville,TN,domestic,Farragut HS,0,https://georgiadogs.com/sports/womens-gymnastics/roster/2026
gym_5c2aa559b3d5,Kelise,Woolford,gymnastics,2025-26,2025-26,D1,Women,Southeastern Conference,Georgia,AA,All-Around,Fr.,Fr,"Orange, N.J.",Orange,NJ,domestic,Ohio Connections Academy,1,https://georgiadogs.com/sports/womens-gymnastics/roster/2026
gym_5b48f2aea3e1,Ava,Banks,gymnastics,2025-26,2025-26,D1,Women,Big Ten Conference,Illinois,,UNK,Fr.,Fr,"Menlo Park, Calif.",Menlo Park,CA,domestic,Menlo Atherton High School,0,https://fightingillini.com/sports/womens-gymnastics/roster/2026
gym_73721dab8874,Kennedy,Brown,gymnastics,2025-26,2025-26,D1,Women,Big Ten Conference,Illinois,AA,All-Around,So.,So,"Odenton, Md.",Odenton,MD,domestic,Acellus Academy,1,https://fightingillini.com/sports/womens-gymnastics/roster/2026
gym_1b48a85e045c,Alea,Byrne,gymnastics,2025-26,2025-26,D1,Women,Big Ten Conference,Illinois,AA,All-Around,Sr.,Sr,"Frisco, Texas",Frisco,TX,domestic,Liberty High School,0,https://fightingillini.com/sports/womens-gymnastics/roster/2026
gym_64bdae9aefce,Chloe,Cho,gymnastics,2025-26,2025-26,D1,Women,Big Ten Conference,Illinois,AA,All-Around,So.,So,"Santa Clarita, Calif.",Santa Clarita,CA,domestic,California Connections Academy,1,https://fightingillini.com/sports/womens-gymnastics/roster/2026
gym_732efb938249,Summer,Clancy,gymnastics,2025-26,2025-26,D1,Women,Big Ten Conference,Illinois,,UNK,Fr.,Fr,"Columbia, Ill.",Columbia,IL,domestic,Columbia High School,0,https://fightingillini.com/sports/womens-gymnastics/roster/2026
gym_add8e5b4b8da,Olivia,Coppola,gymnastics,2025-26,2025-26,D1,Women,Big Ten Conference,Illinois,AA,All-Around,Jr.,Jr,"Union, Ky.",Union,KY,domestic,Barren Academy,1,https://fightingillini.com/sports/womens-gymnastics/roster/2026
gym_a231a9d13654,Destiny,Denning,gymnastics,2025-26,2025-26,D1,Women,Big Ten Conference,Illinois,AA,All-Around,Jr.,Jr,"Las Vegas, Nev.",Las Vegas,NV,domestic,Coral Academy,1,https://fightingillini.com/sports/womens-gymnastics/roster/2026
gym_cebf107bad17,Skylar,Ray Dixon,gymnastics,2025-26,2025-26,D1,Women,Big Ten Conference,Illinois,,UNK,Fr.,Fr,"Fort Mill, S.C.",Fort Mill,SC,domestic,Grace Academy,1,https://fightingillini.com/sports/womens-gymnastics/roster/2026
gym_39c50d06d9bd,Sydney,Enriquez,gymnastics,2025-26,2025-26,D1,Women,Big Ten Conference,Illinois,,UNK,Fr.,Fr,"Miami, Fla.",Miami,FL,domestic,Homeschool,1,https://fightingillini.com/sports/womens-gymnastics/roster/2026
gym_f25228d248db,Rachel,Goldstein,gymnastics,2025-26,2025-26,D1,Women,Big Ten Conference,Illinois,,UNK,So.,So,"Bluffton, S.C.",Bluffton,SC,domestic,Heritage Academy,1,https://fightingillini.com/sports/womens-gymnastics/roster/2026
gym_f7af67d176db,Mya,Gordon,gymnastics,2025-26,2025-26,D1,Women,Big Ten Conference,Illinois,AA,All-Around,So.,So,"Mt. Juliet, Tenn.",Mt. Juliet,TN,domestic,Currey Ingram Academy,1,https://fightingillini.com/sports/womens-gymnastics/roster/2026
gym_018cfe5611fa,Piper,Gow,gymnastics,2025-26,2025-26,D1,Women,Big Ten Conference,Illinois,,UNK,Fr.,Fr,"Argyle, Texas",Argyle,TX,domestic,Guyer High School,0,https://fightingillini.com/sports/womens-gymnastics/roster/2026
gym_6bf03a731079,Tali,Joelson,gymnastics,2025-26,2025-26,D1,Women,Big Ten Conference,Illinois,"FX, BB, VT",Event Specialist,Sr.,Sr,"Seattle, Wash.",Seattle,WA,domestic,Ingraham High School,0,https://fightingillini.com/sports/womens-gymnastics/roster/2026
gym_5a3b7307cf1f,Callie,Kauffman,gymnastics,2025-26,2025-26,D1,Women,Big Ten Conference,Illinois,,UNK,Fr.,Fr,"State College, Penn.",State College,PA,domestic,State College Area High School,0,https://fightingillini.com/sports/womens-gymnastics/roster/2026
gym_9568149b6d0c,Eden,King,gymnastics,2025-26,2025-26,D1,Women,Big Ten Conference,Illinois,"FX, BB, VT",Event Specialist,So.,So,"San Mateo, Calif.",San Mateo,CA,domestic,Aragon High School,0,https://fightingillini.com/sports/womens-gymnastics/roster/2026
gym_0b2aa90274a1,Mareli,Muller,gymnastics,2025-26,2025-26,D1,Women,Big Ten Conference,Illinois,AA,All-Around,Jr.,Jr,"Ashburn, Va.",Ashburn,VA,domestic,Stone Bridge High School,0,https://fightingillini.com/sports/womens-gymnastics/roster/2026
gym_4331761f794a,Lyden,Saltness,gymnastics,2025-26,2025-26,D1,Women,Big Ten Conference,Illinois,AA,All-Around,Jr.,Jr,"Stillwater, Minn.",Stillwater,MN,domestic,Forest Lake High School,0,https://fightingillini.com/sports/womens-gymnastics/roster/2026
gym_dfae06f0ec6b,Megan,Sapp,gymnastics,2025-26,2025-26,D1,Women,Big Ten Conference,Illinois,"UB, BB",Event Specialist,Sr.,Sr,"Rockwall, Texas",Rockwall,TX,domestic,Northlake Academy,1,https://fightingillini.com/sports/womens-gymnastics/roster/2026
gym_1fdef52980cc,Hayden,Seymour,gymnastics,2025-26,2025-26,D1,Women,Big Ten Conference,Illinois,,UNK,Fr.,Fr,"Highlands Ranch, Colo.",Highlands Ranch,CO,domestic,Valor Christian,0,https://fightingillini.com/sports/womens-gymnastics/roster/2026
gym_f54e14869b53,Arielle,Ward,gymnastics,2025-26,2025-26,D1,Women,Big Ten Conference,Illinois,AA,All-Around,Sr.,Sr,"Frisco, Texas",Frisco,TX,domestic,Rock Hill High School,0,https://fightingillini.com/sports/womens-gymnastics/roster/2026
gym_454a0e59ca38,Alyssa,Arana,gymnastics,2025-26,2025-26,D1,Women,Southeastern Conference,Florida,AA,All-Around,Jr.,Jr,"Miami, Fla.",Miami,FL,domestic,Leyva Gymnastics Academy,1,https://floridagators.com/sports/womens-gymnastics/roster/2026
gym_40e055fcdb2c,Skye,Blakely,gymnastics,2025-26,2025-26,D1,Women,Southeastern Conference,Florida,AA,All-Around,So.,So,"Frisco, Texas",Frisco,TX,domestic,WOGA,0,https://floridagators.com/sports/womens-gymnastics/roster/2026
gym_bff791a4e6fd,Jayla,Booker,gymnastics,2025-26,2025-26,D1,Women,Southeastern Conference,Florida,AA,All-Around,Fr.,Fr,"Coral Springs, Fla.",Coral Springs,FL,domestic,American Twisters,0,https://floridagators.com/sports/womens-gymnastics/roster/2026
gym_3a14c636423f,Lori,Brubach,gymnastics,2025-26,2025-26,D1,Women,Southeastern Conference,Florida,AA,All-Around,Sr.,Sr,"Apopka, Fla.",Apopka,FL,domestic,RAD Gymnastics,0,https://floridagators.com/sports/womens-gymnastics/roster/2026
gym_a77dca578572,Lily,Bruce,gymnastics,2025-26,2025-26,D1,Women,Southeastern Conference,Florida,AA,All-Around,So.,So,"Kingwood, Texas",Kingwood,TX,domestic,World Champions Centre,0,https://floridagators.com/sports/womens-gymnastics/roster/2026
gym_b0a8961d60d7,Ly,Bui,gymnastics,2025-26,2025-26,D1,Women,Southeastern Conference,Florida,AA,All-Around,So.,So,"Swisher, Iowa",Swisher,IA,domestic,GAGE,0,https://floridagators.com/sports/womens-gymnastics/roster/2026
gym_6bcca55bd83e,Taylor,Clark,gymnastics,2025-26,2025-26,D1,Women,Southeastern Conference,Florida,AA,All-Around,So.,So,"Orange Park, Fla.",Orange Park,FL,domestic,,0,https://floridagators.com/sports/womens-gymnastics/roster/2026
gym_3ef0ed5bbfec,Kayla,DiCello,gymnastics,2025-26,2025-26,D1,Women,Southeastern Conference,Florida,AA,All-Around,Jr.,Jr,"Boyds, Md.",Boyds,MD,domestic,Hill's Gymnastics,0,https://floridagators.com/sports/womens-gymnastics/roster/2026
gym_15ee8ff8ef73,Amelia,Disidore,gymnastics,2025-26,2025-26,D1,Women,Southeastern Conference,Florida,AA,All-Around,Fr.,Fr,"Overland Park, Kansas",Overland Park,KS,domestic,GAGE,0,https://floridagators.com/sports/womens-gymnastics/roster/2026
gym_fe66e5221cd3,Gabby,Disidore,gymnastics,2025-26,2025-26,D1,Women,Southeastern Conference,Florida,AA,All-Around,Jr.,Jr,"Overland Park, Kansas",Overland Park,KS,domestic,GAGE,0,https://floridagators.com/sports/womens-gymnastics/roster/2026
gym_1bb038d5a810,Maddy,Dorbin,gymnastics,2025-26,2025-26,D1,Women,Southeastern Conference,Florida,AA,All-Around,Fr.,Fr,"Lilburn, Ga.",Lilburn,GA,domestic,Georgia Elite,0,https://floridagators.com/sports/womens-gymnastics/roster/2026
gym_c46c2e6db2e9,Skylar,Draser,gymnastics,2025-26,2025-26,D1,Women,Southeastern Conference,Florida,AA,All-Around,Jr.,Jr,"South Huntington, N.Y.",South Huntington,NY,domestic,Parkettes,0,https://floridagators.com/sports/womens-gymnastics/roster/2026
gym_baedef80903b,Danie,Ferris,gymnastics,2025-26,2025-26,D1,Women,Southeastern Conference,Florida,AA,All-Around,Jr.,Jr,"Palm Coast, Fla.",Palm Coast,FL,domestic,Florida Elite,0,https://floridagators.com/sports/womens-gymnastics/roster/2026
gym_dd9ec37eb951,eMjae,Frazier,gymnastics,2025-26,2025-26,D1,Women,Southeastern Conference,Florida,AA,All-Around,Sr.,Sr,"Erial, N.J.",Erial,NJ,domestic,Parkettes,0,https://floridagators.com/sports/womens-gymnastics/roster/2026
gym_754b68b3ca6d,Selena,Harris-Miranda,gymnastics,2025-26,2025-26,D1,Women,Southeastern Conference,Florida,AA,All-Around,Sr.,Sr,"Las Vegas, Nev.",Las Vegas,NV,domestic,Gymcats,0,https://floridagators.com/sports/womens-gymnastics/roster/2026
gym_b28ebeb2d04e,Riley,McCusker,gymnastics,2025-26,2025-26,D1,Women,Southeastern Conference,Florida,AA,All-Around,Sr.,Sr,"Bradenton, Fla.",Bradenton,FL,domestic,Brian Carey,0,https://floridagators.com/sports/womens-gymnastics/roster/2026
gym_05bebf8d366b,Anya,Pilgrim,gymnastics,2025-26,2025-26,D1,Women,Southeastern Conference,Florida,AA,All-Around,Jr.,Jr,"Germantown, Md.",Germantown,MD,domestic,Hill’s Gymnastics,0,https://floridagators.com/sports/womens-gymnastics/roster/2026
gym_22146d98762b,Jocelyn,Sasson,gymnastics,2025-26,2025-26,D1,Women,Southeastern Conference,Florida,AA,All-Around,Fr.,Fr,"Clermont, Fla.",Clermont,FL,domestic,Brandy Johnson's Global Gymnastics,0,https://floridagators.com/sports/womens-gymnastics/roster/2026
gym_0f4c3c6ff489,Nina,Ballou,gymnastics,2025-26,2025-26,D1,Women,Southeastern Conference,LSU,All-Around,All-Around,Freshman,Fr,"Boca Raton, Fla.",Boca Raton,FL,domestic,West Boca Raton Community HS,0,https://lsusports.net/sports/gm/roster/
gym_e0e5b2a4526d,Courtney,Blackson,gymnastics,2025-26,2025-26,D1,Women,Southeastern Conference,LSU,Vault/Uneven Bars/Floor Exercise,Event Specialist,Graduate Student,Gr,"Elk Grove, Calif.",Elk Grove,CA,domestic,Pleasant Grove HS,0,https://lsusports.net/sports/gm/roster/
gym_42d08abd6d18,Molly,Brinkman,gymnastics,2025-26,2025-26,D1,Women,Southeastern Conference,LSU,All-Around,All-Around,Freshman,Fr,"Chandler, Ariz.",Chandler,AZ,domestic,Valley Christian,0,https://lsusports.net/sports/gm/roster/
gym_eba1361507b6,Chase,Brock,gymnastics,2025-26,2025-26,D1,Women,Southeastern Conference,LSU,All-Around,All-Around,Graduate Student,Gr,"Atlanta, Ga.",Atlanta,GA,domestic,Denmark HS,0,https://lsusports.net/sports/gm/roster/
gym_0ddb5803e8c0,Kailin,Chio,gymnastics,2025-26,2025-26,D1,Women,Southeastern Conference,LSU,All-Around,All-Around,Sophomore,So,"Henderson, Nev.",Henderson,NV,domestic,Coral Academy,1,https://lsusports.net/sports/gm/roster/
gym_4f4554688eae,Kylie,Coen,gymnastics,2025-26,2025-26,D1,Women,Southeastern Conference,LSU,All-Around,All-Around,Junior,Jr,"Bedford, Texas",Bedford,TX,domestic,Texas Connections,0,https://lsusports.net/sports/gm/roster/
gym_7fcfde331091,Ashley,Cowan,gymnastics,2025-26,2025-26,D1,Women,Southeastern Conference,LSU,All-Around,All-Around,Senior,Sr,"Hillsborough, N.C.",Hillsborough,NC,domestic,Orange HS,0,https://lsusports.net/sports/gm/roster/
gym_848f00c7c565,Amari,Drayton,gymnastics,2025-26,2025-26,D1,Women,Southeastern Conference,LSU,All-Around,All-Around,Junior,Jr,"Spring, Texas",Spring,TX,domestic,Ignite Christian,0,https://lsusports.net/sports/gm/roster/
gym_3c2da32dc57e,Emily,Innes,gymnastics,2025-26,2025-26,D1,Women,Southeastern Conference,LSU,Vault/Balance Beam/Floor Exercise,Event Specialist,Senior,Sr,"Pittsburgh, Pa.",Pittsburgh,PA,domestic,Plum Senior HS,0,https://lsusports.net/sports/gm/roster/
gym_1172dcda6caf,Alexis,Jeffrey,gymnastics,2025-26,2025-26,D1,Women,Southeastern Conference,LSU,All-Around,All-Around,Graduate Student,Gr,"Warrensburg, Mo.",Warrensburg,MO,domestic,Warrensburg HS,0,https://lsusports.net/sports/gm/roster/
gym_f555e0a7044e,Kaliya,Lincoln,gymnastics,2025-26,2025-26,D1,Women,Southeastern Conference,LSU,All-Around,All-Around,Sophomore,So,"Frisco, Texas",Frisco,TX,domestic,Texas Tech K-12,0,https://lsusports.net/sports/gm/roster/
gym_ddfa622b42dd,Konnor,McClain,gymnastics,2025-26,2025-26,D1,Women,Southeastern Conference,LSU,All-Around,All-Around,Junior,Jr,"Las Vegas, Nev.",Las Vegas,NV,domestic,Homeschool,1,https://lsusports.net/sports/gm/roster/
gym_9a824fee92cb,Leah,Miller,gymnastics,2025-26,2025-26,D1,Women,Southeastern Conference,LSU,Vault/Balance Beam/Floor,Event Specialist,Junior,Jr,"Tucson, AZ",Tucson,AZ,domestic,Salpointe Catholic,0,https://lsusports.net/sports/gm/roster/
gym_3ac160349007,Zoe,Miller,gymnastics,2025-26,2025-26,D1,Women,Southeastern Conference,LSU,All-Around,All-Around,Redshirt Freshman,Fr,"Spring, Texas",Spring,TX,domestic,Ignite Christian,0,https://lsusports.net/sports/gm/roster/
gym_31b4edea3bb0,Haley,Mustari,gymnastics,2025-26,2025-26,D1,Women,Southeastern Conference,LSU,All-Around,All-Around,Freshman,Fr,"Edmond, Okla",Edmond,OK,domestic,Epic Charter School,0,https://lsusports.net/sports/gm/roster/
gym_b0c37b1d94ee,Victoria,Roberts,gymnastics,2025-26,2025-26,D1,Women,Southeastern Conference,LSU,All-Around,All-Around,Sophomore,So,"Belle Chasse, La.",Belle Chasse,LA,domestic,Homeschooled,1,https://lsusports.net/sports/gm/roster/
gym_40d28511c404,Tori,Tatum,gymnastics,2025-26,2025-26,D1,Women,Southeastern Conference,LSU,All-Around,All-Around,Graduate Student,Gr,"Chanhassen, Minn.",Chanhassen,MN,domestic,Minnetonka HS,0,https://lsusports.net/sports/gm/roster/
gym_b64b1900a1f2,Madison,Ulrich,gymnastics,2025-26,2025-26,D1,Women,Southeastern Conference,LSU,All-Around,All-Around,Junior,Jr,"Fort Mill, S.C.",Fort Mill,SC,domestic,Indian Land HS,0,https://lsusports.net/sports/gm/roster/
gym_0f1f168bee11,Kathryn,Weilbacher,gymnastics,2025-26,2025-26,D1,Women,Southeastern Conference,LSU,All-Around,All-Around,5th-year Senior,Sr,"Houston, Texas",Houston,TX,domestic,Memorial HS,0,https://lsusports.net/sports/gm/roster/
gym_977d6cfeea5b,Elyse,Wenner,gymnastics,2025-26,2025-26,D1,Women,Southeastern Conference,LSU,All-Around,All-Around,Freshman,Fr,"Breinisville, Pa.",Breinisville,PA,domestic,Parkland HS,0,https://lsusports.net/sports/gm/roster/
gym_6b88e7410543,Lexi,Zeiss,gymnastics,2025-26,2025-26,D1,Women,Southeastern Conference,LSU,All-Around,All-Around,Sophomore,So,"Omaha, Neb.",Omaha,NE,domestic,University of Nebraska HS,0,https://lsusports.net/sports/gm/roster/
gym_7fd1b5c7c832,Samantha,Bartlett,gymnastics,2025-26,2025-26,D1,Women,Mid-American Conference,NIU,"5'3""",Other,Fr.,Fr,"Lowell, Mas.",Lowell,,international,Lowell,0,https://niuhuskies.com/sports/womens-gymnastics/roster/2026
gym_2ef0891da164,Deziray,Boykin,gymnastics,2025-26,2025-26,D1,Women,Mid-American Conference,NIU,"5'6""",Other,Fr.,Fr,"Henderson, Nev.",Henderson,NV,domestic,Green Valley,0,https://niuhuskies.com/sports/womens-gymnastics/roster/2026
gym_f585982f4604,Audrey,Brenner,gymnastics,2025-26,2025-26,D1,Women,Mid-American Conference,NIU,"5'5""",Other,So.,So,"Fond du Lac, Wis.",Fond du Lac,WI,domestic,Fond du Lac,0,https://niuhuskies.com/sports/womens-gymnastics/roster/2026
gym_14ba5eedf3c8,Makenna,Brooks,gymnastics,2025-26,2025-26,D1,Women,Mid-American Conference,NIU,"5'3""",Other,Fr.,Fr,"Kokomo, Ind.",Kokomo,IN,domestic,Eastern,0,https://niuhuskies.com/sports/womens-gymnastics/roster/2026
gym_47ab2cd33585,Mikayla,Brown,gymnastics,2025-26,2025-26,D1,Women,Mid-American Conference,NIU,"5'4""",Other,Jr.,Jr,"Suwanee, Ga.",Suwanee,GA,domestic,Peachtree Ridge,0,https://niuhuskies.com/sports/womens-gymnastics/roster/2026
gym_a49bee75ec39,Jade,Golembiewski,gymnastics,2025-26,2025-26,D1,Women,Mid-American Conference,NIU,"5'5""",Other,Jr.,Jr,"Washington, Mich.",Washington,MI,domestic,Utica Academy,1,https://niuhuskies.com/sports/womens-gymnastics/roster/2026
gym_38f96c313880,Jocelyn,Harbeck,gymnastics,2025-26,2025-26,D1,Women,Mid-American Conference,NIU,"5'5""",Other,Sr.,Sr,"Frankfort, Ill.",Frankfort,IL,domestic,Lincoln-Way East,0,https://niuhuskies.com/sports/womens-gymnastics/roster/2026
gym_e6bd2dbe10ea,Maria,King,gymnastics,2025-26,2025-26,D1,Women,Mid-American Conference,NIU,"5'4""",Other,So.,So,"Nashville, Tenn.",Nashville,TN,domestic,Currey Ingram Academy,1,https://niuhuskies.com/sports/womens-gymnastics/roster/2026
gym_3c41a1b27308,Ashlie,Leage,gymnastics,2025-26,2025-26,D1,Women,Mid-American Conference,NIU,"5'6""",Other,Jr.,Jr,"Poulsbo, Was.",Poulsbo,,international,North Kitsap,0,https://niuhuskies.com/sports/womens-gymnastics/roster/2026
gym_2bf0873eb837,Syvanna,Navarro,gymnastics,2025-26,2025-26,D1,Women,Mid-American Conference,NIU,"5'3""",Other,Fr.,Fr,"Fishers, Ind.",Fishers,IN,domestic,Hamilton Southeastern,0,https://niuhuskies.com/sports/womens-gymnastics/roster/2026
gym_e3e52a0b9456,Samantha,Nickle,gymnastics,2025-26,2025-26,D1,Women,Mid-American Conference,NIU,"5'0""",Other,Sr.,Sr,"Yorktown, Va.",Yorktown,VA,domestic,York,0,https://niuhuskies.com/sports/womens-gymnastics/roster/2026
gym_740f00a4328c,Kiera,O'Shea,gymnastics,2025-26,2025-26,D1,Women,Mid-American Conference,NIU,"5'6""",Other,Sr.,Sr,"Norridge, Ill.",Norridge,IL,domestic,Ridgewood,0,https://niuhuskies.com/sports/womens-gymnastics/roster/2026
gym_48e5e837cd12,Elizabeth,Poncin,gymnastics,2025-26,2025-26,D1,Women,Mid-American Conference,NIU,"5'5""",Other,Fr.,Fr,"Tinley Park, Ill.",Tinley Park,IL,domestic,Tinley Park,0,https://niuhuskies.com/sports/womens-gymnastics/roster/2026
gym_f80e843e76b9,Avery,Riiff,gymnastics,2025-26,2025-26,D1,Women,Mid-American Conference,NIU,"5'5""",Other,Fr.,Fr,"Frankfort, Ill.",Frankfort,IL,domestic,Lincoln Way East,0,https://niuhuskies.com/sports/womens-gymnastics/roster/2026
gym_6416a4999444,Isabella,Ross,gymnastics,2025-26,2025-26,D1,Women,Mid-American Conference,NIU,"5'3""",Other,Jr.,Jr,"Cary, N.C.",Cary,NC,domestic,Green Level,0,https://niuhuskies.com/sports/womens-gymnastics/roster/2026
gym_d921b9784f65,Dawsyn,Sallee,gymnastics,2025-26,2025-26,D1,Women,Mid-American Conference,NIU,"5'1""",Other,Jr.,Jr,"Versailles, Ky.",Versailles,KY,domestic,Woodford County High,0,https://niuhuskies.com/sports/womens-gymnastics/roster/2026
gym_31ef3755ba17,Alanah,Wallace,gymnastics,2025-26,2025-26,D1,Women,Mid-American Conference,NIU,"5'0""",Other,Fr.,Fr,"Frisco, Tex.",Frisco,,international,Frisco,0,https://niuhuskies.com/sports/womens-gymnastics/roster/2026
gym_fc2843e27571,Savannah,West,gymnastics,2025-26,2025-26,D1,Women,Mid-American Conference,NIU,"5'1""",Other,Jr.,Jr,"Centerville, Ohio",Centerville,OH,domestic,Centerville,0,https://niuhuskies.com/sports/womens-gymnastics/roster/2026
gym_4de3b713fc61,Drake,White,gymnastics,2025-26,2025-26,D1,Women,Mid-American Conference,NIU,"5'4""",Other,So.,So,"Indianapolis, Ind.",Indianapolis,IN,domestic,Bishop Chatard,0,https://niuhuskies.com/sports/womens-gymnastics/roster/2026
gym_663c9cb9be24,Ayla,Acevedo,gymnastics,2025-26,2025-26,D1,Women,Southeastern Conference,Missouri,AA,All-Around,Redshirt Senior,Sr,"Virginia Beach, Va.",Virginia Beach,VA,domestic,Floyd E. Kellam High School,0,https://mutigers.com/sports/womens-gymnastics/roster/season/2026
gym_3ab1af931cd3,Grace,Anne Davis,gymnastics,2025-26,2025-26,D1,Women,Southeastern Conference,Missouri,AA,All-Around,Graduate Student,Gr,"Albertville, Ala.",Albertville,AL,domestic,Albertville High School,0,https://mutigers.com/sports/womens-gymnastics/roster/season/2026
gym_980c410f38d5,Kimarra,Echols,gymnastics,2025-26,2025-26,D1,Women,Southeastern Conference,Missouri,AA,All-Around,Freshman,Fr,"Henderson, Nev.",Henderson,NV,domestic,Green Valley High School,0,https://mutigers.com/sports/womens-gymnastics/roster/season/2026
gym_165fd592296d,Dakota,Essenpries,gymnastics,2025-26,2025-26,D1,Women,Southeastern Conference,Missouri,AA,All-Around,Junior,Jr,"Adrian, Mo.",Adrian,MO,domestic,Adrian High School,0,https://mutigers.com/sports/womens-gymnastics/roster/season/2026
gym_ea062c9271ed,Makayla,Green,gymnastics,2025-26,2025-26,D1,Women,Southeastern Conference,Missouri,AA,All-Around,Graduate Student,Gr,"Mays Landing, N.J.",Mays Landing,NJ,domestic,Oakcrest High School,0,https://mutigers.com/sports/womens-gymnastics/roster/season/2026
gym_2942b611843a,Kennedy,Griffin,gymnastics,2025-26,2025-26,D1,Women,Southeastern Conference,Missouri,AA,All-Around,Junior,Jr,"Strongsville, Ohio",Strongsville,OH,domestic,Strongsville High School,0,https://mutigers.com/sports/womens-gymnastics/roster/season/2026
gym_4c0ce06fbcfc,Hannah,Horton,gymnastics,2025-26,2025-26,D1,Women,Southeastern Conference,Missouri,AA,All-Around,Junior,Jr,"Brooklyn Park, Minn.",Brooklyn Park,MN,domestic,Champlin Park High School,0,https://mutigers.com/sports/womens-gymnastics/roster/season/2026
gym_9e8d6dd4db3e,Railey,Jackson,gymnastics,2025-26,2025-26,D1,Women,Southeastern Conference,Missouri,AA,All-Around,Sophomore,So,"Park Forest, Ill.",Park Forest,IL,domestic,Crete-Monee High School,0,https://mutigers.com/sports/womens-gymnastics/roster/season/2026
gym_c191b0e4c7a7,Olivia,Kelly,gymnastics,2025-26,2025-26,D1,Women,Southeastern Conference,Missouri,AA,All-Around,Sophomore,So,"Bronx, N.Y.",Bronx,NY,domestic,Florida Virtual Flexpoint,0,https://mutigers.com/sports/womens-gymnastics/roster/season/2026
gym_d19c5b9c867d,Bryce,Kupbens,gymnastics,2025-26,2025-26,D1,Women,Southeastern Conference,Missouri,AA,All-Around,Freshman,Fr,"Belmont, Calif.",Belmont,CA,domestic,Carlmont High School,0,https://mutigers.com/sports/womens-gymnastics/roster/season/2026
gym_7df88083022d,Addison,Lawrence,gymnastics,2025-26,2025-26,D1,Women,Southeastern Conference,Missouri,AA,All-Around,Senior,Sr,"Olathe, Kan.",Olathe,KS,domestic,Blue Valley Southwest High School,0,https://mutigers.com/sports/womens-gymnastics/roster/season/2026
gym_a945950f19c3,Rayna,Light,gymnastics,2025-26,2025-26,D1,Women,Southeastern Conference,Missouri,AA,All-Around,Junior,Jr,"Brandon, Fla.",Brandon,FL,domestic,Durant High School,0,https://mutigers.com/sports/womens-gymnastics/roster/season/2026
gym_2e645e422858,Lauren,Macpherson,gymnastics,2025-26,2025-26,D1,Women,Southeastern Conference,Missouri,AA,All-Around,Graduate Student,Gr,"Gilbert, Ariz.",Gilbert,AZ,domestic,Perry High School,0,https://mutigers.com/sports/womens-gymnastics/roster/season/2026
gym_26430e3e2636,Lisa,Szeibert,gymnastics,2025-26,2025-26,D1,Women,Southeastern Conference,Missouri,AA,All-Around,Sophomore,So,"Wyoming, Mich.",Wyoming,MI,domestic,Michigan Connections Academy,1,https://mutigers.com/sports/womens-gymnastics/roster/season/2026
gym_17f0953e7884,Kaia,Tanskanen,gymnastics,2025-26,2025-26,D1,Women,Southeastern Conference,Missouri,AA,All-Around,Sophomore,So,"Howell, Mich.",Howell,MI,domestic,Michigan Connections Academy,1,https://mutigers.com/sports/womens-gymnastics/roster/season/2026
gym_32fff3748847,Maiya,Terry,gymnastics,2025-26,2025-26,D1,Women,Southeastern Conference,Missouri,AA,All-Around,Freshman,Fr,"Coeur D'Alene, Idaho",Coeur D'Alene,ID,domestic,Lake City High School,0,https://mutigers.com/sports/womens-gymnastics/roster/season/2026
gym_5d8aa4127fd5,Elise,Tisler,gymnastics,2025-26,2025-26,D1,Women,Southeastern Conference,Missouri,AA,All-Around,Redshirt Senior,Sr,"Fairfax Station, Va.",Fairfax Station,VA,domestic,Robinson Secondary School,0,https://mutigers.com/sports/womens-gymnastics/roster/season/2026
gym_5c12dab4f8c8,Sara,Wabi,gymnastics,2025-26,2025-26,D1,Women,Southeastern Conference,Missouri,AA,All-Around,Graduate Student,Gr,"Chicago, Ill.",Chicago,IL,domestic,Marist High School,0,https://mutigers.com/sports/womens-gymnastics/roster/season/2026
gym_04cf2b93e10b,Hayli,Westerlind,gymnastics,2025-26,2025-26,D1,Women,Southeastern Conference,Missouri,AA,All-Around,Freshman,Fr,"Riverton, Utah",Riverton,UT,domestic,,0,https://mutigers.com/sports/womens-gymnastics/roster/season/2026
gym_5c03d076f013,Amy,Wier,gymnastics,2025-26,2025-26,D1,Women,Southeastern Conference,Missouri,AA,All-Around,Redshirt Senior,Sr,"St. Louis, Mo.",St. Louis,MO,domestic,Lafayette High School,0,https://mutigers.com/sports/womens-gymnastics/roster/season/2026
gym_08d25e038898,Carly,Bauman,gymnastics,2025-26,2025-26,D1,Women,Big Ten Conference,Michigan,,UNK,Gr.,Gr,"West Des Moines, Iowa",West Des Moines,IA,domestic,Valley,0,https://mgoblue.com/sports/womens-gymnastics/roster/2026
gym_64878d0b94c0,Kayli,Boozer,gymnastics,2025-26,2025-26,D1,Women,Big Ten Conference,Michigan,,UNK,Jr.,Jr,"Texarkana, Texas",Texarkana,TX,domestic,Pleasant Grove,0,https://mgoblue.com/sports/womens-gymnastics/roster/2026
gym_1b7e20a7f054,Lily,Clapper,gymnastics,2025-26,2025-26,D1,Women,Big Ten Conference,Michigan,,UNK,Sr.,Sr,"Ann Arbor, Mich.",Ann Arbor,MI,domestic,Saline,0,https://mgoblue.com/sports/womens-gymnastics/roster/2026
gym_ec25010a7f14,Peyton,Davis,gymnastics,2025-26,2025-26,D1,Women,Big Ten Conference,Michigan,,UNK,So.,So,"West Chester, Pa.",West Chester,PA,domestic,The Episcopal Academy,1,https://mgoblue.com/sports/womens-gymnastics/roster/2026
gym_a63e61c0494d,Sophia,Diaz,gymnastics,2025-26,2025-26,D1,Women,Big Ten Conference,Michigan,,UNK,So.,So,"Clarksville, Md.",Clarksville,MD,domestic,River Hill,0,https://mgoblue.com/sports/womens-gymnastics/roster/2026
gym_4bacd006f6ab,Amy,Fukami,gymnastics,2025-26,2025-26,D1,Women,Big Ten Conference,Michigan,,UNK,So.,So,"Dublin, Calif.",Dublin,CA,domestic,Dublin,0,https://mgoblue.com/sports/womens-gymnastics/roster/2026
gym_b94a98121ae9,Gabrielle,Gauger,gymnastics,2025-26,2025-26,D1,Women,Big Ten Conference,Michigan,,UNK,Fr.,Fr,"Chicago, Ill.",Chicago,IL,domestic,DePaul College Prep,1,https://mgoblue.com/sports/womens-gymnastics/roster/2026
gym_e5577e790b97,Reyna,Guggino,gymnastics,2025-26,2025-26,D1,Women,Big Ten Conference,Michigan,,UNK,Gr.,Gr,"Tampa, Fla.",Tampa,FL,domestic,H.B. Plant,0,https://mgoblue.com/sports/womens-gymnastics/roster/2026
gym_950f775fa1e4,Anelise,Johnson,gymnastics,2025-26,2025-26,D1,Women,Big Ten Conference,Michigan,,UNK,Fr.,Fr,"East Lansing, Mich.",East Lansing,MI,domestic,Johnson Homeschool,1,https://mgoblue.com/sports/womens-gymnastics/roster/2026
gym_c559333b95f8,Ava,Jordan,gymnastics,2025-26,2025-26,D1,Women,Big Ten Conference,Michigan,,UNK,Jr.,Jr,"Indianapolis, Ind.",Indianapolis,IN,domestic,Cathedral,0,https://mgoblue.com/sports/womens-gymnastics/roster/2026
gym_4d8e9b826bad,Katelyn,Kelly,gymnastics,2025-26,2025-26,D1,Women,Big Ten Conference,Michigan,,UNK,Fr.,Fr,"Rochester, Mich.",Rochester,MI,domestic,Clarkston,0,https://mgoblue.com/sports/womens-gymnastics/roster/2026
gym_8234d0e14076,Myli,Lew,gymnastics,2025-26,2025-26,D1,Women,Big Ten Conference,Michigan,,UNK,Fr.,Fr,"Belmont, Calif.",Belmont,CA,domestic,Bridgeway Academy,1,https://mgoblue.com/sports/womens-gymnastics/roster/2026
gym_cb479149916b,Farah,Lipetz,gymnastics,2025-26,2025-26,D1,Women,Big Ten Conference,Michigan,,UNK,Sr.,Sr,"Northport, N.Y.",Northport,NY,domestic,Northport,0,https://mgoblue.com/sports/womens-gymnastics/roster/2026
gym_990c4d81fbdb,Sophie,Parenti,gymnastics,2025-26,2025-26,D1,Women,Big Ten Conference,Michigan,,UNK,So.,So,"Los Altos, Calif.",Los Altos,CA,domestic,Kehillah Jewish High School,0,https://mgoblue.com/sports/womens-gymnastics/roster/2026
gym_845fded1bfd1,Jahzara,Ranger,gymnastics,2025-26,2025-26,D1,Women,Big Ten Conference,Michigan,,UNK,So.,So,"Coconut Creek, Fla.",Coconut Creek,FL,domestic,Coral Glades,0,https://mgoblue.com/sports/womens-gymnastics/roster/2026
gym_152089ffe20c,Audrey,Sanger,gymnastics,2025-26,2025-26,D1,Women,Big Ten Conference,Michigan,,UNK,So.,So,"Oakland, Calif.",Oakland,CA,domestic,Bishop O'Dowd,0,https://mgoblue.com/sports/womens-gymnastics/roster/2026
gym_343f8aabac2f,Paige,Thaxton,gymnastics,2025-26,2025-26,D1,Women,Big Ten Conference,Michigan,,UNK,Sr.,Sr,"Westland, Mich.",Westland,MI,domestic,John Glenn,0,https://mgoblue.com/sports/womens-gymnastics/roster/2026
gym_7387620f38fd,Quincy,Walters,gymnastics,2025-26,2025-26,D1,Women,Big Ten Conference,Michigan,,UNK,Fr.,Fr,"Southlake, Texas",Southlake,TX,domestic,Carroll Senior High School,0,https://mgoblue.com/sports/womens-gymnastics/roster/2026
gym_5a0f10d4547e,Haylen,Zabrowski,gymnastics,2025-26,2025-26,D1,Women,Big Ten Conference,Michigan,,UNK,Jr.,Jr,"Parkland, Fla.",Parkland,FL,domestic,Marjory Stoneman Douglas,0,https://mgoblue.com/sports/womens-gymnastics/roster/2026
gym_b1d18b1b57a5,Meg,Adler,gymnastics,2025-26,2025-26,D1,Women,Atlantic Coast Conference,NC State,,UNK,Sr.,Sr,"Chapel Hill, N.C.",Chapel Hill,NC,domestic,Chapel Hill,0,https://gopack.com/sports/womens-gymnastics/roster/2026
gym_aed39bf2ba4c,Kailee,Adomaites,gymnastics,2025-26,2025-26,D1,Women,Atlantic Coast Conference,NC State,,UNK,Sr.,Sr,"Long Island, N.Y.",Long Island,NY,domestic,Walt Whitman,0,https://gopack.com/sports/womens-gymnastics/roster/2026
gym_2ebca6f8f262,Emerson,Fisk,gymnastics,2025-26,2025-26,D1,Women,Atlantic Coast Conference,NC State,,UNK,Fr.,Fr,"Valrico, Fla.",Valrico,FL,domestic,Durant,0,https://gopack.com/sports/womens-gymnastics/roster/2026
gym_f73c00567973,Raina,Gandhi,gymnastics,2025-26,2025-26,D1,Women,Atlantic Coast Conference,NC State,,UNK,Jr.,Jr,"Albany, N.Y.",Albany,NY,domestic,Shaker,0,https://gopack.com/sports/womens-gymnastics/roster/2026
gym_b42ba12db03c,Elle,Hadrick,gymnastics,2025-26,2025-26,D1,Women,Atlantic Coast Conference,NC State,,UNK,Jr.,Jr,"Durango, Colo.",Durango,CO,domestic,Ralston Valley,0,https://gopack.com/sports/womens-gymnastics/roster/2026
gym_70b85dc54789,Maddie,Hall,gymnastics,2025-26,2025-26,D1,Women,Atlantic Coast Conference,NC State,,UNK,Jr.,Jr,"Hampton, Va.",Hampton,VA,domestic,Home Schooled,0,https://gopack.com/sports/womens-gymnastics/roster/2026
gym_d4f6e5ccf8ea,Katie,Harper,gymnastics,2025-26,2025-26,D1,Women,Atlantic Coast Conference,NC State,,UNK,Jr.,Jr,"Columbus, Ohio",Columbus,OH,domestic,Upper Arlington,0,https://gopack.com/sports/womens-gymnastics/roster/2026
gym_a7b75571840d,Ashley,Knight,gymnastics,2025-26,2025-26,D1,Women,Atlantic Coast Conference,NC State,,UNK,Jr.,Jr,"Greensboro, N.C.",Greensboro,NC,domestic,Southern Guilford,0,https://gopack.com/sports/womens-gymnastics/roster/2026
gym_685d64e6366b,Ava,Myers,gymnastics,2025-26,2025-26,D1,Women,Atlantic Coast Conference,NC State,,UNK,So.,So,"Cedar Grove, N.J.",Cedar Grove,NJ,domestic,Cedar Grove,0,https://gopack.com/sports/womens-gymnastics/roster/2026
gym_b39f4278a34d,Bella,OBryant,gymnastics,2025-26,2025-26,D1,Women,Atlantic Coast Conference,NC State,,UNK,So.,So,"Holly Springs, N.C.",Holly Springs,NC,domestic,Apex Friendship,0,https://gopack.com/sports/womens-gymnastics/roster/2026
gym_9166020715e1,Kyla,Petrocci,gymnastics,2025-26,2025-26,D1,Women,Atlantic Coast Conference,NC State,,UNK,So.,So,"Holly Springs, N.C.",Holly Springs,NC,domestic,Home Schooled,0,https://gopack.com/sports/womens-gymnastics/roster/2026
gym_a3c6f9bde28a,Autumn,Rardin,gymnastics,2025-26,2025-26,D1,Women,Atlantic Coast Conference,NC State,,UNK,Fr.,Fr,"Columbus, Ohio",Columbus,OH,domestic,Canal Winchester,0,https://gopack.com/sports/womens-gymnastics/roster/2026
gym_087c3ebf2504,Madeline,Reid,gymnastics,2025-26,2025-26,D1,Women,Atlantic Coast Conference,NC State,,UNK,Sr.,Sr,"Chapin, S.C.",Chapin,SC,domestic,Gray Collegiate,0,https://gopack.com/sports/womens-gymnastics/roster/2026
gym_cf3f9501d23e,Jenna,Rusk,gymnastics,2025-26,2025-26,D1,Women,Atlantic Coast Conference,NC State,,UNK,So.,So,"New Braunfels, Texas",New Braunfels,TX,domestic,iUniversity Prep,1,https://gopack.com/sports/womens-gymnastics/roster/2026
gym_d00a2ebce844,Elizabeth,Strohecker,gymnastics,2025-26,2025-26,D1,Women,Atlantic Coast Conference,NC State,,UNK,Fr.,Fr,"China Grove, N.C.",China Grove,NC,domestic,Gray Stone,0,https://gopack.com/sports/womens-gymnastics/roster/2026
gym_f0b9ad83739b,Adasyn,Tackett,gymnastics,2025-26,2025-26,D1,Women,Atlantic Coast Conference,NC State,,UNK,Fr.,Fr,"Myrtle Beach, S.C.",Myrtle Beach,SC,domestic,Early College High School,0,https://gopack.com/sports/womens-gymnastics/roster/2026
gym_91169f146469,Syniya,Thomas,gymnastics,2025-26,2025-26,D1,Women,Atlantic Coast Conference,NC State,,UNK,So.,So,"Raleigh, N.C.",Raleigh,NC,domestic,Millbrook,0,https://gopack.com/sports/womens-gymnastics/roster/2026
gym_c0499e570472,Karina,Vega,gymnastics,2025-26,2025-26,D1,Women,Atlantic Coast Conference,NC State,,UNK,Fr.,Fr,"Kissimmee, Fla.",Kissimmee,FL,domestic,Home Schooled,0,https://gopack.com/sports/womens-gymnastics/roster/2026
gym_361516ee6494,Caroline,Volk,gymnastics,2025-26,2025-26,D1,Women,Atlantic Coast Conference,NC State,,UNK,So.,So,"Holly Springs, N.C.",Holly Springs,NC,domestic,Holly Springs,0,https://gopack.com/sports/womens-gymnastics/roster/2026
gym_bb2df4223533,Lauren,Wright,gymnastics,2025-26,2025-26,D1,Women,Atlantic Coast Conference,NC State,,UNK,Jr.,Jr,"Wallingford, Pa.",Wallingford,PA,domestic,Strath Haven,0,https://gopack.com/sports/womens-gymnastics/roster/2026
gym_96babb712f66,Elizabeth,Blessey,gymnastics,2025-26,2025-26,D1,Women,Southeastern Conference,Oklahoma,VT/BB/FX,Event Specialist,So.,So,"Mandeville, La.",Mandeville,LA,domestic,Mandeville HS,0,https://soonersports.com/sports/womens-gymnastics/roster/2026
gym_5e59edd5e062,Nicole,Desmond,gymnastics,2025-26,2025-26,D1,Women,Southeastern Conference,Oklahoma,AA,All-Around,Fr.,Fr,"Kingston, Pa.",Kingston,PA,domestic,Reach Cyber Charter School,0,https://soonersports.com/sports/womens-gymnastics/roster/2026
gym_b8a257adadc8,Mackenzie,Estep,gymnastics,2025-26,2025-26,D1,Women,Southeastern Conference,Oklahoma,AA,All-Around,Fr.,Fr,"Auburn, Wash.",Auburn,WA,domestic,Auburn High School,0,https://soonersports.com/sports/womens-gymnastics/roster/2026
gym_bedba7c49e95,Addison,Fatta,gymnastics,2025-26,2025-26,D1,Women,Southeastern Conference,Oklahoma,AA,All-Around,So.,So,"Wrightsville, Pa.",Wrightsville,PA,domestic,Commonwealth Charter Academy,1,https://soonersports.com/sports/womens-gymnastics/roster/2026
gym_ee25a3077d7b,Danae,Fletcher,gymnastics,2025-26,2025-26,D1,Women,Southeastern Conference,Oklahoma,AA,All-Around,Gr.,Gr,"Philadelphia, Pa.",Philadelphia,PA,domestic,Reach Cyber Charter,0,https://soonersports.com/sports/womens-gymnastics/roster/2026
gym_5db0ae1da98b,Aspen,Lenczner,gymnastics,2025-26,2025-26,D1,Women,Southeastern Conference,Oklahoma,VT/BB/FX,Event Specialist,Jr.,Jr,"Oak Creek, Wis.",Oak Creek,WI,domestic,Oak Creek HS,0,https://soonersports.com/sports/womens-gymnastics/roster/2026
gym_d7f5ef65aede,Elle,Mueller,gymnastics,2025-26,2025-26,D1,Women,Southeastern Conference,Oklahoma,AA,All-Around,So.,So,"Ham Lake, Minn.",Ham Lake,MN,domestic,Blaine HS,0,https://soonersports.com/sports/womens-gymnastics/roster/2026
gym_2a8d3805be85,Ella,Murphy,gymnastics,2025-26,2025-26,D1,Women,Southeastern Conference,Oklahoma,AA,All-Around,Fr.,Fr,"Frisco, Texas",Frisco,TX,domestic,Prestonwood Christian,0,https://soonersports.com/sports/womens-gymnastics/roster/2026
gym_617be0833965,Kamila,Pawlak,gymnastics,2025-26,2025-26,D1,Women,Southeastern Conference,Oklahoma,AA,All-Around,Fr.,Fr,"Melissa, Texas",Melissa,TX,domestic,Texas Connections Academy,1,https://soonersports.com/sports/womens-gymnastics/roster/2026
gym_1ba80d5af64a,Lily,Pederson,gymnastics,2025-26,2025-26,D1,Women,Southeastern Conference,Oklahoma,AA,All-Around,So.,So,"White Bear Lake, Minn.",White Bear Lake,MN,domestic,White Bear Lake Area HS,0,https://soonersports.com/sports/womens-gymnastics/roster/2026
gym_d3b21f9d816b,Blakely,Roten,gymnastics,2025-26,2025-26,D1,Women,Southeastern Conference,Oklahoma,AA,All-Around,Fr.,Fr,"San Antonio, Texas",San Antonio,TX,domestic,Pieper High School,0,https://soonersports.com/sports/womens-gymnastics/roster/2026
gym_0588683aa6cb,Hannah,Scheible,gymnastics,2025-26,2025-26,D1,Women,Southeastern Conference,Oklahoma,AA,All-Around,Jr.,Jr,"Kimball, Mich.",Kimball,MI,domestic,Homeschooled/St. Clair County CC,1,https://soonersports.com/sports/womens-gymnastics/roster/2026
gym_3a0f66e229a6,Ava,Siegfeldt,gymnastics,2025-26,2025-26,D1,Women,Southeastern Conference,Oklahoma,AA,All-Around,Sr.,Sr,"Williamsburg, Va.",Williamsburg,VA,domestic,Warhill HS,0,https://soonersports.com/sports/womens-gymnastics/roster/2026
gym_36ab516ee262,Kelsey,Slade,gymnastics,2025-26,2025-26,D1,Women,Southeastern Conference,Oklahoma,AA,All-Around,So.,So,"Vail, Arizona",Vail,AZ,domestic,Cienega HS,0,https://soonersports.com/sports/womens-gymnastics/roster/2026
gym_8b231d59eae0,Caitlin,Smith,gymnastics,2025-26,2025-26,D1,Women,Southeastern Conference,Oklahoma,AA,All-Around,R-Jr.,Jr,"Houston, Texas",Houston,TX,domestic,Texas Connections Academy,1,https://soonersports.com/sports/womens-gymnastics/roster/2026
gym_7917fdd7dc6e,Hurley,Snow,gymnastics,2025-26,2025-26,D1,Women,Southeastern Conference,Oklahoma,BB,Event Specialist,So.,So,"Newcastle, Okla.",Newcastle,OK,domestic,,0,https://soonersports.com/sports/womens-gymnastics/roster/2026
gym_f787d3694b8c,Faith,Torrez,gymnastics,2025-26,2025-26,D1,Women,Southeastern Conference,Oklahoma,AA,All-Around,Sr.,Sr,"Bristol, Wis.",Bristol,WI,domestic,Connections Academy,1,https://soonersports.com/sports/womens-gymnastics/roster/2026
gym_5bee3c400139,Keira,Wells,gymnastics,2025-26,2025-26,D1,Women,Southeastern Conference,Oklahoma,AA,All-Around,Jr.,Jr,"Augusta, Kan.",Augusta,KS,domestic,Augusta HS,0,https://soonersports.com/sports/womens-gymnastics/roster/2026
gym_7c06d5af0a3c,Jordan,Barrow,gymnastics,2025-26,2025-26,D1,Women,Ivy League,Penn,,UNK,Jr.,Jr,"Jackson, Tenn.",Jackson,TN,domestic,Jackson Christian,0,https://pennathletics.com/sports/womens-gymnastics/roster/2026
gym_a76753c4ce6b,Makenna,Damhorst,gymnastics,2025-26,2025-26,D1,Women,Ivy League,Penn,,UNK,Jr.,Jr,"Scotts Valley, Calif.",Scotts Valley,CA,domestic,Manchester Academy,1,https://pennathletics.com/sports/womens-gymnastics/roster/2026
gym_a007a60f0342,Eilyn,Doe,gymnastics,2025-26,2025-26,D1,Women,Ivy League,Penn,,UNK,R-Fr.,Fr,"Mount Laurel, N.J.",Mount Laurel,NJ,domestic,,0,https://pennathletics.com/sports/womens-gymnastics/roster/2026
gym_125ae8a5b5a3,Jessica,Drobick,gymnastics,2025-26,2025-26,D1,Women,Ivy League,Penn,,UNK,Fr.,Fr,"Livermore, Calif.",Livermore,CA,domestic,,0,https://pennathletics.com/sports/womens-gymnastics/roster/2026
gym_cfff58a5a9c3,Mimi,Fletcher,gymnastics,2025-26,2025-26,D1,Women,Ivy League,Penn,,UNK,So.,So,"Mountain View, Calif.",Mountain View,CA,domestic,Mountain View,0,https://pennathletics.com/sports/womens-gymnastics/roster/2026
gym_fc9832debef6,Manama,Fofana,gymnastics,2025-26,2025-26,D1,Women,Ivy League,Penn,,UNK,So.,So,"Atlanta, Ga.",Atlanta,GA,domestic,West Forsyth,0,https://pennathletics.com/sports/womens-gymnastics/roster/2026
gym_587c52c69952,Skylar,Goodstadt,gymnastics,2025-26,2025-26,D1,Women,Ivy League,Penn,,UNK,So.,So,"Roslyn, N.Y.",Roslyn,NY,domestic,Roslyn,0,https://pennathletics.com/sports/womens-gymnastics/roster/2026
gym_1725f74c9ae8,Ava,Hooten,gymnastics,2025-26,2025-26,D1,Women,Ivy League,Penn,,UNK,Fr.,Fr,"Waterville, Iowa",Waterville,IA,domestic,,0,https://pennathletics.com/sports/womens-gymnastics/roster/2026
gym_72a8f70cf79d,Skyelar,Kerico,gymnastics,2025-26,2025-26,D1,Women,Ivy League,Penn,,UNK,Sr.,Sr,"Toms River, N.J.",Toms River,NJ,domestic,Toms River North,0,https://pennathletics.com/sports/womens-gymnastics/roster/2026
gym_7aeb093f3d7a,Marissa,Lassiter,gymnastics,2025-26,2025-26,D1,Women,Ivy League,Penn,,UNK,Sr.,Sr,"Waldorf, Md.",Waldorf,MD,domestic,North Point,0,https://pennathletics.com/sports/womens-gymnastics/roster/2026
gym_3f531f9e73aa,Maggie,Murphy,gymnastics,2025-26,2025-26,D1,Women,Ivy League,Penn,,UNK,So.,So,"Westford, Mass.",Westford,MA,domestic,,0,https://pennathletics.com/sports/womens-gymnastics/roster/2026
gym_93c995c6f579,Carly,Oniki,gymnastics,2025-26,2025-26,D1,Women,Ivy League,Penn,,UNK,Sr.,Sr,"Pleasanton, Calif.",Pleasanton,CA,domestic,Amador Valley,0,https://pennathletics.com/sports/womens-gymnastics/roster/2026
gym_acdf534e177a,Sophia,Paris,gymnastics,2025-26,2025-26,D1,Women,Ivy League,Penn,,UNK,Jr.,Jr,"Oakville, Ontario",Oakville,,international,University HS,0,https://pennathletics.com/sports/womens-gymnastics/roster/2026
gym_1ef94d11b718,Ananya,Patanakul,gymnastics,2025-26,2025-26,D1,Women,Ivy League,Penn,,UNK,Fr.,Fr,"Erie, Pa.",Erie,PA,domestic,,0,https://pennathletics.com/sports/womens-gymnastics/roster/2026
gym_3fa6bd82b3e5,Madison,Perkins,gymnastics,2025-26,2025-26,D1,Women,Ivy League,Penn,,UNK,Jr.,Jr,"Los Alamitos, Calif.",Los Alamitos,CA,domestic,Los Alamitos,0,https://pennathletics.com/sports/womens-gymnastics/roster/2026
gym_2bea9d4f629a,Alyssa,Rosen,gymnastics,2025-26,2025-26,D1,Women,Ivy League,Penn,,UNK,Sr.,Sr,"Massapequa, N.Y.",Massapequa,NY,domestic,Plainedge,0,https://pennathletics.com/sports/womens-gymnastics/roster/2026
gym_3a1909715a44,Luci,Toczydlowski,gymnastics,2025-26,2025-26,D1,Women,Ivy League,Penn,,UNK,So.,So,"Archbald, Pa.",Archbald,PA,domestic,Scranton Prepatory,0,https://pennathletics.com/sports/womens-gymnastics/roster/2026
gym_3f471df65b83,Jackie,Tunney,gymnastics,2025-26,2025-26,D1,Women,Ivy League,Penn,,UNK,Jr.,Jr,"Freehold, N.J.",Freehold,NJ,domestic,Pearson Online Academy,1,https://pennathletics.com/sports/womens-gymnastics/roster/2026
gym_852a92fc1c04,Alisha,Werlen,gymnastics,2025-26,2025-26,D1,Women,Ivy League,Penn,,UNK,Sr.,Sr,"Hillsborough, N.J.",Hillsborough,NJ,domestic,Hillsborough,0,https://pennathletics.com/sports/womens-gymnastics/roster/2026
gym_181755c455d5,Ruth,Whaley,gymnastics,2025-26,2025-26,D1,Women,Ivy League,Penn,,UNK,Fr.,Fr,"Annapolis, Md.",Annapolis,MD,domestic,,0,https://pennathletics.com/sports/womens-gymnastics/roster/2026
gym_3ae05ef6524f,Samantha,Wu,gymnastics,2025-26,2025-26,D1,Women,Ivy League,Penn,,UNK,Sr.,Sr,"Cupertino, Calif.",Cupertino,CA,domestic,Lynbrook,0,https://pennathletics.com/sports/womens-gymnastics/roster/2026
gym_c9ce1538bca4,Sienna,Zuccaro,gymnastics,2025-26,2025-26,D1,Women,Ivy League,Penn,,UNK,So.,So,"New Hartford, N.Y.",New Hartford,NY,domestic,North Oconee,0,https://pennathletics.com/sports/womens-gymnastics/roster/2026
gym_9afbf7e3b97d,Olivia,Buckner,gymnastics,2025-26,2025-26,D1,Women,Pac-12 Conference,Oregon St.,AA,All-Around,Jr.,Jr,"Riverton, Utah",Riverton,UT,domestic,Riverton HS,0,https://osubeavers.com/sports/womens-gymnastics/roster/2026
gym_40c7f61447f0,Francesca,Caso,gymnastics,2025-26,2025-26,D1,Women,Pac-12 Conference,Oregon St.,AA,All-Around,Sr.,Sr,"Santa Monica, Calif.",Santa Monica,CA,domestic,Tree Academy,1,https://osubeavers.com/sports/womens-gymnastics/roster/2026
gym_4114a3874275,Kaylee,Cheek,gymnastics,2025-26,2025-26,D1,Women,Pac-12 Conference,Oregon St.,AA,All-Around,Fr.,Fr,"Spanish Fork, Utah",Spanish Fork,UT,domestic,Maple Mountain HS,0,https://osubeavers.com/sports/womens-gymnastics/roster/2026
gym_da6df4487d31,Kyanna,Crabb,gymnastics,2025-26,2025-26,D1,Women,Pac-12 Conference,Oregon St.,AA,All-Around,So.,So,"Vancouver, Wash.",Vancouver,WA,domestic,Ridgefield HS,0,https://osubeavers.com/sports/womens-gymnastics/roster/2026
gym_56f17e6a09c4,Taylor,DeVries,gymnastics,2025-26,2025-26,D1,Women,Pac-12 Conference,Oregon St.,AA,All-Around,Jr.,Jr,"Roscoe, Ill.",Roscoe,IL,domestic,Rockford Christian,0,https://osubeavers.com/sports/womens-gymnastics/roster/2026
gym_5ce51fe64540,Sophia,Esposito,gymnastics,2025-26,2025-26,D1,Women,Pac-12 Conference,Oregon St.,AA,All-Around,Jr.,Jr,"Melville, N.Y.",Melville,NY,domestic,Half Hollow Hills HS East,0,https://osubeavers.com/sports/womens-gymnastics/roster/2026
gym_b5df54561975,Guilianna,Fiorillo,gymnastics,2025-26,2025-26,D1,Women,Pac-12 Conference,Oregon St.,AA,All-Around,So.,So,"San José, Calif.",San José,CA,domestic,Saint Francis HS,0,https://osubeavers.com/sports/womens-gymnastics/roster/2026
gym_2f7c3a27bbbe,Mia,Heather,gymnastics,2025-26,2025-26,D1,Women,Pac-12 Conference,Oregon St.,"UB, BB",Event Specialist,Jr.,Jr,"San Francisco, Calif.",San Francisco,CA,domestic,Independence HS,0,https://osubeavers.com/sports/womens-gymnastics/roster/2026
gym_f2f8301241d3,Sophia,Kaloudis,gymnastics,2025-26,2025-26,D1,Women,Pac-12 Conference,Oregon St.,AA,All-Around,So.,So,"Huntington, N.Y.",Huntington,NY,domestic,Huntington HS,0,https://osubeavers.com/sports/womens-gymnastics/roster/2026
gym_11913d600b25,Lauren,Letzsch,gymnastics,2025-26,2025-26,D1,Women,Pac-12 Conference,Oregon St.,"V, BB, FX",Event Specialist,Sr.,Sr,"Golden, Colo.",Golden,CO,domestic,Colorado Connections Academy,1,https://osubeavers.com/sports/womens-gymnastics/roster/2026
gym_8554de92c626,Reina,Marchal,gymnastics,2025-26,2025-26,D1,Women,Pac-12 Conference,Oregon St.,AA,All-Around,So.,So,"Las Vegas, Nev.",Las Vegas,NV,domestic,Odyssey Charter HS,0,https://osubeavers.com/sports/womens-gymnastics/roster/2026
gym_86b912582cca,Jennifer,McMillan,gymnastics,2025-26,2025-26,D1,Women,Pac-12 Conference,Oregon St.,AA,All-Around,Sr.,Sr,"Charlotte, N.C.",Charlotte,NC,domestic,Covenant Day School,0,https://osubeavers.com/sports/womens-gymnastics/roster/2026
gym_dc6a1d13aa6d,Savannah,Miller,gymnastics,2025-26,2025-26,D1,Women,Pac-12 Conference,Oregon St.,AA,All-Around,Sr.,Sr,"Waterford, Mich.",Waterford,MI,domestic,Lakeland HS,0,https://osubeavers.com/sports/womens-gymnastics/roster/2026
gym_f2466aab6e7d,Camryn,Richardson,gymnastics,2025-26,2025-26,D1,Women,Pac-12 Conference,Oregon St.,AA,All-Around,Fr.,Fr,"Pearland, Texas",Pearland,TX,domestic,Hightower HS,0,https://osubeavers.com/sports/womens-gymnastics/roster/2026
gym_f3129dff77df,Katie,Rude,gymnastics,2025-26,2025-26,D1,Women,Pac-12 Conference,Oregon St.,AA,All-Around,Fr.,Fr,"Stateline, Nev.",Stateline,NV,domestic,Acellus Academy,1,https://osubeavers.com/sports/womens-gymnastics/roster/2026
gym_b4459585cbfb,Paloma,Spiridonova,gymnastics,2025-26,2025-26,D1,Women,Pac-12 Conference,Oregon St.,AA,All-Around,Fr.,Fr,"Dallas, Texas",Dallas,TX,domestic,Connections Academy,1,https://osubeavers.com/sports/womens-gymnastics/roster/2026
gym_e9d7b3db69a7,Giavanna,Tatone,gymnastics,2025-26,2025-26,D1,Women,Pac-12 Conference,Oregon St.,AA,All-Around,Fr.,Fr,"Roseburg, Ore.",Roseburg,OR,domestic,Roseburg HS,0,https://osubeavers.com/sports/womens-gymnastics/roster/2026
gym_63a97f8be138,Paulina,Vargas,gymnastics,2025-26,2025-26,D1,Women,Pac-12 Conference,Oregon St.,AA,All-Around,So.,So,"Mexico City, Mexico",Mexico City,,international,Anahuac HS,0,https://osubeavers.com/sports/womens-gymnastics/roster/2026
gym_39d2c7d54ded,Ellie,Weaver,gymnastics,2025-26,2025-26,D1,Women,Pac-12 Conference,Oregon St.,AA,All-Around,Sr.,Sr,"Battle Ground, Wash.",Battle Ground,WA,domestic,Union HS,0,https://osubeavers.com/sports/womens-gymnastics/roster/2026
gym_a39e0af686dc,Megan,Bingham,gymnastics,2025-26,2025-26,D1,Women,Big Ten Conference,Maryland,,UNK,Sr.,Sr,"Louisville, KY",Louisville,KY,domestic,Eastern,0,https://umterps.com/sports/womens-gymnastics/roster/2026
gym_58f6b6eda951,Lauren,Brendlinger,gymnastics,2025-26,2025-26,D1,Women,Big Ten Conference,Maryland,,UNK,Jr.,Jr,"Ashburn, VA",Ashburn,VA,domestic,Broad Run,0,https://umterps.com/sports/womens-gymnastics/roster/2026
gym_e930221daacc,Logan,Buckmon,gymnastics,2025-26,2025-26,D1,Women,Big Ten Conference,Maryland,,UNK,Jr.,Jr,"White Plains, MD",White Plains,MD,domestic,Maurice J. McDonough,0,https://umterps.com/sports/womens-gymnastics/roster/2026
gym_55751cc0fceb,Nicollette,Crochet,gymnastics,2025-26,2025-26,D1,Women,Big Ten Conference,Maryland,,UNK,So.,So,"Monmouth Beach, NJ",Monmouth Beach,NJ,domestic,Shore Regional,0,https://umterps.com/sports/womens-gymnastics/roster/2026
gym_62f647b78281,Alexis,Czarrunchick,gymnastics,2025-26,2025-26,D1,Women,Big Ten Conference,Maryland,,UNK,So.,So,"Howell, NJ",Howell,NJ,domestic,Freehold Township High School,0,https://umterps.com/sports/womens-gymnastics/roster/2026
gym_30f78bbdc6ac,Emily,DeFrees,gymnastics,2025-26,2025-26,D1,Women,Big Ten Conference,Maryland,,UNK,Fr.,Fr,"New London, PA",New London,PA,domestic,Avon Grove,0,https://umterps.com/sports/womens-gymnastics/roster/2026
gym_f78d5644085e,Chelsey,Dennis,gymnastics,2025-26,2025-26,D1,Women,Big Ten Conference,Maryland,,UNK,Jr.,Jr,"Altamonte Springs, FL",Altamonte Springs,FL,domestic,Lake Brantley,0,https://umterps.com/sports/womens-gymnastics/roster/2026
gym_1eb9aa4f3f33,Rayna,Engelmayer,gymnastics,2025-26,2025-26,D1,Women,Big Ten Conference,Maryland,,UNK,So.,So,"Hugo, MN",Hugo,MN,domestic,White Bear Lake,0,https://umterps.com/sports/womens-gymnastics/roster/2026
gym_2e371b2a78a2,Madeline,Gershuny,gymnastics,2025-26,2025-26,D1,Women,Big Ten Conference,Maryland,,UNK,Fr.,Fr,"Milton, GA",Milton,GA,domestic,Milton High,0,https://umterps.com/sports/womens-gymnastics/roster/2026
gym_1a33a87b7a83,Layla,Hammer,gymnastics,2025-26,2025-26,D1,Women,Big Ten Conference,Maryland,,UNK,Jr.,Jr,"Aurora, IL",Aurora,IL,domestic,Metea Valley,0,https://umterps.com/sports/womens-gymnastics/roster/2026
gym_d14511edcbba,Josephine,Kogler,gymnastics,2025-26,2025-26,D1,Women,Big Ten Conference,Maryland,,UNK,Gr.,Gr,"Centereach, NY",Centereach,NY,domestic,St. Anthony's,0,https://umterps.com/sports/womens-gymnastics/roster/2026
gym_38068e8383a3,Madeline,Komoroski,gymnastics,2025-26,2025-26,D1,Women,Big Ten Conference,Maryland,,UNK,Sr.,Sr,"Pittsburgh, PA",Pittsburgh,PA,domestic,Pine Richland,0,https://umterps.com/sports/womens-gymnastics/roster/2026
gym_ae604e32c69f,Olivia,Lang,gymnastics,2025-26,2025-26,D1,Women,Big Ten Conference,Maryland,,UNK,Fr.,Fr,"Mason, OH",Mason,OH,domestic,Mount Notre Dame,0,https://umterps.com/sports/womens-gymnastics/roster/2026
gym_3607ed0358d1,Katrina,Mendez-Abolnik,gymnastics,2025-26,2025-26,D1,Women,Big Ten Conference,Maryland,,UNK,Gr.,Gr,"Bristow, VA",Bristow,VA,domestic,Patriot,0,https://umterps.com/sports/womens-gymnastics/roster/2026
gym_4f4dc13d71c3,Sydney,Mullen,gymnastics,2025-26,2025-26,D1,Women,Big Ten Conference,Maryland,,UNK,Fr.,Fr,"Louisa, VA",Louisa,VA,domestic,Louisa County,0,https://umterps.com/sports/womens-gymnastics/roster/2026
gym_e18a15ea0705,Aine,Reade,gymnastics,2025-26,2025-26,D1,Women,Big Ten Conference,Maryland,,UNK,So.,So,"Merrimac, MA",Merrimac,MA,domestic,Pentucket Regional,0,https://umterps.com/sports/womens-gymnastics/roster/2026
gym_d3893b53634f,Taylor,Rech,gymnastics,2025-26,2025-26,D1,Women,Big Ten Conference,Maryland,,UNK,Sr.,Sr,"Milton, GA",Milton,GA,domestic,Cambridge,0,https://umterps.com/sports/womens-gymnastics/roster/2026
gym_5e83683213a9,Charlotte,Ritchey,gymnastics,2025-26,2025-26,D1,Women,Big Ten Conference,Maryland,,UNK,Fr.,Fr,"Annapolis, MD",Annapolis,MD,domestic,Broadneck,0,https://umterps.com/sports/womens-gymnastics/roster/2026
gym_bfd61c8ddb97,Gianna,Ruffing,gymnastics,2025-26,2025-26,D1,Women,Big Ten Conference,Maryland,,UNK,Jr.,Jr,"Marlborough, MA",Marlborough,MA,domestic,Advanced Math and Science Academy,1,https://umterps.com/sports/womens-gymnastics/roster/2026
gym_85440b0dbae4,Sarah,Saville,gymnastics,2025-26,2025-26,D1,Women,Big Ten Conference,Maryland,,UNK,So.,So,"Phoenixville, PA",Phoenixville,PA,domestic,Renaissance Academy,1,https://umterps.com/sports/womens-gymnastics/roster/2026
gym_55ef6c0a6b11,Katherine,Shackelford,gymnastics,2025-26,2025-26,D1,Women,Big Ten Conference,Maryland,,UNK,Fr.,Fr,"Springboro, OH",Springboro,OH,domestic,Springboro,0,https://umterps.com/sports/womens-gymnastics/roster/2026
gym_fce96961d0ef,Madi,Bell,gymnastics,2025-26,2025-26,D1,Women,Atlantic Coast Conference,Pittsburgh,AA,All-Around,Fr.,Fr,"Springfield, VA",Springfield,VA,domestic,Lake Braddock Secondary School,0,https://pittsburghpanthers.com/sports/womens-gymnastics/roster/2026
gym_eee37757ac10,Layla,Bobek,gymnastics,2025-26,2025-26,D1,Women,Atlantic Coast Conference,Pittsburgh,AA,All-Around,Fr.,Fr,"Hilliard, Ohio",Hilliard,OH,domestic,Hilliard Davidson HS,0,https://pittsburghpanthers.com/sports/womens-gymnastics/roster/2026
gym_4e853bae0d71,Camryn,Chiu,gymnastics,2025-26,2025-26,D1,Women,Atlantic Coast Conference,Pittsburgh,AA,All-Around,So.,So,"Kailua, HI",Kailua,HI,domestic,Punahou School,0,https://pittsburghpanthers.com/sports/womens-gymnastics/roster/2026
gym_1af495ec1985,Kenzie,Clark,gymnastics,2025-26,2025-26,D1,Women,Atlantic Coast Conference,Pittsburgh,VT/FX,Event Specialist,Fr.,Fr,"Bowie, MD",Bowie,MD,domestic,Acellus Academy,1,https://pittsburghpanthers.com/sports/womens-gymnastics/roster/2026
gym_97f177d02da5,Hallie,Copperwheat,gymnastics,2025-26,2025-26,D1,Women,Atlantic Coast Conference,Pittsburgh,AA,All-Around,R-Sr.,Sr,"Leighton Buzzard, England",Leighton Buzzard,,international,Cedars Upper School,0,https://pittsburghpanthers.com/sports/womens-gymnastics/roster/2026
gym_055712367393,Kennedy,Duke,gymnastics,2025-26,2025-26,D1,Women,Atlantic Coast Conference,Pittsburgh,AA,All-Around,Sr.,Sr,"Surrey, British Columbia, Canada",Surrey,,international,North Surrey Secondary,0,https://pittsburghpanthers.com/sports/womens-gymnastics/roster/2026
gym_8a74ef7f93d9,Reyna,Garvey,gymnastics,2025-26,2025-26,D1,Women,Atlantic Coast Conference,Pittsburgh,UB/BB,Event Specialist,Sr.,Sr,"Pittsburgh, PA",Pittsburgh,PA,domestic,North Allegheny,0,https://pittsburghpanthers.com/sports/womens-gymnastics/roster/2026
gym_906345cee14d,Olivia,Giunta,gymnastics,2025-26,2025-26,D1,Women,Atlantic Coast Conference,Pittsburgh,"VT, BB, FX",Event Specialist,So.,So,"Hinsdale, IL",Hinsdale,IL,domestic,Hinsdale Central,0,https://pittsburghpanthers.com/sports/womens-gymnastics/roster/2026
gym_5a2d4bfb35ed,Makenzie,Grant,gymnastics,2025-26,2025-26,D1,Women,Atlantic Coast Conference,Pittsburgh,AA,All-Around,Fr.,Fr,"Delta, British Columbia, Canada",Delta,,international,Delta Secondary School,0,https://pittsburghpanthers.com/sports/womens-gymnastics/roster/2026
gym_62f346c75198,Lailah,Green,gymnastics,2025-26,2025-26,D1,Women,Atlantic Coast Conference,Pittsburgh,AA,All-Around,Fr.,Fr,"Boerne, Texas",Boerne,TX,domestic,Texas Connections Academy,1,https://pittsburghpanthers.com/sports/womens-gymnastics/roster/2026
gym_a25d1629fc43,Meika,Lee,gymnastics,2025-26,2025-26,D1,Women,Atlantic Coast Conference,Pittsburgh,AA,All-Around,So.,So,"Palmer, Alaska",Palmer,AK,domestic,Mat-su Career & Technical,0,https://pittsburghpanthers.com/sports/womens-gymnastics/roster/2026
gym_f33789f6473a,Mali,Morgan,gymnastics,2025-26,2025-26,D1,Women,Atlantic Coast Conference,Pittsburgh,AA,All-Around,Fr.,Fr,"Llantwit Major, Wales",Llantwit Major,,international,Llantwit Major High School,0,https://pittsburghpanthers.com/sports/womens-gymnastics/roster/2026
gym_02c92fcc3adc,Lila,Pileggi,gymnastics,2025-26,2025-26,D1,Women,Atlantic Coast Conference,Pittsburgh,AA,All-Around,So.,So,"Upper Burrell, PA",Upper Burrell,PA,domestic,Burrell,0,https://pittsburghpanthers.com/sports/womens-gymnastics/roster/2026
gym_0e7a17de132d,Jaime,Pratt,gymnastics,2025-26,2025-26,D1,Women,Atlantic Coast Conference,Pittsburgh,AA,All-Around,Sr.,Sr,"Hanover, PA",Hanover,PA,domestic,New Oxford,0,https://pittsburghpanthers.com/sports/womens-gymnastics/roster/2026
gym_043ea1e76f7f,Julie,Røttum Madsø,gymnastics,2025-26,2025-26,D1,Women,Atlantic Coast Conference,Pittsburgh,AA,All-Around,Jr.,Jr,"Asker, Norway",Asker,,international,WANG Toppidrett,0,https://pittsburghpanthers.com/sports/womens-gymnastics/roster/2026
gym_2514c6615526,Darbi,Simcox,gymnastics,2025-26,2025-26,D1,Women,Atlantic Coast Conference,Pittsburgh,AA,All-Around,So.,So,"Lock Haven, PA",Lock Haven,PA,domestic,Commonwealth Charter,0,https://pittsburghpanthers.com/sports/womens-gymnastics/roster/2026
gym_7c914395a078,Emily,Todd,gymnastics,2025-26,2025-26,D1,Women,Atlantic Coast Conference,Pittsburgh,UB/BB/FX,Event Specialist,Jr.,Jr,"Bristol, England",Bristol,,international,Bradley Stoke Community School,0,https://pittsburghpanthers.com/sports/womens-gymnastics/roster/2026
gym_5472cced2b49,Event(s),,gymnastics,2025-26,2025-26,D1,Women,Atlantic Coast Conference,Pittsburgh,,UNK,,UNK,,,,unknown,Lake Braddock Secondary School,0,https://pittsburghpanthers.com/sports/womens-gymnastics/roster/2026
gym_60394d462b44,Elliot,Bringhurst,gymnastics,2025-26,2025-26,D1,Women,Western Athletic Conference,Southern Utah,Vault/Beam/Floor VT/BB/FX,Event Specialist,Jr.,Jr,"Henderson, Nevada",Henderson,NV,domestic,Coronado High School,0,https://suutbirds.com/sports/womens-gymnastics/roster/2026
gym_67ddc653e0d8,Brinlee,Christensen,gymnastics,2025-26,2025-26,D1,Women,Western Athletic Conference,Southern Utah,All Around AA,All-Around,Jr.,Jr,"South Jordan, Utah",South Jordan,UT,domestic,Providence Hall High School,0,https://suutbirds.com/sports/womens-gymnastics/roster/2026
gym_58699850e8b0,Ariel,Collum,gymnastics,2025-26,2025-26,D1,Women,Western Athletic Conference,Southern Utah,All Around AA,All-Around,Fr.,Fr,"Las Vegas, Nevada",Las Vegas,NV,domestic,Odyssey Charter High School,0,https://suutbirds.com/sports/womens-gymnastics/roster/2026
gym_c23fa1923c0c,Stella,Dairon,gymnastics,2025-26,2025-26,D1,Women,Western Athletic Conference,Southern Utah,All Around AA,All-Around,Fr.,Fr,"Fort Collins, Colorado",Fort Collins,CO,domestic,Fort Collins High School,0,https://suutbirds.com/sports/womens-gymnastics/roster/2026
gym_aa374107ef18,Marisa,de Groot,gymnastics,2025-26,2025-26,D1,Women,Western Athletic Conference,Southern Utah,Beam/Floor BB/FX,Event Specialist,Jr.,Jr,"Calgary, AB Canada",Calgary,,international,National Sport School,0,https://suutbirds.com/sports/womens-gymnastics/roster/2026
gym_0caccc7a309c,Maria,Ferguson,gymnastics,2025-26,2025-26,D1,Women,Western Athletic Conference,Southern Utah,Bars/Beam UB/BB,Event Specialist,Jr.,Jr,"Henderson, Nevada",Henderson,NV,domestic,Salcianu Elite,0,https://suutbirds.com/sports/womens-gymnastics/roster/2026
gym_ea6ba1593a43,Alyssa,Fernandez,gymnastics,2025-26,2025-26,D1,Women,Western Athletic Conference,Southern Utah,All Around AA,All-Around,Jr.,Jr,"Litchfield Park, Arizona",Litchfield Park,AZ,domestic,Flames Gymnastics Academy,1,https://suutbirds.com/sports/womens-gymnastics/roster/2026
gym_3f747dd2f761,Trista,Goodman,gymnastics,2025-26,2025-26,D1,Women,Western Athletic Conference,Southern Utah,All-Around AA,All-Around,Sr.,Sr,"Henderson, Nevada",Henderson,NV,domestic,Odyssey Charter High School,0,https://suutbirds.com/sports/womens-gymnastics/roster/2026
gym_65827d16a860,Berlin,Hall,gymnastics,2025-26,2025-26,D1,Women,Western Athletic Conference,Southern Utah,All Around AA,All-Around,Fr.,Fr,"Gilbert, Arizona",Gilbert,AZ,domestic,Gilbert Christian,0,https://suutbirds.com/sports/womens-gymnastics/roster/2026
gym_b1d295fcf08f,Mia,Hampton,gymnastics,2025-26,2025-26,D1,Women,Western Athletic Conference,Southern Utah,All Around AA,All-Around,So.,So,"Meridian, Idaho",Meridian,ID,domestic,Rocky Mountain High School,0,https://suutbirds.com/sports/womens-gymnastics/roster/2026
gym_2bfe2e61facd,Mackenzie,Kelly,gymnastics,2025-26,2025-26,D1,Women,Western Athletic Conference,Southern Utah,Vault/Floor VT/FX,Event Specialist,Jr.,Jr,"Sparks, Nevada",Sparks,NV,domestic,Reed High School,0,https://suutbirds.com/sports/womens-gymnastics/roster/2026
gym_a13c64f06b68,Vinciane,Le Pen,gymnastics,2025-26,2025-26,D1,Women,Western Athletic Conference,Southern Utah,All Around AA,All-Around,Fr.,Fr,Fr. Bountiful High School,Fr. Bountiful High School,,international,Bountiful High School,0,https://suutbirds.com/sports/womens-gymnastics/roster/2026
gym_b7c5eea94a57,Carilia,Martinez,gymnastics,2025-26,2025-26,D1,Women,Western Athletic Conference,Southern Utah,Floor/Beam/Bars FX/UB/BB,Event Specialist,Jr.,Jr,"Lehi, Utah",Lehi,UT,domestic,Lehi High School,0,https://suutbirds.com/sports/womens-gymnastics/roster/2026
gym_ef2aadbb0c9b,Kendall,McGuire,gymnastics,2025-26,2025-26,D1,Women,Western Athletic Conference,Southern Utah,Vault/Bars/Floor VT/UB/FX,Event Specialist,Jr.,Jr,"St. Johns, Florida",St. Johns,FL,domestic,Creekside High School,0,https://suutbirds.com/sports/womens-gymnastics/roster/2026
gym_ae32f803c2a3,Rylee,Miller,gymnastics,2025-26,2025-26,D1,Women,Western Athletic Conference,Southern Utah,All Around AA,All-Around,Jr.,Jr,"Saskatoon, Canada",Saskatoon,,international,Centennial Collegiate,0,https://suutbirds.com/sports/womens-gymnastics/roster/2026
gym_67026bb997d9,Emma,Nipper,gymnastics,2025-26,2025-26,D1,Women,Western Athletic Conference,Southern Utah,Balance Beam BB,Event Specialist,So.,So,"Mesa, Arizona",Mesa,AZ,domestic,Red Mountain High School,0,https://suutbirds.com/sports/womens-gymnastics/roster/2026
gym_fea0efe4de0f,Mya,North,gymnastics,2025-26,2025-26,D1,Women,Western Athletic Conference,Southern Utah,All Around AA,All-Around,So.,So,"Pittsburgh, Pennsylvania",Pittsburgh,PA,domestic,Avonworth High School,0,https://suutbirds.com/sports/womens-gymnastics/roster/2026
gym_3135a8dbeb79,Sage,Paladino,gymnastics,2025-26,2025-26,D1,Women,Western Athletic Conference,Southern Utah,All Around AA,All-Around,So.,So,"Prescott Valley, Arizona",Prescott Valley,AZ,domestic,Arizona Agribusiness and Equine Center,0,https://suutbirds.com/sports/womens-gymnastics/roster/2026
gym_27fc9ec9caf2,Kayla,Pardue,gymnastics,2025-26,2025-26,D1,Women,Western Athletic Conference,Southern Utah,Vault and Floor VT/FX,Event Specialist,Sr.,Sr,"Golden, Colorado",Golden,CO,domestic,Hope Academy,1,https://suutbirds.com/sports/womens-gymnastics/roster/2026
gym_aa63728fdf9d,Niya,Randolph,gymnastics,2025-26,2025-26,D1,Women,Western Athletic Conference,Southern Utah,All Around AA,All-Around,Jr.,Jr,"Las Vegas, Nevada",Las Vegas,NV,domestic,Arbor View High School,0,https://suutbirds.com/sports/womens-gymnastics/roster/2026
gym_ea3a5cca052c,Amelia,Rieder,gymnastics,2025-26,2025-26,D1,Women,Western Athletic Conference,Southern Utah,Beam and Floor BB/FX,Event Specialist,Sr.,Sr,"Scranton, Pennsylvania",Scranton,PA,domestic,Scranton Preparatory High School,1,https://suutbirds.com/sports/womens-gymnastics/roster/2026
gym_5656543fb125,Alex,Routsis,gymnastics,2025-26,2025-26,D1,Women,Western Athletic Conference,Southern Utah,Vault/Bars/Beam VT/BB/UB,Event Specialist,Jr.,Jr,"Falcon, Colorado",Falcon,CO,domestic,Spring Studio for Academic Excellence,0,https://suutbirds.com/sports/womens-gymnastics/roster/2026
gym_7199cf675cdf,Ellie,Thomson,gymnastics,2025-26,2025-26,D1,Women,Western Athletic Conference,Southern Utah,Vault/Bars/Beam VT/UB/BB,Event Specialist,Sr.,Sr,"Logan, Utah",Logan,UT,domestic,Ridgeline High School,0,https://suutbirds.com/sports/womens-gymnastics/roster/2026
gym_4e4071580c18,Marissa,Ashton,gymnastics,2025-26,2025-26,D1,Women,Mountain West Conference,San Jose St.,ALL-AROUND,All-Around,Junior,Jr,"Buford, Ga.",Buford,GA,domestic,Buford HS,0,https://sjsuspartans.com/sports/womens-gymnastics/roster
gym_38e450386bc2,Brianna,Baechle,gymnastics,2025-26,2025-26,D1,Women,Mountain West Conference,San Jose St.,FLOOR,Event Specialist,Freshman,Fr,"St. Charles, Mo.",St. Charles,MO,domestic,Francis Howell HS,0,https://sjsuspartans.com/sports/womens-gymnastics/roster
gym_f8643da58f1d,Annabella,Carrascosa,gymnastics,2025-26,2025-26,D1,Women,Mountain West Conference,San Jose St.,ALL-AROUND,All-Around,Junior,Jr,"East Hanover, N.J.",East Hanover,NJ,domestic,Pitt,0,https://sjsuspartans.com/sports/womens-gymnastics/roster
gym_0fee5da1e5df,Kyra,Cato,gymnastics,2025-26,2025-26,D1,Women,Mountain West Conference,San Jose St.,"VAULT, BARS, BEAM",Event Specialist,Senior,Sr,"Calgary, Alberta",Calgary,,international,National Sport School,0,https://sjsuspartans.com/sports/womens-gymnastics/roster
gym_d0fbc55d6319,Ava,East,gymnastics,2025-26,2025-26,D1,Women,Mountain West Conference,San Jose St.,"BARS, BEAM, FLOOR",Event Specialist,Sophomore,So,"League City, Texas",League City,TX,domestic,Pearland HS,0,https://sjsuspartans.com/sports/womens-gymnastics/roster
gym_1a6bf61ba6c9,Chloe,Frank,gymnastics,2025-26,2025-26,D1,Women,Mountain West Conference,San Jose St.,BEAM,Event Specialist,Senior,Sr,"Huntington Beach, Calif.",Huntington Beach,CA,domestic,El Dorado HS,0,https://sjsuspartans.com/sports/womens-gymnastics/roster
gym_57652723dee3,Ava,Johnson,gymnastics,2025-26,2025-26,D1,Women,Mountain West Conference,San Jose St.,ALL-AROUND,All-Around,Sophomore,So,"Orem, Utah",Orem,UT,domestic,Orem HS,0,https://sjsuspartans.com/sports/womens-gymnastics/roster
gym_2f850a36afb6,Kaviana,Jurries,gymnastics,2025-26,2025-26,D1,Women,Mountain West Conference,San Jose St.,ALL-AROUND,All-Around,Sophomore,So,"Boise, Idaho",Boise,ID,domestic,Bishop Kelly HS,0,https://sjsuspartans.com/sports/womens-gymnastics/roster
gym_16b91f45dfed,Victoria,Kisch,gymnastics,2025-26,2025-26,D1,Women,Mountain West Conference,San Jose St.,"VAULT, BARS, BEAM",Event Specialist,Freshman,Fr,"Parker, Colo.",Parker,CO,domestic,Legend HS,0,https://sjsuspartans.com/sports/womens-gymnastics/roster
gym_6fe16fa18a90,Kaylee,Larson,gymnastics,2025-26,2025-26,D1,Women,Mountain West Conference,San Jose St.,"VAULT, FOOR",Event Specialist,Junior,Jr,"Ladera Ranch, Calif.",Ladera Ranch,CA,domestic,Pitt,0,https://sjsuspartans.com/sports/womens-gymnastics/roster
gym_3785a92009e4,Samantha,Macasu,gymnastics,2025-26,2025-26,D1,Women,Mountain West Conference,San Jose St.,ALL-AROUND,All-Around,Sophomore,So,"Bartlett, Ill",Bartlett,IL,domestic,Bartlett HS,0,https://sjsuspartans.com/sports/womens-gymnastics/roster
gym_73bb3ca8307e,Mia,Nelson,gymnastics,2025-26,2025-26,D1,Women,Mountain West Conference,San Jose St.,"VAULT, BEAM, FLOOR",Event Specialist,Junior,Jr,"Los Alamitos, Calif.",Los Alamitos,CA,domestic,Los Alamitos HS,0,https://sjsuspartans.com/sports/womens-gymnastics/roster
gym_c5f124095ba7,Sophie,Patterson,gymnastics,2025-26,2025-26,D1,Women,Mountain West Conference,San Jose St.,ALL-AROUND,All-Around,Freshman,Fr,"New Westminster, British Columbia",New Westminster,,international,New Westminster Secondary,0,https://sjsuspartans.com/sports/womens-gymnastics/roster
gym_1d979d5ab1f0,Genesis,PeBenito,gymnastics,2025-26,2025-26,D1,Women,Mountain West Conference,San Jose St.,"BARS, BEAM, FLOOR",Event Specialist,Freshman,Fr,"Las Vegas, Nev.",Las Vegas,NV,domestic,Odyssey Charter School,0,https://sjsuspartans.com/sports/womens-gymnastics/roster
gym_4f24f4a3b14b,Mikaela,Pitts,gymnastics,2025-26,2025-26,D1,Women,Mountain West Conference,San Jose St.,"VAULT, BARS",Event Specialist,Senior,Sr,"San Luis Obispo, Calif.",San Luis Obispo,CA,domestic,San Luis Obispo HS,0,https://sjsuspartans.com/sports/womens-gymnastics/roster
gym_2ddd366231c5,Ella,Power,gymnastics,2025-26,2025-26,D1,Women,Mountain West Conference,San Jose St.,"BARS, BEAM, FLOOR",Event Specialist,Junior,Jr,"Burlington, Ontario, Canada",Burlington,,international,Assumption Catholic,0,https://sjsuspartans.com/sports/womens-gymnastics/roster
gym_0e71370adbaf,Olivia,Reardon,gymnastics,2025-26,2025-26,D1,Women,Mountain West Conference,San Jose St.,ALL-AROUND,All-Around,Graduate Student,Gr,"University Place, Wash.",University Place,WA,domestic,Curtis HS,0,https://sjsuspartans.com/sports/womens-gymnastics/roster
gym_925b1175287f,Devyn,Valuch,gymnastics,2025-26,2025-26,D1,Women,Mountain West Conference,San Jose St.,ALL-AROUND,All-Around,Junior,Jr,"Rohnert Park, Calif.",Rohnert Park,CA,domestic,Casa Grande HS,0,https://sjsuspartans.com/sports/womens-gymnastics/roster
gym_59d8d1053678,Genesis,Bosque,gymnastics,2025-26,2025-26,D1,Women,Ohio Valley Conference,Southeast Mo. St.,All-Around,All-Around,Fr.,Fr,"Palmetto Bay, Fla.",Palmetto Bay,FL,domestic,Westminster Christian,0,https://semoredhawks.com/sports/womens-gymnastics/roster/2026
gym_7804ac04e626,Sydney,Crouch,gymnastics,2025-26,2025-26,D1,Women,Ohio Valley Conference,Southeast Mo. St.,All-Around,All-Around,Sr.,Sr,"Coral Springs, Fla.",Coral Springs,FL,domestic,Coral Spring Charter School,0,https://semoredhawks.com/sports/womens-gymnastics/roster/2026
gym_4faa0a236454,Kennedy,Fisher,gymnastics,2025-26,2025-26,D1,Women,Ohio Valley Conference,Southeast Mo. St.,All-Around,All-Around,Fr.,Fr,"Pine Bush, N.Y.",Pine Bush,NY,domestic,Pine Bush HS,0,https://semoredhawks.com/sports/womens-gymnastics/roster/2026
gym_89ec10559470,Kailyn,Hamilton,gymnastics,2025-26,2025-26,D1,Women,Ohio Valley Conference,Southeast Mo. St.,All-Around,All-Around,Sr.,Sr,"Springfield, Mo.",Springfield,MO,domestic,Kickapoo,0,https://semoredhawks.com/sports/womens-gymnastics/roster/2026
gym_f4d9e1cdbd30,Courtney,Henry,gymnastics,2025-26,2025-26,D1,Women,Ohio Valley Conference,Southeast Mo. St.,All-Around,All-Around,Jr.,Jr,"Sanger, Texas",Sanger,TX,domestic,The Bride School,0,https://semoredhawks.com/sports/womens-gymnastics/roster/2026
gym_73826d17dd67,Joselene,Hernandez,gymnastics,2025-26,2025-26,D1,Women,Ohio Valley Conference,Southeast Mo. St.,All-Around,All-Around,So.,So,"Perris, Calif.",Perris,CA,domestic,,0,https://semoredhawks.com/sports/womens-gymnastics/roster/2026
gym_7769830a61fe,Olivia,Heubach,gymnastics,2025-26,2025-26,D1,Women,Ohio Valley Conference,Southeast Mo. St.,All-Around,All-Around,So.,So,"Chandler, Ariz.",Chandler,AZ,domestic,,0,https://semoredhawks.com/sports/womens-gymnastics/roster/2026
gym_dd1c836c978a,Taylor,Ingle,gymnastics,2025-26,2025-26,D1,Women,Ohio Valley Conference,Southeast Mo. St.,All-Around,All-Around,Sr.,Sr,"Coppell, Texas",Coppell,TX,domestic,Coppell,0,https://semoredhawks.com/sports/womens-gymnastics/roster/2026
gym_e9bed0b9a8af,Ava,Johnston,gymnastics,2025-26,2025-26,D1,Women,Ohio Valley Conference,Southeast Mo. St.,All-Around,All-Around,Jr.,Jr,"Gainesville, Va.",Gainesville,VA,domestic,CHESS Homeschool,1,https://semoredhawks.com/sports/womens-gymnastics/roster/2026
gym_df23a0513e78,Gracie,Jones,gymnastics,2025-26,2025-26,D1,Women,Ohio Valley Conference,Southeast Mo. St.,All-Around,All-Around,So.,So,"Newville, Pa.",Newville,PA,domestic,,0,https://semoredhawks.com/sports/womens-gymnastics/roster/2026
gym_19c03fbb7241,Jaidan,Kossuth,gymnastics,2025-26,2025-26,D1,Women,Ohio Valley Conference,Southeast Mo. St.,All-Around,All-Around,Jr.,Jr,"Queen Creek, Ariz.",Queen Creek,AZ,domestic,Perry High School,0,https://semoredhawks.com/sports/womens-gymnastics/roster/2026
gym_cda46ef4717b,Ailey,Kuehn,gymnastics,2025-26,2025-26,D1,Women,Ohio Valley Conference,Southeast Mo. St.,All-Around,All-Around,Sr.,Sr,"Eagan, Minn.",Eagan,MN,domestic,Eagan,0,https://semoredhawks.com/sports/womens-gymnastics/roster/2026
gym_b646084e13e2,Amelia,May,gymnastics,2025-26,2025-26,D1,Women,Ohio Valley Conference,Southeast Mo. St.,All-Around,All-Around,Jr.,Jr,"Collierville, Tenn.",Collierville,TN,domestic,Collierville,0,https://semoredhawks.com/sports/womens-gymnastics/roster/2026
gym_714493d0e8f8,Amaia,McKinnie,gymnastics,2025-26,2025-26,D1,Women,Ohio Valley Conference,Southeast Mo. St.,All-Around,All-Around,Fr.,Fr,"Land O Lakes, Fla.",Land O Lakes,FL,domestic,Land O Lakes HS,0,https://semoredhawks.com/sports/womens-gymnastics/roster/2026
gym_593d24180876,Jordan,Napolitano,gymnastics,2025-26,2025-26,D1,Women,Ohio Valley Conference,Southeast Mo. St.,All-Around,All-Around,Jr.,Jr,"Miller Place, N. Y.",Miller Place,NY,domestic,Miller Place,0,https://semoredhawks.com/sports/womens-gymnastics/roster/2026
gym_f8d37a090fb1,Leah,Parton,gymnastics,2025-26,2025-26,D1,Women,Ohio Valley Conference,Southeast Mo. St.,All-Around,All-Around,Jr.,Jr,"West Des Moines, Iowa",West Des Moines,IA,domestic,Iowa Connections Academy,0,https://semoredhawks.com/sports/womens-gymnastics/roster/2026
gym_50541f3fb8e8,Anna,Lee Phillips,gymnastics,2025-26,2025-26,D1,Women,Ohio Valley Conference,Southeast Mo. St.,All-Around,All-Around,So.,So,"Allen, Texas",Allen,TX,domestic,,0,https://semoredhawks.com/sports/womens-gymnastics/roster/2026
gym_7e6ad8a84f89,Nyah,Reader,gymnastics,2025-26,2025-26,D1,Women,Ohio Valley Conference,Southeast Mo. St.,All-Around,All-Around,Gr.,Gr,"Rexford, N.Y.",Rexford,NY,domestic,Shenendehowa,0,https://semoredhawks.com/sports/womens-gymnastics/roster/2026
gym_a32641f75960,Emily,Sabers,gymnastics,2025-26,2025-26,D1,Women,Ohio Valley Conference,Southeast Mo. St.,All-Around,All-Around,Fr.,Fr,"Rapid City, S.D.",Rapid City,SD,domestic,Rapid City Stevens,0,https://semoredhawks.com/sports/womens-gymnastics/roster/2026
gym_69e78f6fe229,Reagan,Sams,gymnastics,2025-26,2025-26,D1,Women,Ohio Valley Conference,Southeast Mo. St.,All-Around,All-Around,So.,So,"Bentonville, Ark.",Bentonville,AR,domestic,Ohio State,0,https://semoredhawks.com/sports/womens-gymnastics/roster/2026
gym_9d62c39b395a,Delaney,Adrian,gymnastics,2025-26,2025-26,D1,Women,Big Ten Conference,Rutgers,,UNK,So.,So,"Columbia, Mo.",Columbia,MO,domestic,Rock Bridge,0,https://scarletknights.com/sports/womens-gymnastics/roster/2026
gym_a27e2cd0374f,Rachel,Beaulieu,gymnastics,2025-26,2025-26,D1,Women,Big Ten Conference,Rutgers,,UNK,So.,So,"Holyoke, Mass.",Holyoke,MA,domestic,Hampshire Regional,0,https://scarletknights.com/sports/womens-gymnastics/roster/2026
gym_9abee8c5a721,Lisa,Chevaire,gymnastics,2025-26,2025-26,D1,Women,Big Ten Conference,Rutgers,,UNK,So.,So,"Salem, N.H.",Salem,NH,domestic,Salem,0,https://scarletknights.com/sports/womens-gymnastics/roster/2026
gym_ee44873daaec,Gabrielle,Dildy,gymnastics,2025-26,2025-26,D1,Women,Big Ten Conference,Rutgers,,UNK,Sr.,Sr,"Virginia Beach, Va.",Virginia Beach,VA,domestic,International VLA,0,https://scarletknights.com/sports/womens-gymnastics/roster/2026
gym_204c1fb19fa8,Olivia,DiNovi,gymnastics,2025-26,2025-26,D1,Women,Big Ten Conference,Rutgers,,UNK,Jr.,Jr,"Mount Royal, N.J.",Mount Royal,NJ,domestic,Paul VI,0,https://scarletknights.com/sports/womens-gymnastics/roster/2026
gym_b073956def9f,Campbell,Earley,gymnastics,2025-26,2025-26,D1,Women,Big Ten Conference,Rutgers,,UNK,Jr.,Jr,"Austin, Texas",Austin,TX,domestic,St. Michael's Catholic,0,https://scarletknights.com/sports/womens-gymnastics/roster/2026
gym_22dce7321e56,Elliot,Goldsmith,gymnastics,2025-26,2025-26,D1,Women,Big Ten Conference,Rutgers,,UNK,Jr.,Jr,"Ringgold, Ga.",Ringgold,GA,domestic,Ringgold,0,https://scarletknights.com/sports/womens-gymnastics/roster/2026
gym_d6d8aba0e9ed,Vivienne,Larsen,gymnastics,2025-26,2025-26,D1,Women,Big Ten Conference,Rutgers,,UNK,Fr.,Fr,"Waxhaw, N.C.",Waxhaw,NC,domestic,Cuthbertson,0,https://scarletknights.com/sports/womens-gymnastics/roster/2026
gym_1712f7eb4d43,Emily,Leese,gymnastics,2025-26,2025-26,D1,Women,Big Ten Conference,Rutgers,,UNK,Gr.,Gr,"Lancaster, Pa.",Lancaster,PA,domestic,PA Cyber Charter School,0,https://scarletknights.com/sports/womens-gymnastics/roster/2026
gym_4bfd1a53f28a,Jayda,Lewter,gymnastics,2025-26,2025-26,D1,Women,Big Ten Conference,Rutgers,,UNK,So.,So,"Savage, Minn,",Savage,MN,domestic,Prior Lake,0,https://scarletknights.com/sports/womens-gymnastics/roster/2026
gym_4076d13619c5,Valentina,Lorente-Garcia,gymnastics,2025-26,2025-26,D1,Women,Big Ten Conference,Rutgers,,UNK,Sr.,Sr,"Virginia Beach, Va.",Virginia Beach,VA,domestic,Abeka Academy,1,https://scarletknights.com/sports/womens-gymnastics/roster/2026
gym_5749350f3b2d,Matis,Rains,gymnastics,2025-26,2025-26,D1,Women,Big Ten Conference,Rutgers,,UNK,Jr.,Jr,"Atlanta, Ga.",Atlanta,GA,domestic,Flower Mound,0,https://scarletknights.com/sports/womens-gymnastics/roster/2026
gym_78d571644a92,Ginger,Richards,gymnastics,2025-26,2025-26,D1,Women,Big Ten Conference,Rutgers,,UNK,Jr.,Jr,"Falls Church, Va.",Falls Church,VA,domestic,Bishop,0,https://scarletknights.com/sports/womens-gymnastics/roster/2026
gym_7121cb254fbf,Rachael,Riley,gymnastics,2025-26,2025-26,D1,Women,Big Ten Conference,Rutgers,,UNK,Sr.,Sr,"Sarnia, Ontario",Sarnia,,international,St. Patrick's,0,https://scarletknights.com/sports/womens-gymnastics/roster/2026
gym_45b2587785bf,Reagan,Schenkel,gymnastics,2025-26,2025-26,D1,Women,Big Ten Conference,Rutgers,,UNK,So.,So,"Flemington, N.J.",Flemington,NJ,domestic,Hunterdon Central Regional,0,https://scarletknights.com/sports/womens-gymnastics/roster/2026
gym_b610065b86b8,Kimmi,Shiau,gymnastics,2025-26,2025-26,D1,Women,Big Ten Conference,Rutgers,,UNK,So.,So,"Rockville, Md.",Rockville,MD,domestic,Walter Johnson,0,https://scarletknights.com/sports/womens-gymnastics/roster/2026
gym_d58fda747df2,Keeley,Smith,gymnastics,2025-26,2025-26,D1,Women,Big Ten Conference,Rutgers,,UNK,So.,So,"Lincoln, Neb.",Lincoln,NE,domestic,Lincoln,0,https://scarletknights.com/sports/womens-gymnastics/roster/2026
gym_b92e31acbe3f,Abril,Toscanini,gymnastics,2025-26,2025-26,D1,Women,Big Ten Conference,Rutgers,,UNK,Fr.,Fr,"Orlando, Fla.",Orlando,FL,domestic,Lake Mary,0,https://scarletknights.com/sports/womens-gymnastics/roster/2026
gym_731f22133958,Donna,Uhlenberg,gymnastics,2025-26,2025-26,D1,Women,Big Ten Conference,Rutgers,,UNK,So.,So,"Chapel Hill, N.C.",Chapel Hill,NC,domestic,Eno River Academy,1,https://scarletknights.com/sports/womens-gymnastics/roster/2026
gym_0d4cd9f88999,Harmony,Webster,gymnastics,2025-26,2025-26,D1,Women,Big Ten Conference,Rutgers,,UNK,Sr.,Sr,"Braselton, Ga.",Braselton,GA,domestic,Mill Creek,0,https://scarletknights.com/sports/womens-gymnastics/roster/2026
gym_970c1fdae639,Ana,Bărbosu,gymnastics,2025-26,2025-26,D1,Women,Atlantic Coast Conference,Stanford,AA,All-Around,Freshman,Fr,"Unirea, Odobești, România",Unirea,,international,,0,https://gostanford.com/sports/womens-gymnastics/roster
gym_fad51af0dc19,Ashley,Carter,gymnastics,2025-26,2025-26,D1,Women,Atlantic Coast Conference,Stanford,"UB, BB, FX",Event Specialist,Senior,Sr,"Rancho Cucamonga, Calif.",Rancho Cucamonga,CA,domestic,,0,https://gostanford.com/sports/womens-gymnastics/roster
gym_6f8600678430,Kendra,Chang,gymnastics,2025-26,2025-26,D1,Women,Atlantic Coast Conference,Stanford,AA,All-Around,Sophomore,So,"Cupertino, Calif.",Cupertino,CA,domestic,,0,https://gostanford.com/sports/womens-gymnastics/roster
gym_85933cdba798,Victoria,Cluck,gymnastics,2025-26,2025-26,D1,Women,Atlantic Coast Conference,Stanford,"VT, FX",Event Specialist,Junior,Jr,"Frisco, Texas",Frisco,TX,domestic,,0,https://gostanford.com/sports/womens-gymnastics/roster
gym_2365262e7523,Claire,Dean,gymnastics,2025-26,2025-26,D1,Women,Atlantic Coast Conference,Stanford,AA,All-Around,Senior,Sr,"Piedmont, Calif.",Piedmont,CA,domestic,,0,https://gostanford.com/sports/womens-gymnastics/roster
gym_1ef89c0d7f12,Jaime,Dugan,gymnastics,2025-26,2025-26,D1,Women,Atlantic Coast Conference,Stanford,AA,All-Around,Sophomore,So,"Woodinville, Wash.",Woodinville,WA,domestic,,0,https://gostanford.com/sports/womens-gymnastics/roster
gym_393f080c445b,Summer,Gronski,gymnastics,2025-26,2025-26,D1,Women,Atlantic Coast Conference,Stanford,"V, BB, FX",Event Specialist,Freshman,Fr,"Newport Beach, Calif.",Newport Beach,CA,domestic,,0,https://gostanford.com/sports/womens-gymnastics/roster
gym_bf77259e2b3f,Levi,Jung-Ruivivar,gymnastics,2025-26,2025-26,D1,Women,Atlantic Coast Conference,Stanford,AA,All-Around,Redshirt Freshman,Fr,"Los Angeles, Calif.",Los Angeles,CA,domestic,,0,https://gostanford.com/sports/womens-gymnastics/roster
gym_165bede5dfa9,Temple,Landry,gymnastics,2025-26,2025-26,D1,Women,Atlantic Coast Conference,Stanford,AA,All-Around,Junior,Jr,"Maple Grove, Minnesota",Maple Grove,MN,domestic,,0,https://gostanford.com/sports/womens-gymnastics/roster
gym_849a5556e4d4,Taralyn,Nguyen,gymnastics,2025-26,2025-26,D1,Women,Atlantic Coast Conference,Stanford,"VT, BB, FX",Event Specialist,Senior,Sr,"Fair Oaks, Calif.",Fair Oaks,CA,domestic,,0,https://gostanford.com/sports/womens-gymnastics/roster
gym_aaba9a126657,Anna,Roberts,gymnastics,2025-26,2025-26,D1,Women,Atlantic Coast Conference,Stanford,AA,All-Around,Senior,Sr,"Seattle, Wash.",Seattle,WA,domestic,,0,https://gostanford.com/sports/womens-gymnastics/roster
gym_3a512f33ccdc,Sienna,Robinson,gymnastics,2025-26,2025-26,D1,Women,Atlantic Coast Conference,Stanford,AA,All-Around,Junior,Jr,"Las Vegas, Nev.",Las Vegas,NV,domestic,,0,https://gostanford.com/sports/womens-gymnastics/roster
gym_ec5a99209f51,Maeya,Sagna,gymnastics,2025-26,2025-26,D1,Women,Atlantic Coast Conference,Stanford,"UB, FX",Event Specialist,Freshman,Fr,"New York, N.Y.",New York,NY,domestic,,0,https://gostanford.com/sports/womens-gymnastics/roster
gym_4c2f54022c17,Natalie,Siljander,gymnastics,2025-26,2025-26,D1,Women,Atlantic Coast Conference,Stanford,"UB, BB, FX",Event Specialist,Freshman,Fr,"Encinitas, Calif.",Encinitas,CA,domestic,,0,https://gostanford.com/sports/womens-gymnastics/roster
gym_f9aa572e0879,Ui,Soma,gymnastics,2025-26,2025-26,D1,Women,Atlantic Coast Conference,Stanford,AA,All-Around,Sophomore,So,"Belmont, Calif.",Belmont,CA,domestic,,0,https://gostanford.com/sports/womens-gymnastics/roster
gym_0e7f51fc0366,Ava,Sorrento,gymnastics,2025-26,2025-26,D1,Women,Atlantic Coast Conference,Stanford,AA,All-Around,Senior,Sr,"Toronto, Ontario, Canada",Toronto,,international,,0,https://gostanford.com/sports/womens-gymnastics/roster
gym_1682726464e5,Porsche,Trinidad,gymnastics,2025-26,2025-26,D1,Women,Atlantic Coast Conference,Stanford,"UB, BB, FX",Event Specialist,Senior,Sr,"Emerald Hills, Calif.",Emerald Hills,CA,domestic,,0,https://gostanford.com/sports/womens-gymnastics/roster
gym_6b813e129e8e,Alana,Walker,gymnastics,2025-26,2025-26,D1,Women,Atlantic Coast Conference,Stanford,AA,All-Around,Sophomore,So,"West Orange, N.J.",West Orange,NJ,domestic,,0,https://gostanford.com/sports/womens-gymnastics/roster
gym_9e93a2e70d7e,Jennifer,Williams,gymnastics,2025-26,2025-26,D1,Women,Atlantic Coast Conference,Stanford,AA,All-Around,Freshman,Fr,"Stockholm, Sweden",Stockholm,,international,,0,https://gostanford.com/sports/womens-gymnastics/roster
gym_5c4070f19b02,Polina,Belanovski,gymnastics,2025-26,2025-26,D1,Women,Coastal Athletic Association,Towson,All-Around,All-Around,Sr.,Sr,"Brookfield, Wisc.",Brookfield,WI,domestic,Brookfield East H.S.,0,https://towsontigers.com/sports/womens-gymnastics/roster/2026
gym_d24b6a3b8c6f,Carmella,Calafati,gymnastics,2025-26,2025-26,D1,Women,Coastal Athletic Association,Towson,Floor/Vault/Beam,Event Specialist,Sr.,Sr,"Collegeville, Pa.",Collegeville,PA,domestic,Spring-Ford Area H.S.,0,https://towsontigers.com/sports/womens-gymnastics/roster/2026
gym_e93a5d905c21,Kaitlyn,Chancey,gymnastics,2025-26,2025-26,D1,Women,Coastal Athletic Association,Towson,Beam/Floor/Vault,Event Specialist,Fr.,Fr,"Brunswick, Ga.",Brunswick,GA,domestic,Brunswick H.S.,0,https://towsontigers.com/sports/womens-gymnastics/roster/2026
gym_56874b4c8ea5,Isabella,DeCroo,gymnastics,2025-26,2025-26,D1,Women,Coastal Athletic Association,Towson,All-Around,All-Around,Gr.,Gr,"Warrenton, Va.",Warrenton,VA,domestic,Kettle Run H.S.,0,https://towsontigers.com/sports/womens-gymnastics/roster/2026
gym_f5b05206f98a,Madison,Draser,gymnastics,2025-26,2025-26,D1,Women,Coastal Athletic Association,Towson,All-Around,All-Around,Fr.,Fr,"South Huntington, N.Y.",South Huntington,NY,domestic,Parkland H.S.,0,https://towsontigers.com/sports/womens-gymnastics/roster/2026
gym_8a4bebe4decc,Emma,Duerre,gymnastics,2025-26,2025-26,D1,Women,Coastal Athletic Association,Towson,All-Around,All-Around,R-Fr.,Fr,"Marietta, Ga.",Marietta,GA,domestic,Lassiter H.S.,0,https://towsontigers.com/sports/womens-gymnastics/roster/2026
gym_6f3525ce1c57,Cameran,Edwards,gymnastics,2025-26,2025-26,D1,Women,Coastal Athletic Association,Towson,Vault/Beam,Event Specialist,Fr.,Fr,"Philadelphia, Pa.",Philadelphia,PA,domestic,Commonwealth Charter Academy,1,https://towsontigers.com/sports/womens-gymnastics/roster/2026
gym_0a43393c2945,Hayden,Gough,gymnastics,2025-26,2025-26,D1,Women,Coastal Athletic Association,Towson,Bars/Beam/Floor,Event Specialist,Jr.,Jr,"Dallas, Texas",Dallas,TX,domestic,Dallas International School,0,https://towsontigers.com/sports/womens-gymnastics/roster/2026
gym_64301a301a40,Lauren,Greene,gymnastics,2025-26,2025-26,D1,Women,Coastal Athletic Association,Towson,Bars,Event Specialist,Sr.,Sr,"Purcellville, Va.",Purcellville,VA,domestic,Loudoun Valley H.S.,0,https://towsontigers.com/sports/womens-gymnastics/roster/2026
gym_c35eee6995c1,Ava,Harper,gymnastics,2025-26,2025-26,D1,Women,Coastal Athletic Association,Towson,All-Around,All-Around,So.,So,"Marietta, Ga.",Marietta,GA,domestic,Sprayberry H.S.,0,https://towsontigers.com/sports/womens-gymnastics/roster/2026
gym_eac9b462b3f2,Adriana,Hoffman,gymnastics,2025-26,2025-26,D1,Women,Coastal Athletic Association,Towson,Vault/Floor,Event Specialist,Sr.,Sr,"Christiansburg, Va.",Christiansburg,VA,domestic,Christiansburg H.S.,0,https://towsontigers.com/sports/womens-gymnastics/roster/2026
gym_2d964c076940,Jocelyn,Lannon,gymnastics,2025-26,2025-26,D1,Women,Coastal Athletic Association,Towson,Vault/Beam/Floor,Event Specialist,Fr.,Fr,"Sutton, Mass.",Sutton,MA,domestic,Sutton H.S.,0,https://towsontigers.com/sports/womens-gymnastics/roster/2026
gym_b2c66902c3a0,Natalie,Lindgren,gymnastics,2025-26,2025-26,D1,Women,Coastal Athletic Association,Towson,All-Around,All-Around,Fr.,Fr,"Fair Haven, N.J.",Fair Haven,NJ,domestic,Rumson-Fair Haven H.S.,0,https://towsontigers.com/sports/womens-gymnastics/roster/2026
gym_c7316fed247b,Isabella,Minervini,gymnastics,2025-26,2025-26,D1,Women,Coastal Athletic Association,Towson,All-Around,All-Around,Sr.,Sr,"Fleming Island, Fla.",Fleming Island,FL,domestic,Fleming Island H.S.,0,https://towsontigers.com/sports/womens-gymnastics/roster/2026
gym_38921006e768,Brissa,Portillo,gymnastics,2025-26,2025-26,D1,Women,Coastal Athletic Association,Towson,Bars/Beam/Floor,Event Specialist,Jr.,Jr,"Lima, Peru",Lima,,international,Bridgeway Academy,1,https://towsontigers.com/sports/womens-gymnastics/roster/2026
gym_bf62f6691ac0,Alison,Ritch,gymnastics,2025-26,2025-26,D1,Women,Coastal Athletic Association,Towson,Bars/Floor/Beam,Event Specialist,Fr.,Fr,"Woodstock, Ga.",Woodstock,GA,domestic,IUniversity Prep,1,https://towsontigers.com/sports/womens-gymnastics/roster/2026
gym_967602fde30b,Faye,Rodio,gymnastics,2025-26,2025-26,D1,Women,Coastal Athletic Association,Towson,Vault/Floor/Bars,Event Specialist,So.,So,"Durham, N.C.",Durham,NC,domestic,Northern H.S.,0,https://towsontigers.com/sports/womens-gymnastics/roster/2026
gym_0a8315193166,Piper,Slocum,gymnastics,2025-26,2025-26,D1,Women,Coastal Athletic Association,Towson,All-Around,All-Around,R-Fr.,Fr,"Conroe, Texas",Conroe,TX,domestic,The Woodlands College Park H.S.,0,https://towsontigers.com/sports/womens-gymnastics/roster/2026
gym_a56f9867cc41,Reese,Toland,gymnastics,2025-26,2025-26,D1,Women,Coastal Athletic Association,Towson,All-Around,All-Around,So.,So,"Burlington, Mass.",Burlington,MA,domestic,Burlington H.S.,0,https://towsontigers.com/sports/womens-gymnastics/roster/2026
gym_e6d60435abb5,Celia,Trotter,gymnastics,2025-26,2025-26,D1,Women,Coastal Athletic Association,Towson,Bars/Beam,Event Specialist,Sr.,Sr,"Nashville, Tenn.",Nashville,TN,domestic,John Overton H.S.,0,https://towsontigers.com/sports/womens-gymnastics/roster/2026
gym_a3d00624ffbb,Anna,Bacott,gymnastics,2025-26,2025-26,D1,Women,Mountain West Conference,Air Force,AA,All-Around,So.,So,"Saint Louis, Mo.",Saint Louis,MO,domestic,Team Central Gymnastics Academy,1,https://goairforcefalcons.com/sports/womens-gymnastics/roster/2026
gym_6dbff7e7f656,Alyssa,Bigler,gymnastics,2025-26,2025-26,D1,Women,Mountain West Conference,Air Force,AA,All-Around,So.,So,"Phoenix, Ariz.",Phoenix,AZ,domestic,Sandra Day O'Connor HS,0,https://goairforcefalcons.com/sports/womens-gymnastics/roster/2026
gym_8c731ef3721a,Chelsea,Boyer,gymnastics,2025-26,2025-26,D1,Women,Mountain West Conference,Air Force,AA,All-Around,Jr.,Jr,"Annapolis, Md.",Annapolis,MD,domestic,Docksiders Gymnastics,0,https://goairforcefalcons.com/sports/womens-gymnastics/roster/2026
gym_f18c83b3c810,Kylee,Greene,gymnastics,2025-26,2025-26,D1,Women,Mountain West Conference,Air Force,AA,All-Around,Sr.,Sr,"Bartlesville, Okla.",Bartlesville,OK,domestic,Bartlesville HS,0,https://goairforcefalcons.com/sports/womens-gymnastics/roster/2026
gym_a83bb8db13ab,Gabriella,Hartley,gymnastics,2025-26,2025-26,D1,Women,Mountain West Conference,Air Force,AA,All-Around,Sr.,Sr,"Clermont, Fla.",Clermont,FL,domestic,Lake Mineola HS,0,https://goairforcefalcons.com/sports/womens-gymnastics/roster/2026
gym_735d16ff80c5,Isabella,Hoskins,gymnastics,2025-26,2025-26,D1,Women,Mountain West Conference,Air Force,AA,All-Around,So.,So,"Las Vegas, Nev.",Las Vegas,NV,domestic,,0,https://goairforcefalcons.com/sports/womens-gymnastics/roster/2026
gym_af6a3e17c2e4,Rosa,Juarez Baez,gymnastics,2025-26,2025-26,D1,Women,Mountain West Conference,Air Force,"V, B, FX",Event Specialist,Jr.,Jr,"Las Vegas, Nev.",Las Vegas,NV,domestic,Odessey Charter HS,0,https://goairforcefalcons.com/sports/womens-gymnastics/roster/2026
gym_3d5998fe1c3f,Anna,Kristianson,gymnastics,2025-26,2025-26,D1,Women,Mountain West Conference,Air Force,"V, UB, FX",Event Specialist,So.,So,"Naperville, Ill.",Naperville,IL,domestic,Neuqua Valley HS,0,https://goairforcefalcons.com/sports/womens-gymnastics/roster/2026
gym_bff1c5763d5e,Elizabeth,Lassila,gymnastics,2025-26,2025-26,D1,Women,Mountain West Conference,Air Force,AA,All-Around,So.,So,"Plymouth, Minn.",Plymouth,MN,domestic,Wayzata HS,0,https://goairforcefalcons.com/sports/womens-gymnastics/roster/2026
gym_324115ef0e93,Emma,Lehan,gymnastics,2025-26,2025-26,D1,Women,Mountain West Conference,Air Force,AA,All-Around,Fr.,Fr,"Norton, Mass.",Norton,MA,domestic,Norton HS,0,https://goairforcefalcons.com/sports/womens-gymnastics/roster/2026
gym_3cc3083bf855,Gianna,Martyna,gymnastics,2025-26,2025-26,D1,Women,Mountain West Conference,Air Force,AA,All-Around,Sr.,Sr,"Littleton, Colo.",Littleton,CO,domestic,Green Mountain HS,0,https://goairforcefalcons.com/sports/womens-gymnastics/roster/2026
gym_a35d1c1e5241,Erin,McDermott,gymnastics,2025-26,2025-26,D1,Women,Mountain West Conference,Air Force,AA,All-Around,Fr.,Fr,"Wesley Chapel, Fla.",Wesley Chapel,FL,domestic,Wesley Chapel HS,0,https://goairforcefalcons.com/sports/womens-gymnastics/roster/2026
gym_a7f721c9bda9,Allie,Misenheimer,gymnastics,2025-26,2025-26,D1,Women,Mountain West Conference,Air Force,AA,All-Around,So.,So,"Durham, N.C.",Durham,NC,domestic,Eno River Academy,1,https://goairforcefalcons.com/sports/womens-gymnastics/roster/2026
gym_286859dc1fba,Patience,Miyashiro,gymnastics,2025-26,2025-26,D1,Women,Mountain West Conference,Air Force,AA,All-Around,So.,So,"Redlands, Calif.",Redlands,CA,domestic,Redlands HS,0,https://goairforcefalcons.com/sports/womens-gymnastics/roster/2026
gym_7b2528f53c62,Nhi,Nguyen,gymnastics,2025-26,2025-26,D1,Women,Mountain West Conference,Air Force,AA,All-Around,So.,So,"Tampa, Fla.",Tampa,FL,domestic,Armwood HS,0,https://goairforcefalcons.com/sports/womens-gymnastics/roster/2026
gym_9a08d0a853b5,Janie,Ottenbreit,gymnastics,2025-26,2025-26,D1,Women,Mountain West Conference,Air Force,AA,All-Around,Sr.,Sr,"Grosse Ile, Mich.",Grosse Ile,MI,domestic,Grosse Ile HS,0,https://goairforcefalcons.com/sports/womens-gymnastics/roster/2026
gym_edd8e891ec2e,Olivia,Raife,gymnastics,2025-26,2025-26,D1,Women,Mountain West Conference,Air Force,AA,All-Around,Jr.,Jr,"Millbrook, Ala.",Millbrook,AL,domestic,Stanhope Elmore HS,0,https://goairforcefalcons.com/sports/womens-gymnastics/roster/2026
gym_3486188a356d,Hailey,Santana,gymnastics,2025-26,2025-26,D1,Women,Mountain West Conference,Air Force,AA,All-Around,So.,So,"Frederick, Md.",Frederick,MD,domestic,Brunswick HS,0,https://goairforcefalcons.com/sports/womens-gymnastics/roster/2026
gym_5279ab56270a,Dylan,Shields,gymnastics,2025-26,2025-26,D1,Women,Mountain West Conference,Air Force,AA,All-Around,Fr.,Fr,"Littleton, Colo.",Littleton,CO,domestic,Chatfield Senior HS,0,https://goairforcefalcons.com/sports/womens-gymnastics/roster/2026
gym_7a9d7664ab64,Maggie,Slife,gymnastics,2025-26,2025-26,D1,Women,Mountain West Conference,Air Force,AA,All-Around,Jr.,Jr,"Oconomowoc, Wisc.",Oconomowoc,WI,domestic,Midwest Twisters Gymnastics,0,https://goairforcefalcons.com/sports/womens-gymnastics/roster/2026
gym_ede85388eb1b,Caroline,Walker,gymnastics,2025-26,2025-26,D1,Women,Mountain West Conference,Air Force,"VT, FX",Event Specialist,Fr.,Fr,"Nashville, Tenn.",Nashville,TN,domestic,Homelife Academy,1,https://goairforcefalcons.com/sports/womens-gymnastics/roster/2026
gym_f14622583f76,Clara,Wallace,gymnastics,2025-26,2025-26,D1,Women,Mountain West Conference,Air Force,AA,All-Around,Jr.,Jr,"Lee's Summit, Mo.",Lee's Summit,MO,domestic,,0,https://goairforcefalcons.com/sports/womens-gymnastics/roster/2026
gym_58c0040141d1,Sarah,Willis,gymnastics,2025-26,2025-26,D1,Women,Mountain West Conference,Air Force,AA,All-Around,Sr.,Sr,"Crystal Lake, Ill.",Crystal Lake,IL,domestic,Prarie Ridge HS,0,https://goairforcefalcons.com/sports/womens-gymnastics/roster/2026
gym_0ef36f8502f8,Isabella,Ciolfi,gymnastics,2025-26,2025-26,D1,Women,Mid-American Conference,Western Mich.,All-Around AA,All-Around,Fr.,Fr,"Foxboro, Mass.",Foxboro,MA,domestic,Walled Lake Western,0,https://wmubroncos.com/sports/womens-gymnastics/roster/2026
gym_13b989fe6cf6,Kennedy,Cooper,gymnastics,2025-26,2025-26,D1,Women,Mid-American Conference,Western Mich.,All-Around AA,All-Around,So.,So,"Novi, Mich.",Novi,MI,domestic,Walled Lake Western,0,https://wmubroncos.com/sports/womens-gymnastics/roster/2026
gym_612fbbd23761,Breanna,Ford,gymnastics,2025-26,2025-26,D1,Women,Mid-American Conference,Western Mich.,All-Around AA,All-Around,Fr.,Fr,"McDonald, Pa.",McDonald,PA,domestic,West Allegheny,0,https://wmubroncos.com/sports/womens-gymnastics/roster/2026
gym_68eafcfd3a8f,Reilan,Garvey,gymnastics,2025-26,2025-26,D1,Women,Mid-American Conference,Western Mich.,All-Around AA,All-Around,So.,So,"St. John, Ind.",St. John,IN,domestic,Lake Central,0,https://wmubroncos.com/sports/womens-gymnastics/roster/2026
gym_d5dd693ef894,Brooke,Gelesko,gymnastics,2025-26,2025-26,D1,Women,Mid-American Conference,Western Mich.,All-Around AA,All-Around,Jr.,Jr,"Stevensville, Mich.",Stevensville,MI,domestic,Lakeshore,0,https://wmubroncos.com/sports/womens-gymnastics/roster/2026
gym_d459d3d12cce,Estee,Goltsman,gymnastics,2025-26,2025-26,D1,Women,Mid-American Conference,Western Mich.,All-Around AA,All-Around,So.,So,"Bradenton, Fla.",Bradenton,FL,domestic,Lakewood Ranch,0,https://wmubroncos.com/sports/womens-gymnastics/roster/2026
gym_e5994819d780,Sidnei,Heubach,gymnastics,2025-26,2025-26,D1,Women,Mid-American Conference,Western Mich.,Bars/Beam B/B,Event Specialist,Sr.,Sr,"Chandler, Ariz.",Chandler,AZ,domestic,Desert Vista,0,https://wmubroncos.com/sports/womens-gymnastics/roster/2026
gym_cfce0941ca03,Aliyah,Kelly,gymnastics,2025-26,2025-26,D1,Women,Mid-American Conference,Western Mich.,All-Around AA,All-Around,So.,So,"Manteno, Ill.",Manteno,IL,domestic,Manteno,0,https://wmubroncos.com/sports/womens-gymnastics/roster/2026
gym_9a7ad1fcb41b,Makenna,King,gymnastics,2025-26,2025-26,D1,Women,Mid-American Conference,Western Mich.,All-Around AA,All-Around,Sr.,Sr,"Hanna, Ind.",Hanna,IN,domestic,South Central,0,https://wmubroncos.com/sports/womens-gymnastics/roster/2026
gym_3616e6596bf0,Julie,Korfhage,gymnastics,2025-26,2025-26,D1,Women,Mid-American Conference,Western Mich.,All-Around AA,All-Around,Jr.,Jr,"Wichita, Kan.",Wichita,KS,domestic,Kapaun Mt. Carmel,0,https://wmubroncos.com/sports/womens-gymnastics/roster/2026
gym_89fdde929f40,Tricia,Mills,gymnastics,2025-26,2025-26,D1,Women,Mid-American Conference,Western Mich.,All-Around AA,All-Around,So.,So,"Rockville, Md.",Rockville,MD,domestic,Tuscarora,0,https://wmubroncos.com/sports/womens-gymnastics/roster/2026
gym_be96a5ad9640,Hannah,Milton,gymnastics,2025-26,2025-26,D1,Women,Mid-American Conference,Western Mich.,All-Around AA,All-Around,Jr.,Jr,"Hinsdale, Ill.",Hinsdale,IL,domestic,Hinsdale Central,0,https://wmubroncos.com/sports/womens-gymnastics/roster/2026
gym_3c0a9c5c8e6e,Casey,Mooney,gymnastics,2025-26,2025-26,D1,Women,Mid-American Conference,Western Mich.,All-Around AA,All-Around,Fr.,Fr,"Lake Stevens, Wa.",Lake Stevens,WA,domestic,,0,https://wmubroncos.com/sports/womens-gymnastics/roster/2026
gym_c8887a87ea4a,Kate,Parks,gymnastics,2025-26,2025-26,D1,Women,Mid-American Conference,Western Mich.,Uneven Bars UB,Event Specialist,Jr.,Jr,"Lebanon, Ohio",Lebanon,OH,domestic,,0,https://wmubroncos.com/sports/womens-gymnastics/roster/2026
gym_700a047aa59a,Amy,Robins,gymnastics,2025-26,2025-26,D1,Women,Mid-American Conference,Western Mich.,Uneven Bars UB,Event Specialist,Fr.,Fr,"Windsor, Ontario",Windsor,,international,Vincent Massey,0,https://wmubroncos.com/sports/womens-gymnastics/roster/2026
gym_f850f77224cb,Molly,Sabin,gymnastics,2025-26,2025-26,D1,Women,Mid-American Conference,Western Mich.,All-Around AA,All-Around,Fr.,Fr,"Stow, Ohio",Stow,OH,domestic,,0,https://wmubroncos.com/sports/womens-gymnastics/roster/2026
gym_d30f52b04fc8,Olivia,Sabin,gymnastics,2025-26,2025-26,D1,Women,Mid-American Conference,Western Mich.,All-Around AA,All-Around,Fr.,Fr,"Stow, Ohio",Stow,OH,domestic,,0,https://wmubroncos.com/sports/womens-gymnastics/roster/2026
gym_befce77daff3,Reese,Samuelson,gymnastics,2025-26,2025-26,D1,Women,Mid-American Conference,Western Mich.,All-Around AA,All-Around,Jr.,Jr,"Marengo, Ill.",Marengo,IL,domestic,Marengo,0,https://wmubroncos.com/sports/womens-gymnastics/roster/2026
gym_f52a94fdbb3f,Peyton,Stanos,gymnastics,2025-26,2025-26,D1,Women,Mid-American Conference,Western Mich.,All-Around AA,All-Around,Fr.,Fr,"Richfield, Ohio",Richfield,OH,domestic,,0,https://wmubroncos.com/sports/womens-gymnastics/roster/2026
gym_20bc09338997,Linda,Uro,gymnastics,2025-26,2025-26,D1,Women,Mid-American Conference,Western Mich.,Balance Beam BB,Event Specialist,Fr.,Fr,"Wilmington, De.",Wilmington,DE,domestic,Laurel Springs,0,https://wmubroncos.com/sports/womens-gymnastics/roster/2026
gym_0fb74e5b51d8,Kyler,Webster,gymnastics,2025-26,2025-26,D1,Women,Mid-American Conference,Western Mich.,Vault/Floor V/F,Event Specialist,So.,So,"Washington, Ill.",Washington,IL,domestic,Minooka Community,0,https://wmubroncos.com/sports/womens-gymnastics/roster/2026
gym_f708c7f5057e,Kaylei,Adams,gymnastics,2025-26,2025-26,D1,Women,Big 12 Conference,West Virginia,AA,All-Around,Jr.,Jr,"Raleigh, N.C.",Raleigh,NC,domestic,Millbrook High School,0,https://wvusports.com/sports/womens-gymnastics/roster/2026
gym_cd3be94c58bf,Julia,Brown,gymnastics,2025-26,2025-26,D1,Women,Big 12 Conference,West Virginia,AA,All-Around,Jr.,Jr,"Moon Township, Pa.",Moon Township,PA,domestic,Moon Area High School,0,https://wvusports.com/sports/womens-gymnastics/roster/2026
gym_c735023b8fd7,Karleigh,DiCello,gymnastics,2025-26,2025-26,D1,Women,Big 12 Conference,West Virginia,AA,All-Around,So.,So,"Boyds, Md.",Boyds,MD,domestic,Northwest High School,0,https://wvusports.com/sports/womens-gymnastics/roster/2026
gym_7b5f7df9eb5a,Brooke,Irwin,gymnastics,2025-26,2025-26,D1,Women,Big 12 Conference,West Virginia,AA,All-Around,Sr.,Sr,"Erie, Colo.",Erie,CO,domestic,Erie High,0,https://wvusports.com/sports/womens-gymnastics/roster/2026
gym_fce9c047d9e9,Jurnee,Lane,gymnastics,2025-26,2025-26,D1,Women,Big 12 Conference,West Virginia,AA,All-Around,Jr.,Jr,"LaVergne, Tenn.",LaVergne,TN,domestic,Stewarts Creek High school,0,https://wvusports.com/sports/womens-gymnastics/roster/2026
gym_2ca724681683,Amber,Lowe,gymnastics,2025-26,2025-26,D1,Women,Big 12 Conference,West Virginia,AA,All-Around,Jr.,Jr,"Acworth, Ga.",Acworth,GA,domestic,Allatoona High School,0,https://wvusports.com/sports/womens-gymnastics/roster/2026
gym_248e71758be4,Jayden,McDonnell,gymnastics,2025-26,2025-26,D1,Women,Big 12 Conference,West Virginia,AA,All-Around,Jr.,Jr,"Northport, N.Y.",Northport,NY,domestic,Northport High School,0,https://wvusports.com/sports/womens-gymnastics/roster/2026
gym_065b7e6f3f42,Haley,Mendoza,gymnastics,2025-26,2025-26,D1,Women,Big 12 Conference,West Virginia,AA,All-Around,Fr.,Fr,"West Chester, Ohio",West Chester,OH,domestic,Ohio Connections Academy,1,https://wvusports.com/sports/womens-gymnastics/roster/2026
gym_dbd6f49050d9,Carlee,Nelson,gymnastics,2025-26,2025-26,D1,Women,Big 12 Conference,West Virginia,AA,All-Around,Sr.,Sr,"Marietta, Ohio",Marietta,OH,domestic,Fort Frye High,0,https://wvusports.com/sports/womens-gymnastics/roster/2026
gym_9983aa7c653e,Auden,Pederson,gymnastics,2025-26,2025-26,D1,Women,Big 12 Conference,West Virginia,AA,All-Around,Fr.,Fr,"Forest Lake, Minnesota",Forest Lake,MN,domestic,Forest Lake High School,0,https://wvusports.com/sports/womens-gymnastics/roster/2026
gym_5070456e7014,Sophia,Rice,gymnastics,2025-26,2025-26,D1,Women,Big 12 Conference,West Virginia,AA,All-Around,So.,So,"Morgantown, W.Va.",Morgantown,WV,domestic,University High School,0,https://wvusports.com/sports/womens-gymnastics/roster/2026
gym_6eece70b2a5c,Kaelyn,Skeel,gymnastics,2025-26,2025-26,D1,Women,Big 12 Conference,West Virginia,AA,All-Around,So.,So,"Pittsburgh, Pa.",Pittsburgh,PA,domestic,North Allegheny High School,0,https://wvusports.com/sports/womens-gymnastics/roster/2026
gym_f4ed2b827ac2,Emerson,Smith,gymnastics,2025-26,2025-26,D1,Women,Big 12 Conference,West Virginia,AA,All-Around,So.,So,"Westerville, Ohio",Westerville,OH,domestic,Westerville North High School,0,https://wvusports.com/sports/womens-gymnastics/roster/2026
gym_a9e8df4ddb63,Kayla,Smith,gymnastics,2025-26,2025-26,D1,Women,Big 12 Conference,West Virginia,AA,All-Around,Fr.,Fr,"Richmond, Va.",Richmond,VA,domestic,Manchester High School,0,https://wvusports.com/sports/womens-gymnastics/roster/2026
gym_5a7decb40eaa,Miranda,Smith,gymnastics,2025-26,2025-26,D1,Women,Big 12 Conference,West Virginia,AA,All-Around,Sr.,Sr,"New Hartford, N.Y.",New Hartford,NY,domestic,New Hartford High,0,https://wvusports.com/sports/womens-gymnastics/roster/2026
gym_3bbd06739557,Taylor,Tuohy,gymnastics,2025-26,2025-26,D1,Women,Big 12 Conference,West Virginia,AA,All-Around,So.,So,"Dover, Pa.",Dover,PA,domestic,Liberty University Online High School,0,https://wvusports.com/sports/womens-gymnastics/roster/2026
gym_bb5f480fefc6,Eden,Webster,gymnastics,2025-26,2025-26,D1,Women,Big 12 Conference,West Virginia,AA,All-Around,So.,So,"Braselton, Ga.",Braselton,GA,domestic,Mill Creek High School,0,https://wvusports.com/sports/womens-gymnastics/roster/2026
gym_c0dc04187a33,Kira,Bolden,gymnastics,2025-26,2025-26,D1,Women,Big Ten Conference,Washington,,UNK,Jr.,Jr,"Reseda, Calif.",Reseda,CA,domestic,Granada Hills Charter,0,https://gohuskies.com/sports/womens-gymnastics/roster/2026
gym_87ffbfa0c335,Elena,Brian,gymnastics,2025-26,2025-26,D1,Women,Big Ten Conference,Washington,,UNK,Fr.,Fr,"Fontana, Calif.",Fontana,CA,domestic,Los Osos HS,0,https://gohuskies.com/sports/womens-gymnastics/roster/2026
gym_019752db93eb,Evelyn,DeYoung,gymnastics,2025-26,2025-26,D1,Women,Big Ten Conference,Washington,,UNK,Fr.,Fr,"Puyallup, Wash.",Puyallup,WA,domestic,Rogers HS,0,https://gohuskies.com/sports/womens-gymnastics/roster/2026
gym_8cd438c0fa0d,Haley,Fichiera,gymnastics,2025-26,2025-26,D1,Women,Big Ten Conference,Washington,,UNK,Fr.,Fr,"Chandler, Ariz.",Chandler,AZ,domestic,Basha HS,0,https://gohuskies.com/sports/womens-gymnastics/roster/2026
gym_f9e75603e1f9,Charlotte,Gray,gymnastics,2025-26,2025-26,D1,Women,Big Ten Conference,Washington,,UNK,Fr.,Fr,"Los Angeles, California",Los Angeles,CA,domestic,Valley International Prep,1,https://gohuskies.com/sports/womens-gymnastics/roster/2026
gym_81dc1c8645c2,Chelsea,Hallinan,gymnastics,2025-26,2025-26,D1,Women,Big Ten Conference,Washington,,UNK,Jr.,Jr,"Silverdale, Wash.",Silverdale,WA,domestic,Central Kitsap HS,0,https://gohuskies.com/sports/womens-gymnastics/roster/2026
gym_37c74aa9f2f1,Kristin,Lin,gymnastics,2025-26,2025-26,D1,Women,Big Ten Conference,Washington,,UNK,Jr.,Jr,"Santa Clara, Calif.",Santa Clara,CA,domestic,The King's Academy,1,https://gohuskies.com/sports/womens-gymnastics/roster/2026
gym_e4aa004b02e2,Mary,McDonough,gymnastics,2025-26,2025-26,D1,Women,Big Ten Conference,Washington,,UNK,Jr.,Jr,"Franklin, Tenn.",Franklin,TN,domestic,Franklin HS,0,https://gohuskies.com/sports/womens-gymnastics/roster/2026
gym_68dc0d42a7b9,Caitlin,McWilliams,gymnastics,2025-26,2025-26,D1,Women,Big Ten Conference,Washington,,UNK,Sr.,Sr,"Littleton, Colo.",Littleton,CO,domestic,Chatfield Senior HS,0,https://gohuskies.com/sports/womens-gymnastics/roster/2026
gym_1de701b9e847,Deiah,Moody,gymnastics,2025-26,2025-26,D1,Women,Big Ten Conference,Washington,,UNK,Gr.,Gr,"Frisco, Texas",Frisco,TX,domestic,Lebanon Trail HS,0,https://gohuskies.com/sports/womens-gymnastics/roster/2026
gym_d321d82a8374,Lex,Mouyenga,gymnastics,2025-26,2025-26,D1,Women,Big Ten Conference,Washington,,UNK,So.,So,"Maple Grove, Minn.",Maple Grove,MN,domestic,Wayzata HS,0,https://gohuskies.com/sports/womens-gymnastics/roster/2026
gym_88531d18a6ef,Lana,Navarro,gymnastics,2025-26,2025-26,D1,Women,Big Ten Conference,Washington,,UNK,Gr.,Gr,"La Verne, Calif.",La Verne,CA,domestic,Bonita HS,0,https://gohuskies.com/sports/womens-gymnastics/roster/2026
gym_b5b98a16ce1a,Thu,Nguyen,gymnastics,2025-26,2025-26,D1,Women,Big Ten Conference,Washington,,UNK,Sr.,Sr,"Costa Mesa, Calif.",Costa Mesa,CA,domestic,Estancia HS,0,https://gohuskies.com/sports/womens-gymnastics/roster/2026
gym_636a389114ca,Olivia,Oppegard,gymnastics,2025-26,2025-26,D1,Women,Big Ten Conference,Washington,,UNK,Sr.,Sr,"Newport Beach, Calif.",Newport Beach,CA,domestic,Corona del Mar HS,0,https://gohuskies.com/sports/womens-gymnastics/roster/2026
gym_2a4019c7afdb,Lydia,Rak,gymnastics,2025-26,2025-26,D1,Women,Big Ten Conference,Washington,,UNK,Fr.,Fr,"San Carlos, Calif.",San Carlos,CA,domestic,Design Tech HS,0,https://gohuskies.com/sports/womens-gymnastics/roster/2026
gym_b0369e4c54f9,Jessica,Reith,gymnastics,2025-26,2025-26,D1,Women,Big Ten Conference,Washington,,UNK,So.,So,"Scarsdale, N.Y.",Scarsdale,NY,domestic,Pearson Online Academy,1,https://gohuskies.com/sports/womens-gymnastics/roster/2026
gym_dfe5165a2b4e,Jessica,Schaffer,gymnastics,2025-26,2025-26,D1,Women,Big Ten Conference,Washington,,UNK,Fr.,Fr,"Phoenix, Ariz.",Phoenix,AZ,domestic,Desert Vista HS,0,https://gohuskies.com/sports/womens-gymnastics/roster/2026
gym_3f7cb85cbf16,Emma,Schrady,gymnastics,2025-26,2025-26,D1,Women,Big Ten Conference,Washington,,UNK,Sr.,Sr,"Truckee, Calif.",Truckee,CA,domestic,Bishop Manogue HS,0,https://gohuskies.com/sports/womens-gymnastics/roster/2026
gym_086f0b644ab5,Lilly,Tubbs,gymnastics,2025-26,2025-26,D1,Women,Big Ten Conference,Washington,,UNK,Sr.,Sr,"Pflugerville, Texas",Pflugerville,TX,domestic,Hendrickson HS,0,https://gohuskies.com/sports/womens-gymnastics/roster/2026
gym_91b7084c926b,Lily,Aucoin,gymnastics,2025-26,2025-26,D1,Women,Ivy League,Yale,,UNK,Jr.,Jr,"Woodlands, Texas",Woodlands,TX,domestic,Christ Episcopal School,0,https://yalebulldogs.com/sports/womens-gymnastics/roster/2026
gym_87cb4bbc85a0,Annie,Bilbe,gymnastics,2025-26,2025-26,D1,Women,Ivy League,Yale,,UNK,Fy.,Fr,"Covington, La.",Covington,LA,domestic,Christ Episcopal School,0,https://yalebulldogs.com/sports/womens-gymnastics/roster/2026
gym_9d3b6a4186cd,Megan,Brueck,gymnastics,2025-26,2025-26,D1,Women,Ivy League,Yale,,UNK,Sr.,Sr,"Cincinnati, Ohio",Cincinnati,OH,domestic,Ursuline Academy,1,https://yalebulldogs.com/sports/womens-gymnastics/roster/2026
gym_86e30c3f95c1,Lauren,Burt,gymnastics,2025-26,2025-26,D1,Women,Ivy League,Yale,,UNK,So.,So,"Golden, Colo.",Golden,CO,domestic,,0,https://yalebulldogs.com/sports/womens-gymnastics/roster/2026
gym_1501a44cfbe0,Chloe,DeJoy,gymnastics,2025-26,2025-26,D1,Women,Ivy League,Yale,,UNK,Jr.,Jr,"Mason, Ohio",Mason,OH,domestic,,0,https://yalebulldogs.com/sports/womens-gymnastics/roster/2026
gym_3ce30bddce57,Meredith,Donovan,gymnastics,2025-26,2025-26,D1,Women,Ivy League,Yale,,UNK,Sr.,Sr,"Crown Point, Ind.",Crown Point,IN,domestic,Crown Point,0,https://yalebulldogs.com/sports/womens-gymnastics/roster/2026
gym_273807dcd749,Allie,Forbes,gymnastics,2025-26,2025-26,D1,Women,Ivy League,Yale,,UNK,So.,So,"Edmonton, Alb.",Edmonton,,international,,0,https://yalebulldogs.com/sports/womens-gymnastics/roster/2026
gym_ed0eb0fb59ae,Ella,Hargreaves,gymnastics,2025-26,2025-26,D1,Women,Ivy League,Yale,,UNK,Fy.,Fr,"Zionsville, Ind.",Zionsville,IN,domestic,Zionsville Community,0,https://yalebulldogs.com/sports/womens-gymnastics/roster/2026
gym_e7bdef79b7bb,Lauren,Holt,gymnastics,2025-26,2025-26,D1,Women,Ivy League,Yale,,UNK,Sr.,Sr,"Rochester, Mich.",Rochester,MI,domestic,Marian,0,https://yalebulldogs.com/sports/womens-gymnastics/roster/2026
gym_d8d12da2c9da,Ellie,Kearns,gymnastics,2025-26,2025-26,D1,Women,Ivy League,Yale,,UNK,So.,So,"Hillsborough, Calif.",Hillsborough,CA,domestic,,0,https://yalebulldogs.com/sports/womens-gymnastics/roster/2026
gym_f3af688031a1,Hailey,Kriz,gymnastics,2025-26,2025-26,D1,Women,Ivy League,Yale,,UNK,So.,So,"Westborough, Mass.",Westborough,MA,domestic,,0,https://yalebulldogs.com/sports/womens-gymnastics/roster/2026
gym_a04142a225e5,Lauren,Luu,gymnastics,2025-26,2025-26,D1,Women,Ivy League,Yale,,UNK,Jr.,Jr,"Bellevue, Wash.",Bellevue,WA,domestic,,0,https://yalebulldogs.com/sports/womens-gymnastics/roster/2026
gym_cd81fc7ff2f4,Eva,Rosenberg,gymnastics,2025-26,2025-26,D1,Women,Ivy League,Yale,,UNK,Fy.,Fr,"Silver Spring, Md.",Silver Spring,MD,domestic,Montgomery Blair,0,https://yalebulldogs.com/sports/womens-gymnastics/roster/2026
gym_917f83563128,Gigi,Sabatini,gymnastics,2025-26,2025-26,D1,Women,Ivy League,Yale,,UNK,Sr.,Sr,"Clarks Summit, Pa.",Clarks Summit,PA,domestic,Abington Heights,0,https://yalebulldogs.com/sports/womens-gymnastics/roster/2026
gym_1c0abb76c9c2,Ashley,Stafford,gymnastics,2025-26,2025-26,D1,Women,Ivy League,Yale,,UNK,Fy.,Fr,"San Clemente, Calif.",San Clemente,CA,domestic,San Clemente,0,https://yalebulldogs.com/sports/womens-gymnastics/roster/2026
gym_663b38fad387,Hana,Strause,gymnastics,2025-26,2025-26,D1,Women,Ivy League,Yale,,UNK,Sr.,Sr,"Foster City, Calif.",Foster City,CA,domestic,Aragon,0,https://yalebulldogs.com/sports/womens-gymnastics/roster/2026
gym_6f0e7be9219f,Camryn,Summa-Barbour,gymnastics,2025-26,2025-26,D1,Women,Ivy League,Yale,,UNK,Fy.,Fr,TEAM IMPACT,TEAM IMPACT,,international,,0,https://yalebulldogs.com/sports/womens-gymnastics/roster/2026
gym_439e0da2ac01,Ella,Tashjian,gymnastics,2025-26,2025-26,D1,Women,Ivy League,Yale,,UNK,Jr.,Jr,"Manchester, Vt.",Manchester,VT,domestic,,0,https://yalebulldogs.com/sports/womens-gymnastics/roster/2026
gym_43a552db6bef,Charlotte,Zaun,gymnastics,2025-26,2025-26,D1,Women,Ivy League,Yale,,UNK,So.,So,"Bernardsville, N.J.",Bernardsville,NJ,domestic,Bernards High School,0,https://yalebulldogs.com/sports/womens-gymnastics/roster/2026
gym_627d86ba8fe7,Liberty,Andrews,gymnastics,2025-26,2025-26,D1,Women,Big 12 Conference,Arizona St.,AA,All-Around,Sophomore,So,"Blue Springs, Mo.",Blue Springs,MO,domestic,,0,https://thesundevils.com/sports/gymnastics/roster
gym_5fced98924e3,Halle,Braaflat,gymnastics,2025-26,2025-26,D1,Women,Big 12 Conference,Arizona St.,AA,All-Around,Junior,Jr,"Fargo, N.D.",Fargo,ND,domestic,,0,https://thesundevils.com/sports/gymnastics/roster
gym_78cfd0d1d6c9,Kylee,Bromley,gymnastics,2025-26,2025-26,D1,Women,Big 12 Conference,Arizona St.,AA,All-Around,Sophomore,So,"Runnemede, N.J.",Runnemede,NJ,domestic,,0,https://thesundevils.com/sports/gymnastics/roster
gym_53532db0c341,Safia,El Mammann,gymnastics,2025-26,2025-26,D1,Women,Big 12 Conference,Arizona St.,AA,All-Around,Sophomore,So,"North Haven, Conn.",North Haven,CT,domestic,,0,https://thesundevils.com/sports/gymnastics/roster
gym_5fd5b09a6cb7,Halle,Gregoire,gymnastics,2025-26,2025-26,D1,Women,Big 12 Conference,Arizona St.,AA,All-Around,Senior,Sr,"Moorhead, Minn.",Moorhead,MN,domestic,,0,https://thesundevils.com/sports/gymnastics/roster
gym_3ff774270218,Reese,Grolla,gymnastics,2025-26,2025-26,D1,Women,Big 12 Conference,Arizona St.,AA,All-Around,Senior,Sr,"Calgary, Alberta, Canada",Calgary,,international,,0,https://thesundevils.com/sports/gymnastics/roster
gym_0c1331d1abba,Brynley,Hall,gymnastics,2025-26,2025-26,D1,Women,Big 12 Conference,Arizona St.,AA,All-Around,Freshman,Fr,"Pleasant Grove, Utah",Pleasant Grove,UT,domestic,,0,https://thesundevils.com/sports/gymnastics/roster
gym_b58dacbc3160,Delanie,Kelly,gymnastics,2025-26,2025-26,D1,Women,Big 12 Conference,Arizona St.,AA,All-Around,Sophomore,So,"Lake Forest, Ill.",Lake Forest,IL,domestic,,0,https://thesundevils.com/sports/gymnastics/roster
gym_31f6bf8cbe37,Nina,Laurito,gymnastics,2025-26,2025-26,D1,Women,Big 12 Conference,Arizona St.,AA,All-Around,Junior,Jr,"Pearland, Texas",Pearland,TX,domestic,,0,https://thesundevils.com/sports/gymnastics/roster
gym_fe9e4bc69625,Kaydence,Lockhart,gymnastics,2025-26,2025-26,D1,Women,Big 12 Conference,Arizona St.,AA,All-Around,Sophomore,So,"Chandler, Ariz.",Chandler,AZ,domestic,,0,https://thesundevils.com/sports/gymnastics/roster
gym_280080cdfa38,Adele,Ossi,gymnastics,2025-26,2025-26,D1,Women,Big 12 Conference,Arizona St.,AA,All-Around,Sophomore,So,"Annandale, N.J.",Annandale,NJ,domestic,,0,https://thesundevils.com/sports/gymnastics/roster
gym_050d9f425693,Lilia,Purler,gymnastics,2025-26,2025-26,D1,Women,Big 12 Conference,Arizona St.,AA,All-Around,Senior,Sr,"Holt, Mo.",Holt,MO,domestic,,0,https://thesundevils.com/sports/gymnastics/roster
gym_b535b8a7ef6f,Jessica,Rosenberg,gymnastics,2025-26,2025-26,D1,Women,Big 12 Conference,Arizona St.,AA,All-Around,Sophomore,So,"Sarasota, Fla.",Sarasota,FL,domestic,,0,https://thesundevils.com/sports/gymnastics/roster
gym_28c53e027480,Avery,Schwarz,gymnastics,2025-26,2025-26,D1,Women,Big 12 Conference,Arizona St.,AA,All-Around,Freshman,Fr,"Austin, Texas",Austin,TX,domestic,,0,https://thesundevils.com/sports/gymnastics/roster
gym_a4956f5fdb94,Adelle,Speck,gymnastics,2025-26,2025-26,D1,Women,Big 12 Conference,Arizona St.,AA,All-Around,Freshman,Fr,"San Diego, Calif.",San Diego,CA,domestic,,0,https://thesundevils.com/sports/gymnastics/roster
gym_205981272db9,Jenna,Timmons,gymnastics,2025-26,2025-26,D1,Women,Big 12 Conference,Arizona St.,AA,All-Around,Junior,Jr,"Calgary, Canada",Calgary,,international,,0,https://thesundevils.com/sports/gymnastics/roster
gym_2a88ddfcde18,Robyn,Wilson,gymnastics,2025-26,2025-26,D1,Women,Big 12 Conference,Arizona St.,AA,All-Around,Sophomore,So,"Evans, Ga.",Evans,GA,domestic,,0,https://thesundevils.com/sports/gymnastics/roster
gym_117421c884d0,Olivia,Ahern,gymnastics,2025-26,2025-26,D1,Women,Southeastern Conference,Auburn,AA,All-Around,Junior,Jr,"Memphis, Tenn.",Memphis,TN,domestic,White Station,0,https://auburntigers.com/sports/gymnastics/roster/season/2026
gym_0433b525db40,Bryn,Bartman,gymnastics,2025-26,2025-26,D1,Women,Southeastern Conference,Auburn,AA,All-Around,Sophomore,So,"Black Mountain, N.C.",Black Mountain,NC,domestic,Buncombe County Virtual,0,https://auburntigers.com/sports/gymnastics/roster/season/2026
gym_3564b0125d8a,Sophia,Bell,gymnastics,2025-26,2025-26,D1,Women,Southeastern Conference,Auburn,AA,All-Around,Sophomore,So,"Blue Springs, Mo.",Blue Springs,MO,domestic,Fort Osage,0,https://auburntigers.com/sports/gymnastics/roster/season/2026
gym_6b30a73633ae,Kaylee,Bluffstone,gymnastics,2025-26,2025-26,D1,Women,Southeastern Conference,Auburn,AA,All-Around,Junior,Jr,"Tampa, Florida",Tampa,FL,domestic,Steinbrenner High School,0,https://auburntigers.com/sports/gymnastics/roster/season/2026
gym_5259d936d063,Charlotte,Booth,gymnastics,2025-26,2025-26,D1,Women,Southeastern Conference,Auburn,AA,All-Around,Freshman,Fr,"Clermont, Fla.",Clermont,FL,domestic,Florida Virtual School,0,https://auburntigers.com/sports/gymnastics/roster/season/2026
gym_e3a7b6886d85,Emma,Grace Boyd,gymnastics,2025-26,2025-26,D1,Women,Southeastern Conference,Auburn,AA,All-Around,Junior,Jr,"Windermere, Fla.",Windermere,FL,domestic,Olympia,0,https://auburntigers.com/sports/gymnastics/roster/season/2026
gym_99621baab715,Adriana,Consoli,gymnastics,2025-26,2025-26,D1,Women,Southeastern Conference,Auburn,AA,All-Around,Freshman,Fr,"Pearland, Texas",Pearland,TX,domestic,Pearland,0,https://auburntigers.com/sports/gymnastics/roster/season/2026
gym_6ba555accb84,Olivia,Greaves,gymnastics,2025-26,2025-26,D1,Women,Southeastern Conference,Auburn,AA,All-Around,Junior,Jr,"Staten Island, N.Y.",Staten Island,NY,domestic,Abeka Academy,1,https://auburntigers.com/sports/gymnastics/roster/season/2026
gym_f4bdae07b798,Sophia,Greaves,gymnastics,2025-26,2025-26,D1,Women,Southeastern Conference,Auburn,AA,All-Around,Junior,Jr,"Staten Island, N.Y.",Staten Island,NY,domestic,St. Joseph by the Sea,0,https://auburntigers.com/sports/gymnastics/roster/season/2026
gym_547daf74b700,Hannah,Hagle,gymnastics,2025-26,2025-26,D1,Women,Southeastern Conference,Auburn,AA,All-Around,Senior,Sr,"San Augustine, Texas",San Augustine,TX,domestic,Cumberland Academy,1,https://auburntigers.com/sports/gymnastics/roster/season/2026
gym_9388fb1768c8,Julianne,Huff,gymnastics,2025-26,2025-26,D1,Women,Southeastern Conference,Auburn,AA,All-Around,Junior,Jr,"Hoover, Ala.",Hoover,AL,domestic,Hoover High School,0,https://auburntigers.com/sports/gymnastics/roster/season/2026
gym_e73e54fbb8b0,Alex,Irvine,gymnastics,2025-26,2025-26,D1,Women,Southeastern Conference,Auburn,AA,All-Around,Junior,Jr,"Roseville, Calif.",Roseville,CA,domestic,Woodcreek,0,https://auburntigers.com/sports/gymnastics/roster/season/2026
gym_2cbdcb346919,Katelyn,Jong,gymnastics,2025-26,2025-26,D1,Women,Southeastern Conference,Auburn,AA,All-Around,Sophomore,So,"Allen, Texas",Allen,TX,domestic,Connection Academy,1,https://auburntigers.com/sports/gymnastics/roster/season/2026
gym_944ee24477d3,Mia,Leverton,gymnastics,2025-26,2025-26,D1,Women,Southeastern Conference,Auburn,AA,All-Around,Freshman,Fr,"Murrells Inlet, S.C.",Murrells Inlet,SC,domestic,Homeschooled,1,https://auburntigers.com/sports/gymnastics/roster/season/2026
gym_1b7a3ac9cb63,Marissa,Neal,gymnastics,2025-26,2025-26,D1,Women,Southeastern Conference,Auburn,AA,All-Around,Sophomore,So,"Blue Springs, Mo",Blue Springs,MO,domestic,Blue Springs South,0,https://auburntigers.com/sports/gymnastics/roster/season/2026
gym_b953f1617c01,Rebekah,Smith,gymnastics,2025-26,2025-26,D1,Women,Southeastern Conference,Auburn,AA,All-Around,Freshman,Fr,"Houston, Texas",Houston,TX,domestic,Texas Connections Academy,1,https://auburntigers.com/sports/gymnastics/roster/season/2026
gym_2b6a9a1213e7,Brynn,Torry,gymnastics,2025-26,2025-26,D1,Women,Southeastern Conference,Auburn,AA,All-Around,Freshman,Fr,"Yorktown, Va.",Yorktown,VA,domestic,Laurel Spring,0,https://auburntigers.com/sports/gymnastics/roster/season/2026
gym_23ee091aeb01,Emma,Wehry,gymnastics,2025-26,2025-26,D1,Women,Southeastern Conference,Auburn,AA,All-Around,Junior,Jr,"Klingerstown, Pa.",Klingerstown,PA,domestic,Tri-Valley,0,https://auburntigers.com/sports/gymnastics/roster/season/2026
gym_28adaf07d738,Jersie,Woolsey,gymnastics,2025-26,2025-26,D1,Women,Southeastern Conference,Auburn,AA,All-Around,Junior,Jr,"Riverton, Utah",Riverton,UT,domestic,Mountain Ridge,0,https://auburntigers.com/sports/gymnastics/roster/season/2026
gym_4880efabea9f,Paige,Zancan,gymnastics,2025-26,2025-26,D1,Women,Southeastern Conference,Auburn,AA,All-Around,Junior,Jr,"Mt. Airy, Md.",Mt. Airy,MD,domestic,Damascus,0,https://auburntigers.com/sports/gymnastics/roster/season/2026
gym_1605b0cdc511,Kady,Bills-McCoy,gymnastics,2025-26,2025-26,D1,Women,Northeast Conference,LIU,"5'4""",Other,Jr.,Jr,"Clermont, Fla.",Clermont,FL,domestic,Montverde Academy,1,https://www.liuathletics.com/sports/womens-gymnastics/roster
gym_b4098adf4745,Brooke,Burkhart,gymnastics,2025-26,2025-26,D1,Women,Northeast Conference,LIU,"5'9""",Other,Gr.,Gr,"Haymarket, Va.",Haymarket,VA,domestic,Battlefield,0,https://www.liuathletics.com/sports/womens-gymnastics/roster
gym_b4f4b81bba04,Ellorie,Cane,gymnastics,2025-26,2025-26,D1,Women,Northeast Conference,LIU,"5'6""",Other,So.,So,"Nashville, Tenn.",Nashville,TN,domestic,James Lawson,0,https://www.liuathletics.com/sports/womens-gymnastics/roster
gym_b0749c24f9ca,Brisa,Carraro,gymnastics,2025-26,2025-26,D1,Women,Northeast Conference,LIU,"5'3""",Other,Jr.,Jr,"Buenos Aires, Argentina",Buenos Aires,,international,SEADEA,0,https://www.liuathletics.com/sports/womens-gymnastics/roster
gym_85dcadb97f2b,Kaira,Cartwright,gymnastics,2025-26,2025-26,D1,Women,Northeast Conference,LIU,"5'1""",Other,So.,So,"Virginia Beach, Va.",Virginia Beach,VA,domestic,Tallwood,0,https://www.liuathletics.com/sports/womens-gymnastics/roster
gym_6bc179f373cf,Zoe,Claiborne,gymnastics,2025-26,2025-26,D1,Women,Northeast Conference,LIU,"5'9""",Other,So.,So,"Downers Grove, Ill.",Downers Grove,IL,domestic,Downers Grove South,0,https://www.liuathletics.com/sports/womens-gymnastics/roster
gym_f1710b3c38fd,Alina,Danilchenko,gymnastics,2025-26,2025-26,D1,Women,Northeast Conference,LIU,"5'4""",Other,Jr.,Jr,"Orlando, Fla.",Orlando,FL,domestic,Celebration,0,https://www.liuathletics.com/sports/womens-gymnastics/roster
gym_54e193d28238,Renee,Figueroa,gymnastics,2025-26,2025-26,D1,Women,Northeast Conference,LIU,"5'2""",Other,Sr.,Sr,"Weehawken, N.J.",Weehawken,NJ,domestic,Weehawken HS,0,https://www.liuathletics.com/sports/womens-gymnastics/roster
gym_c2d698885feb,Angelina,Hogan,gymnastics,2025-26,2025-26,D1,Women,Northeast Conference,LIU,"5'4""",Other,Sr.,Sr,"Plano, Texas",Plano,TX,domestic,Rutherford,0,https://www.liuathletics.com/sports/womens-gymnastics/roster
gym_c7dee85eeb7e,Danyella,Holmes,gymnastics,2025-26,2025-26,D1,Women,Northeast Conference,LIU,"5'0""",Other,Jr.,Jr,"Kingston, Jamaica",Kingston,,international,Our Lady of Lourdes Academy,1,https://www.liuathletics.com/sports/womens-gymnastics/roster
gym_25ab6a8502b1,Carly,Kliewer,gymnastics,2025-26,2025-26,D1,Women,Northeast Conference,LIU,"5'5""",Other,So.,So,"Stevenson Ranch, Calif.",Stevenson Ranch,CA,domestic,West Ranch,0,https://www.liuathletics.com/sports/womens-gymnastics/roster
gym_912cf8583ef3,Ashley,Locker,gymnastics,2025-26,2025-26,D1,Women,Northeast Conference,LIU,"5'5""",Other,So.,So,"Chapin, S.C.",Chapin,SC,domestic,Gray Colligate Academy,1,https://www.liuathletics.com/sports/womens-gymnastics/roster
gym_8c8bd5b01744,Camille,Lund Rasmussen,gymnastics,2025-26,2025-26,D1,Women,Northeast Conference,LIU,"5'2""",Other,So.,So,"Copenhagen, Denmark",Copenhagen,,international,Falkonergaardens Gymnasium,0,https://www.liuathletics.com/sports/womens-gymnastics/roster
gym_bb1bc1d6c697,Maya,Oberman,gymnastics,2025-26,2025-26,D1,Women,Northeast Conference,LIU,"5'1""",Other,Jr.,Jr,"Kiryat Ono, Israel",Kiryat Ono,,international,Ben-Zvi,0,https://www.liuathletics.com/sports/womens-gymnastics/roster
gym_8c9441338a42,AnnaLisa,Page,gymnastics,2025-26,2025-26,D1,Women,Northeast Conference,LIU,"5'2""",Other,Sr.,Sr,"Lockport, N.Y.",Lockport,NY,domestic,Starpoint,0,https://www.liuathletics.com/sports/womens-gymnastics/roster
gym_b3e3dd7d90be,Raphaëlle,Perreault,gymnastics,2025-26,2025-26,D1,Women,Northeast Conference,LIU,"5'1""",Other,So.,So,"Sherbrooke, Quebec, Canada",Sherbrooke,,international,Triolet,0,https://www.liuathletics.com/sports/womens-gymnastics/roster
gym_9a4fbbf7e463,Isabella,Savino,gymnastics,2025-26,2025-26,D1,Women,Northeast Conference,LIU,"5'2""",Other,Sr.,Sr,"Rowley, Mass.",Rowley,MA,domestic,Triton Regional,0,https://www.liuathletics.com/sports/womens-gymnastics/roster
gym_2a6caf2ff246,Eden,Stippick,gymnastics,2025-26,2025-26,D1,Women,Northeast Conference,LIU,"5'1""",Other,Fr.,Fr,"Georgetown, Texas",Georgetown,TX,domestic,East View,0,https://www.liuathletics.com/sports/womens-gymnastics/roster
gym_00dd21bedd3f,Kayla,Toniolo,gymnastics,2025-26,2025-26,D1,Women,Northeast Conference,LIU,"5'2""",Other,Sr.,Sr,"Orange, Calif.",Orange,CA,domestic,Canyon,0,https://www.liuathletics.com/sports/womens-gymnastics/roster
gym_1dfacec6202c,Haleigh,Welch,gymnastics,2025-26,2025-26,D1,Women,Northeast Conference,LIU,"5'4""",Other,So.,So,"Frederick, Md.",Frederick,MD,domestic,Acellus Academy,1,https://www.liuathletics.com/sports/womens-gymnastics/roster
gym_60010f357a3f,Chesney,Bennett,gymnastics,2025-26,2025-26,D1,Women,Southeastern Conference,Kentucky,,UNK,Sophomore,So,"Charleston, South Carolina",Charleston,SC,domestic,Bishop England HS,0,https://ukathletics.com/sports/wgym/roster/
gym_a5f5a248f347,Creslyn,Brose,gymnastics,2025-26,2025-26,D1,Women,Southeastern Conference,Kentucky,,UNK,Junior,Jr,"Holly Springs, North Carolina",Holly Springs,NC,domestic,Crossroads Flex,0,https://ukathletics.com/sports/wgym/roster/
gym_44e58e5da8a1,Carly,Busch,gymnastics,2025-26,2025-26,D1,Women,Southeastern Conference,Kentucky,,UNK,Sophomore,So,"St. Louis, Missouri",St. Louis,MO,domestic,Nerinx Hall,0,https://ukathletics.com/sports/wgym/roster/
gym_28fec306ec0a,Anna,Flynn Cashion,gymnastics,2025-26,2025-26,D1,Women,Southeastern Conference,Kentucky,,UNK,Sophomore,So,"Cornelius, North Carolina",Cornelius,NC,domestic,Southlake Christian,0,https://ukathletics.com/sports/wgym/roster/
gym_a0d254c73278,Talia,Cotter,gymnastics,2025-26,2025-26,D1,Women,Southeastern Conference,Kentucky,,UNK,Freshman,Fr,"Wrentham, Massachusetts",Wrentham,MA,domestic,TEC Connections Academy,1,https://ukathletics.com/sports/wgym/roster/
gym_6d870f1af618,Isabella,Edralin,gymnastics,2025-26,2025-26,D1,Women,Southeastern Conference,Kentucky,,UNK,Freshman,Fr,"Virginia Beach, Virginia",Virginia Beach,VA,domestic,Tallwood HS,0,https://ukathletics.com/sports/wgym/roster/
gym_549e251d8e2b,Callie,Gardner,gymnastics,2025-26,2025-26,D1,Women,Southeastern Conference,Kentucky,,UNK,Sophomore,So,"Greenville, South Carolina",Greenville,SC,domestic,Mauldin HS,0,https://ukathletics.com/sports/wgym/roster/
gym_1349b2ab21d8,Cadence,Gormley,gymnastics,2025-26,2025-26,D1,Women,Southeastern Conference,Kentucky,,UNK,Junior,Jr,"Richmond, Virginia",Richmond,VA,domestic,Deep Run HS,0,https://ukathletics.com/sports/wgym/roster/
gym_422dcd2e01d4,Addisyn,Hofseth,gymnastics,2025-26,2025-26,D1,Women,Southeastern Conference,Kentucky,,UNK,Freshman,Fr,"Magnolia, Texas",Magnolia,TX,domestic,Legacy Preparatory Christian,1,https://ukathletics.com/sports/wgym/roster/
gym_bc084f0b7721,Sharon,Lee,gymnastics,2025-26,2025-26,D1,Women,Southeastern Conference,Kentucky,,UNK,Junior,Jr,"Round Rock, Texas",Round Rock,TX,domestic,Round Rock HS,0,https://ukathletics.com/sports/wgym/roster/
gym_90e0e3d301f2,Sabrina,Nemcek,gymnastics,2025-26,2025-26,D1,Women,Southeastern Conference,Kentucky,,UNK,Freshman,Fr,"Chicago, Illinois",Chicago,IL,domestic,John Hersey HS,0,https://ukathletics.com/sports/wgym/roster/
gym_cc55f235b436,Ryan,Noonan,gymnastics,2025-26,2025-26,D1,Women,Southeastern Conference,Kentucky,,UNK,Sophomore,So,"San Diego, California",San Diego,CA,domestic,Santa Fe Christian,0,https://ukathletics.com/sports/wgym/roster/
gym_03544b08a280,Alyssa,Orgen,gymnastics,2025-26,2025-26,D1,Women,Southeastern Conference,Kentucky,,UNK,Sophomore,So,"Lakewood Ranch, Florida",Lakewood Ranch,FL,domestic,Florida Virtual,0,https://ukathletics.com/sports/wgym/roster/
gym_1a66ac055a2b,Isabella,Rivelli,gymnastics,2025-26,2025-26,D1,Women,Southeastern Conference,Kentucky,,UNK,Senior,Sr,"Bartlett, Illinois",Bartlett,IL,domestic,Bartlett HS,0,https://ukathletics.com/sports/wgym/roster/
gym_c5ab44c3d433,Cecily,Rizo,gymnastics,2025-26,2025-26,D1,Women,Southeastern Conference,Kentucky,,UNK,Junior,Jr,"Coppell, Texas",Coppell,TX,domestic,Marcus HS,0,https://ukathletics.com/sports/wgym/roster/
gym_52368514faff,Delaynee,Rodriguez,gymnastics,2025-26,2025-26,D1,Women,Southeastern Conference,Kentucky,,UNK,Junior,Jr,"Las Vegas, Nevada",Las Vegas,NV,domestic,Foothill HS,0,https://ukathletics.com/sports/wgym/roster/
gym_391a23b0959e,Lily,Thaxton,gymnastics,2025-26,2025-26,D1,Women,Southeastern Conference,Kentucky,,UNK,Freshman,Fr,"Charleston, West Virginia",Charleston,WV,domestic,George Washington HS,0,https://ukathletics.com/sports/wgym/roster/
gym_b6a48871f230,Ellie,Topchishvili,gymnastics,2025-26,2025-26,D1,Women,Southeastern Conference,Kentucky,,UNK,Freshman,Fr,"Oradell, New Jersey",Oradell,NJ,domestic,River Dell HS,0,https://ukathletics.com/sports/wgym/roster/
gym_d4fce7694d30,Gabby,Van Frayen,gymnastics,2025-26,2025-26,D1,Women,Southeastern Conference,Kentucky,,UNK,Freshman,Fr,"Lewis Center, Ohio",Lewis Center,OH,domestic,Olentangy HS,0,https://ukathletics.com/sports/wgym/roster/
gym_77f121de0e9d,Morgan,Price,gymnastics,2025-26,2025-26,D1,Women,Southeastern Conference,Arkansas,,UNK,Senior,Sr,"Lebanon, Tenn.",Lebanon,TN,domestic,,0,https://arkansasrazorbacks.com/sport/w-gym/roster/?season=2025-26
gym_3d699fda424d,Madison,Gustitus,gymnastics,2025-26,2025-26,D1,Women,Southeastern Conference,Arkansas,,UNK,Sophomore,So,"Chicago, Ill.",Chicago,IL,domestic,,0,https://arkansasrazorbacks.com/sport/w-gym/roster/?season=2025-26
gym_31c45c07a357,Riley,Jandorf,gymnastics,2025-26,2025-26,D1,Women,Southeastern Conference,Arkansas,,UNK,Freshman,Fr,"Bentonville, Ark.",Bentonville,AR,domestic,,0,https://arkansasrazorbacks.com/sport/w-gym/roster/?season=2025-26
gym_f74c2385a8e6,Avery,King,gymnastics,2025-26,2025-26,D1,Women,Southeastern Conference,Arkansas,,UNK,Freshman,Fr,"Dallas, Texas",Dallas,TX,domestic,,0,https://arkansasrazorbacks.com/sport/w-gym/roster/?season=2025-26
gym_c305c99614e3,Addison,Bare,gymnastics,2025-26,2025-26,D1,Women,Southeastern Conference,Arkansas,,UNK,Freshman,Fr,"Lancaster, Pa.",Lancaster,PA,domestic,,0,https://arkansasrazorbacks.com/sport/w-gym/roster/?season=2025-26
gym_ef4e7e6fa0e4,Bradley,Burton,gymnastics,2025-26,2025-26,D1,Women,Southeastern Conference,Arkansas,,UNK,Freshman,Fr,"Houston, Texas",Houston,TX,domestic,,0,https://arkansasrazorbacks.com/sport/w-gym/roster/?season=2025-26
gym_82474be51fcf,Avalon,Campbell,gymnastics,2025-26,2025-26,D1,Women,Southeastern Conference,Arkansas,,UNK,Freshman,Fr,"Oceanside, Calif.",Oceanside,CA,domestic,,0,https://arkansasrazorbacks.com/sport/w-gym/roster/?season=2025-26
gym_efbb61446f07,Allison,Cucci,gymnastics,2025-26,2025-26,D1,Women,Southeastern Conference,Arkansas,,UNK,Freshman,Fr,"Rochester, NY",Rochester,NY,domestic,,0,https://arkansasrazorbacks.com/sport/w-gym/roster/?season=2025-26
gym_65a93a8e82bc,Grace,Drexler,gymnastics,2025-26,2025-26,D1,Women,Southeastern Conference,Arkansas,,UNK,Sophomore,So,"Stratford, Wis.",Stratford,WI,domestic,,0,https://arkansasrazorbacks.com/sport/w-gym/roster/?season=2025-26
gym_9fa9e4e1cad5,Ja’Leigh,Lang,gymnastics,2025-26,2025-26,D1,Women,Southeastern Conference,Arkansas,,UNK,Sophomore,So,"East Palo Alto, Calif.",East Palo Alto,CA,domestic,,0,https://arkansasrazorbacks.com/sport/w-gym/roster/?season=2025-26
gym_8a1721866dee,Julianna,Weeks,gymnastics,2025-26,2025-26,D1,Women,Southeastern Conference,Arkansas,,UNK,Sophomore,So,"Charlotte, NC",Charlotte,NC,domestic,,0,https://arkansasrazorbacks.com/sport/w-gym/roster/?season=2025-26
gym_92117d64f0de,Joscelyn,Roberson,gymnastics,2025-26,2025-26,D1,Women,Southeastern Conference,Arkansas,,UNK,Sophomore,So,"Texarkana, Texas",Texarkana,TX,domestic,,0,https://arkansasrazorbacks.com/sport/w-gym/roster/?season=2025-26
gym_e0f50a6c7eac,Priscilla,Park,gymnastics,2025-26,2025-26,D1,Women,Southeastern Conference,Arkansas,,UNK,Junior,Jr,"Atlanta, Ga.",Atlanta,GA,domestic,,0,https://arkansasrazorbacks.com/sport/w-gym/roster/?season=2025-26
gym_ebfd466c9b63,Hailey,Klein,gymnastics,2025-26,2025-26,D1,Women,Southeastern Conference,Arkansas,,UNK,Junior,Jr,"Lake Forest, Ill.",Lake Forest,IL,domestic,,0,https://arkansasrazorbacks.com/sport/w-gym/roster/?season=2025-26
gym_89b6da88aebd,Lauren,Williams,gymnastics,2025-26,2025-26,D1,Women,Southeastern Conference,Arkansas,,UNK,Redshirt Junior,Jr,"Rogers, Ark.",Rogers,AR,domestic,,0,https://arkansasrazorbacks.com/sport/w-gym/roster/?season=2025-26
gym_83ff8c46691a,Cally,Swaney,gymnastics,2025-26,2025-26,D1,Women,Southeastern Conference,Arkansas,,UNK,Senior,Sr,"Belmont, NC",Belmont,NC,domestic,,0,https://arkansasrazorbacks.com/sport/w-gym/roster/?season=2025-26
gym_38d7a9cc2b84,Frankie,Price,gymnastics,2025-26,2025-26,D1,Women,Southeastern Conference,Arkansas,,UNK,Redshirt Senior,Sr,"Lebanon, Tenn.",Lebanon,TN,domestic,,0,https://arkansasrazorbacks.com/sport/w-gym/roster/?season=2025-26
gym_2760f38dda64,Cami,Weaver,gymnastics,2025-26,2025-26,D1,Women,Southeastern Conference,Arkansas,,UNK,Redshirt Senior,Sr,"Pelham, Ala.",Pelham,AL,domestic,,0,https://arkansasrazorbacks.com/sport/w-gym/roster/?season=2025-26
gym_af3306d58988,Leah,Smith,gymnastics,2025-26,2025-26,D1,Women,Southeastern Conference,Arkansas,,UNK,Graduate,Gr,"Houston, Texas",Houston,TX,domestic,,0,https://arkansasrazorbacks.com/sport/w-gym/roster/?season=2025-26
gym_b47595e79b9b,Jessica,Johanson,gymnastics,2025-26,2025-26,D1,Women,Big Ten Conference,Penn St.,AA,All-Around,Graduate Student,Gr,"West Hartford, Conn.",West Hartford,CT,domestic,,0,https://gopsusports.com/website-api/player-rosters?filter%5Broster_id%5D=1178&include=player%2CclassLevel%2CplayerPosition&per_page=100
gym_695961252882,Alyssa,Kramer,gymnastics,2025-26,2025-26,D1,Women,Big Ten Conference,Penn St.,"VT, BB, FX",Event Specialist,Junior,Jr,"State College, Pa.",State College,PA,domestic,,0,https://gopsusports.com/website-api/player-rosters?filter%5Broster_id%5D=1178&include=player%2CclassLevel%2CplayerPosition&per_page=100
gym_aed40cdd60bb,Ashley,Maul,gymnastics,2025-26,2025-26,D1,Women,Big Ten Conference,Penn St.,AA,All-Around,Junior,Jr,"Spring, Texas",Spring,TX,domestic,,0,https://gopsusports.com/website-api/player-rosters?filter%5Broster_id%5D=1178&include=player%2CclassLevel%2CplayerPosition&per_page=100
gym_20dc443d1563,Amani,Herring,gymnastics,2025-26,2025-26,D1,Women,Big Ten Conference,Penn St.,AA,All-Around,Senior,Sr,"Glen Rock, N.J.",Glen Rock,NJ,domestic,Morris Knolls,0,https://gopsusports.com/website-api/player-rosters?filter%5Broster_id%5D=1178&include=player%2CclassLevel%2CplayerPosition&per_page=100
gym_2f43854a759e,Kalea,McElligott,gymnastics,2025-26,2025-26,D1,Women,Big Ten Conference,Penn St.,AA,All-Around,Junior,Jr,"Massapequa, N.Y.",Massapequa,NY,domestic,,0,https://gopsusports.com/website-api/player-rosters?filter%5Broster_id%5D=1178&include=player%2CclassLevel%2CplayerPosition&per_page=100
gym_a427f7a671c6,Ava,Piedrahita,gymnastics,2025-26,2025-26,D1,Women,Big Ten Conference,Penn St.,AA,All-Around,Senior,Sr,"Gaithersburg, Md.",Gaithersburg,MD,domestic,,0,https://gopsusports.com/website-api/player-rosters?filter%5Broster_id%5D=1178&include=player%2CclassLevel%2CplayerPosition&per_page=100
gym_a18fdd8e6db8,Allison,Kaempfer,gymnastics,2025-26,2025-26,D1,Women,Big Ten Conference,Penn St.,AA,All-Around,Sophomore,So,"Boca Raton, Fla.",Boca Raton,FL,domestic,West Boca HS,0,https://gopsusports.com/website-api/player-rosters?filter%5Broster_id%5D=1178&include=player%2CclassLevel%2CplayerPosition&per_page=100
gym_a906d51c4fa9,Elizabeth,Leary,gymnastics,2025-26,2025-26,D1,Women,Big Ten Conference,Penn St.,AA,All-Around,Sophomore,So,"Raleigh, N.C.",Raleigh,NC,domestic,Crossroads Flex,0,https://gopsusports.com/website-api/player-rosters?filter%5Broster_id%5D=1178&include=player%2CclassLevel%2CplayerPosition&per_page=100
gym_63cf3b86ce62,Bella,Misiura,gymnastics,2025-26,2025-26,D1,Women,Big Ten Conference,Penn St.,AA,All-Around,Sophomore,So,"Middleton, Mass.",Middleton,MA,domestic,Masconomet Regional,0,https://gopsusports.com/website-api/player-rosters?filter%5Broster_id%5D=1178&include=player%2CclassLevel%2CplayerPosition&per_page=100
gym_cada0f6268a0,Dani,Latronica,gymnastics,2025-26,2025-26,D1,Women,Big Ten Conference,Penn St.,AA,All-Around,Sophomore,So,"Lake Worth, Fla.",Lake Worth,FL,domestic,Park Vista,0,https://gopsusports.com/website-api/player-rosters?filter%5Broster_id%5D=1178&include=player%2CclassLevel%2CplayerPosition&per_page=100
gym_840543e3b9c2,Ellie,Monahan,gymnastics,2025-26,2025-26,D1,Women,Big Ten Conference,Penn St.,AA,All-Around,Sophomore,So,"Cincinnati, Ohio",Cincinnati,OH,domestic,Archbishop McNicholas,0,https://gopsusports.com/website-api/player-rosters?filter%5Broster_id%5D=1178&include=player%2CclassLevel%2CplayerPosition&per_page=100
gym_41b70bcf4ded,Ava,Cash,gymnastics,2025-26,2025-26,D1,Women,Big Ten Conference,Penn St.,AA,All-Around,Freshman,Fr,"Raleigh, N.C.",Raleigh,NC,domestic,Crossroads FLEX,0,https://gopsusports.com/website-api/player-rosters?filter%5Broster_id%5D=1178&include=player%2CclassLevel%2CplayerPosition&per_page=100
gym_398348669546,Saidat,Omilabu,gymnastics,2025-26,2025-26,D1,Women,Big Ten Conference,Penn St.,"VT, FX",Event Specialist,Freshman,Fr,"Frisco, Texas",Frisco,TX,domestic,iUniversity Prep,1,https://gopsusports.com/website-api/player-rosters?filter%5Broster_id%5D=1178&include=player%2CclassLevel%2CplayerPosition&per_page=100
gym_7b9af4cbf43d,Alexandria,Zambrano,gymnastics,2025-26,2025-26,D1,Women,Big Ten Conference,Penn St.,AA,All-Around,Freshman,Fr,"Wantagh, N.Y.",Wantagh,NY,domestic,General Douglas MacArthur,0,https://gopsusports.com/website-api/player-rosters?filter%5Broster_id%5D=1178&include=player%2CclassLevel%2CplayerPosition&per_page=100
gym_0b8d3051cd26,Kayla,Bender,gymnastics,2025-26,2025-26,D1,Women,Big Ten Conference,Penn St.,AA,All-Around,Freshman,Fr,"Mechanicsburg, Pa.",Mechanicsburg,PA,domestic,Cumberland Valley,0,https://gopsusports.com/website-api/player-rosters?filter%5Broster_id%5D=1178&include=player%2CclassLevel%2CplayerPosition&per_page=100
gym_ab5e577c712f,Lizzy,Ryan,gymnastics,2025-26,2025-26,D1,Women,Big Ten Conference,Penn St.,"BB, FX",Event Specialist,Freshman,Fr,"Highland, N.Y.",Highland,NY,domestic,Highland,0,https://gopsusports.com/website-api/player-rosters?filter%5Broster_id%5D=1178&include=player%2CclassLevel%2CplayerPosition&per_page=100
gym_88ace94a670b,Marisa,Fisher,gymnastics,2025-26,2025-26,D1,Women,Big Ten Conference,Penn St.,"VT, UB, BB",Event Specialist,Junior,Jr,"Valparaiso, Ind.",Valparaiso,IN,domestic,Valparaiso,0,https://gopsusports.com/website-api/player-rosters?filter%5Broster_id%5D=1178&include=player%2CclassLevel%2CplayerPosition&per_page=100
